159
599
852
864
896
976
1005
1021
1094
1172
1173
1307
1332
1433
1435
1447
1549
1558
1563
1684
1773
1778
2018
2022
2068
2083
2231
2442
2475
2629
2647
2819
2847
2875
3092
3282
3309
3351
3575
3734
3987
4139
4141
4191
4340
4433
4478
4542
4604
4819
4833
5315
5407
5430
5759
5932
6089
6355
6789
6810
6857
6933
6946
6984
7120
7205
7384
7435
7634
7682
7753
7763
7792
7893
7958
8181
8240
8306
8452
8699
8857
8908
8991
9108
9139
9163
9172
9434
9512
9572
9594
9619
9839
9853
10001
10029
10284
10601
10766
10788
10905
10982
11118
11291
11337
11340
11467
11537
11605
11614
11805
12030
12076
12106
12148
12305
12726
12904
13016
13039
13251
13270
13314
13388
13588
13638
13765
14095
14146
14148
14235
14440
14479
14556
14686
14821
14942
15208
15292
15341
15459
15592
15663
16106
16127
16259
16268
16310
16380
16411
16421
16764
16769
16794
16885
16925
16936
17208
17432
17467
17764
17872
17895
17948
18225
18283
18399
18410
18456
18934
19255
19311
19321
19350
19395
19400
19526
19576
19707
19884
19975
20136
20235
20255
20307
20311
20454
20479
20508
20512
20517
20564
20606
20657
20737
21099
21114
21177
21291
21298
21398
21494
21615
21622
21712
21811
21943
21974
22009
22876
22878
23195
23394
23435
23487
23742
23891
23893
24075
24094
24156
24230
24371
24396
24399
24421
24503
24519
24528
24662
24663
24707
24722
24829
24982
24999
25093
25165
25193
25295
25306
25376
25732
25762
25783
26236
26245
26254
26333
26375
26484
26523
26534
26602
26701
26862
27018
27098
27169
27170
27590
27607
27644
27886
28039
28094
28160
28177
28374
28566
28591
29006
29269
29327
29610
29804
29823
30163
30183
30496
30502
30744
30749
30805
30947
30972
31253
31315
31325
31557
31624
31659
31800
31989
32061
32310
32318
32382
32500
32619
32665
32691
32723
32798
32860
33035
33105
33113
33161
33191
33199
33414
33416
33435
33832
33931
33940
33977
34042
34351
34417
34523
34557
34589
34726
34920
34993
35000
35018
35233
35258
35323
35443
35718
35720
35751
35767
35771
35982
36161
36213
36362
36553
36611
36614
36671
36752
36858
36907
36920
37109
37242
37337
37353
37367
37485
37527
37755
37773
37905
38013
38026
38211
38580
38612
38690
38741
38869
39140
39198
39513
39569
39673
39944
40399
40451
40606
40779
40846
40918
40951
40983
40985
41011
41048
41227
41491
41609
41739
42072
42116
42302
42318
42370
42407
42543
42700
42848
43037
43092
43265
43279
43292
43346
43423
43617
43708
43761
43851
43856
43873
44103
44198
44315
44342
44461
44523
44636
44673
44767
44772
44784
44808
44843
44891
45098
45178
45203
45379
45386
45546
45608
45760
45835
45924
45936
45975
46019
46155
46265
46356
46574
46606
46609
46625
46795
46902
46916
47094
47151
47272
47321
47572
47575
47648
47679
47841
47992
48054
48085
48293
48416
48421
48622
48891
49023
49044
49281
49715
49878
50039
50043
50151
50162
50394
50402
50421
50591
50677
50724
50754
50782
50863
51081
51165
51213
51224
51294
51325
51446
51543
51574
51603
51692
51752
51818
51825
51881
51983
52016
52124
52235
52413
52497
52592
52684
53156
53367
53420
53482
53529
53648
53759
53795
53838
53841
53884
53903
53928
53973
54091
54096
54152
54239
54381
54447
54467
54490
54575
54711
54812
54830
54856
55117
55306
55329
55414
55463
55488
55548
55644
55772
55836
55838
55991
56013
56059
56100
56132
56221
56298
56349
56501
56553
56990
57075
57131
57394
57552
57835
57864
58101
58272
58319
58521
58548
58592
58643
58662
58859
58925
59008
59161
59192
59222
59260
59272
59462
59486
59584
59749
59760
59941
60153
60258
60279
60293
60401
60407
60457
60547
60826
60841
61025
61087
61150
61235
61384
61494
61580
61604
61687
61888
61967
62026
62138
62198
62242
62303
62440
62514
62560
62609
62685
62756
62797
62845
62928
63274
63358
63416
63420
63431
63586
63630
63641
63648
63745
63764
64014
64068
64176
64392
64443
64545
64572
64680
65132
65370
65460
65512
65574
65590
65629
65659
65843
65878
65912
66075
66377
66538
66550
66712
66735
66832
67267
67378
67752
67788
68135
68231
68234
68238
68330
68358
68388
68514
68736
68952
69012
69072
69143
69186
69188
69218
69254
69357
69707
69752
70088
70138
70189
70318
70404
70707
70897
71246
71275
71380
71399
71414
71460
71499
71524
71603
71662
71665
71738
71793
71810
71876
71890
72046
72149
72165
72259
72278
72369
72374
72551
72627
72658
72710
72773
72867
72885
72924
73195
73283
73322
73332
73362
73470
73535
73561
73768
73809
74016
74018
74068
74124
74138
74171
74339
74344
74454
74498
74522
74649
74659
74757
74808
74924
75004
75087
75100
75136
75314
75409
75495
75647
75656
75822
75887
75893
75943
75957
75988
76004
76007
76032
76300
76348
76487
76581
76592
76672
76762
76788
77055
77214
77233
77292
77537
77963
78038
78067
78170
78199
78218
78278
78329
78335
78617
78679
78805
78978
79079
79251
79387
79503
79605
79643
79761
79924
79967
79984
80045
80160
80203
80315
80363
80395
80402
80505
80531
80591
80691
80743
80858
81021
81048
81065
81531
81630
81716
81719
81768
81959
81973
82110
82123
82251
82410
82417
82450
82541
82850
82902
82959
82995
83035
83118
83198
83319
83361
83411
83492
83863
84021
84099
84130
84254
84386
84676
84742
84840
84922
85187
85209
85369
85400
85457
85715
86147
86205
86370
86476
86551
86558
86576
86666
86788
86800
86930
87093
87161
87242
87311
87466
87705
87850
87961
88005
88100
88151
88289
88488
88692
88762
88872
88906
88924
89167
89187
89321
89412
89552
89686
89689
89789
89942
90089
90210
90255
90293
90305
90412
90613
91101
91114
91254
91299
91340
91347
91626
91671
91715
91762
91780
92101
92156
92262
92287
92641
92933
92950
93002
93026
93237
93283
93444
93478
93542
93582
93623
93743
93993
94196
94264
94371
94583
94709
94816
95169
95250
95288
95374
95392
95489
95501
95504
95683
95705
95766
95980
95992
96042
96085
96313
96323
96335
96478
96553
96729
96746
96766
96846
97082
97123
97158
97397
97409
97453
97479
97535
97563
97573
98049
98052
98097
98374
98476
98623
98694
98746
98836
98919
98959
98967
99012
99029
99050
99070
99617
99621
99869
99872
100103
100196
100213
100313
100581
100701
101106
101176
101224
101379
101453
101523
101542
101552
101741
101857
101935
101997
102034
102169
102177
102417
102438
102452
102663
102664
102691
102798
102843
102865
102879
102937
103277
103534
104208
104342
104390
104637
104639
104674
104807
104897
104984
105184
105259
105395
105436
105506
105565
105698
105716
105773
105913
105921
106149
106407
106493
106528
106601
106616
106633
106646
106712
106793
106795
106999
107003
107032
107102
107309
107311
107392
107396
107398
107609
107657
107705
107714
107757
107963
107974
108034
108226
108382
108404
108602
108766
108843
108847
108971
109031
109208
109273
109275
109317
109326
109341
109351
109449
109629
109669
109675
109886
110067
110122
110206
110229
110277
110452
110521
110523
110656
110677
110690
110936
111014
111046
111082
111126
111203
111211
111220
111224
111313
111673
111821
112072
112114
112125
112336
112466
112516
112633
112758
112833
112852
112869
112877
112930
113205
113333
113458
113526
113537
113562
113572
113671
113740
114282
114338
114590
114698
114753
114757
114816
114848
114900
115006
115245
115332
115422
115426
115482
115555
115698
115700
115720
115746
115757
115847
115857
115883
115938
115992
116024
116192
116213
116384
116389
116391
116522
116714
116866
116892
117006
117156
117324
117347
117465
117615
117640
117680
117781
117836
117985
118058
118159
118167
118385
118435
118523
118553
118840
118854
118916
119204
119336
119354
119359
119375
119510
119698
119712
119889
119903
119945
119970
119996
120290
120461
120482
120642
120696
120806
120891
121070
121083
121097
121176
121198
121223
121243
121295
121334
121448
121508
121687
121728
121762
121835
121887
122003
122261
122310
122324
122329
122419
122496
122565
122663
122827
122856
122857
122968
122986
123130
123271
123311
123440
123547
123639
123649
123770
123804
123937
124054
124289
124292
124302
124490
124548
124589
124654
124719
124755
124785
124800
124818
124877
124908
125011
125082
125587
125806
125826
125855
125921
126685
126772
127044
127128
127165
127290
127337
127545
127592
127657
127851
127889
128277
128325
128373
128413
128442
128793
128821
128967
129001
129245
129313
129333
129458
129686
129687
130062
130063
130075
130087
130231
130320
130470
130501
130589
130638
130641
130646
130889
130905
131161
131249
131307
131446
131561
131567
131713
131833
131899
131929
131971
132036
132041
132107
132108
132170
132204
132265
132503
132511
132564
132575
132577
132579
132747
132781
132864
132919
132929
133148
133260
133402
133496
133552
133618
133700
133724
133760
133816
133876
133955
134024
134094
134133
134392
134457
134528
134634
134671
134702
134704
134762
134878
135004
135055
135267
135297
135422
135474
135513
135590
135861
135934
136007
136144
136182
136218
136727
136809
136833
136909
136920
137194
137414
137475
137641
137737
137817
137926
138075
138336
138490
138519
138525
138639
138776
138790
138883
138995
139015
139027
139059
139430
139487
139537
139575
139626
139786
139792
139824
139836
139939
139955
139965
140183
140237
140301
140319
140363
140374
140408
140602
140625
140728
140812
140823
140908
140925
141015
141106
141240
141275
141285
141410
141455
141485
141530
141534
141671
141707
141997
142126
142182
142185
142206
142249
142436
142703
142754
142906
142955
143000
143038
143174
143212
143235
143242
143459
143494
143664
143992
144071
144522
144621
144667
144761
144770
145154
145335
145436
145457
145511
145575
145719
145820
146041
146114
146141
146238
146415
146542
146669
146741
146783
146799
147073
147178
147226
147253
147293
147701
147791
147873
147943
148159
148164
148219
148226
148375
148604
148668
148708
148758
148825
148918
149168
149213
149266
149283
149359
149424
149541
149752
149804
149818
149984
150226
150238
150685
150777
150781
150805
150951
151470
151539
151625
151652
151827
151855
151860
151917
151965
152195
152254
152273
152399
152412
152551
152666
152962
153009
153033
153124
153139
153218
153219
153368
153492
153516
153541
153613
153724
154031
154157
154432
154448
154525
154772
154881
154886
155112
155184
155268
155325
155332
155409
155477
155497
155534
155536
155591
155809
155864
155957
155995
156104
156113
156287
156351
156397
156558
156579
156623
156744
156747
156920
156933
157045
157090
157096
157475
157537
157641
157662
157926
158107
158135
158207
158210
158354
158390
158547
158722
158752
158805
159027
159111
159341
159493
159510
159555
159890
160061
160062
160209
160268
160408
160416
160536
160570
160702
160716
160783
160974
161082
161102
161139
161177
161180
161219
161308
161392
161501
161549
161614
161777
161820
161836
161845
162004
162047
162227
162230
162240
162262
162274
162422
162470
162793
162796
162860
162864
162999
163120
163125
163128
163214
163219
163295
163307
163448
163575
163595
163620
163653
163829
163850
163906
163973
164119
164195
164407
164472
164512
164547
164605
164692
164772
165099
165147
165357
165384
165427
165479
165496
165697
165855
165924
165941
165961
165974
166114
166214
166308
166380
166623
166632
166649
166697
166911
167114
167187
167376
167461
167536
167688
167970
168086
168103
168146
168236
168458
168474
168605
168611
168908
168917
169129
169398
169602
169881
170125
170241
170269
170307
170355
170398
170423
170443
170467
170471
170639
170666
171259
171444
171466
171587
171623
171705
171746
171892
172093
172180
172342
172397
172527
172563
172703
172986
173021
173042
173144
173170
173197
173214
173417
173574
173655
173682
174089
174416
174486
174560
174620
174629
174656
174760
174766
174777
174803
174850
174981
175074
175132
175247
175422
175540
175565
175585
175788
175853
175889
175909
176071
176195
176225
176383
176475
176496
176599
176616
176710
176781
176788
176962
177097
177286
177292
177309
177410
177430
177469
177698
177801
177856
177948
178000
178013
178052
178314
178342
178532
178934
179002
179045
179053
179066
179102
179145
179268
179269
179312
179331
179426
179582
179619
179690
179918
180109
180143
180271
180326
180446
180603
180623
180674
180678
180747
180768
180779
180862
180863
180915
181031
181106
181231
181503
181799
181856
181927
181964
181996
182174
182327
182494
182502
182572
182877
182888
183063
183106
183328
183462
183690
183693
183744
183836
183941
184163
184614
184631
184778
184878
185339
185458
185477
185491
185500
185648
185743
185885
185897
186109
186116
186289
186363
186368
186381
186478
186493
186603
186763
186804
186817
186907
187069
187162
187183
187244
187380
187408
187425
187469
187527
187538
187788
187794
187797
187973
187991
188016
188082
188104
188459
188516
188664
188784
188802
188919
189134
189167
189255
189391
189529
189536
189715
189871
189899
190110
190340
190390
190431
190530
190903
191103
191186
191370
191390
191560
191565
191663
191769
191804
191837
191859
191868
191889
192009
192090
192383
192403
192451
192465
192619
192682
192997
193098
193127
193365
193413
193434
193508
193577
193858
193900
193973
194148
194152
194285
194337
194359
194425
194656
194661
194860
194871
195004
195368
195440
195609
195688
195839
195973
196013
196070
196256
196423
196503
197024
197111
197144
197292
197757
197778
197948
197954
198227
198306
198310
198311
198317
198598
198800
198826
198832
199028
199068
199105
199343
199404
199422
199459
199493
199545
199856
199966
199976
200078
200226
200277
200291
200417
200545
200574
200603
200607
200638
200645
200679
200863
200952
201005
201014
201107
201167
201298
201308
201313
201367
201401
201654
201686
201699
201739
201741
201747
201772
201855
201909
201969
202109
202234
202294
202445
202450
202515
202528
202801
202997
203064
203251
203272
203290
203291
203541
203859
204101
204110
204141
204251
204262
204460
204527
204695
204762
204812
204852
204853
204940
205092
205309
205394
205779
205955
206123
206159
206168
206231
206280
206563
206624
206699
206762
206766
206892
206914
206987
207016
207041
207198
207321
207369
207372
207430
207441
207531
207622
208019
208034
208345
208423
208554
208745
208835
208890
208910
208983
209099
209159
209211
209341
209631
209732
209785
209826
210079
210198
210456
210539
210562
210731
210782
210843
211004
211031
211079
211146
211365
211417
211425
211511
211648
211652
211654
211709
211789
211902
211926
212086
212167
212267
212482
212488
212691
212780
212791
212925
212947
212981
213074
213102
213209
213278
213496
213619
213654
213659
213879
213899
213978
214064
214114
214182
214253
214441
214510
214643
214761
215077
215089
215188
215323
215559
215562
215612
215707
215813
215837
215867
216039
216068
216265
216386
216446
216489
216864
217084
217425
217457
217520
217560
217567
217869
217946
218011
218038
218299
218396
218422
218495
218583
218618
218806
218871
218888
218912
219007
219157
219177
219391
219428
219465
219506
219548
219573
219585
219671
219748
219974
220120
220250
220253
220268
220303
220468
220549
220581
220710
220972
221022
221165
221284
221337
221426
221520
221565
221617
221619
221734
222200
222235
222278
222471
222511
222519
222575
222617
222628
222672
222888
222997
223214
223491
223625
223660
223723
223749
223796
223931
223969
224122
224133
224453
224730
224745
224761
224857
224966
225162
225565
225606
225710
225799
226136
226440
226547
226612
226632
226719
226813
226836
227066
227268
227355
227365
227376
227408
227516
227650
228038
228051
228328
228354
228359
228505
228581
228756
228842
228856
228991
229076
229203
229248
229356
229419
229433
229514
229688
229693
229899
230278
230341
230363
230406
230500
230532
230539
230579
230853
230864
230982
231049
231144
231185
231191
231357
231386
231414
231415
231428
231632
231654
232204
232438
232518
232619
232731
232776
232799
232800
232979
233032
233122
233207
233244
233318
233398
233441
233444
233516
233572
233615
233617
233946
233949
234000
234044
234047
234277
234479
234568
234617
234643
234692
234741
234748
234787
234808
234883
235028
235034
235049
235107
235148
235219
235451
235479
235700
235901
236090
236164
236174
236293
236365
236375
236458
236655
236755
236808
236820
237030
237050
237053
237208
237264
237370
237414
237556
237577
237750
237753
237903
238014
238222
238259
238283
238286
238320
238332
238337
238385
238423
238426
238584
238783
239165
239203
239294
239322
239396
239473
239603
239889
239936
239997
240178
240213
240259
240278
240319
240522
240653
240692
240710
240838
240903
241008
241067
241076
241105
241109
241402
241587
241600
241686
241821
241833
241860
242033
242116
242659
242716
242883
242916
242978
242990
243047
243160
243265
243334
243682
243849
243909
243991
244021
244083
244166
244218
244233
244250
244275
244324
244405
244425
244626
244778
245287
245962
246048
246499
246723
246787
246975
247041
247050
247136
247178
247326
247327
247396
247415
247568
247595
247844
247895
248003
248043
248183
248523
248534
248806
248842
248912
249050
249096
249232
249254
249303
249314
249324
249420
249541
249619
249655
249770
249816
249862
249956
250021
250028
250130
250261
250357
250379
250389
250482
250527
250535
250558
250562
250625
250681
250757
250802
250828
250995
251152
251324
251567
251884
251893
251897
251925
252376
252403
252408
252589
252794
252843
252914
252931
252972
253209
253245
253255
253444
253552
253593
253768
253847
254157
254638
254673
254735
255148
255186
255296
255437
255573
255951
255965
256051
256104
256624
256807
256839
256887
257120
257256
257451
257489
257533
257727
257807
258050
258158
258314
258537
258663
258691
258768
258815
259020
259232
259359
259406
259473
259474
259548
259922
259970
260078
260142
260177
260189
260252
260296
260371
260551
260894
260986
261156
261214
261313
261354
261597
261602
261652
261675
261736
261746
261877
261891
261923
261942
261953
262129
262233
262268
262370
262420
262492
262699
262777
262926
262972
263021
263396
263401
263405
263533
263636
263807
263927
263935
264015
264081
264350
264618
264631
264762
265074
265141
265193
265271
265323
265461
265468
265629
265724
265919
266114
266238
266245
266266
266331
266510
266641
266694
266695
266744
266895
267216
267263
267354
267420
267525
267686
267689
268182
268493
268651
268680
268971
269029
269065
269080
269132
269387
269637
269682
269689
269713
269737
269740
269759
270174
270194
270418
270732
270767
270800
270862
270874
270875
270933
270977
270988
271030
271129
271225
271261
271347
271644
271812
271828
272067
272124
272126
272179
272190
272194
272317
272490
272499
272505
272507
272719
272755
272937
272943
272996
273003
273070
273090
273137
273155
273194
273300
273509
273567
273841
274173
274196
274232
274390
274432
274690
274777
274781
274903
274967
275145
275148
275165
275246
275412
275417
275418
275453
275536
275590
275631
275672
275739
275882
275922
275939
276082
276097
276116
276117
276464
276706
276710
276827
276989
277091
277100
277300
277434
277570
277589
277750
277872
277874
278043
278055
278235
278299
278420
278781
279010
279047
279110
279121
279153
279272
279292
279351
279375
279415
279479
279503
279513
279519
279750
279782
279888
279961
280001
280097
280104
280146
280223
280502
280618
280686
280902
280969
281363
281417
281452
281774
282089
282157
282620
282670
282816
282866
282868
282916
282947
282975
283069
283072
283322
283383
283437
283563
283591
283652
283679
283781
283893
284210
284292
284478
284543
284565
284573
284616
284681
284865
284998
285020
285111
285118
285221
285284
285462
285508
285659
285663
285985
286023
286174
286354
286444
286487
286643
286698
286741
286780
287020
287112
287140
287248
287448
287605
287658
287807
287978
288139
288168
288198
288262
288280
288318
288333
288427
288432
288461
288711
288778
288865
289269
289293
289401
289686
289731
289785
289823
289848
290011
290034
290266
290389
290420
290686
290775
290785
290789
290866
290915
291024
291069
291092
291318
291345
291453
291547
291552
291577
291652
291755
291769
291870
291959
292228
292420
292587
292604
292752
292797
292960
293020
293064
293168
293260
293363
293499
293589
293919
294219
294357
294616
294645
294870
294881
295068
295576
295982
296097
296167
296261
296308
296311
296459
296735
296822
296835
297006
297120
297174
297192
297390
297462
297530
297595
297632
297666
297671
297760
297965
298006
298019
298116
298492
298507
298621
298874
298881
298940
298942
298943
299058
299209
299243
299269
299367
299465
299522
299553
299664
299839
299973
300072
300149
300162
300233
300294
300420
300562
300567
300582
300755
301049
301134
301466
301500
301779
301813
301969
302026
302051
302055
302071
302086
302191
302289
302434
302639
302736
302898
303026
303089
303099
303128
303143
303197
303213
303301
303372
303490
303581
303736
303958
304072
304162
304180
304390
304464
304647
304676
304756
304805
304821
304860
304882
304904
304979
305272
305329
305347
305441
305589
305603
305693
305715
305774
305807
305857
306064
306177
306221
306548
306619
306663
306672
306699
306759
306797
306860
306966
307072
307118
307364
307382
307576
307716
308234
308281
308410
308474
308508
308533
308682
308712
309179
309244
309294
309432
309606
309640
309643
309683
309782
309811
309845
309910
309975
309980
310294
310356
310422
310536
310726
310742
310881
311004
311070
311186
311230
311382
311394
311508
311705
311727
311738
311829
312101
312108
312111
312301
312392
312439
312564
312582
312800
312837
312964
313131
313231
313415
313460
313614
313942
314011
314043
314051
314067
314430
314439
314468
314787
314791
314820
315064
315114
315349
315519
315576
315979
316057
316102
316224
316416
316431
316490
316533
316613
316876
316891
316954
317113
317265
317359
317536
317614
317716
317723
317782
317849
317853
317892
317999
318323
318382
318441
318499
318735
318832
318851
318873
318907
319096
319246
319281
319439
319754
319824
319911
320032
320045
320081
320332
320387
320427
320526
320758
320795
320859
321043
321412
321465
321672
321949
322094
322326
322484
322537
322627
322742
322774
322802
323057
323109
323137
323319
323350
323425
323477
323607
323716
323723
323950
323957
324193
324249
324259
324296
324604
324825
325197
325245
325328
325400
325432
325637
325695
325701
326029
326040
326100
326130
326187
326218
326254
326358
326526
326642
326643
326765
326813
326890
326939
327250
327546
327637
327658
327691
327721
327794
327885
327913
328130
328167
328330
328411
328577
329004
329046
329090
329169
329299
329330
329478
329636
329689
329926
330180
330199
330407
330646
330703
330712
330722
330855
330862
330866
330993
331042
331072
331076
331211
331289
331305
331484
331499
331528
331732
331881
331934
331949
332077
332193
332374
332406
332494
332781
332821
332836
332910
333043
333139
333185
333196
333272
333397
333515
333528
333628
333764
333819
333884
333906
334013
334200
334254
334256
334336
334495
334774
334878
334978
334996
335037
335128
335194
335364
335480
335558
335591
335601
335798
335821
335889
336009
336020
336422
336425
336438
336465
336726
336852
337003
337090
337344
337345
337436
337765
337833
338001
338131
338293
338524
338539
338693
338942
339394
339451
339533
339706
339750
339827
339835
339937
339952
340111
340178
340243
340286
340303
340321
340533
340570
340577
340880
340917
340978
341001
341153
341202
341479
341603
341683
341919
342050
342156
342168
342267
342271
342293
342385
342461
342614
342628
342811
342823
342898
343193
343330
343331
343352
343438
343834
343860
343941
344120
344134
344306
344508
344563
344768
345084
345265
345362
345453
345534
345608
345635
345813
345966
346156
346165
346255
346668
346701
346710
346741
346743
346982
347135
347225
347249
347254
347442
347445
347553
347555
347589
347746
347780
347818
347862
347869
347916
348050
348146
348529
348734
348817
349082
349126
349145
349302
349328
349361
349416
349645
349706
349741
349751
349903
349914
349994
350122
350135
350214
350226
350268
350278
350286
350617
350801
350896
350932
350945
351140
351224
351260
351266
351507
351574
351656
351728
351948
352174
352216
352391
352392
352521
352649
352896
352974
353022
353115
353151
353222
353250
353281
353349
353414
353566
353880
353894
354004
354144
354296
354582
354670
354741
354809
354875
354962
355257
355271
355567
355714
355809
355901
356297
356450
356487
356535
356549
356586
356625
356712
356812
356829
356851
356901
356907
357021
357157
357181
357191
357340
357662
357715
357788
357845
357861
357871
357962
357984
358054
358087
358114
358127
358146
358241
358318
358384
358521
358872
358879
358989
359142
359675
359733
359745
359758
359908
359942
359950
359959
360106
360140
360182
360308
360346
360413
360433
360516
360521
360576
360798
360948
361007
361031
361213
361268
361285
361289
361312
361489
361561
361814
361942
361950
362249
362281
362400
362411
362517
362556
362919
362988
363038
363141
363203
363209
363217
363358
363424
363462
363463
363570
363586
363711
363733
363741
363916
364014
364072
364088
364100
364180
364214
364534
364540
364663
364669
364776
364842
364903
365020
365137
365165
365247
365352
365423
365461
365490
365719
365746
365843
366025
366333
366539
366612
366701
366998
366999
367073
367169
367326
367369
367441
367479
367516
367543
367561
367637
367643
367739
367824
367852
367938
368085
368095
368280
368376
368380
368420
368537
368711
368753
368947
368958
369036
369082
369433
369691
369713
369718
369776
369847
369971
370018
370163
370201
370288
370398
370982
371031
371090
371212
371246
371282
371294
371368
371371
371435
371775
371803
371897
371932
371961
371997
372186
372528
372562
372804
372859
372876
373065
373276
373346
373659
373745
373821
373848
374656
374915
374994
375127
375156
375404
375480
375532
375648
375717
376026
376030
376160
376178
376182
376582
376597
376903
377064
377156
377274
377352
377399
377414
377463
377477
377555
377584
377799
377946
378173
378200
378303
378341
378415
378454
378476
378484
378709
378900
378915
378999
379129
379228
379231
379528
379599
379659
379732
379923
380231
380237
380507
380679
380742
380835
380856
381001
381009
381170
381383
381409
381431
381435
381592
381650
381682
382066
382685
382881
383084
383158
383201
383305
383372
383428
383481
383703
383773
383834
384015
384288
384329
384436
384496
384511
384638
384649
384720
384839
384885
384915
384965
385089
385105
385166
385216
385301
385321
385374
385461
385553
385630
385635
385753
385967
386001
386010
386023
386189
386282
386322
386324
386380
386408
386516
386775
386821
386839
386843
386911
387017
387190
387279
387487
387572
387616
387687
387789
387798
387847
387852
387895
387913
387964
388136
388154
388196
388238
388269
388332
388418
388492
388554
388608
388695
388704
388833
388980
389032
389098
389156
389181
389216
389259
389299
389309
389380
389586
389615
389705
389797
389858
389899
389924
389944
389991
390067
390227
390292
390306
390471
390751
390804
390876
390994
391001
391109
391240
391319
391363
391511
391569
391715
391794
391979
392144
392190
392268
392501
392502
392646
392726
392951
393023
393122
393142
393178
393210
393330
393512
393629
393776
393957
393967
393976
394043
394136
394358
394372
394397
394484
394507
394564
394582
394615
394646
394773
394795
394888
395398
395428
395659
395692
395840
395870
395920
395955
396379
396401
396523
396531
396539
396584
396928
397023
397090
397133
397254
397267
397373
397381
397458
397508
397524
397560
397585
397627
397739
397957
398106
398117
398218
398508
398576
398879
398948
399180
399295
399311
399442
399472
399507
399870
399891
399914
400196
400398
400570
400722
400919
400970
401069
401147
401180
401224
401415
401503
401897
401918
402082
402159
402287
402295
402431
402524
402667
402967
403047
403103
403147
403155
403245
403247
403262
403268
403331
403430
403445
403467
403608
403620
403640
403718
403726
403834
403953
404125
404304
404433
404438
404486
404551
404677
404720
404895
404935
404999
405015
405076
405590
405604
405620
405689
405983
406023
406123
406129
406413
406431
406434
406467
406489
406730
406752
406861
407211
407283
407398
407430
407461
407541
407628
407787
407823
407919
408349
408412
408637
408647
408721
408728
409128
409292
409489
409507
409580
409590
409684
409790
410093
410098
410122
410199
410292
410539
410547
410703
410760
410884
410895
410939
411001
411023
411065
411101
411143
411163
411257
411319
411404
411407
411530
411562
411877
412024
412029
412092
412187
412296
412334
412475
412494
412512
412572
412937
412977
413171
413175
413214
413335
413502
413602
413653
413665
413795
414120
414180
414306
414383
414473
414493
414588
414702
414786
414873
414885
414943
415011
415063
415527
415625
415846
415896
415909
415971
416001
416143
416150
416153
416279
416286
416566
416754
416845
416956
417077
417240
417422
417431
417460
417542
417593
417605
417616
417651
417706
417824
417925
417955
417996
418009
418126
418175
418213
418312
418336
418381
418382
418413
418620
418686
418887
419042
419124
419316
419493
419550
419610
419666
419802
419843
420029
420207
420415
420531
420698
420838
421076
421245
421273
421564
421609
421749
421949
421956
422000
422151
422321
422616
422730
422731
422898
423117
423413
423454
423495
423527
423782
423996
424015
424190
424293
424343
424388
424418
424625
424716
424732
424752
424948
425018
425024
425031
425355
425394
425523
425547
425670
425783
426069
426112
426130
426222
426375
426420
426422
426444
426448
426542
426554
426752
427068
427069
427074
427231
427236
427390
427447
427572
427601
427762
427843
427969
427977
428008
428130
428379
428396
428411
428500
428752
428755
428854
429074
429083
429114
429524
429718
429738
429849
429923
430032
430063
430171
430177
430260
430284
430351
430364
430491
430622
430671
430716
430726
430812
430846
430861
431056
431262
431360
431406
431520
431586
431773
431850
432114
432349
432452
432471
432499
432519
432700
432719
432753
432830
432937
432966
433356
433363
433389
433401
433405
433544
433545
433843
433927
433940
433973
434060
434120
434249
434367
434408
434692
434695
434711
434732
434753
434863
434919
435029
435209
435246
435385
435572
435602
435739
436075
436132
436154
436179
436220
436293
436372
436505
436661
436887
436917
436953
437083
437110
437264
437307
437371
437595
437625
437804
437811
437843
438173
438411
438459
438560
438654
438686
438713
438717
438740
438793
438849
438857
438994
439017
439063
439260
439533
439863
439973
439997
440003
440348
440373
440424
440466
440560
440601
440659
440861
440891
440951
440972
441031
441057
441185
441244
441248
441328
441351
441357
441523
441673
441717
441766
441798
441835
441873
441971
442005
442027
442028
442127
442143
442233
442329
442518
442590
442661
442717
442743
442749
442755
443165
443264
443289
443388
443636
443752
444088
444343
444389
444641
444748
444760
444807
444826
444885
445199
445204
445456
445483
445521
445644
445711
445758
445809
446004
446180
446607
446922
447035
447065
447151
447451
447694
448134
448155
448193
448251
448551
448697
448771
448794
448808
448978
448994
448995
449361
449444
449635
449640
449783
449848
449886
449972
450030
450038
450060
450071
450275
450281
450300
450397
450701
450822
451025
451073
451244
451281
451296
451304
451336
451391
451417
451469
451577
451823
452374
452412
452421
452512
452563
452742
452812
453098
453258
453303
453449
453692
453819
453966
454102
454123
454132
454152
454154
454318
454404
454573
454629
454696
454765
455008
455046
455087
455169
455229
455349
455494
455692
455856
455889
456381
456560
456598
456655
456716
456764
456774
456832
456897
457198
457228
457249
457272
457394
457506
457567
457876
457941
457944
457958
457985
458061
458160
458294
458360
458376
458383
458489
458775
458858
458868
458871
458903
459100
459315
459328
459455
459457
459578
459804
459914
460189
460258
460458
460514
460542
460719
460746
460777
460847
460858
461064
461093
461211
461282
461312
461323
461596
461695
461792
461875
461898
461964
462042
462118
462192
462318
462390
462521
462630
462664
462760
462791
462864
463060
463098
463222
463271
463407
463623
463921
463949
464046
464133
464145
464186
464274
464354
464375
464534
464694
464798
464876
464935
464940
465043
465188
465261
465549
465869
465880
466020
466182
466269
466436
466456
466573
466674
466688
466714
466811
467153
467368
467394
467627
467867
467937
468075
468105
468204
468320
468326
468585
468658
468757
468825
468843
468888
468955
468996
469046
469143
469269
469376
469389
469393
469584
469595
469738
469840
470021
470070
470104
470376
470477
470581
470606
470626
470640
470809
470911
471054
471062
471076
471169
471332
471372
471382
471429
471776
471922
471955
472027
472228
472251
472275
472429
472467
472528
472637
472650
472665
472786
472831
472908
472960
473227
473501
473717
473947
474035
474039
474048
474058
474112
474129
474171
474297
474411
474412
474481
474856
474909
475103
475372
475421
476028
476046
476136
476523
476678
476798
477187
477293
477307
477394
477613
477720
477784
477884
477904
477989
478014
478098
478591
478699
479005
479076
479328
479346
479448
479451
479597
479843
480151
480221
480277
480388
480422
480645
480669
480782
480872
481032
481169
481200
481364
481506
481514
481563
481698
481747
481753
481880
482101
482138
482300
482361
482436
482504
482732
482819
482875
482896
482903
483087
483113
483184
483385
483393
483398
483418
483456
483477
483540
483648
483802
483804
483827
483877
483947
484156
484348
484388
484433
484547
484654
484716
484914
484969
485163
485316
485355
485463
485587
485592
485612
485654
485661
485669
485753
485910
485989
486122
486212
486328
486349
486416
486424
486427
486527
486556
486663
486736
486873
486955
487211
487227
487267
487474
487534
487550
487633
487676
487906
488037
488062
488112
488297
488321
488411
488432
488508
488582
488711
488731
488804
488857
488919
489026
489112
489172
489275
489310
489418
489441
489479
489484
489629
489664
489675
489741
489765
489768
489923
490031
490073
490256
490260
490346
490427
490533
490680
490718
490844
490886
491011
491059
491206
491256
491374
491482
491507
491547
491630
491699
491805
491808
491827
491858
491878
492012
492091
492172
492216
492250
492334
492438
492476
492516
492554
492608
492664
492793
492858
492932
493134
493220
493242
493300
493395
493457
493600
494157
494163
494191
494247
494355
494428
494473
494630
494637
494648
494665
494666
494719
494887
495124
495294
495299
495334
495353
495550
495642
495807
495854
495869
495979
496011
496035
496104
496323
496403
496430
496461
496683
496831
496862
496985
497020
497036
497111
497240
497528
497673
497674
497723
497989
498015
498030
498041
498094
498297
498304
498382
498657
498677
498678
498862
498913
498929
498946
499339
499553
499609
499701
499778
499914
499946
499969
500304
500385
500539
500583
500734
500857
501027
501172
501241
501261
501375
501598
501601
501607
501625
501662
501784
501797
501828
502112
502308
502309
502479
502502
502532
502647
502686
502715
502716
502801
502835
502858
502947
502983
503082
503109
503164
503223
503532
503611
503652
503737
504001
504462
504622
504718
504930
505023
505054
505062
505125
505247
505286
505381
505537
505595
505623
505728
505971
506015
506033
506045
506207
506208
506210
506432
506476
506516
506591
506595
506662
506670
506789
506832
506855
506879
507082
507611
507675
507747
507945
508048
508100
508113
508517
508563
508603
508681
508687
508705
508764
508916
508917
508937
509048
509139
509145
509184
509196
509323
509483
509973
510014
510132
510187
510201
510471
510489
510553
510673
510699
510848
511319
511379
511403
511425
511440
511443
511651
511798
512005
512046
512151
512169
512186
512187
512234
512246
512305
512626
512685
512738
512765
512844
512899
513307
513706
513731
513736
513810
513846
513872
513923
513939
513955
513967
513994
514210
514234
514267
514340
514486
514490
514908
515030
515146
515563
515690
515695
516184
516614
516641
516801
516940
516968
517023
517029
517059
517177
517260
517435
517524
517555
517756
517848
517919
518033
518046
518129
518244
518438
518467
518494
518542
518651
518724
518806
519061
519213
519247
519253
519368
519571
519706
519755
519762
519806
519935
519968
519979
519997
520275
520374
520506
520596
520658
520665
520770
520893
520946
520969
521022
521048
521229
521336
521425
521470
521567
521716
521728
521984
522240
522326
522405
522452
522478
522596
522621
522734
522888
522998
523004
523016
523067
523193
523237
523352
523448
523452
523453
523511
523813
523925
523952
524028
524047
524116
524298
524371
524686
524851
524886
524953
525077
525229
525255
525317
525446
525516
525584
525607
525908
525944
525977
526320
526365
526375
526460
526561
526583
526788
526795
526876
527021
527057
527353
527360
527400
527507
527567
527610
527651
527720
527765
528056
528110
528329
528602
528724
528734
528784
528923
529363
529453
529457
529528
529586
529592
529665
529751
529800
529828
529956
529984
530135
530269
530291
530456
530633
530933
530938
531126
531211
531397
531577
531670
531747
531787
531910
531957
532119
532193
532300
532422
532455
532460
532605
532652
532765
533075
533224
533474
533505
533547
533798
533803
534207
534227
534232
534594
534769
534818
534875
534901
534958
535053
535085
535356
535484
535750
535776
536003
536023
536028
536177
536367
536625
536677
536684
536685
536713
536842
536860
536969
536993
537079
537243
537297
537308
537411
537436
537640
537687
537702
537863
537879
537998
538072
538075
538101
538123
538152
538280
538290
538380
538457
538552
538600
538702
538723
538869
538873
538882
539144
539164
539349
539463
539670
539734
540084
540118
540377
540516
540722
540736
540755
540911
541342
541389
541480
541527
541545
541559
541574
541609
541743
542011
542045
542119
542209
542282
542512
542638
542641
542718
542760
542835
542893
542928
543024
543119
543249
543278
543292
543296
543335
543818
543867
543922
544120
544132
544147
544196
544453
544614
544761
544905
544925
544957
545026
545282
545305
545415
545449
545610
545746
545747
545750
545807
545899
545956
545959
545988
546013
546310
546508
546588
546711
546769
546929
546987
547032
547061
547257
547519
547533
547577
547605
547794
547915
548033
548103
548189
548357
548421
548510
548523
548532
548559
548704
548758
548778
548852
548885
548888
549194
549475
549824
549909
550170
550396
550536
550711
550763
550972
551208
551295
551324
551595
551649
551673
551714
551939
552000
552074
552303
552409
552583
552596
552761
552858
552862
552944
553114
553284
553318
553354
553549
553611
553665
553729
553753
553774
553897
553932
553996
554029
554088
554292
554463
554536
554725
554840
555010
555090
555143
555166
555203
555218
555411
555428
555671
555948
556043
556102
556273
556296
556337
556409
556422
556430
556534
556583
556617
556646
556791
556841
557005
557393
557498
557509
557621
557661
557680
557788
557952
557971
558114
558164
558172
558268
558382
558394
558555
558631
559029
559038
559064
559207
559222
559306
559337
559414
559473
559763
559795
559846
559871
559890
559992
560020
560024
560111
560195
560247
560410
560559
560573
560594
560616
561089
561353
561397
561536
561560
561632
561727
561731
561792
561977
561988
562018
562209
562242
562294
562370
562456
562509
562655
562796
562864
562866
563008
563010
563130
563156
563174
563316
563332
563386
563480
563513
563654
563756
563871
563928
563958
563987
564059
564157
564215
564219
564439
564463
564477
564646
564896
564961
565004
565068
565385
565445
565457
565780
565803
565916
565941
565964
566326
566334
566398
566471
566565
566566
566645
566701
566890
567235
567468
567547
567673
567676
567767
567849
567905
568122
568199
568255
568416
568440
568456
568535
568596
568609
568617
568626
568932
569029
569071
569148
569186
569340
569511
569550
569674
569792
569876
570161
570305
570320
570536
570665
570917
571041
571126
571205
571260
571364
571489
571640
571694
571826
571953
572138
572185
572338
572371
572692
572791
572965
573416
573489
573562
573867
573881
573979
574034
574162
574205
574796
575036
575073
575441
575506
575574
575846
576090
576165
576194
576456
576629
576786
576829
576844
576938
577241
577319
577593
577611
577675
577757
577766
577888
577889
578229
578253
578518
578940
579108
579117
579156
579170
579384
579459
579649
579706
579758
579853
579917
579929
579971
579978
580298
580404
580585
580613
580789
580953
581153
581219
581256
581321
581546
581936
581962
581986
582187
582647
582698
582747
582758
582815
582890
583133
583149
583412
583544
583606
583643
583734
583829
583882
584005
584294
584338
584494
584608
584689
584855
584868
584958
585008
585101
585169
585187
585387
585600
585794
585851
585894
585896
585943
586073
586085
586261
586312
586397
586562
586563
586603
586609
586722
586757
586881
586997
587065
587080
587266
587270
587291
587782
588259
588546
588583
588760
588838
589128
589176
589264
589269
589290
589375
589600
589684
589802
590103
590109
590157
590190
590299
590364
590399
590426
590436
590477
590649
590732
590859
590969
590999
591068
591105
591123
591611
591663
591724
591801
591852
592134
592263
592547
592554
592627
592675
592818
592910
592991
593277
593302
593337
593602
593841
593894
593956
594388
594402
594501
594634
594685
594700
594960
595243
595460
595516
595599
595655
595742
595819
595954
596119
596154
596207
596568
596647
596905
596949
597105
597156
597163
597270
597448
597521
597709
597810
597875
598027
598129
598142
598169
598262
598398
598744
598865
598917
599198
599204
599321
599507
599611
599695
599789
599864
599929
599965
599976
600018
600032
600262
600307
600476
600511
600549
600615
600628
600659
600836
600923
600952
601160
601296
601305
601533
601542
601668
601755
601759
602005
602072
602179
602286
602313
602496
602594
602601
602991
603622
603663
603697
604035
604073
604099
604167
604352
604364
604451
604538
604543
604657
604765
604836
604880
604982
605005
605237
605238
605303
605411
605431
605490
605518
605599
605663
605920
605940
605957
606142
606155
606274
606578
606595
606868
606961
607033
607273
607290
607347
607430
607455
607474
607490
607714
607952
608009
608334
608338
608572
608687
608719
608900
609047
609137
609166
609298
609461
609611
609614
609681
609778
609831
609875
609905
610126
610129
610281
610346
610363
610440
610470
610902
610923
610957
610970
611016
611042
611085
611180
611283
611787
611857
611999
612080
612133
612293
612358
612396
612451
612531
612597
613118
613218
613249
613490
613527
613785
613848
614121
614253
614312
614363
614394
614565
614741
614835
614850
614990
615087
615116
615130
615190
615362
615455
615493
615571
615675
615730
616077
616208
616245
616293
616526
616596
616817
616913
617235
617335
617362
617513
617571
617686
617723
617774
617785
617796
618042
618154
618159
618704
618942
619287
619381
619395
619602
619634
619635
619710
619725
619766
619792
619977
620210
620256
620291
620321
620322
620326
620346
620406
620455
620485
620542
620554
620656
620682
620819
620820
620840
620894
620988
621003
621045
621086
621143
621374
621418
621473
621640
621686
621720
621880
622052
622092
622118
622196
622297
622329
622462
622850
622874
623040
623068
623137
623190
623245
623332
623460
623613
623620
623653
623751
623816
623846
623971
623980
624075
624142
624180
624181
624315
624433
624442
624494
624938
624955
624975
624986
625318
625355
625384
625391
625496
625617
625661
625726
625760
625790
626065
626073
626170
626506
626641
626712
626767
626854
626907
626991
627006
627092
627127
627234
627323
627384
627585
627606
627637
627704
627774
627801
627853
627976
628047
628267
628324
628337
628491
628569
628578
628699
628717
628732
628769
628783
628832
629002
629025
629300
629467
629575
629675
629810
629814
629833
629918
630012
630348
630390
630407
630498
630550
630606
630715
630732
630875
630944
631045
631119
631179
631411
631420
631471
631480
631781
631812
632186
632189
632226
632342
632394
632454
632624
632630
632773
632848
632925
632995
633068
633110
633266
633270
633292
633297
633429
633485
633577
633753
633910
633979
634124
634158
634190
634223
634552
634563
634776
635140
635162
635203
635269
635290
635411
635626
635819
635835
635969
636341
636453
636503
636561
636622
636840
636925
637458
637553
637753
637782
637805
637888
638022
638058
638146
638173
638201
638330
638397
638478
638552
638631
638664
638780
638783
639011
639579
639794
639828
639900
640072
640143
640223
640398
640427
640552
640737
640753
640780
640782
641541
641726
641849
641882
641978
642255
642271
642338
642355
642461
642597
642620
642623
642832
643036
643272
643368
643521
643681
643934
644748
644877
644922
645068
645088
645109
645120
645461
645486
645558
645666
645668
645673
645952
646050
646082
646123
646367
646551
646801
647124
647170
647186
647255
647451
647476
647538
647704
647842
647920
647925
648363
648481
648485
648801
648822
648901
649151
649264
649295
649453
649549
649691
649749
649786
649788
650015
650031
650104
650391
650524
650548
650551
650662
650707
650801
651169
651407
651438
651540
652104
652266
652547
652567
652579
652778
652838
652868
652932
652936
653160
653284
653342
653358
653522
653638
653656
653906
653911
653993
654010
654130
654157
654167
654195
654203
654209
654211
654428
654488
654541
654617
654641
654662
654924
655190
655350
655367
655423
655497
655531
655729
655733
655758
655797
655832
655852
655976
656001
656255
656328
656409
656427
656608
656695
656713
656892
657266
657440
657465
657513
657576
657796
657853
657925
657945
658042
658289
658510
658532
658914
658953
658967
659190
659356
659504
659515
659528
659573
659602
659776
659867
659962
659976
659984
660172
660259
660267
660353
660619
660649
660659
660711
660929
660931
660983
661005
661059
661118
661178
661183
661401
661412
661445
661465
661504
661584
661606
661646
661733
661769
661893
661904
662107
662293
662468
662507
662562
662570
662930
662951
663022
663081
663199
663343
663375
663497
663631
663754
663810
664080
664231
664254
664470
664488
664503
664676
664941
665174
665208
665351
665452
665486
665524
665594
665820
666201
666344
666356
666467
666549
666585
666604
666699
666754
666781
666811
666934
666991
667019
667026
667034
667503
667591
667603
667614
667618
667776
668009
668011
668107
668135
668150
668183
668300
668478
668591
668694
668752
668822
668899
669029
669128
669324
669489
669504
669519
669706
669715
669818
669905
670038
670091
670179
670225
670453
670516
670852
670880
670985
671058
671083
671116
671176
671253
671305
671574
671799
671929
672073
672087
672213
672446
672573
672649
672774
672781
672820
672842
672946
672953
672960
673129
673134
673252
673270
673289
673337
673434
673579
673619
674081
674083
674448
674451
674548
674975
674994
675058
675275
675365
675388
675419
675426
675614
675681
675700
675763
675822
675955
676298
676369
676430
676621
676751
676823
676964
677046
677097
677131
677148
677328
677385
677397
677410
677517
678008
678132
678168
678300
678317
678385
678433
678438
678507
678596
678734
678950
679068
679239
679316
679723
679886
679900
680018
680089
680102
680217
680438
680518
680549
680704
680765
680808
681025
681133
681298
681357
681517
681539
681601
681666
681668
681704
681729
681842
681902
682046
682159
682375
682526
682697
682701
682814
682880
683143
683170
683172
683206
683263
683360
683429
683432
683453
683460
683488
683970
684054
684129
684155
684261
684371
684441
684538
684729
684795
684862
685000
685120
685209
685668
685752
685757
685796
685856
685941
685961
686005
686236
686339
686399
686526
686773
686780
686830
686876
687078
687095
687102
687148
687389
687493
687731
688028
688111
688161
688179
688199
688206
688246
688291
688306
688446
688471
688519
688634
688736
688743
688764
688945
688987
689025
689058
689134
689341
689365
689543
689757
689962
690217
690258
690263
690365
690406
690824
690923
690978
690990
691125
691209
691303
691324
691716
691738
691836
691961
692168
692278
692691
692695
692834
693359
693566
693713
694844
695012
695060
695101
695135
695371
695400
695470
695539
695624
695678
695824
696111
696128
696147
696237
696315
696343
696429
696473
696586
696737
696757
696850
696874
697043
697133
697173
697175
697260
697317
697335
697583
697733
697770
697801
697917
698018
698108
698206
698465
698470
698478
698704
698906
698939
698940
699056
699058
699094
699213
699348
699599
699652
699855
699941
700187
700282
700297
700301
700537
700596
700678
700728
700837
700868
701154
701231
701276
701296
701518
701728
701771
701806
701872
701917
702088
702119
702145
702222
702234
702283
702448
702463
702514
702543
702635
702792
702825
702882
702907
702967
702992
703047
703050
703065
703167
703542
703552
703868
703897
703932
704022
704032
704049
704130
704170
704176
704281
704448
704531
704561
704739
705068
705070
705123
705147
705194
705290
705339
705352
705364
705368
705583
705696
705752
705758
706174
706189
706341
706369
706718
706779
706838
706846
707045
707050
707129
707131
707247
707282
707302
707316
707544
707593
707762
707866
708070
708185
708405
708541
708550
708625
708631
708708
709047
709057
709232
709310
709311
709427
709624
709675
709714
709824
709860
709897
709998
710362
710399
710495
710601
710615
710798
711035
711101
711267
711440
711609
711620
712149
712203
712300
712357
712562
712617
712675
712682
712826
713050
713118
713281
713315
713404
713428
713448
713556
713787
713900
713952
714040
714120
714229
714231
714233
714268
714377
714496
714943
715055
715102
715141
715242
715290
715384
715436
715546
715834
715977
715982
716325
716339
716378
716485
716488
716522
716663
716785
717016
717087
717135
717148
717322
717420
718170
718206
718308
718412
718473
718550
718625
718776
718961
718965
719322
719389
719580
719589
719623
719689
719732
719787
719796
719891
719922
719934
720189
720210
720263
720280
720723
720769
721141
721262
721385
721426
721441
721598
721735
722090
722128
722277
722331
722494
722689
722694
722698
722755
722912
722999
723300
723359
723589
723676
723680
723698
723841
723868
723916
724110
724135
724490
724594
724680
724733
724774
724848
724934
724974
725025
725073
725078
725231
725240
725300
725367
725375
725512
725682
725880
726143
726209
726236
726518
726522
726678
726694
726746
726775
726919
726937
727027
727068
727134
727239
727312
727321
727544
727584
727599
727629
727835
727920
727924
727950
728065
728150
728773
728874
728878
728949
728977
729046
729133
729216
729297
729471
729507
729607
729956
729968
730063
730201
730211
730386
730497
730629
730759
730762
730819
730932
731253
731258
731266
731452
731546
731597
731644
731689
731754
731815
731941
731978
732279
732280
732568
732684
732780
732789
732823
732845
732906
732929
732939
733037
733048
733280
733340
733372
733421
733490
733619
733836
733875
733970
734109
734135
734136
734162
734460
734518
734564
734688
734728
734766
734833
734871
734947
735028
735180
735276
735299
735592
735594
735630
735683
735708
735753
735785
735797
735944
736094
736129
736146
736470
736474
736524
736600
736621
736774
736794
736811
736818
737099
737173
737297
737397
737805
737872
738071
738113
738160
738218
738331
738407
738422
738479
738508
738516
738553
738700
738763
738833
738931
738958
739385
739653
739687
739729
739811
739874
740067
740073
740262
740271
740400
740603
740653
740761
740912
740918
740927
741058
741266
741314
741392
741562
741921
741958
741966
742054
742086
742156
742169
742202
742232
742356
742572
742609
742761
742889
742890
742975
743013
743047
743148
743175
743215
743420
743618
743782
743829
744091
744211
744237
744315
744536
744565
744682
744769
744912
744964
745130
745151
745169
745369
745402
745516
745601
745848
745865
745932
745975
745976
746009
746034
746069
746111
746392
746523
746566
746727
746750
746815
746987
747019
747023
747129
747200
747577
748016
748089
748177
748272
748384
748441
748447
748547
748853
749133
749161
749285
749647
749657
749662
749835
749872
749878
749930
750150
750211
750288
750347
750435
750496
750538
750663
750733
750894
750988
751029
751145
751207
751288
751318
751579
751645
751652
751672
751706
751714
751743
751994
752053
752368
752504
752540
752795
752856
752869
752920
753024
753233
753357
753375
753489
753643
753765
753785
753948
754339
754659
754679
754700
754714
754781
755023
755089
755159
755440
755527
755582
755625
755846
755889
756182
756213
756272
756296
756348
756371
756380
756410
756442
756566
756665
756866
756905
756953
756962
756994
757196
757202
757251
757292
757615
757620
757786
757936
757998
758131
758255
758387
758400
758692
758701
758898
758962
759006
759041
759172
759197
759315
759322
759445
759488
759669
759672
759708
759783
759819
759836
759982
760064
760169
760601
760633
760669
760793
760803
761129
761173
761206
761246
761281
761373
761639
761683
761751
761801
761836
761976
761987
762251
762252
762299
762388
762444
762456
762472
762666
762722
762895
762915
762951
763029
763107
763145
763232
763389
763446
763562
763563
763581
763626
763646
763752
764054
764201
764371
764389
764398
764556
764736
764815
764825
764881
765160
765250
765283
765308
765510
765519
765549
765745
765807
765867
766044
766356
766393
766394
766538
766605
766749
766796
766799
766807
766854
766881
766977
767026
767071
767175
767253
767402
767426
767428
767489
767629
767753
767855
768029
768056
768265
768424
768454
768727
768794
768805
768857
769218
769372
769511
769583
769637
769655
769891
769899
770045
770246
770309
770320
770397
770481
770542
770553
770562
770650
770794
770938
771147
771287
771295
771296
771298
771442
771498
771499
771600
771751
771761
771797
771810
771981
772064
772068
772446
772799
772858
772922
772923
773047
773111
773264
773774
773849
773986
774054
774086
774096
774125
774215
774286
774541
774654
774733
774753
774820
774826
774843
774898
775026
775072
775127
775172
775221
775273
775337
775445
775541
775745
775752
775794
776068
776264
776314
776718
776828
776882
776928
777145
777324
777548
777742
777764
777932
777948
777959
778122
778149
778233
778251
778376
778599
778685
778718
778800
778809
778871
778902
778906
779091
779137
779183
779426
779514
779529
779553
779787
779833
779927
779960
780027
780131
780146
780294
780321
780330
780566
780775
780782
780828
781180
781217
781279
781533
781600
781738
782262
782461
782511
782542
782776
782914
782937
782950
783099
783102
783213
783239
783342
783391
783584
783644
783783
783879
783887
784068
784190
784349
784532
784655
784786
785036
785139
785305
785485
785548
786024
786099
786170
786330
786436
786464
786495
786569
786584
786680
786700
786766
786800
786923
786945
787148
787190
787330
787382
787685
787803
787813
787829
787885
787936
787985
788007
788039
788191
788304
788354
788429
788448
788459
788531
788537
788633
788680
788784
789113
789249
789295
789356
789367
789436
789668
789750
789792
789860
789923
789953
789957
790193
790257
790354
790368
790453
790481
790682
790871
790971
790983
791030
791041
791158
791199
791274
791301
791390
791742
791753
791775
791859
791976
792011
792020
792186
792275
792402
792462
792470
792547
792549
792603
792611
792774
792982
793038
793107
793151
793158
793470
793521
793598
793693
793720
793798
793880
793901
793983
794146
794555
794574
794588
794647
794762
795042
795207
795275
795563
795645
795678
795703
795718
795791
795848
795901
796008
796123
796213
796229
796333
796366
796600
796664
796684
796771
797071
797304
797321
797356
797443
797863
797879
797901
797935
798153
798227
798248
798253
798288
798686
798938
799159
799233
799452
799541
799550
799682
799697
799824
800010
800023
800031
800071
800148
800191
800401
800429
800499
800667
800747
800751
800824
800825
800903
800922
801015
801077
801102
801131
801158
801213
801246
801342
801365
801386
801609
801709
801819
801923
801936
802018
802027
802238
802249
802474
802525
802645
802809
803125
803379
803653
803721
803753
803803
803899
803988
804032
804198
804418
804478
804545
804568
804569
804641
804690
804906
804946
805027
805093
805190
805209
805363
805447
805608
805615
805731
805827
806126
806144
806155
806278
806339
806400
806418
806438
806532
806611
806612
806785
806878
806947
807169
807327
807730
807780
807886
807933
807973
808196
808402
808583
808615
808624
808666
809068
809075
809249
809251
809296
809403
809831
809967
809992
810137
810191
810577
810616
810848
811085
811391
811961
812055
812172
812293
812330
812361
812638
812880
813161
813194
813207
813369
813486
813749
813859
813885
813936
813997
814144
814147
814209
814426
814637
814704
814781
814794
814856
814869
814896
814976
815022
815148
815153
815530
815567
815812
816009
816020
816097
816229
816348
816458
816507
816653
816752
816889
817041
817111
817182
817300
817325
817330
817490
817871
818015
818034
818072
818269
818416
818519
818876
818898
818971
819061
819188
819237
819251
819381
819580
819619
819627
819663
819784
819816
820021
820297
820610
820721
820906
820966
821255
821298
821327
821357
821389
821413
821606
821653
821901
822027
822048
822112
822257
822483
822609
822675
822825
823117
823169
823404
823461
823520
823632
823670
823786
823831
824058
824167
824338
824371
824629
824706
824810
824858
824860
824909
825008
825036
825138
825174
825678
825694
825739
825767
825825
825987
826059
826250
826413
826512
826549
826617
826785
826965
827001
827040
827064
827079
827114
827122
827125
827266
827302
827363
827389
827444
827509
827548
827588
828027
828103
828113
828258
828273
828280
828385
828393
828492
828598
828738
828909
828993
829219
829273
829446
829553
829670
829711
829826
830067
830199
830339
830354
830449
830657
830684
830765
831016
831126
831221
831233
831294
831509
831703
831713
831808
831937
832380
832444
832496
832585
832607
832644
832687
832744
832818
832926
832974
833006
833082
833152
833191
833278
833330
833582
833770
833773
833808
833822
834110
834125
834326
834395
834507
834708
834876
834963
835187
835219
835328
835354
835621
835682
835795
835847
836164
836181
836322
836346
836564
836704
836711
836840
836842
836854
836977
837217
837220
837243
837366
837493
837597
837741
837807
837832
837882
837950
838021
838156
838530
838538
838605
838728
838740
838804
838837
838900
838903
838933
839064
839286
839331
839400
839639
839661
839672
839786
839952
840015
840094
840166
840173
840206
840236
840271
840347
840405
840675
840682
840890
840925
841114
841248
841265
841427
841609
841715
841771
841783
841816
841864
841957
842047
842079
842142
842162
842257
842263
842268
842484
842524
842992
843231
843465
843537
843636
843682
843850
843854
843880
843910
843997
844094
844102
844106
844109
844630
844744
844764
844801
844852
844877
845166
845374
845410
845458
845505
845592
845692
845752
845772
845811
845871
845897
845941
846227
846290
846429
846463
846484
846511
846520
846631
846806
846934
847015
847194
847211
847445
847453
847581
847616
847639
847901
847906
847927
848073
848243
848334
848463
848550
848565
848566
848718
848731
849015
849074
849198
849218
849424
849537
849559
849794
849970
850525
850733
850738
850758
850992
851003
851022
851044
851047
851264
851580
851620
851702
851844
852049
852169
852171
852238
852264
852295
852300
852359
852536
852572
852648
852767
853033
853143
853212
853256
853425
853653
853719
853720
853853
854062
854070
854231
854234
854332
854348
854439
854458
854612
854663
854803
854852
854889
854928
855204
855315
855479
855521
855575
855654
855710
856562
856650
856840
856919
856937
856987
857027
857234
857419
857515
857526
857586
857625
857762
857930
857955
858147
858283
858342
858422
858604
858631
858766
858900
858921
859080
859205
859277
859412
859479
859485
859563
859564
859692
859695
859735
859791
860044
860109
860177
860180
860199
860336
860349
860445
860472
860528
860847
861002
861155
861215
861289
861378
861447
861561
861596
861640
861660
861704
861797
861891
861958
861987
862334
862453
862652
862758
862871
862877
862881
862948
863040
863083
863121
863317
863428
863545
863626
863674
863770
863863
863950
864088
864100
864276
864361
864433
864562
864641
864643
864803
864858
865054
865076
865277
865385
865551
865585
865596
865675
865737
865796
865901
865902
865914
865924
866001
866037
866050
866071
866354
866394
866635
866676
866695
866900
867418
867668
868046
868054
868100
868143
868201
868228
868273
868372
868514
868567
868638
868684
868745
868804
868830
868846
868865
868904
868975
868979
869005
869040
869054
869099
869144
869156
869191
869207
869210
869396
869547
869559
869626
869749
869854
869887
869980
869997
870092
870113
870268
870370
870498
871235
871401
871560
871649
871707
872074
872132
872176
872177
872391
872548
872569
872600
872786
872836
873083
873238
873288
873301
873311
873312
873603
873686
873851
873883
874073
874178
874208
874295
874304
874398
874414
874604
874606
874608
874612
874645
874729
874771
874873
874905
875099
875103
875135
875154
875425
875431
875442
875555
875589
875649
875658
875712
875724
875756
875799
875823
875893
875987
876074
876197
876263
876395
876553
876627
876726
876771
876881
877153
877173
877231
877500
877557
877675
877693
877705
877905
877999
878000
878246
878248
878332
878454
878522
878547
878780
878872
879013
879109
879176
879231
879240
879381
879382
879492
879520
879717
879750
879825
879904
880007
880075
880247
880248
880336
880411
880520
880550
880652
880654
880761
881072
881193
881267
881362
881446
881584
881916
882027
882091
882259
882341
882460
882583
882629
882677
882736
882740
882882
882892
883028
883071
883138
883168
883298
883339
883459
883692
883833
883988
884125
884213
884390
884462
884510
884516
884701
884732
884752
885043
885133
885155
885198
885316
885348
885405
885481
885490
885608
885733
885749
885793
886256
886368
886527
886716
886719
886802
886805
886901
886921
887006
887034
887084
887163
887311
887318
887516
888037
888105
888154
888165
888251
888271
888671
888704
888843
888923
888960
889177
889209
889232
889449
889459
889464
889468
889532
889541
889808
889811
889936
890021
890053
890157
890282
890293
890329
890350
890394
890416
890425
890433
890484
890539
890567
890622
890691
890761
890810
890970
891127
891194
891328
891486
891503
891561
891827
892156
892183
892210
892435
892568
892572
892588
892659
892726
892840
892912
892920
892953
892989
893030
893114
893220
893502
893537
893609
893719
894112
894136
894161
894649
894748
894765
894778
894817
894870
894881
894914
894971
895203
895438
895454
895499
895812
895909
895992
896023
896162
896246
896268
896378
896520
896584
896666
896729
896749
896813
896819
897091
897098
897167
897308
897353
897366
897555
897639
897661
897799
898185
898215
898234
898295
898452
898516
898541
898548
898669
898681
898747
898842
898845
899191
899200
899411
899447
899763
899889
900026
900056
900063
900168
900294
900397
900408
900549
900602
900696
900697
900724
900876
900920
900993
901047
901080
901117
901562
901645
901747
901788
901838
901944
902080
902099
902311
902313
902314
902483
902489
902506
902591
902612
902615
902651
902751
902872
902897
903041
903147
903152
903193
903254
903335
903490
903679
903869
904008
904067
904348
904496
904575
904717
904771
905034
905355
905377
905441
905442
905530
905539
905691
905928
906311
906421
906432
906610
907009
907043
907210
907217
907221
907270
907367
907391
907396
907452
907781
907812
907844
907969
908038
908116
908300
908301
908336
908455
908505
908668
908767
908841
908859
908938
908956
908971
908985
909160
909197
909393
909402
909513
909520
909573
909643
909663
909686
909749
909824
909825
909842
909939
910177
910311
910467
910586
910845
910965
911061
911189
911379
911397
911435
911516
911547
911663
911778
911794
911855
911884
911992
912015
912023
912129
912136
912297
912398
912429
912484
912573
912667
912919
912983
913128
913231
913246
913271
913642
913687
913714
913777
913865
914322
914394
914435
914439
914478
914505
914547
914603
914616
914794
914891
914996
915034
915045
915074
915141
915340
915467
915485
915518
915540
915734
915751
915905
916059
916123
916158
916164
916214
916451
916595
916788
916859
916897
916919
916991
917070
917101
917238
917249
917357
917592
917882
917883
917961
918300
918332
918370
918482
918551
918727
918749
918760
918862
918891
918930
918936
918947
918999
919069
919088
919148
919204
919227
919310
919359
919374
919455
919468
919526
919585
919587
919610
919627
919628
919754
919801
919930
920120
920171
920267
920483
920570
920660
920814
920950
921011
921287
921289
921381
921383
921446
921808
921835
922155
922195
922233
922240
922453
922485
922553
922613
923073
923148
923163
923227
923299
923307
923311
923369
923523
923734
923819
923821
923857
923964
923997
924028
924232
924595
924685
924806
924846
924891
924906
925152
925278
925388
925427
925444
925595
925625
925668
925794
926012
926499
926604
926615
926704
926747
926864
926920
927273
927483
927561
927615
927691
927880
927904
927912
928091
928161
928193
928237
928321
928439
928538
928648
928653
928699
928728
928815
928829
928892
929129
929145
929168
929242
929247
929478
929494
929543
929546
929622
929673
929824
929841
930087
930113
930366
930392
930573
930682
930815
930920
931030
931176
931414
931473
931669
931723
931850
931938
932035
932092
932171
932312
932404
932612
932739
932848
932976
933001
933053
933074
933135
933168
933296
933313
933413
933660
933705
933707
933744
934068
934122
934269
934306
934351
934441
934865
934922
934990
935113
935213
935372
935555
935698
935741
935797
935880
935938
936000
936076
936163
936211
936248
936359
936452
936781
936819
937161
937270
937277
937396
937407
937435
937461
937507
937547
937735
937871
937961
937991
938047
938076
938110
938227
938243
938272
938299
938428
938460
938483
938894
938911
939101
939144
939149
939160
939289
939293
939353
939470
939475
939600
939646
939699
939805
939836
939866
939897
940167
940322
940329
940363
940437
940484
940522
940574
940614
940615
940896
940907
940967
941043
941074
941075
941206
941283
941300
941367
941411
941444
941446
941452
941524
941615
942082
942146
942316
942331
942342
942411
942461
942666
942823
942977
943018
943269
943367
943370
943518
943886
944260
944480
944652
944664
944935
945085
945320
945506
945661
945665
945805
945869
945973
946014
946110
946253
946335
946366
946693
946707
946895
946936
946973
947061
947154
947248
947291
947343
947427
947543
947572
947583
947684
947817
947893
948015
948150
948210
948263
948301
948754
949008
949045
949220
949541
949542
949563
949632
949670
949825
949832
950077
950107
950142
950360
950399
950420
950471
950476
950506
950639
950689
950713
950731
950945
950964
950991
951041
951051
951077
951354
951395
951488
951566
951622
951643
951719
952031
952150
952169
952231
952452
952471
952520
952719
952764
953053
953257
953577
953692
953715
953785
953951
954026
954111
954198
954215
954280
954291
954306
954320
954349
954386
954456
954560
954674
954993
955302
955342
955367
955619
955710
956031
956370
956520
956609
956637
956654
956655
956777
956812
957070
957090
957285
957302
957370
957514
957543
957730
957745
957962
958181
958290
958563
958982
958984
959074
959194
959393
959506
959745
959749
959760
960095
960109
960209
960282
960296
960353
960454
960508
960661
960694
960720
960763
960899
961197
961232
961263
961423
961549
961630
961724
961838
961870
962011
962052
962199
962237
962308
962314
962432
962538
962784
963031
963127
963205
963280
963285
963289
963308
963524
963694
963702
963734
963904
963952
964039
964069
964508
964519
964635
964817
964918
965082
965230
965266
965291
965307
965457
965731
965982
966014
966040
966046
966421
966769
966829
966833
966878
966927
967209
967224
967260
967273
967701
967795
967923
968007
968122
968191
968662
968980
969015
969270
969352
969604
969781
969866
969887
970084
970164
970784
970853
971131
971163
971271
971410
971500
971581
971704
971778
971812
971823
971854
972049
972156
972168
972188
972247
972277
972316
972389
972554
972828
972955
973169
973306
973378
973571
973582
973604
973847
973882
973933
974389
974444
974489
974501
974641
975053
975060
975229
975315
975340
975472
975973
976001
976032
976114
976131
976175
976246
976388
976532
976564
976642
976688
976720
976898
977068
977098
977178
977378
977639
977769
977914
977934
978019
978112
978121
978314
978465
978910
978932
978974
978979
979022
979059
979271
979289
979480
979613
979776
979970
980012
980083
980279
980349
980425
980525
980550
980698
980714
980728
980816
981068
981186
981259
981294
981364
981497
981556
981641
982251
982410
982476
982702
982849
982890
982913
982944
982997
983018
983115
983192
983194
983210
983248
983339
983550
983738
983805
983825
983923
983940
983946
984000
984056
984108
984126
984157
984532
984831
984860
985114
985155
985352
985360
985629
985700
985840
986192
986289
986329
986367
986368
986479
986711
986754
986859
987175
987290
987338
987428
987660
987715
987732
987737
987944
987970
987974
988408
988433
988470
988540
988611
988693
988730
988811
988814
989533
989554
989595
989755
989763
989776
989793
989800
989874
989886
990212
990828
990883
990925
991043
991122
991136
991208
991316
991456
991544
991634
991698
991737
991834
991957
992308
992415
992488
992533
992583
992847
992961
993007
993142
993223
993361
993391
993408
993584
993631
993789
993822
994026
994058
994245
994304
994305
994338
994533
994652
994675
994750
994756
994790
994854
995162
995171
995202
995306
995465
995740
995792
995794
995822
995859
996091
996110
996187
996223
996308
996326
996373
996431
996482
996541
996568
996817
997220
997421
997513
997616
997631
998160
998197
998210
998239
998317
998353
998397
998597
998986
998990
999008
999096
999183
999252
999310
999345
999364
999378
999420
999475
999542
999651
999793
999878
999987
999999
1000008
1000082
1000393
1000443
1000531
1000560
1000614
1000745
1000789
1000809
1001012
1001147
1001307
1001406
1001474
1001936
1001943
1002200
1002305
1002475
1002496
1002548
1002594
1002613
1002620
1002850
1002860
1003047
1003356
1003453
1003918
1003980
1004350
1004512
1004520
1004551
1004591
1004613
1004617
1004621
1004647
1004690
1004736
1004759
1004872
1004893
1005085
1005173
1005180
1005185
1005341
1005410
1005458
1005500
1005722
1005870
1005900
1006012
1006106
1006135
1006136
1006313
1006351
1006532
1006583
1006646
1006784
1006874
1007074
1007115
1007243
1007330
1007341
1007399
1007511
1007616
1007925
1007940
1008053
1008134
1008418
1008461
1008479
1008529
1008669
1008757
1008830
1008884
1008899
1008949
1008965
1009020
1009047
1009257
1009361
1009538
1009569
1009613
1009673
1009708
1009841
1009918
1009956
1010333
1010378
1010496
1010817
1010908
1010921
1011048
1011111
1011226
1011407
1011437
1011596
1011816
1011927
1012136
1012173
1012204
1012429
1012468
1012472
1012515
1012525
1012566
1012593
1012681
1012758
1012797
1012986
1013047
1013052
1013195
1013206
1013269
1013391
1013410
1013691
1013770
1013796
1014070
1014091
1014125
1014128
1014184
1014351
1014393
1014430
1014486
1014498
1014499
1014527
1014610
1014810
1014873
1015299
1015337
1015377
1015456
1015565
1015630
1015712
1015809
1015860
1015861
1015978
1016077
1016341
1016425
1016449
1016810
1016868
1016911
1016921
1016959
1017032
1017131
1017235
1017386
1017387
1017515
1017625
1017801
1018157
1018174
1018273
1018283
1018338
1018364
1018380
1018455
1018467
1018574
1018961
1019014
1019022
1019046
1019148
1019310
1019349
1019436
1019538
1019553
1019563
1019608
1019689
1019851
1019908
1019943
1019987
1020050
1020095
1020109
1020116
1020147
1020270
1020278
1020292
1020480
1020526
1020595
1020612
1020699
1020959
1021093
1021141
1021147
1021154
1021266
1021342
1021413
1021485
1021659
1021715
1021747
1021847
1021912
1021940
1022082
1022092
1022099
1022266
1022366
1022626
1022698
1022699
1022730
1023059
1023123
1023137
1023261
1023352
1023378
1023405
1023580
1023698
1023838
1023882
1024025
1024043
1024357
1024468
1024581
1024826
1024902
1025061
1025218
1025370
1025478
1025587
1025601
1025743
1025859
1025861
1025898
1025989
1026015
1026181
1026453
1026454
1026553
1026583
1026635
1026766
1026789
1026831
1026875
1026916
1027256
1027269
1027381
1027531
1027623
1027630
1027640
1027746
1027878
1027898
1028026
1028158
1028182
1028247
1028388
1028389
1028559
1028791
1028961
1029277
1029472
1029597
1029649
1029842
1030156
1030198
1030206
1030358
1030400
1030417
1030419
1030523
1030579
1030651
1030672
1030678
1030686
1030693
1030722
1030826
1030989
1031098
1031267
1031438
1031500
1031520
1031591
1031775
1032008
1032082
1032110
1032301
1032303
1032394
1032396
1032412
1032473
1032589
1032636
1032722
1032944
1033129
1033174
1033269
1033285
1033288
1033413
1033572
1033582
1033804
1034020
1034085
1034137
1034386
1034432
1034555
1034559
1034637
1034767
1034851
1035117
1035170
1035204
1035212
1035290
1035350
1035352
1035397
1035429
1035452
1035583
1035654
1035670
1035695
1035717
1035797
1035907
1036128
1036142
1036143
1036411
1036514
1036536
1036734
1036773
1036861
1036980
1037086
1037197
1037381
1037442
1037475
1037650
1037751
1037921
1037931
1037958
1038068
1038120
1038256
1038575
1038784
1038850
1038887
1038956
1039032
1039078
1039135
1039231
1039271
1039461
1039513
1039559
1039640
1039706
1039812
1039825
1040224
1040238
1040350
1040392
1040494
1040561
1040574
1040632
1040738
1040912
1041175
1041342
1041392
1041468
1041670
1041809
1041864
1041867
1041906
1042030
1042114
1042146
1042209
1042271
1042273
1042343
1042527
1042688
1042711
1042917
1042987
1043031
1043266
1043436
1043677
1044145
1044187
1044645
1044695
1044742
1044872
1044906
1044933
1044964
1045024
1045372
1045414
1045519
1045647
1045698
1045711
1045765
1045827
1045902
1046008
1046109
1046228
1046686
1046696
1046824
1046874
1046902
1046941
1047072
1047075
1047160
1047377
1047515
1047582
1047647
1047687
1047699
1047729
1047979
1048120
1048273
1048717
1048754
1048892
1048931
1049014
1049177
1049206
1049320
1049446
1049508
1049645
1049981
1050167
1050199
1050336
1050358
1050411
1050527
1050707
1050861
1051217
1051303
1051379
1051615
1051892
1052513
1052820
1052832
1053034
1053057
1053079
1053136
1053233
1053323
1053339
1053518
1053583
1053692
1053729
1053783
1053816
1054221
1054290
1054349
1054635
1054781
1054981
1055082
1055141
1055378
1055431
1055500
1055508
1055548
1055775
1055863
1055867
1055900
1056117
1056142
1056146
1056311
1056402
1056423
1056451
1056651
1056781
1056840
1056897
1056932
1057022
1057136
1057139
1057140
1057188
1057220
1057238
1057367
1057480
1057516
1057628
1057707
1057735
1057860
1057912
1058006
1058074
1058156
1058645
1058651
1058799
1058811
1058826
1058940
1059050
1059061
1059109
1059110
1059116
1059147
1059154
1059408
1059546
1059839
1059841
1059939
1059967
1059977
1060221
1060295
1060503
1060560
1060605
1060643
1060677
1060687
1060908
1060950
1061027
1061204
1061285
1061446
1061460
1061499
1061514
1061726
1061883
1061923
1062009
1062107
1062174
1062202
1062230
1062236
1062365
1062512
1062602
1062698
1062852
1062926
1063067
1063158
1063160
1063269
1063411
1063507
1063516
1063522
1063628
1063660
1063735
1063842
1063936
1064165
1064228
1064273
1064676
1064762
1064889
1065035
1065089
1065225
1065241
1065251
1065314
1065324
1065377
1065510
1065530
1065625
1065643
1065686
1065738
1065746
1065817
1065818
1066122
1066152
1066326
1066412
1066439
1066482
1066488
1066569
1066723
1066731
1066757
1067071
1067091
1067215
1067260
1067477
1067508
1067513
1067585
1067674
1067733
1067735
1067859
1067892
1068131
1068187
1068379
1068445
1068745
1068749
1068846
1068863
1069085
1069111
1069379
1069387
1069443
1069581
1069713
1069823
1069997
1070258
1070265
1070327
1070459
1070497
1070518
1070749
1070806
1070991
1071008
1071078
1071167
1071414
1071418
1071594
1071634
1071668
1071693
1071873
1071919
1072227
1072367
1072456
1072459
1072595
1072596
1072752
1072791
1072794
1072834
1072919
1073030
1073135
1073239
1073428
1073579
1073613
1073783
1073954
1074162
1074167
1074176
1074201
1074209
1074266
1074333
1074424
1074471
1074637
1074639
1074711
1074843
1074981
1074992
1074999
1075091
1075148
1075223
1075235
1075486
1075610
1075640
1075775
1075979
1076163
1076166
1076305
1076415
1076525
1076538
1077186
1077282
1077325
1077331
1077359
1077365
1077581
1077615
1077621
1077639
1077730
1077932
1077968
1077996
1078072
1078144
1078208
1078399
1078450
1078615
1078617
1078700
1078773
1078775
1078795
1079131
1079141
1079233
1079260
1079308
1079421
1079683
1079795
1079922
1079947
1079949
1079981
1080286
1080295
1080611
1080642
1080686
1080858
1080897
1080914
1081049
1081470
1081609
1081652
1081661
1081866
1082131
1082238
1082255
1082362
1082374
1082430
1082468
1082559
1082931
1083454
1083484
1083576
1083587
1083728
1084084
1084091
1084124
1084168
1084304
1084430
1084532
1084534
1084573
1084602
1084703
1084777
1084778
1084929
1084932
1085051
1085349
1085401
1085660
1085992
1086013
1086312
1086368
1086485
1086491
1086708
1086777
1086857
1086937
1087050
1087096
1087122
1087196
1087206
1087311
1087378
1087383
1087597
1087632
1087703
1087771
1087833
1087978
1088084
1088364
1088389
1088413
1088545
1088575
1088598
1088817
1089011
1089225
1089275
1089451
1089496
1089554
1089634
1089741
1089762
1089823
1089834
1090144
1090215
1090261
1090572
1090595
1090615
1090992
1091033
1091183
1091192
1091346
1091350
1091491
1091506
1091522
1091897
1091960
1092220
1092233
1092334
1092509
1092606
1092626
1092708
1092715
1092722
1093165
1093247
1093250
1093263
1093296
1093321
1093460
1093481
1093600
1093788
1093856
1093888
1094408
1094858
1095184
1095334
1095468
1095626
1095646
1095741
1095751
1095861
1095873
1096040
1096115
1096203
1096265
1096280
1096412
1096542
1096549
1096569
1096600
1096646
1096686
1096732
1096852
1096886
1096915
1097082
1097443
1097612
1097649
1097739
1097874
1097882
1097976
1098206
1098296
1098404
1098434
1098537
1098676
1098753
1098765
1098795
1098850
1098857
1098911
1099000
1099098
1099217
1099420
1099675
1099905
1100023
1100259
1100308
1100417
1100493
1100618
1100625
1100661
1100851
1100870
1101006
1101048
1101050
1101056
1101111
1101185
1101195
1101239
1101787
1101808
1101934
1101965
1102041
1102077
1102089
1102216
1102278
1102286
1102375
1102425
1102474
1102665
1102685
1102692
1102977
1103070
1103152
1103317
1103332
1103526
1103540
1103585
1103723
1103777
1104043
1104201
1104317
1104484
1104504
1104519
1104735
1105033
1105130
1105263
1105745
1105804
1105812
1105817
1105865
1105921
1106570
1106581
1106598
1106611
1106614
1106734
1106998
1107057
1107086
1107090
1107186
1107257
1107353
1107569
1107585
1107591
1107683
1107736
1107746
1107765
1107942
1107950
1108038
1108117
1108127
1108130
1108224
1108301
1108327
1108575
1108790
1109052
1109193
1109227
1109238
1109269
1109299
1109557
1109583
1109600
1109614
1109699
1109883
1110138
1110460
1110819
1110870
1110878
1110891
1111027
1111028
1111042
1111050
1111125
1111241
1111289
1111325
1111394
1111446
1111696
1111756
1111782
1111952
1112018
1112073
1112125
1112175
1112215
1112331
1112478
1112667
1112674
1112684
1112692
1112761
1112766
1112864
1112899
1112928
1113056
1113213
1113249
1113314
1113457
1113736
1113785
1113837
1113900
1113915
1114148
1114498
1115004
1115016
1115038
1115055
1115198
1115422
1115492
1115495
1115633
1115660
1115690
1115714
1116204
1116286
1116368
1116398
1116451
1116463
1116565
1116581
1116693
1116824
1117325
1117553
1117706
1117782
1117898
1117964
1118147
1118189
1118521
1118583
1118635
1118664
1118678
1118702
1118853
1118860
1118894
1118896
1118934
1118940
1119038
1119096
1119203
1119335
1119403
1119456
1119705
1119776
1119802
1119878
1119934
1119957
1120058
1120097
1120195
1120248
1120322
1120364
1120379
1120535
1120619
1120778
1120891
1120954
1120966
1121034
1121107
1121323
1121337
1121365
1122045
1122074
1122205
1122336
1122403
1122405
1122417
1122497
1122504
1122563
1122604
1122671
1122681
1122822
1122845
1122883
1123042
1123165
1123369
1123416
1123516
1123633
1123634
1123816
1123960
1123999
1124004
1124104
1124172
1124274
1124313
1124333
1124440
1124535
1124553
1124667
1124683
1124704
1124792
1124878
1124889
1125011
1125062
1125129
1125213
1125224
1125315
1125505
1125769
1125815
1125855
1125874
1125910
1125933
1125951
1126310
1126339
1126451
1126456
1126482
1126577
1126585
1126630
1126668
1126711
1126725
1126904
1126998
1127147
1127246
1127330
1127390
1127477
1127609
1127613
1127758
1127764
1127977
1127988
1128027
1128107
1128128
1128151
1128152
1128161
1128175
1128298
1128350
1128456
1128599
1128629
1128925
1128954
1128985
1129283
1129335
1129339
1129457
1129485
1129557
1129631
1129648
1129659
1129680
1129705
1129728
1129757
1129788
1129844
1130159
1130173
1130321
1130342
1130365
1130381
1130484
1130491
1130659
1130694
1130757
1130789
1130790
1130806
1130881
1130901
1130907
1131035
1131134
1131537
1131590
1131602
1131603
1131772
1132090
1132279
1132375
1132443
1132449
1132688
1132689
1132708
1132804
1132884
1132921
1132956
1133008
1133208
1133362
1133372
1133448
1133461
1133544
1133593
1133621
1133636
1133808
1133955
1134102
1134244
1134274
1134281
1134314
1134458
1134464
1134883
1135258
1135282
1135338
1135423
1135470
1135499
1135541
1135612
1135762
1135789
1135960
1136000
1136022
1136149
1136166
1136191
1136315
1136448
1136461
1136580
1136685
1136751
1136852
1136890
1136892
1136957
1137192
1137299
1137407
1137485
1137655
1137683
1137730
1137739
1137800
1137832
1138038
1138100
1138128
1138348
1138360
1138370
1138526
1138616
1138811
1139083
1139420
1139571
1139580
1139646
1139884
1139922
1140044
1140059
1140066
1140173
1140194
1140205
1140212
1140215
1140312
1140599
1140636
1140673
1140750
1140853
1140904
1140916
1141084
1141205
1141266
1141277
1141705
1141850
1141894
1141929
1142540
1142551
1142571
1142777
1142813
1142859
1143161
1143360
1143364
1143380
1143496
1143565
1143584
1143724
1143811
1144193
1144375
1144554
1144683
1144687
1144792
1144829
1144965
1145016
1145416
1145417
1145418
1145601
1145623
1145653
1145660
1145697
1145745
1145771
1146043
1146138
1146175
1146505
1146797
1147194
1147253
1147323
1147606
1147624
1147756
1147789
1147791
1147909
1148155
1148214
1148265
1148430
1148634
1148693
1148840
1149024
1149176
1149423
1149517
1149597
1149603
1149627
1149728
1149738
1150056
1150135
1150365
1150442
1150580
1150638
1150672
1150711
1150744
1150745
1150780
1151087
1151205
1151225
1151309
1151330
1151576
1151651
1151716
1151879
1152128
1152196
1152352
1152385
1152393
1152501
1152756
1152774
1152780
1152942
1153311
1153392
1153651
1153909
1153941
1154009
1154107
1154126
1154254
1154396
1154595
1154674
1154928
1154992
1155070
1155249
1155280
1155293
1155305
1155557
1155782
1155847
1156260
1156280
1156393
1156659
1156677
1156752
1156902
1156925
1156961
1157167
1157193
1157404
1157721
1157796
1157850
1157949
1158182
1158312
1158656
1158690
1158938
1159104
1159148
1159154
1159171
1159212
1159218
1159299
1159340
1159508
1159553
1159701
1159750
1159767
1159869
1159902
1160153
1160166
1160287
1160289
1160364
1160464
1160660
1160739
1160801
1160805
1160823
1160826
1160865
1161062
1161073
1161133
1161193
1161223
1161407
1161427
1161697
1161701
1161721
1161779
1161814
1161873
1161974
1162054
1162105
1162150
1162178
1163014
1163129
1163194
1163271
1163317
1163404
1163515
1163536
1163579
1163694
1163799
1163905
1164001
1164049
1164051
1164068
1164158
1164207
1164290
1164313
1164338
1164348
1164686
1164814
1164886
1165010
1165065
1165079
1165173
1165190
1165246
1165255
1165308
1165369
1165439
1165534
1165866
1165945
1165975
1166015
1166102
1166155
1166327
1166509
1166663
1166941
1167076
1167105
1167158
1167180
1167300
1167304
1167378
1167449
1167580
1167652
1167675
1167676
1167822
1167847
1168064
1168237
1168251
1168916
1169016
1169076
1169197
1169626
1169655
1169667
1169844
1169887
1169944
1170040
1170099
1170110
1170254
1170363
1170387
1170414
1170811
1171120
1171198
1171218
1171314
1171603
1171725
1171745
1171758
1172053
1172115
1172163
1172164
1172236
1172433
1172819
1172822
1173006
1173238
1173246
1173314
1173318
1173542
1173552
1173918
1173965
1173978
1174060
1174090
1174152
1174184
1174198
1174433
1174563
1174816
1174871
1175054
1175292
1175353
1175495
1175580
1175582
1175654
1175721
1175859
1175912
1175920
1175979
1176043
1176077
1176143
1176226
1176240
1176382
1176584
1176746
1176826
1176937
1177010
1177060
1177221
1177396
1177457
1177543
1177882
1177949
1178164
1178284
1178359
1178370
1178503
1178650
1178890
1178896
1179009
1179102
1179156
1179469
1179598
1179624
1179710
1179726
1179747
1179825
1179945
1179969
1180001
1180011
1180087
1180102
1180243
1180495
1180539
1180657
1180728
1180827
1180841
1180916
1181161
1181322
1181337
1181695
1181726
1181776
1181822
1181900
1182002
1182053
1182122
1182478
1182480
1182712
1182736
1182936
1182979
1183133
1183139
1183202
1183324
1183382
1183600
1183684
1183767
1183922
1184153
1184412
1184441
1184456
1184493
1184506
1184525
1184573
1184628
1184633
1184696
1184905
1185112
1185397
1185411
1185506
1185646
1185763
1185764
1185963
1186027
1186117
1186125
1186286
1186433
1186539
1186553
1186568
1186660
1187134
1187207
1187352
1187357
1187432
1187502
1187562
1187684
1187779
1187851
1187886
1187967
1188167
1188185
1188301
1188316
1188383
1188593
1188700
1188728
1188761
1188789
1188790
1188804
1188825
1188950
1188961
1189067
1189131
1189171
1189237
1189550
1189717
1189734
1189815
1189907
1190026
1190075
1190198
1190263
1190320
1190434
1190732
1190742
1190864
1190879
1190891
1191066
1191148
1191190
1191242
1191287
1191335
1191374
1191383
1191407
1191647
1191695
1191726
1191736
1191747
1191763
1191814
1192098
1192376
1192636
1192715
1192942
1193122
1193206
1193429
1193530
1193802
1193846
1194198
1194272
1194298
1194397
1194466
1194551
1194645
1194801
1194985
1195004
1195089
1195114
1195144
1195239
1195257
1195314
1195654
1195682
1195860
1195924
1196066
1196088
1196138
1196185
1196214
1196294
1196372
1196516
1196646
1196690
1196817
1196822
1196927
1196955
1196967
1197005
1197032
1197414
1197422
1197565
1197636
1197664
1197665
1197778
1197846
1197870
1197935
1197959
1198058
1198204
1198295
1198484
1198545
1198607
1198688
1198780
1198851
1198927
1199032
1199146
1199167
1199249
1199617
1199696
1199831
1199983
1200355
1200482
1200728
1200885
1200905
1200937
1201448
1201455
1201511
1201556
1201658
1201774
1201922
1201986
1202201
1202356
1202439
1202579
1202646
1202799
1202966
1203040
1203292
1203302
1203321
1203404
1203548
1203557
1203698
1203699
1203724
1203731
1203787
1203799
1203803
1203875
1204008
1204120
1204445
1204463
1204692
1204696
1204766
1204872
1204950
1204955
1204968
1204993
1205226
1205276
1205438
1205527
1205654
1205917
1205953
1206226
1206325
1206433
1206541
1206595
1206831
1206941
1206947
1206977
1207037
1207142
1207248
1207333
1207374
1207518
1207563
1207782
1207822
1208104
1208160
1208201
1208309
1208521
1208687
1208776
1208802
1208823
1209199
1209226
1209653
1209670
1209692
1209981
1210028
1210269
1210480
1210574
1210599
1210659
1210697
1210751
1210758
1210816
1211148
1211302
1211426
1211733
1212101
1212136
1212176
1212238
1212241
1212374
1212391
1212491
1212948
1213021
1213079
1213196
1213239
1213532
1213893
1213900
1213962
1214089
1214127
1214175
1214176
1214231
1214435
1214453
1214571
1214656
1214665
1214729
1215092
1215338
1215681
1215995
1216000
1216146
1216435
1216639
1216759
1216878
1217062
1217071
1217192
1217490
1217830
1217848
1217859
1217881
1218092
1218274
1218410
1218702
1218773
1218810
1218827
1218828
1218944
1218976
1219028
1219203
1219224
1219358
1219561
1219563
1219638
1219697
1219832
1219835
1220063
1220085
1220215
1220260
1220470
1220489
1220511
1220597
1220800
1220978
1221018
1221118
1221178
1221209
1221451
1221768
1221854
1221901
1222046
1222123
1222154
1222353
1222395
1222424
1222698
1222736
1222751
1222779
1222991
1223128
1223129
1223240
1223258
1223386
1223457
1223458
1223697
1223706
1223772
1223884
1223913
1223987
1224052
1224054
1224124
1224168
1224278
1224284
1224296
1224365
1224379
1224467
1224473
1224599
1224634
1224669
1224784
1224817
1224983
1225169
1225232
1225261
1225399
1225437
1225451
1225651
1225669
1225735
1226138
1226189
1226346
1226670
1227146
1227162
1227246
1227380
1227468
1227669
1227813
1227839
1227905
1228016
1228027
1228310
1228485
1228512
1228666
1228773
1228797
1228898
1228956
1229072
1229078
1229110
1229195
1229287
1229343
1229359
1229411
1229551
1229624
1229629
1229774
1229943
1230075
1230139
1230176
1231020
1231188
1231369
1231507
1231677
1231734
1231747
1231871
1231890
1231929
1231985
1232149
1232154
1232234
1232343
1232884
1232889
1232930
1232965
1232969
1233151
1233237
1233276
1233308
1233396
1233623
1233658
1233924
1233988
1234000
1234262
1234399
1234406
1234695
1234849
1234890
1235037
1235083
1235256
1235408
1235435
1235522
1235596
1235644
1235678
1235823
1235987
1236018
1236034
1236084
1236275
1236315
1236352
1236372
1236397
1236399
1236434
1236461
1236499
1236528
1236638
1236657
1236713
1237003
1237134
1237328
1237331
1237362
1237380
1237660
1238151
1238253
1238438
1238516
1238590
1238771
1238779
1239048
1239197
1239425
1239574
1239596
1239672
1239851
1239874
1239878
1239931
1240061
1240079
1240239
1240405
1240432
1240484
1240527
1240684
1240805
1240929
1241156
1241225
1241299
1241325
1241464
1241535
1241635
1241639
1241827
1241975
1242043
1242111
1242203
1242209
1242387
1242669
1242680
1242892
1242995
1242998
1243185
1243239
1243258
1243274
1243661
1243865
1243968
1244267
1244282
1244415
1244491
1244518
1244606
1244712
1244757
1244809
1244876
1245301
1245334
1245337
1245395
1245514
1245692
1245765
1245874
1245952
1245997
1246016
1246039
1246055
1246144
1246378
1246425
1246646
1246659
1246691
1246815
1247027
1247057
1247151
1247292
1247353
1247391
1247470
1247548
1247604
1247670
1247698
1247754
1247824
1247895
1247900
1247918
1247981
1247983
1248008
1248178
1248359
1248378
1248396
1248403
1248470
1248526
1248638
1248676
1248786
1248828
1248895
1248902
1249032
1249054
1249114
1249274
1249311
1249382
1249513
1249674
1249916
1249935
1250064
1250121
1250363
1250380
1250434
1250436
1250454
1250528
1250886
1250923
1250986
1251038
1251116
1251198
1251341
1251483
1251485
1251622
1251886
1251915
1251930
1252054
1252080
1252198
1252246
1252381
1252448
1252651
1252871
1252959
1253042
1253047
1253315
1253434
1253555
1254040
1254084
1254349
1254353
1254474
1254551
1254578
1254929
1254955
1254998
1255266
1255302
1255341
1255409
1255447
1255549
1255802
1255891
1256030
1256118
1256129
1256200
1256271
1256482
1256483
1256714
1256799
1256835
1257320
1257435
1257605
1257610
1257685
1257706
1257862
1258048
1258076
1258195
1258222
1258262
1258331
1258341
1258473
1258480
1258496
1258941
1258960
1258981
1258998
1259014
1259100
1259160
1259185
1259220
1259243
1259303
1259332
1259379
1259480
1259609
1259682
1259721
1259728
1259739
1259992
1260031
1260050
1260124
1260164
1260315
1260344
1260713
1260976
1260988
1261002
1261173
1261287
1261305
1261524
1261538
1261924
1261957
1262112
1262175
1262238
1262251
1262344
1262382
1262405
1262551
1262586
1262686
1262786
1263044
1263045
1263230
1263313
1263355
1263376
1263422
1263576
1263590
1263661
1263679
1263711
1264074
1264107
1264134
1264218
1264379
1264460
1264479
1264604
1264611
1264705
1264739
1264744
1264748
1264771
1264790
1264798
1265001
1265084
1265195
1265342
1265434
1265542
1266039
1266047
1266075
1266155
1266160
1266299
1266679
1266948
1266952
1266964
1267103
1267110
1267214
1267483
1267561
1267623
1267649
1267666
1267862
1268149
1268200
1268962
1269005
1269067
1269515
1269944
1269974
1270063
1270081
1270273
1270281
1270700
1270746
1270920
1271242
1271373
1271714
1271758
1271902
1272104
1272107
1272514
1272607
1272727
1272787
1273097
1273196
1273300
1273329
1273776
1273901
1273983
1274041
1274130
1274222
1274272
1274487
1274631
1274669
1274698
1274848
1274860
1274910
1275009
1275012
1275031
1275272
1275295
1275325
1275337
1275374
1275425
1275489
1275512
1275551
1275594
1275602
1275659
1275865
1275882
1276185
1276204
1276248
1276313
1276407
1276561
1276633
1276737
1276841
1277184
1277216
1277335
1277376
1277408
1277412
1277467
1277635
1277725
1277785
1277791
1277843
1277962
1278274
1278697
1278751
1278754
1278757
1278856
1278892
1278920
1279295
1279330
1279367
1279376
1279507
1279569
1279588
1279666
1279911
1279932
1280004
1280048
1280131
1280145
1280210
1280215
1280254
1280314
1280361
1280844
1280855
1280938
1281022
1281108
1281259
1281267
1281345
1281408
1281433
1281613
1281703
1281784
1281835
1281890
1281962
1281976
1282056
1282463
1282513
1282728
1282751
1282785
1282825
1283313
1283361
1283422
1283470
1283510
1283746
1283911
1284002
1284021
1284063
1284132
1284152
1284185
1284209
1284412
1284457
1284517
1284691
1284924
1284940
1285024
1285087
1285199
1285251
1285330
1285355
1285523
1285618
1286057
1286166
1286168
1286412
1286508
1286694
1286698
1286731
1286849
1286876
1286920
1286975
1286995
1287024
1287111
1287187
1287289
1287332
1287391
1287561
1287637
1287684
1287737
1287782
1287783
1288051
1288135
1288279
1288445
1288539
1288554
1288648
1288669
1288836
1288896
1288937
1288944
1288982
1289085
1289086
1289171
1289344
1289440
1289480
1289492
1289534
1289696
1289732
1289828
1289861
1289923
1289979
1290474
1290526
1290546
1290704
1290777
1290796
1290843
1290925
1290936
1290961
1291133
1291254
1291328
1291333
1291416
1291460
1291600
1291707
1291929
1292118
1292369
1292432
1292516
1292524
1292538
1292642
1292809
1292879
1292941
1293020
1293040
1293159
1293325
1293396
1293403
1293465
1293828
1293992
1294032
1294222
1294348
1294494
1294531
1294596
1294615
1294732
1294766
1294835
1295222
1295227
1295342
1295356
1295391
1295544
1295746
1295955
1296239
1296344
1296369
1296396
1296409
1296999
1297005
1297070
1297303
1297419
1297477
1297642
1297658
1297694
1297834
1297905
1297913
1298075
1298244
1298314
1298331
1298335
1298367
1298454
1298544
1298664
1298708
1298896
1299096
1299116
1299233
1299240
1299316
1299399
1299403
1299564
1299682
1299833
1299872
1299884
1299954
1299961
1300015
1300116
1300119
1300169
1300308
1300358
1300536
1300570
1300622
1300646
1300651
1300680
1300810
1301045
1301167
1301253
1301306
1301480
1301665
1301910
1301973
1302024
1302128
1302179
1302184
1302318
1302370
1302581
1302616
1302767
1302794
1303155
1303176
1303237
1303322
1303387
1303469
1303527
1303557
1304181
1304221
1304420
1304501
1304564
1304568
1304723
1304754
1304892
1305016
1305056
1305064
1305072
1305151
1305210
1305215
1305317
1305318
1305378
1305411
1305413
1305417
1305483
1305488
1305543
1305695
1305714
1305807
1305822
1305896
1306052
1306084
1306168
1306209
1306317
1306692
1306728
1306851
1306975
1307160
1307415
1307538
1307594
1307595
1307799
1307829
1307943
1307952
1308156
1308430
1308486
1308844
1308856
1308903
1308993
1309122
1309195
1309305
1309320
1309455
1309842
1309962
1309997
1310346
1310368
1310479
1310490
1310694
1310780
1311035
1311284
1311290
1311311
1311382
1311505
1311542
1311663
1311690
1311812
1311830
1311851
1311972
1312044
1312102
1312190
1312201
1312322
1312355
1312442
1312470
1312558
1312664
1312681
1312772
1313086
1313140
1313269
1313298
1313301
1313659
1313721
1313769
1313947
1314165
1314521
1314572
1314715
1314805
1315100
1315207
1315215
1315443
1315459
1315491
1315697
1315706
1315738
1315798
1315815
1315976
1316036
1316088
1316106
1316185
1316290
1316632
1316802
1316876
1316893
1317131
1317178
1317346
1317391
1317582
1317586
1317595
1317757
1317776
1317916
1317950
1318237
1318368
1318372
1318467
1318489
1318598
1318620
1318624
1318644
1318723
1318772
1318795
1318832
1318881
1318925
1318984
1319078
1319117
1319149
1319432
1319478
1319479
1319481
1319624
1319684
1319731
1319769
1319852
1319858
1320054
1320124
1320303
1320311
1320323
1320529
1320700
1320723
1320844
1320971
1320997
1321027
1321160
1321168
1321253
1321324
1321338
1321455
1321538
1321583
1322047
1322048
1322254
1322557
1322591
1322696
1322708
1322728
1322754
1322824
1323049
1323064
1323150
1323225
1323346
1323351
1323408
1323761
1323769
1324098
1324175
1324256
1324282
1324391
1324521
1324645
1324869
1324966
1324972
1325039
1325045
1325063
1325161
1325287
1325344
1325635
1325722
1325761
1325893
1325910
1325912
1325985
1325986
1326168
1326301
1326463
1326491
1326525
1326581
1326628
1326648
1326711
1326719
1326806
1327277
1327341
1327411
1327562
1327617
1327639
1327669
1327687
1327921
1327930
1328070
1328098
1328214
1328418
1328461
1328472
1328558
1328605
1328642
1328791
1328918
1329187
1329328
1329372
1329416
1329442
1329467
1329504
1329684
1329731
1329778
1329821
1329859
1329974
1329989
1330152
1330205
1330232
1330275
1330386
1330390
1330599
1330676
1330722
1330787
1330809
1330960
1331033
1331049
1331071
1331133
1331185
1331262
1331359
1331384
1331421
1331441
1331764
1331937
1332086
1332093
1332124
1332189
1332193
1332215
1332274
1332311
1332627
1332809
1332825
1332904
1332905
1332936
1333002
1333035
1333079
1333118
1333224
1333234
1333249
1333304
1333336
1333367
1333376
1333565
1333728
1333743
1333762
1333769
1333884
1333931
1334200
1334324
1334338
1334376
1334419
1334575
1334613
1334618
1334710
1334766
1334773
1334796
1334881
1334925
1335002
1335055
1335122
1335252
1335311
1335582
1335670
1335689
1335792
1335843
1335853
1335899
1335988
1336162
1336407
1336525
1336611
1336696
1336756
1336917
1336962
1336977
1336994
1337030
1337092
1337239
1337271
1337494
1337621
1337630
1337723
1338067
1338134
1338271
1338389
1338593
1338687
1338802
1338986
1339001
1339018
1339023
1339161
1339219
1339450
1339459
1339485
1339574
1339947
1340450
1340548
1340581
1340783
1340899
1340962
1340973
1340992
1341310
1341365
1341370
1341452
1341549
1341630
1341633
1341666
1341757
1341816
1341870
1341898
1342018
1342069
1342330
1342445
1342448
1342454
1342609
1342662
1342843
1343081
1343211
1343236
1343263
1343329
1343333
1343481
1343666
1343722
1343763
1343929
1343993
1344047
1344237
1344745
1344809
1345036
1345077
1345154
1345168
1345188
1345229
1345254
1345304
1345424
1345546
1345605
1345920
1345983
1346137
1346274
1346321
1346369
1346370
1346371
1346401
1346434
1346561
1346563
1346651
1346727
1346849
1346854
1346865
1346947
1347085
1347123
1347136
1347255
1347342
1347467
1347677
1347759
1347760
1347768
1347773
1348003
1348021
1348045
1348150
1348402
1348473
1348484
1348588
1348634
1348637
1349125
1349158
1349306
1349590
1349598
1349690
1349840
1349981
1350095
1350204
1350212
1350338
1350417
1350595
1350621
1350663
1350832
1350852
1350862
1350890
1350894
1351435
1351461
1351615
1351744
1351868
1351890
1352134
1352311
1352496
1352527
1352590
1352616
1352637
1352703
1352776
1352974
1353223
1353245
1353346
1353391
1353481
1353553
1353690
1353702
1353725
1353795
1353874
1353915
1354031
1354222
1354261
1354300
1354317
1354394
1354397
1354527
1354603
1354996
1355077
1355282
1355439
1355448
1355451
1355473
1355491
1355718
1355756
1355772
1355791
1355962
1356092
1356111
1356473
1356621
1356665
1356736
1356787
1356797
1356856
1356894
1356903
1356931
1357072
1357119
1357163
1357396
1357404
1357692
1357729
1358013
1358129
1358176
1358267
1358537
1358627
1358887
1359438
1359553
1359759
1359848
1359920
1359994
1360008
1360014
1360015
1360022
1360024
1360114
1360121
1360198
1360262
1360342
1360495
1360532
1360672
1360715
1360763
1361122
1361450
1361474
1361526
1361565
1361617
1361636
1361654
1361914
1362099
1362277
1362306
1362541
1362546
1362548
1362586
1362589
1362693
1362695
1362706
1363526
1363567
1363690
1363895
1363960
1364051
1364098
1364116
1364168
1364330
1364501
1364544
1364694
1364939
1364949
1364967
1365149
1365349
1365387
1365609
1365794
1365932
1365963
1366240
1366250
1366435
1366722
1366980
1367073
1367132
1367143
1367270
1367376
1367443
1367704
1367723
1367748
1367974
1368232
1368330
1368402
1368464
1368490
1368682
1368692
1368710
1368914
1368915
1369112
1369209
1369258
1369348
1369384
1369438
1369524
1369698
1369769
1369785
1370054
1370124
1370247
1370529
1370593
1370658
1370851
1370936
1370937
1371053
1371132
1371171
1371280
1371379
1371426
1371667
1371865
1371878
1372180
1372312
1372525
1372626
1372690
1372974
1373130
1373320
1373530
1373555
1373626
1373676
1373687
1373778
1373812
1373845
1373862
1373897
1373974
1374064
1374065
1374080
1374158
1374194
1374322
1374365
1374659
1374816
1374845
1374880
1374981
1374993
1375290
1375428
1375453
1375683
1375690
1375726
1375762
1375864
1375880
1375897
1376140
1376248
1376303
1376326
1376366
1376369
1376426
1376620
1376674
1376731
1376792
1376816
1376926
1377089
1377186
1377227
1377323
1377522
1377555
1377560
1377645
1377921
1378217
1378378
1378487
1378554
1378811
1378853
1378902
1379079
1379095
1379201
1379281
1379327
1379624
1379635
1379842
1379891
1380106
1380122
1380155
1380245
1380465
1380602
1380613
1380776
1380936
1381065
1381069
1381286
1381430
1381452
1381525
1381527
1381533
1381560
1381677
1381859
1381964
1382009
1382057
1382121
1382220
1382256
1382304
1382462
1382753
1382766
1382777
1382787
1382795
1382830
1382855
1382909
1383213
1383250
1383336
1383382
1383419
1383420
1383637
1383817
1383885
1383920
1383944
1384233
1384290
1384718
1384823
1384848
1384877
1384927
1384936
1384961
1385030
1385242
1385726
1385803
1385905
1385938
1385972
1385977
1385991
1386047
1386066
1386127
1386157
1386204
1386282
1386345
1386418
1386477
1386510
1386600
1386621
1386901
1386929
1386982
1387142
1387188
1387217
1387242
1387358
1387391
1387543
1387594
1387719
1387940
1388317
1388433
1388569
1388581
1388651
1388842
1388945
1388947
1389057
1389140
1389297
1389365
1389475
1389523
1389566
1389716
1389888
1390234
1390329
1390468
1390577
1390791
1390924
1390959
1390968
1391146
1391155
1391323
1391532
1391572
1391686
1391889
1391894
1391916
1391959
1392055
1392137
1392154
1392287
1392414
1392511
1392561
1392680
1392690
1392703
1392743
1392808
1392874
1392989
1393146
1393474
1393728
1393735
1393753
1394017
1394044
1394052
1394075
1394198
1394296
1394478
1394629
1394897
1394956
1395118
1395156
1395251
1395263
1395371
1395374
1395962
1396005
1396192
1396276
1396352
1396415
1396453
1396493
1396610
1396638
1396723
1396771
1396959
1397006
1397238
1397264
1397308
1397383
1397572
1397582
1397644
1397726
1397737
1397755
1397761
1397786
1398002
1398123
1398163
1398174
1398518
1398549
1398717
1398722
1398845
1398894
1398904
1398963
1398988
1399014
1399145
1399154
1399343
1399419
1399486
1399498
1399534
1399590
1399679
1399749
1399911
1399937
1399993
1400157
1400233
1400250
1400311
1400333
1400384
1400418
1400608
1400738
1400837
1400910
1400922
1401023
1401033
1401113
1401235
1401310
1401576
1401916
1401931
1402036
1402098
1402111
1402121
1402147
1402290
1402366
1402392
1402399
1402429
1402440
1402500
1402526
1402558
1402709
1402766
1402872
1403052
1403104
1403142
1403154
1403193
1403313
1403406
1403528
1403738
1403750
1403817
1403922
1404057
1404116
1404119
1404386
1404493
1404503
1404566
1404567
1404730
1404745
1404887
1404995
1405055
1405180
1405329
1405337
1405380
1405730
1405754
1405817
1405840
1405928
1405969
1405983
1406046
1406064
1406225
1406348
1406539
1406559
1406634
1406648
1406655
1406722
1406726
1406805
1406850
1406981
1407026
1407191
1407193
1407420
1407552
1407650
1407748
1407817
1407964
1408104
1408404
1408453
1408652
1408761
1408784
1408852
1408996
1409245
1409304
1409305
1409322
1409476
1409523
1409527
1409698
1409758
1409831
1409846
1409925
1409947
1410042
1410072
1410170
1410278
1410406
1410568
1410572
1410749
1410808
1411026
1411176
1411490
1412125
1412821
1413121
1413137
1413185
1413199
1413398
1413418
1413458
1413624
1413668
1413704
1413913
1413999
1414449
1414452
1414508
1414632
1414808
1414917
1415200
1415278
1415453
1415634
1415700
1415819
1415979
1416021
1416033
1416147
1416559
1416584
1416726
1416730
1416860
1416999
1417020
1417190
1417232
1417319
1417562
1417579
1417992
1418154
1418262
1418284
1418404
1418611
1418621
1418790
1418894
1418908
1418973
1419019
1419102
1419137
1419467
1419525
1419717
1419802
1419841
1419846
1419895
1419946
1419986
1420058
1420119
1420156
1420216
1420229
1420318
1420343
1420416
1420639
1420659
1421022
1421349
1421519
1421715
1421764
1421805
1421848
1421885
1421902
1421913
1422018
1422148
1422327
1422342
1422409
1422486
1422629
1422633
1422747
1422780
1422948
1423010
1423119
1423166
1423349
1423423
1423481
1423702
1423756
1423759
1423782
1423823
1423828
1423837
1423959
1424208
1424356
1424383
1424426
1424447
1424664
1424711
1424735
1424936
1425085
1425100
1425117
1425326
1425342
1425479
1425617
1425760
1425801
1425829
1425897
1425937
1425955
1426104
1426122
1426162
1426204
1426239
1426294
1426438
1426527
1426547
1426628
1426723
1426729
1426741
1426795
1426806
1426942
1427010
1427192
1427336
1427340
1427342
1427359
1427388
1427420
1427513
1427574
1427643
1427978
1428001
1428061
1428191
1428211
1428365
1428442
1428466
1428478
1428587
1428614
1428754
1428797
1428964
1429000
1429098
1429208
1429225
1429345
1429359
1429375
1429426
1429540
1429792
1429842
1429986
1430122
1430194
1430216
1430248
1430308
1430310
1430344
1430427
1430589
1430612
1430670
1430720
1430774
1431133
1431206
1431391
1431404
1431567
1431740
1431751
1431790
1431842
1432176
1432267
1432331
1432350
1432453
1432486
1432511
1432517
1432625
1432631
1432642
1432675
1432757
1432797
1432902
1432931
1432955
1432970
1433132
1433168
1433202
1433215
1433491
1433588
1433614
1433988
1434203
1434306
1434403
1434624
1434696
1435034
1435070
1435092
1435321
1435475
1435619
1435715
1436094
1436104
1436128
1436173
1436223
1436347
1436363
1436510
1436553
1436716
1436873
1436920
1436971
1437026
1437078
1437708
1437925
1437930
1437993
1438025
1438060
1438094
1438283
1438420
1438456
1438621
1438647
1438677
1438713
1438808
1438996
1439020
1439050
1439223
1439361
1439383
1439420
1439540
1439596
1439727
1439805
1439819
1439838
1439863
1440098
1440151
1440226
1440317
1440404
1440516
1440717
1440757
1440790
1441012
1441035
1441062
1441072
1441270
1441505
1441563
1441637
1441971
1442046
1442059
1442063
1442227
1442367
1442681
1442898
1443011
1443116
1443147
1443269
1443286
1443329
1443494
1443563
1444148
1444263
1444410
1444438
1444846
1444902
1445038
1445541
1445753
1445884
1446013
1446060
1446110
1446115
1446410
1446455
1446491
1446494
1446730
1446750
1446973
1447080
1447083
1447210
1447302
1447555
1447642
1447751
1447966
1448060
1448081
1448096
1448334
1448374
1448610
1448717
1448773
1448892
1449153
1449174
1449308
1449322
1449331
1449367
1449420
1449452
1449725
1449729
1449751
1449784
1449830
1449847
1449863
1449914
1449917
1449920
1449957
1450054
1450074
1450092
1450233
1450263
1450315
1450355
1450419
1450520
1450718
1450782
1450798
1450859
1450946
1451023
1451280
1451288
1451316
1451359
1451908
1451909
1451923
1451929
1451944
1451959
1452003
1452023
1452043
1452140
1452271
1452598
1452681
1452928
1452972
1453017
1453304
1453378
1453444
1453466
1453483
1453557
1453668
1453735
1453844
1453863
1453893
1453913
1453962
1454012
1454158
1454208
1454239
1454358
1454383
1454438
1454624
1454960
1455204
1455218
1455311
1455399
1455652
1455793
1455904
1455936
1456153
1456225
1456454
1456631
1456683
1456742
1456886
1456980
1456992
1457010
1457120
1457147
1457211
1457329
1457333
1457343
1457419
1457547
1457555
1457615
1457852
1458142
1458159
1458512
1458591
1458604
1458649
1458765
1458838
1458952
1458953
1458978
1458995
1459126
1459206
1459239
1459332
1459376
1459426
1459544
1459590
1459729
1459755
1459833
1460078
1460092
1460136
1460291
1460421
1460657
1460835
1460873
1460891
1461117
1461125
1461159
1461262
1461286
1461423
1461618
1461656
1461657
1461714
1461763
1461765
1461831
1461916
1462134
1462149
1462235
1462295
1462332
1462431
1462708
1462709
1462797
1462804
1462890
1463174
1463496
1463519
1463570
1463693
1463709
1463815
1464004
1464110
1464117
1464126
1464190
1464210
1464454
1464542
1464604
1464755
1464797
1465046
1465371
1465492
1465630
1465644
1465676
1465941
1465989
1466070
1466111
1466202
1466272
1466434
1466483
1466730
1466773
1466833
1466880
1466889
1466925
1467320
1467566
1468092
1468130
1468259
1468280
1468345
1468357
1468545
1468578
1468645
1468649
1468815
1468891
1468963
1469071
1469295
1469305
1469445
1469501
1469527
1469661
1469707
1469840
1469862
1470022
1470058
1470159
1470216
1470273
1470348
1470500
1470531
1470608
1470634
1470788
1470805
1470854
1470855
1471016
1471018
1471032
1471085
1471396
1471406
1471440
1471664
1471697
1471699
1471723
1471744
1471812
1471865
1471869
1472360
1472421
1472706
1472730
1472741
1472823
1472825
1472848
1472866
1472884
1472926
1472955
1473086
1473103
1473131
1473371
1473390
1473553
1473716
1473809
1473843
1473857
1474310
1475128
1475185
1475212
1475229
1475412
1475571
1475696
1475872
1476251
1476259
1476278
1476312
1476481
1476508
1476653
1476675
1476701
1476728
1476741
1476750
1476862
1476864
1476897
1477079
1477088
1477099
1477398
1477673
1477740
1477750
1477917
1478227
1478272
1478283
1478426
1478574
1478755
1478777
1478785
1478904
1478905
1479112
1479157
1479205
1479358
1479398
1479485
1479554
1479627
1479841
1479872
1479916
1479934
1480014
1480079
1480282
1480366
1480411
1480480
1480720
1480812
1480839
1480872
1481020
1481025
1481041
1481170
1481471
1481623
1481631
1481634
1482006
1482041
1482204
1482237
1482300
1482323
1482606
1482641
1482647
1482766
1482845
1482861
1482875
1482893
1483165
1483166
1483177
1483374
1483405
1483454
1483561
1483592
1483629
1483706
1483726
1483731
1483883
1483887
1483915
1484058
1484106
1484123
1484680
1484919
1484926
1485126
1485177
1485285
1485299
1485381
1485465
1485555
1485573
1485910
1485970
1486007
1486356
1486377
1486505
1486644
1486831
1486873
1486967
1487050
1487443
1487463
1487572
1487689
1487738
1487802
1487812
1487935
1487947
1488175
1488309
1488335
1488398
1488450
1488469
1488510
1488575
1488612
1488663
1488780
1488829
1488894
1489419
1489435
1489484
1489614
1489645
1489723
1489849
1490107
1490345
1490353
1490530
1490622
1490833
1490982
1491045
1491048
1491391
1491457
1491493
1492020
1492070
1492269
1492433
1492491
1492527
1492535
1492618
1492738
1492779
1493042
1493111
1493130
1493219
1493373
1493381
1493387
1493479
1493555
1493581
1493623
1493674
1493752
1493955
1494073
1494200
1494395
1494718
1494872
1494946
1495026
1495277
1495511
1495541
1495616
1495620
1495731
1495741
1495826
1495932
1496053
1496140
1496186
1496223
1496306
1496317
1496331
1496454
1496564
1497018
1497052
1497141
1497427
1497475
1497512
1497514
1497592
1497666
1497740
1497768
1497888
1497952
1497984
1497994
1498026
1498185
1498202
1498398
1498438
1498456
1498640
1498648
1498726
1498750
1498797
1498851
1498890
1499215
1499599
1499676
1499964
1500036
1500116
1500301
1500380
1500390
1500400
1500416
1500502
1500598
1500599
1500609
1500901
1500904
1500981
1501119
1501125
1501145
1501223
1501642
1501727
1501761
1501830
1502119
1502260
1502424
1502467
1502609
1502649
1502757
1502772
1502901
1503148
1503383
1503425
1503497
1503554
1503588
1503717
1503757
1503867
1503875
1503888
1503919
1504028
1504043
1504155
1504225
1504422
1504517
1504979
1505018
1505091
1505158
1505169
1505437
1505442
1505665
1505748
1505904
1506070
1506103
1506106
1506115
1506164
1506277
1506474
1506627
1506671
1506684
1506799
1506840
1506890
1506891
1507030
1507070
1507127
1507449
1507637
1507685
1507713
1507851
1507898
1507967
1508135
1508156
1508228
1508997
1509005
1509059
1509387
1509488
1509625
1509635
1509796
1509942
1510177
1510314
1510339
1510354
1510365
1510403
1510410
1510538
1510748
1510773
1510909
1510914
1510916
1510930
1510959
1511336
1511341
1511385
1511430
1511450
1511589
1511634
1511654
1511667
1511924
1511942
1512159
1512187
1512204
1512308
1512324
1512491
1512597
1512603
1512613
1512732
1512736
1512749
1512844
1512855
1512963
1513225
1513254
1513489
1513511
1513545
1513679
1513737
1513753
1513876
1514123
1514149
1514189
1514213
1514267
1514302
1514571
1514586
1514619
1514742
1514763
1514792
1514870
1514913
1514920
1514923
1515030
1515064
1515088
1515146
1515196
1515453
1515487
1515599
1515720
1515780
1515801
1516043
1516110
1516133
1516183
1516313
1516414
1516488
1516490
1516524
1516637
1516667
1516726
1516759
1516882
1517010
1517038
1517204
1517205
1517281
1517344
1517360
1517415
1517422
1517449
1517524
1517597
1517765
1517792
1517838
1517906
1517922
1517948
1518015
1518294
1518329
1518338
1518412
1518825
1518827
1518891
1519046
1519059
1519244
1519356
1519373
1519394
1519516
1519527
1519665
1519731
1520085
1520111
1520195
1520290
1520384
1520410
1520604
1520660
1520681
1520785
1520837
1520879
1520889
1520938
1521104
1521139
1521322
1521381
1521795
1521948
1522188
1522272
1522568
1522658
1522726
1523024
1523219
1523461
1523518
1523591
1523810
1523943
1524400
1524494
1524730
1524974
1525007
1525206
1525228
1525364
1525632
1525643
1525695
1525747
1525946
1526016
1526163
1526264
1526520
1526549
1527051
1527141
1527147
1527359
1527394
1527475
1527606
1527715
1527989
1527998
1528036
1528204
1528212
1528343
1528449
1528539
1528696
1528869
1528870
1528934
1528939
1528959
1528960
1529023
1529090
1529121
1529212
1529326
1529521
1529592
1529708
1529825
1529849
1529935
1530068
1530099
1530257
1530298
1530497
1530564
1530721
1530793
1531026
1531103
1531586
1531713
1531920
1532162
1532210
1532227
1532312
1532401
1532492
1532680
1532752
1532862
1532938
1532974
1533008
1533209
1533327
1533383
1533463
1533486
1533493
1533514
1533580
1533598
1533751
1533946
1534054
1534061
1534083
1534088
1534324
1534525
1534558
1534857
1535049
1535177
1535287
1535398
1535458
1535467
1535558
1536142
1536154
1536204
1536249
1536329
1536556
1536638
1536686
1536790
1536829
1536969
1537115
1537230
1537272
1537431
1537599
1537724
1537762
1537880
1537895
1537933
1538024
1538224
1538293
1538395
1538468
1538535
1538664
1538698
1539049
1539438
1539467
1539513
1539550
1539978
1539981
1540091
1540137
1540448
1540507
1540590
1540686
1541011
1541145
1541259
1541303
1541308
1541340
1541351
1541415
1541699
1541860
1541912
1541926
1542195
1542236
1542311
1542412
1542438
1542518
1542590
1542796
1542997
1543033
1543109
1543145
1543344
1543349
1543541
1543631
1543766
1543867
1543875
1543965
1544008
1544312
1544323
1544587
1544609
1544631
1544670
1544770
1544827
1545067
1545168
1545326
1545435
1545582
1545911
1546008
1546025
1546071
1546177
1546185
1546381
1547064
1547274
1547444
1547487
1547559
1547571
1547607
1547674
1547731
1547851
1547890
1547982
1548009
1548024
1548050
1548079
1548126
1548511
1548539
1548634
1548789
1548820
1548877
1548963
1549202
1549296
1549392
1549403
1549495
1549552
1549610
1549732
1549817
1549825
1549847
1549854
1549898
1549996
1550351
1550417
1550442
1550530
1550691
1550858
1550906
1551275
1551288
1551337
1551474
1551513
1551575
1551663
1551704
1552036
1552068
1552121
1552142
1552200
1552275
1552390
1552418
1552472
1552748
1553232
1553254
1553370
1553618
1553638
1553639
1553735
1553937
1554284
1554298
1554313
1554516
1554522
1554794
1554833
1554846
1554904
1554938
1555021
1555051
1555332
1555513
1555743
1555745
1555930
1556017
1556022
1556054
1556185
1556359
1556423
1556484
1556516
1556542
1556628
1556832
1556841
1557052
1557136
1557253
1557267
1557285
1557294
1557299
1557354
1557391
1557506
1557530
1557646
1557710
1557770
1557794
1558018
1558317
1558550
1558682
1558716
1558740
1558779
1558797
1558866
1558874
1559012
1559093
1559170
1559282
1559323
1559399
1559402
1559423
1559464
1559550
1559614
1559735
1559825
1559874
1560149
1560311
1560341
1560433
1560438
1560439
1560676
1560728
1560784
1561037
1561132
1561176
1561295
1561327
1561359
1561478
1561560
1561722
1561871
1561928
1562037
1562114
1562351
1562399
1562526
1562648
1562657
1562849
1562856
1562858
1562951
1563170
1563204
1563462
1563468
1563565
1563690
1563746
1563790
1563819
1563910
1564016
1564141
1564197
1564214
1564246
1564316
1564332
1564371
1564372
1564383
1564420
1564549
1564615
1564689
1564733
1564808
1564819
1564866
1564889
1565010
1565036
1565160
1565295
1565354
1565409
1565420
1565639
1565806
1565912
1565963
1565985
1566103
1566117
1566328
1566356
1566378
1566382
1566400
1566448
1566508
1566578
1566675
1566764
1566777
1566794
1566853
1567140
1567168
1567293
1567399
1567420
1567468
1567511
1567533
1567880
1567882
1567953
1568081
1568086
1568206
1568383
1568421
1568468
1568497
1568625
1568678
1568700
1568722
1568840
1569075
1569252
1569264
1569282
1569291
1569329
1569791
1569824
1569831
1569890
1569938
1569976
1570040
1570183
1570291
1570416
1570468
1570469
1570519
1570584
1570620
1570626
1570672
1570688
1570802
1570911
1571064
1571121
1571232
1571483
1571492
1571591
1571674
1571836
1571875
1571886
1571945
1571975
1572180
1572245
1572322
1572869
1572885
1573067
1573148
1573171
1573354
1573407
1573490
1573593
1573623
1573631
1573781
1573851
1573856
1573971
1574277
1574505
1574521
1574549
1574630
1574702
1574763
1575166
1575193
1575202
1575236
1575308
1575362
1575550
1575660
1575706
1575728
1575774
1575978
1576084
1576090
1576392
1576495
1576670
1576828
1577152
1577400
1577439
1577480
1577526
1577693
1577785
1577858
1578024
1578141
1578264
1578330
1578520
1578589
1578606
1578667
1578739
1578878
1578970
1579044
1579163
1579287
1579456
1579470
1579483
1579689
1579766
1580209
1580217
1580352
1580427
1580582
1580636
1580754
1581127
1581189
1581206
1581212
1581493
1581855
1581875
1581975
1582033
1582179
1582342
1582524
1582733
1582940
1583018
1583118
1583189
1583322
1583632
1583664
1583694
1583759
1584305
1584519
1584539
1584781
1584831
1584963
1585134
1585184
1585286
1585295
1585394
1585459
1585504
1585512
1585546
1585592
1585719
1585775
1586126
1586340
1586409
1586587
1586664
1586703
1586848
1586884
1586926
1587176
1587239
1587341
1587347
1587478
1587596
1587699
1587760
1587820
1587828
1588058
1588117
1588149
1588206
1588314
1588414
1588644
1588703
1588809
1588823
1588843
1589018
1589046
1589226
1589366
1589444
1589483
1589550
1589552
1589681
1589717
1589720
1589785
1589937
1589943
1590116
1590151
1590298
1590338
1590365
1590594
1590816
1591020
1591255
1591276
1591306
1591366
1591536
1591650
1591937
1591947
1591971
1592385
1592507
1592532
1592747
1592833
1592982
1593017
1593059
1593146
1593349
1593364
1593561
1593664
1593809
1594125
1594271
1594352
1594906
1594923
1595144
1595184
1595262
1595275
1595331
1595345
1595435
1595567
1595604
1595724
1595842
1595845
1595973
1596146
1596150
1596357
1596473
1596478
1596561
1596582
1596603
1596775
1596917
1596988
1597185
1597413
1597481
1597513
1597520
1597613
1597615
1597705
1597897
1598011
1598267
1598449
1598523
1598563
1598621
1598746
1598999
1599071
1599119
1599142
1599193
1599276
1599399
1599446
1599906
1599943
1600043
1600057
1600296
1600362
1600862
1601153
1601288
1601359
1601401
1601442
1601693
1601768
1601856
1601929
1602061
1602065
1602069
1602077
1602147
1602155
1602224
1602261
1602426
1602639
1602640
1602797
1602904
1602943
1603001
1603125
1603126
1603174
1603506
1603516
1603610
1603645
1603864
1603998
1604018
1604054
1604363
1604488
1604558
1604667
1604745
1604780
1604804
1604830
1605088
1605097
1605210
1605286
1605305
1605308
1605770
1605880
1606019
1606160
1606578
1606823
1606884
1606916
1607065
1607230
1607260
1607291
1607566
1607674
1607764
1607817
1607859
1607887
1607888
1607958
1608107
1608162
1608201
1608248
1608319
1608393
1608489
1608514
1608578
1608645
1608682
1608737
1608777
1608802
1608811
1608854
1608889
1609151
1609202
1609212
1609252
1609302
1609337
1609358
1609428
1609440
1609528
1609536
1609728
1609837
1609881
1610184
1610210
1610232
1610323
1610366
1610405
1610670
1610688
1610881
1610899
1611084
1611096
1611225
1611253
1611322
1611400
1611413
1611475
1611801
1612030
1612056
1612106
1612121
1612189
1612275
1612380
1612482
1612483
1612629
1612647
1612728
1612767
1613369
1613397
1613437
1613584
1613653
1613657
1613678
1613713
1613844
1613912
1614070
1614095
1614213
1614218
1614297
1614344
1614602
1614782
1614912
1614929
1614945
1615099
1615321
1615464
1615622
1615625
1615677
1615878
1616048
1616210
1616226
1616421
1616564
1616624
1616642
1616656
1616672
1616735
1616761
1616804
1616879
1617137
1617284
1617294
1617349
1617421
1617703
1617882
1617893
1618062
1618282
1618290
1618378
1618422
1618572
1618645
1619007
1619058
1619061
1619102
1619159
1619386
1619494
1619558
1619583
1619589
1619672
1619679
1619682
1619836
1619844
1619858
1619940
1619975
1620082
1620192
1620209
1620275
1620443
1620464
1620532
1620613
1620651
1620675
1620723
1620732
1621038
1621352
1621641
1621834
1621849
1622017
1622046
1622099
1622256
1622400
1622611
1622631
1622727
1622794
1622817
1623302
1623382
1623402
1623519
1623716
1623835
1623959
1623968
1624230
1624307
1624331
1624339
1624447
1624654
1624687
1624736
1624763
1624977
1625102
1625105
1625187
1625193
1625220
1625330
1625412
1625497
1625591
1625667
1625680
1625688
1625726
1626058
1626203
1626229
1626268
1626609
1626796
1626815
1626819
1626896
1626995
1627036
1627051
1627170
1627393
1627764
1627821
1628318
1628473
1628546
1628628
1628682
1628856
1628908
1628923
1628924
1629001
1629082
1629390
1629498
1629563
1629648
1629693
1629762
1629769
1629867
1630140
1630196
1630209
1630262
1630508
1630536
1630597
1630611
1630805
1630837
1630969
1631293
1631452
1631564
1631588
1631680
1631802
1631865
1631889
1632047
1632065
1632102
1632292
1632397
1632487
1632493
1632721
1632751
1632827
1632871
1633209
1633262
1633454
1633502
1633520
1633612
1633681
1633729
1633762
1633916
1634045
1634085
1634151
1634202
1634215
1634253
1634390
1634576
1634721
1634826
1634871
1634873
1634875
1634996
1634997
1635293
1635366
1635391
1635732
1635860
1635892
1635966
1636071
1636158
1636159
1636213
1636428
1636535
1636713
1636787
1637336
1637387
1637467
1637506
1637507
1637528
1637806
1637824
1637842
1637929
1638360
1638431
1638595
1638612
1638614
1638718
1638722
1638758
1638807
1638852
1638895
1638914
1639079
1639113
1639136
1639178
1639233
1639245
1639351
1639417
1639477
1639487
1639543
1639564
1639784
1639788
1639874
1640158
1640229
1640318
1640625
1640751
1640836
1641024
1641059
1641197
1641846
1641932
1641955
1642065
1642132
1642322
1642440
1642473
1642635
1642734
1642786
1642847
1643046
1643081
1643180
1643275
1643332
1643344
1643448
1643535
1643646
1643732
1643963
1644130
1644153
1644246
1644281
1644324
1644876
1644884
1644890
1644918
1644987
1645007
1645052
1645243
1645280
1645475
1645611
1645645
1645723
1645734
1645738
1645802
1646494
1646577
1646596
1646721
1646760
1646766
1646905
1647031
1647239
1647307
1647562
1647809
1647814
1647890
1648213
1648242
1648367
1648387
1648408
1648539
1648611
1648700
1648810
1648873
1648902
1648950
1649056
1649093
1649587
1649649
1649864
1650237
1650440
1650539
1650664
1650922
1650974
1650990
1651030
1651177
1651327
1651358
1651393
1651512
1651601
1651614
1651642
1651797
1651845
1651850
1651924
1651995
1652086
1652229
1652284
1652386
1652569
1652614
1652760
1652927
1652996
1653093
1653175
1653227
1653329
1653386
1653502
1653688
1653843
1654037
1654136
1654169
1654187
1654343
1654367
1654371
1654435
1654470
1654680
1654724
1654799
1654861
1654870
1654921
1655024
1655084
1655092
1655138
1655189
1655201
1655412
1655523
1655671
1655999
1656019
1656171
1656180
1656274
1656383
1656424
1656537
1656608
1656653
1656786
1656810
1657004
1657252
1657259
1657432
1657438
1657659
1657753
1658169
1658191
1658260
1658271
1658312
1658568
1658893
1658956
1658962
1658965
1659151
1659290
1659332
1659607
1659627
1660001
1660165
1660213
1660439
1660519
1660521
1660527
1660614
1660687
1660730
1660957
1661097
1661271
1661307
1661675
1661733
1661817
1661888
1661929
1662037
1662054
1662338
1662361
1662440
1662529
1662633
1662717
1662764
1663174
1663200
1663323
1663361
1663419
1663450
1663726
1663788
1663888
1663913
1663938
1663969
1664096
1664446
1664581
1664720
1664822
1664863
1665331
1665374
1665460
1665568
1665880
1665954
1665962
1665967
1666044
1666157
1666198
1666365
1666465
1666541
1666643
1666805
1666893
1667010
1667171
1667391
1667511
1667756
1667758
1667780
1667791
1667844
1668018
1668082
1668249
1668340
1668347
1668494
1668598
1668610
1668632
1668660
1668699
1668771
1669370
1669383
1669834
1669997
1670028
1670060
1670087
1670101
1670291
1670336
1670586
1670620
1670621
1670626
1670632
1670640
1670846
1671054
1671067
1671072
1671190
1671275
1671390
1671507
1671583
1671685
1671913
1672152
1672332
1672339
1672509
1672528
1672581
1672667
1672723
1672768
1672772
1672777
1672870
1672884
1672899
1672950
1672973
1673050
1673074
1673076
1673089
1673186
1673189
1673190
1673399
1673401
1673451
1673462
1673560
1673677
1673834
1673965
1673974
1674339
1674419
1674492
1674504
1674515
1674585
1674651
1674678
1674810
1675054
1675135
1675184
1675216
1675244
1675274
1675280
1675527
1675536
1675543
1675580
1675616
1675617
1675639
1675642
1675675
1675927
1676052
1676111
1676132
1676201
1676269
1676290
1676375
1676380
1676389
1676440
1676699
1676811
1677020
1677031
1677155
1677182
1677240
1677373
1677407
1677595
1677659
1677739
1677861
1677947
1678051
1678477
1678555
1678642
1678672
1678718
1678770
1678829
1678871
1678886
1678919
1679177
1679189
1679291
1679301
1679465
1679644
1679655
1679685
1679777
1679778
1679821
1679880
1679897
1679904
1679942
1679975
1680038
1680074
1680238
1680457
1680526
1680697
1681022
1681041
1681042
1681144
1681206
1681348
1681621
1681625
1681644
1681653
1681675
1681780
1681857
1682013
1682083
1682110
1682112
1682167
1682185
1682205
1682364
1682370
1682382
1682396
1682467
1682502
1682597
1682736
1682794
1682926
1682951
1683004
1683255
1683265
1683290
1683708
1683838
1683872
1683887
1683918
1684049
1684216
1684279
1684358
1684394
1684583
1684615
1684720
1684748
1684767
1684827
1684838
1684884
1684940
1685031
1685083
1685290
1685367
1685403
1685416
1685518
1685524
1685542
1685557
1685683
1685776
1685833
1686022
1686036
1686104
1686177
1686231
1686363
1686460
1686548
1686658
1686789
1686863
1686913
1686949
1687061
1687127
1687290
1687311
1687384
1687449
1687672
1687935
1688466
1688791
1688991
1689060
1689204
1689327
1689517
1689645
1689749
1689970
1690228
1690268
1690376
1690413
1690500
1690525
1690555
1690689
1691098
1691296
1691311
1691485
1691506
1691567
1691775
1691801
1691852
1691886
1691979
1692137
1692200
1692278
1692673
1692762
1692765
1692883
1693035
1693039
1693179
1693186
1693391
1693424
1693427
1693850
1694100
1694115
1694160
1694338
1694380
1694421
1694445
1694511
1694522
1694547
1694749
1694962
1694981
1695035
1695038
1695217
1695250
1695413
1695443
1695578
1695762
1695772
1696190
1696473
1696520
1696538
1696557
1696630
1696651
1696696
1696741
1696860
1696980
1697154
1697504
1697512
1697690
1697814
1697851
1697870
1698268
1698275
1698288
1698297
1698350
1698354
1698382
1698398
1698520
1698554
1698803
1698824
1698894
1698935
1698996
1698997
1699161
1699208
1699225
1699277
1699372
1699398
1699501
1699533
1699570
1699577
1699603
1699891
1700025
1700027
1700165
1700227
1700412
1700494
1700577
1700717
1701048
1701262
1701295
1701408
1701430
1701515
1701559
1701582
1701584
1701688
1701700
1701751
1701879
1702187
1702212
1702398
1702834
1702878
1702948
1702989
1703031
1703045
1703060
1703121
1703151
1703271
1703343
1703520
1703558
1703721
1703840
1703916
1704301
1704402
1704594
1704646
1704824
1704971
1704973
1705024
1705402
1705514
1705616
1705617
1705679
1705794
1705829
1706225
1706394
1706522
1706614
1706649
1706700
1706761
1706833
1706851
1707008
1707108
1707116
1707209
1707282
1707403
1707472
1707524
1707582
1707593
1707604
1707701
1707882
1707959
1708073
1708148
1708298
1708383
1708399
1708532
1708735
1708927
1708978
1709062
1709159
1709620
1709721
1709743
1710029
1710037
1710197
1710237
1710400
1710426
1710501
1710748
1710800
1710850
1710897
1710898
1710922
1711056
1711121
1711367
1711384
1711395
1711673
1711944
1712205
1712296
1712355
1712517
1712587
1712619
1712694
1713048
1713059
1713121
1713338
1713375
1713500
1713506
1713528
1713593
1713899
1714070
1714223
1714586
1714702
1714746
1714755
1714779
1714793
1714803
1714811
1714849
1714979
1715158
1715469
1715495
1715524
1715534
1715606
1715740
1715822
1715864
1716012
1716049
1716124
1716130
1716151
1716391
1716504
1716512
1716680
1716741
1716756
1716946
1716960
1716997
1717063
1717125
1717147
1717170
1717253
1717350
1717571
1717572
1717686
1717703
1717760
1717928
1718029
1718032
1718148
1718262
1718286
1718289
1718442
1718655
1718802
1718893
1718945
1719006
1719071
1719121
1719240
1719245
1719287
1719329
1719405
1719583
1719601
1719624
1719665
1720012
1720127
1720320
1720420
1720439
1720485
1720568
1720638
1720773
1720797
1720914
1721105
1721135
1721170
1721172
1721227
1721307
1721335
1721404
1721443
1721466
1721518
1721547
1721596
1721646
1721670
1721829
1721868
1721947
1721971
1722036
1722044
1722069
1722081
1722116
1722135
1722323
1722408
1722661
1722752
1722846
1722898
1723145
1723158
1723160
1723364
1723405
1723554
1723751
1723908
1724023
1724223
1724269
1724476
1724585
1724590
1724636
1724707
1724714
1724770
1724773
1724813
1724954
1724963
1725015
1725099
1725109
1725142
1725212
1725243
1725315
1725442
1725667
1725757
1726073
1726134
1726135
1726262
1726284
1726362
1726457
1726627
1726662
1726687
1726714
1726751
1726852
1726899
1726915
1726931
1727113
1727230
1727317
1727430
1727629
1727655
1727684
1727697
1727865
1727980
1728020
1728209
1728303
1728425
1728484
1728520
1728538
1728569
1728894
1728997
1729141
1729246
1729677
1729683
1729764
1729774
1729778
1729790
1729886
1729907
1729925
1730197
1730261
1730297
1730344
1730412
1730528
1730549
1730646
1730794
1730951
1731162
1731230
1731281
1731434
1731464
1731554
1731717
1731721
1731726
1731828
1732002
1732048
1732083
1732203
1732209
1732377
1732464
1732472
1732500
1732656
1732776
1732796
1732870
1732875
1732967
1733144
1733209
1733322
1733373
1733395
1733469
1733589
1733654
1733818
1733950
1734021
1734067
1734089
1734226
1734376
1734731
1734766
1734858
1734882
1734933
1734987
1735086
1735142
1735182
1735243
1735411
1735432
1735526
1735561
1735780
1736026
1736164
1736211
1736344
1736358
1736381
1736432
1736473
1736649
1736923
1736948
1736962
1736967
1737061
1737347
1737420
1737525
1737538
1737594
1737599
1737605
1737893
1737903
1737911
1738018
1738112
1738129
1738237
1738309
1738399
1738462
1738505
1738556
1738615
1738629
1738825
1738867
1738870
1739023
1739064
1739191
1739273
1739277
1739382
1739566
1739689
1739690
1739785
1739933
1740017
1740071
1740079
1740089
1740167
1740292
1740375
1740587
1740898
1740913
1741191
1741261
1741350
1741677
1741731
1741928
1741949
1741997
1742095
1742172
1742182
1742190
1742243
1742303
1742521
1742598
1742651
1742713
1742819
1742892
1742896
1742939
1743115
1743217
1743229
1743274
1743305
1743430
1743531
1743568
1743602
1743629
1743711
1743788
1743849
1743975
1744108
1744116
1744174
1744250
1744433
1744480
1744514
1744561
1744636
1744705
1744812
1744859
1745080
1745296
1745312
1745621
1745654
1745699
1745857
1746054
1746079
1746171
1746236
1746373
1746388
1746458
1746522
1746548
1746605
1746679
1746765
1747196
1747202
1747213
1747394
1747437
1747907
1748078
1748178
1748411
1748443
1748618
1748663
1748702
1748816
1748836
1748990
1749021
1749173
1749212
1749291
1749316
1749544
1749626
1749672
1749828
1750066
1750075
1750084
1750174
1750314
1750356
1750362
1750567
1750742
1750769
1750878
1751027
1751116
1751175
1751272
1751427
1751459
1751542
1751554
1751562
1751619
1751644
1751710
1751849
1751895
1751953
1752346
1752451
1752557
1752723
1752774
1753004
1753043
1753047
1753104
1753248
1753311
1753624
1753783
1753801
1753911
1753913
1754047
1754121
1754132
1754181
1754334
1754335
1754366
1754502
1754595
1754666
1754691
1754850
1754894
1754915
1754938
1754954
1754976
1754990
1755114
1755475
1755479
1755534
1755556
1755593
1755702
1755796
1755804
1755816
1755900
1756081
1756190
1756336
1756369
1756396
1756415
1756545
1756638
1756740
1756868
1756994
1757119
1757407
1757464
1757494
1757672
1757791
1757793
1757999
1758001
1758064
1758200
1758380
1758439
1758529
1758533
1758701
1758739
1758757
1758975
1759055
1759059
1759075
1759165
1759261
1759413
1759473
1759539
1759581
1759706
1759726
1759881
1759945
1760042
1760067
1760115
1760154
1760168
1760200
1760795
1760856
1760974
1761238
1761315
1761653
1761687
1761737
1761956
1762187
1762251
1762253
1762327
1762343
1762665
1762739
1762956
1762991
1763105
1763312
1763365
1763425
1763456
1763565
1763645
1763831
1763884
1763953
1764001
1764102
1764113
1764143
1764211
1764258
1764302
1764399
1764491
1764634
1764648
1764731
1764796
1764851
1764887
1764943
1764960
1765230
1765325
1765375
1765405
1765414
1765436
1765563
1765673
1765850
1766056
1766340
1766442
1766506
1766529
1766607
1766608
1766621
1766897
1766980
1767067
1767395
1767561
1767566
1767586
1767750
1767756
1767764
1767905
1768097
1768297
1768321
1768361
1768382
1768470
1768504
1768555
1768800
1768836
1768852
1768925
1768980
1769163
1769227
1769241
1769249
1769487
1769736
1769900
1770017
1770178
1770228
1770234
1770378
1770648
1770677
1770689
1770768
1770849
1771068
1771307
1771425
1771591
1771720
1771823
1771847
1771866
1771940
1772073
1772143
1772258
1772324
1772498
1772513
1772642
1772652
1772688
1772702
1772927
1772931
1773114
1773203
1773259
1773295
1773401
1773585
1773824
1773892
1774237
1774490
1774504
1774517
1774533
1774553
1774754
1774773
1774874
1775048
1775105
1775157
1775198
1775485
1775488
1775578
1775579
1775711
1775723
1775785
1775799
1775865
1775920
1776056
1776088
1776148
1776203
1776218
1776375
1776460
1776536
1776570
1776602
1776618
1776778
1776895
1777035
1777050
1777108
1777111
1777158
1777177
1777339
1777375
1777454
1777581
1777584
1777708
1777769
1777829
1777924
1778061
1778155
1778176
1778288
1778304
1778374
1778549
1778577
1778740
1778772
1778775
1778984
1778996
1779039
1779095
1779107
1779148
1779334
1779557
1779655
1780101
1780152
1780191
1780388
1780458
1780575
1780654
1780658
1780896
1780987
1781151
1781252
1781278
1781470
1781505
1781875
1781918
1781968
1782022
1782060
1782083
1782278
1782349
1782408
1782460
1782574
1782784
1782809
1782893
1782909
1783236
1783242
1783312
1783428
1783443
1783596
1783618
1783791
1783828
1783889
1783932
1783941
1784021
1784071
1784262
1784367
1784437
1784517
1784556
1784712
1784754
1784758
1784853
1784916
1784920
1785042
1785145
1785277
1785364
1785378
1785388
1785452
1785491
1785515
1785542
1785608
1785812
1785864
1786027
1786178
1786185
1786209
1786276
1786278
1786400
1786476
1786581
1786634
1786695
1786719
1786736
1786889
1786964
1786996
1787057
1787101
1787170
1787261
1787365
1787488
1787627
1787641
1788019
1788169
1788174
1788215
1788238
1788393
1788506
1788584
1788610
1788737
1788773
1788903
1788994
1789018
1789056
1789302
1789344
1789685
1789802
1789855
1789949
1789953
1790029
1790180
1790254
1790287
1790625
1790788
1790807
1790819
1790897
1790968
1790984
1791089
1791256
1791270
1791327
1791443
1791771
1791877
1791994
1792041
1792105
1792114
1792202
1792206
1792261
1792288
1792309
1792386
1792395
1792709
1792770
1793059
1793199
1793286
1793332
1793465
1793563
1793742
1794118
1794212
1794216
1794384
1794516
1794644
1794698
1794738
1794806
1794848
1794884
1794891
1795033
1795126
1795311
1795351
1795357
1795437
1795450
1795457
1795645
1795765
1795827
1795940
1795982
1795994
1796023
1796087
1796093
1796285
1796310
1796352
1796380
1796399
1796424
1796448
1796597
1796977
1797161
1797213
1797381
1797459
1797513
1797610
1797731
1797762
1797853
1797914
1798071
1798230
1798323
1798568
1798591
1798698
1798703
1798879
1798890
1799222
1799387
1799434
1799521
1799550
1799818
1799998
1800115
1800206
1800208
1800224
1800247
1800353
1800405
1800435
1800475
1800579
1800606
1800682
1800796
1801103
1801119
1801242
1801384
1801536
1801653
1801733
1801909
1801928
1801985
1802119
1802479
1802583
1802827
1802906
1802945
1802981
1803051
1803085
1803233
1803319
1803321
1803501
1803540
1803593
1803749
1803890
1803930
1803944
1804099
1804196
1804213
1804298
1804376
1804415
1804542
1804727
1804840
1805164
1805415
1805543
1805553
1805720
1805727
1805768
1806126
1806165
1806251
1806283
1806349
1806355
1806478
1806572
1806626
1806634
1806675
1806709
1806778
1807152
1807187
1807197
1807295
1807429
1807491
1807534
1807658
1807784
1807922
1807960
1807965
1807987
1808009
1808110
1808140
1808163
1808258
1808272
1808292
1808399
1808507
1808532
1808544
1808598
1808703
1808725
1808824
1808875
1809068
1809265
1809511
1809562
1809602
1809688
1809747
1809789
1809903
1809919
1809964
1809989
1810064
1810111
1810117
1810277
1810583
1810642
1810792
1810933
1811009
1811078
1811174
1811188
1811276
1811298
1811597
1811603
1811703
1811947
1812023
1812038
1812049
1812146
1812228
1812359
1812390
1812450
1812462
1812492
1812519
1812554
1812624
1812690
1812787
1812872
1812919
1813042
1813130
1813135
1813151
1813157
1813267
1813313
1813383
1813519
1813532
1813543
1813596
1813626
1813693
1813842
1814052
1814296
1814314
1814861
1814986
1815126
1815385
1815439
1815487
1815541
1815603
1815718
1815886
1816131
1816240
1816391
1816485
1816519
1816657
1816671
1816680
1816793
1816984
1817016
1817044
1817103
1817151
1817434
1817583
1817745
1817775
1817783
1817810
1817893
1817908
1818004
1818469
1818628
1818665
1818692
1818717
1818773
1818941
1819095
1819161
1819180
1819316
1819333
1819373
1819395
1819402
1819761
1819768
1819908
1820125
1820194
1820230
1820677
1820737
1820783
1820861
1821074
1821092
1821129
1821244
1821264
1821504
1821651
1821701
1821734
1821786
1821909
1822067
1822168
1822189
1822649
1822837
1822847
1822893
1822928
1822960
1823015
1823142
1823290
1823509
1823599
1823832
1823879
1823906
1823953
1824114
1824240
1824269
1824405
1824432
1824553
1824608
1824919
1824928
1824998
1825125
1825233
1825412
1825529
1825541
1825815
1825908
1825973
1826191
1826251
1826302
1826411
1826416
1826482
1826520
1826574
1826783
1826831
1827004
1827301
1827571
1827663
1827757
1827851
1827994
1828132
1828213
1828260
1828477
1828493
1828764
1828767
1828835
1828866
1828875
1829092
1829173
1829215
1829254
1829543
1829560
1829602
1829622
1829840
1829946
1830153
1830201
1830278
1830327
1830357
1830407
1830473
1830483
1830614
1830713
1830747
1830816
1830965
1831007
1831167
1831217
1831333
1831351
1831387
1831440
1831459
1831648
1831671
1831812
1831874
1831953
1831975
1831981
1831995
1831998
1832194
1832224
1832228
1832230
1832243
1832248
1832300
1832419
1832460
1832512
1832517
1832735
1832811
1832879
1832992
1833124
1833148
1833159
1833230
1833314
1833332
1833398
1833402
1833419
1833646
1833784
1833787
1833821
1833852
1833944
1834023
1834291
1834350
1834486
1834512
1834763
1834801
1834838
1834886
1834914
1834927
1834982
1835015
1835092
1835125
1835183
1835192
1835286
1835292
1835483
1835886
1835994
1836032
1836061
1836339
1836354
1836456
1836783
1836844
1836929
1837195
1837336
1837351
1837369
1837371
1837542
1837700
1838088
1838097
1838195
1838246
1838262
1838284
1838609
1838649
1838774
1838810
1838852
1838859
1838926
1839032
1839264
1839272
1839491
1839528
1839576
1839607
1839615
1839800
1839989
1840033
1840092
1840114
1840229
1840394
1840432
1840565
1840657
1840666
1840797
1840870
1841010
1841028
1841052
1841134
1841308
1841375
1841586
1841818
1841926
1841967
1842157
1842274
1842333
1842360
1842535
1842547
1842672
1842764
1842842
1843096
1843257
1843327
1843332
1843416
1843426
1843537
1843546
1843677
1843740
1843786
1843883
1843983
1844074
1844075
1844139
1844258
1844298
1844465
1844470
1844532
1844587
1844669
1844917
1845073
1845159
1845323
1845328
1845347
1845418
1845435
1845494
1845672
1845883
1846089
1846226
1846341
1846415
1846755
1846931
1846985
1847053
1847083
1847199
1847539
1847550
1847560
1847661
1847722
1847745
1847769
1847812
1847951
1848116
1848153
1848302
1848378
1848429
1848445
1848491
1848560
1848691
1848723
1848834
1848835
1848856
1848890
1848975
1849076
1849198
1849216
1849370
1849383
1849490
1849578
1849638
1849696
1849810
1849836
1849954
1850701
1850788
1850798
1850822
1850851
1851133
1851343
1851370
1851446
1851472
1851681
1851729
1851809
1851849
1851939
1852026
1852137
1852466
1852481
1852527
1852723
1852841
1852877
1852907
1852930
1852977
1853043
1853062
1853259
1853261
1853280
1853625
1853750
1853868
1854048
1854246
1854303
1854693
1854773
1854892
1855074
1855274
1855497
1855501
1855595
1855679
1855743
1856073
1856109
1856159
1856331
1856366
1856383
1856471
1856511
1856557
1856611
1856613
1856661
1856717
1856948
1856959
1856961
1857227
1857504
1857798
1857975
1857991
1858102
1858201
1858315
1858478
1858484
1858631
1858975
1859107
1859131
1859195
1859343
1859364
1859388
1859407
1859432
1859597
1859671
1859697
1859875
1859886
1859994
1860006
1860076
1860164
1860256
1860289
1860290
1860347
1860368
1860421
1860486
1860547
1860722
1860729
1860938
1861042
1861110
1861122
1861223
1861306
1861315
1861348
1861373
1861459
1861505
1861588
1861658
1861663
1861709
1861751
1861798
1861892
1861919
1861987
1862122
1862166
1862180
1862430
1862783
1862784
1862787
1862929
1862950
1863004
1863204
1863217
1863408
1863415
1863660
1863712
1864104
1864190
1864272
1864332
1864568
1864670
1864814
1864906
1864909
1864986
1865074
1865298
1865405
1865605
1865628
1865745
1865746
1865797
1865806
1865814
1865863
1865954
1866047
1866127
1866156
1866355
1866427
1866569
1866611
1866642
1866744
1866767
1866898
1866934
1867149
1867171
1867625
1867651
1867709
1867802
1867825
1868170
1868339
1868367
1868408
1868546
1868688
1868877
1868960
1869043
1869093
1869137
1869251
1869311
1869436
1869519
1869523
1869530
1869539
1869625
1869844
1869977
1870007
1870157
1870242
1870247
1870254
1870334
1870435
1870668
1870908
1871060
1871139
1871376
1871488
1871534
1871551
1871779
1872198
1872209
1872441
1872444
1872664
1872750
1872937
1872993
1873109
1873137
1873198
1873201
1873287
1873293
1873480
1873547
1873556
1873601
1873689
1873734
1873737
1873952
1874033
1874060
1874068
1874149
1874385
1874387
1875134
1875303
1875377
1875419
1875461
1875474
1875551
1875576
1875680
1875733
1876000
1876116
1876153
1876224
1876513
1876652
1876737
1876787
1876828
1876932
1876940
1876945
1877034
1877055
1877132
1877173
1877401
1877427
1877580
1877649
1877741
1877913
1877929
1877953
1877973
1878123
1878154
1878227
1878321
1878548
1878573
1878592
1878919
1879023
1879138
1879291
1879293
1879338
1879460
1879629
1879635
1879666
1879690
1880131
1880198
1880285
1880387
1880577
1880692
1880815
1880959
1881160
1881289
1881312
1881376
1881411
1881705
1881720
1881825
1881939
1882086
1882311
1882365
1882416
1882551
1882617
1882662
1882691
1882928
1883133
1883175
1883369
1883407
1883415
1883443
1884108
1884180
1884198
1884343
1884472
1884626
1884639
1884667
1884733
1884744
1884848
1885046
1885049
1885064
1885212
1885284
1885420
1885510
1885666
1885707
1885780
1885894
1885904
1885936
1886110
1886122
1886156
1886200
1886213
1886239
1886256
1886578
1886851
1886941
1887015
1887220
1887222
1887283
1887319
1887448
1887468
1887529
1887541
1887595
1887656
1887752
1887937
1888053
1888084
1888154
1888184
1888298
1888320
1888331
1888434
1888581
1888606
1888892
1889341
1889450
1889899
1889915
1889931
1889963
1889999
1890040
1890368
1890441
1890632
1890635
1890683
1890702
1890835
1890953
1891078
1891168
1891289
1891373
1891460
1891524
1891551
1891632
1891674
1891704
1891776
1891816
1891886
1891931
1891974
1892232
1892294
1892441
1892530
1892545
1892608
1892806
1892851
1892868
1893100
1893169
1893218
1893232
1893282
1893323
1893792
1893881
1893930
1894109
1894148
1894198
1894203
1894329
1894525
1894625
1894641
1894767
1894776
1894786
1894814
1894877
1894922
1895065
1895082
1895112
1895158
1895176
1895248
1895407
1895413
1895605
1895794
1895795
1895801
1895920
1895922
1896254
1896278
1896383
1896527
1896634
1896774
1896874
1896903
1897059
1897143
1897194
1897507
1897537
1897730
1897860
1897881
1898047
1898088
1898421
1898499
1898577
1898583
1898591
1898704
1898767
1898773
1898887
1898888
1898908
1898930
1899061
1899128
1899276
1899365
1899381
1899582
1899605
1899709
1899743
1899911
1900119
1900407
1900417
1900529
1900619
1900646
1900675
1900736
1900894
1901000
1901025
1901290
1901306
1901466
1901507
1901554
1901755
1901784
1901813
1901835
1901872
1902045
1902100
1902103
1902200
1902342
1902343
1902512
1903260
1903351
1903366
1903561
1903593
1903678
1903697
1903724
1904067
1904087
1904247
1904455
1904584
1904638
1904751
1904765
1904768
1904788
1904822
1904929
1904988
1905010
1905024
1905181
1905196
1905330
1905593
1905657
1905700
1906007
1906085
1906116
1906140
1906299
1906592
1906711
1906718
1906849
1906961
1906965
1906975
1907096
1907181
1907213
1907218
1907278
1907362
1907628
1907738
1907748
1907982
1908046
1908115
1908179
1908182
1908368
1908558
1908631
1908756
1908787
1909101
1909288
1909524
1909540
1909608
1909727
1909764
1909784
1909863
1910141
1910235
1910336
1910451
1910542
1910617
1910720
1910887
1910968
1911053
1911064
1911249
1911499
1911520
1911569
1911580
1911847
1911862
1911898
1911957
1912044
1912087
1912098
1912099
1912144
1912706
1912813
1912898
1912938
1912994
1913040
1913049
1913141
1913352
1913502
1913648
1913696
1913728
1913893
1914064
1914094
1914117
1914791
1914806
1914949
1914975
1915070
1915129
1915131
1915179
1915297
1915350
1915369
1915452
1915617
1915668
1916056
1916069
1916171
1916174
1916492
1916496
1916579
1916606
1916650
1917027
1917229
1917457
1917861
1918019
1918079
1918089
1918105
1918274
1918539
1918772
1918886
1918984
1918991
1919136
1919368
1919378
1919396
1919415
1919425
1919548
1919549
1919570
1919686
1919711
1919758
1919945
1920040
1920094
1920222
1920264
1920303
1920308
1920326
1920377
1920509
1920535
1920551
1920574
1920648
1920773
1920825
1920868
1920993
1921009
1921051
1921078
1921264
1921302
1921352
1921388
1921475
1921517
1921542
1921551
1921569
1921689
1921755
1921761
1921859
1921927
1922016
1922293
1922336
1922342
1922432
1922640
1922848
1922851
1922909
1923047
1923280
1923322
1923357
1923376
1923417
1923507
1923667
1923779
1923967
1924056
1924217
1924244
1924495
1924652
1924714
1924725
1924807
1924816
1924885
1924899
1925023
1925094
1925216
1925245
1925307
1925327
1925401
1925454
1925626
1925830
1926003
1926417
1926425
1926888
1926951
1927002
1927070
1927173
1927186
1927275
1927428
1927455
1927463
1927708
1927778
1927826
1928025
1928204
1928328
1928754
1928826
1929050
1929069
1929122
1929135
1929175
1929269
1929339
1929371
1929549
1929632
1929683
1929715
1929750
1929799
1929831
1929904
1930081
1930092
1930344
1930452
1930559
1930624
1930740
1930745
1930810
1930999
1931426
1931463
1931538
1931637
1931657
1931710
1931787
1931800
1931889
1931921
1932023
1932163
1932227
1932234
1932288
1932324
1932344
1932499
1932532
1932555
1932733
1932941
1933048
1933559
1933567
1933671
1933793
1933891
1933937
1934050
1934094
1934122
1934200
1934213
1934235
1934284
1934321
1934324
1934382
1934458
1934468
1934478
1934598
1934664
1934914
1934976
1935058
1935107
1935113
1935186
1935210
1935394
1935563
1935699
1935851
1936178
1936236
1936359
1936374
1936571
1936672
1936763
1936967
1937117
1937210
1937414
1937862
1937918
1938060
1938187
1938302
1938375
1938551
1938768
1938893
1938907
1938935
1938975
1939032
1939048
1939164
1939204
1939445
1939506
1939549
1939932
1939974
1940194
1940214
1940238
1940249
1940358
1940388
1940448
1940464
1940709
1940725
1940765
1940809
1940894
1940955
1940958
1941228
1941281
1941367
1941474
1941503
1941686
1941834
1941871
1942006
1942171
1942338
1942630
1942673
1942764
1942777
1942807
1942852
1942882
1942951
1942994
1943123
1943171
1943280
1943283
1943309
1943405
1943460
1943485
1943502
1943542
1943637
1943950
1943972
1944003
1944053
1944056
1944246
1944254
1944283
1944334
1944375
1944497
1944841
1944884
1945048
1945079
1945081
1945118
1945379
1945435
1945459
1945606
1945729
1945731
1945820
1945931
1946018
1946048
1946062
1946259
1946317
1946420
1946560
1947150
1947249
1947320
1947361
1947653
1947659
1947939
1948178
1948290
1948426
1948550
1948559
1948619
1948884
1948986
1949258
1949351
1949434
1949664
1949804
1949887
1950013
1950183
1950279
1950343
1950399
1950547
1950658
1950710
1950950
1951211
1951260
1951364
1951556
1951558
1951677
1951693
1951710
1951927
1951965
1952004
1952145
1952196
1952338
1952559
1952833
1952975
1953294
1953333
1953385
1953431
1953476
1953600
1953644
1953665
1953671
1953673
1953807
1953854
1953918
1954016
1954159
1954191
1954202
1954313
1954327
1954439
1954443
1954499
1954685
1954757
1955151
1955195
1955491
1955552
1955624
1955647
1955671
1955741
1955767
1955790
1955804
1955879
1956391
1956687
1956868
1957033
1957391
1957497
1957536
1957748
1957879
1957896
1958000
1958218
1958366
1958415
1958442
1958634
1958709
1958825
1958857
1959003
1959144
1959175
1959183
1959224
1959309
1959628
1959670
1960057
1960067
1960115
1960165
1960284
1960320
1960327
1960855
1960902
1961313
1961408
1961473
1961547
1961586
1961614
1961636
1961842
1961905
1961940
1961973
1962077
1962375
1962397
1962415
1962454
1962474
1962480
1962483
1962538
1962870
1962934
1963027
1963085
1963156
1963202
1963223
1963284
1963302
1963308
1963364
1963430
1963543
1963660
1964030
1964047
1964048
1964069
1964123
1964127
1964209
1964330
1964883
1964885
1965168
1965187
1965200
1965339
1965397
1965470
1965566
1965627
1965665
1965743
1966043
1966093
1966106
1966166
1966177
1966266
1966307
1966360
1966409
1966445
1966470
1966544
1966621
1966676
1966753
1966787
1966890
1966908
1967036
1967042
1967127
1967162
1967353
1967436
1967515
1967616
1967692
1967808
1967833
1967908
1967936
1968031
1968239
1968259
1968307
1968404
1968441
1968568
1968629
1968651
1968753
1968784
1968815
1968817
1968854
1969091
1969102
1969175
1969282
1969410
1969753
1969860
1969886
1969909
1970130
1970191
1970194
1970302
1970754
1970824
1970838
1970852
1970875
1970903
1971017
1971062
1971066
1971078
1971297
1971351
1971454
1971476
1971491
1971547
1971598
1971740
1971801
1971912
1971996
1972018
1972032
1972044
1972228
1972292
1972555
1972720
1972733
1972869
1972873
1972893
1972910
1973047
1973097
1973108
1973193
1973318
1973578
1973653
1973832
1973851
1973853
1973980
1973996
1974010
1974047
1974147
1974150
1974159
1974179
1974207
1974411
1974619
1974711
1974745
1974805
1974843
1974922
1974957
1974982
1975230
1975258
1975274
1975386
1975516
1975701
1975834
1975960
1975996
1976045
1976095
1976255
1976317
1976437
1976444
1976520
1976629
1976676
1976704
1976741
1976769
1976778
1976835
1976969
1977370
1977390
1977445
1977453
1977458
1977579
1977634
1977669
1977692
1977718
1977946
1978102
1978107
1978268
1978343
1978453
1978465
1978495
1978639
1978786
1978843
1978914
1979107
1979436
1979582
1979586
1979821
1979968
1980015
1980349
1980606
1980663
1980687
1980707
1981040
1981045
1981080
1981127
1981220
1981427
1981460
1981654
1981728
1982195
1982431
1982480
1982588
1982728
1982850
1983126
1983186
1983214
1983340
1983442
1983483
1983509
1983613
1983863
1983877
1983992
1984119
1984160
1984167
1984200
1984214
1984236
1984241
1984467
1984618
1984667
1984841
1984967
1984998
1985184
1985216
1985251
1985474
1985599
1985612
1985964
1986014
1986047
1986193
1986209
1986324
1986535
1986648
1986662
1986786
1987101
1987132
1987173
1987287
1987310
1987312
1987450
1987493
1987958
1987959
1987988
1988040
1988097
1988187
1988191
1988260
1988307
1988359
1988393
1988574
1988854
1988957
1989274
1989407
1989557
1989574
1989725
1989727
1989755
1989784
1989809
1989919
1990120
1990334
1990622
1990747
1990842
1990897
1991122
1991403
1991456
1991479
1991494
1991570
1991625
1991675
1991702
1992138
1992327
1992443
1992562
1992563
1992610
1992766
1992771
1992782
1993004
1993175
1993318
1993518
1993610
1993659
1993692
1993740
1994080
1994273
1994417
1994494
1994518
1994788
1994808
1994979
1995183
1995270
1995537
1995573
1995699
1995778
1995822
1995928
1995992
1996360
1996404
1996678
1996707
1996745
1996767
1996823
1996833
1996911
1996942
1996986
1997209
1997279
1997599
1997662
1997774
1997872
1997927
1998206
1998223
1998259
1998350
1998738
1998841
1998850
1998865
1998880
1998961
1999140
1999287
1999301
1999683
1999730
1999803
1999898
1999918
1999934
1999942
2000143
2000237
2000277
2000336
2000365
2000414
2000417
2000505
2000834
2000855
2001020
2001035
2001188
2001271
2001292
2001373
2001595
2001603
2001605
2001641
2001853
2001883
2002028
2002052
2002187
2002283
2002424
2002438
2002584
2002861
2002865
2002962
2003200
2003211
2003215
2003472
2003510
2003648
2003715
2003868
2003899
2003921
2003935
2003950
2004231
2004272
2004377
2004452
2004539
2004667
2004878
2005164
2005179
2005231
2005319
2005362
2005558
2005662
2005795
2006090
2006281
2006349
2006411
2006972
2007039
2007231
2007241
2007261
2007345
2007387
2007536
2007617
2007708
2007787
2007851
2007886
2007953
2008071
2008127
2008248
2008349
2008515
2008599
2008623
2008728
2008786
2009073
2009122
2009277
2009285
2009342
2009828
2009893
2009969
2010011
2010177
2010214
2010232
2010280
2010474
2010714
2011148
2011227
2011363
2011568
2011612
2011810
2011813
2011815
2011841
2011908
2011982
2012071
2012192
2012269
2012432
2012543
2012719
2012881
2012883
2012893
2012984
2012997
2013002
2013003
2013028
2013032
2013181
2013232
2013272
2013274
2013353
2013591
2013907
2014052
2014299
2014391
2014549
2014560
2014775
2014932
2015027
2015051
2015277
2015281
2015336
2015351
2015387
2015388
2015718
2015994
2016296
2016385
2016591
2016701
2016733
2016777
2017053
2017289
2017338
2017340
2017414
2017628
2017861
2017920
2017925
2017928
2017994
2018015
2018016
2018097
2018182
2018210
2018259
2018304
2018458
2018529
2018541
2018711
2018718
2018877
2019000
2019210
2019277
2019346
2019371
2019442
2019510
2019619
2019668
2019769
2020013
2020039
2020050
2020111
2020448
2020511
2020656
2020694
2020727
2021003
2021010
2021076
2021156
2021246
2021324
2021509
2021533
2021593
2021676
2021677
2021852
2021922
2021948
2022230
2022334
2022364
2022387
2022707
2022756
2023137
2023227
2023251
2023257
2023349
2023365
2023457
2023572
2023574
2023744
2023764
2023768
2023923
2024047
2024131
2024269
2024277
2024308
2024320
2024323
2024475
2024563
2024673
2024715
2024725
2024786
2024809
2024850
2024875
2025115
2025152
2025259
2025261
2025429
2025482
2025626
2025651
2025700
2025718
2025731
2025773
2025778
2025910
2025992
2026132
2026133
2026263
2026278
2026291
2026500
2026563
2026573
2026641
2026728
2026753
2026754
2026924
2027043
2027560
2027565
2027587
2027734
2027788
2027802
2027832
2027871
2027904
2028143
2028211
2028499
2028529
2028659
2028731
2028738
2028864
2029032
2029088
2029110
2029253
2029318
2029366
2029477
2029550
2029578
2029689
2029740
2029818
2029870
2029994
2030037
2030113
2030225
2030275
2030349
2030443
2030620
2030748
2030905
2030966
2031137
2031167
2031199
2031220
2031270
2031310
2031316
2031423
2031510
2031751
2031820
2031888
2031915
2032010
2032043
2032166
2032186
2032684
2032688
2033041
2033306
2033308
2033459
2033522
2033599
2033912
2033943
2034027
2034030
2034046
2034109
2034291
2034448
2034475
2034681
2034691
2034758
2034798
2034889
2035162
2035282
2035379
2035671
2035957
2036059
2036124
2036294
2036480
2036769
2036884
2036971
2037025
2037056
2037191
2037330
2037343
2037405
2037409
2037439
2037470
2037536
2037647
2038057
2038160
2038202
2038264
2038398
2038413
2038671
2038795
2038923
2039067
2039130
2039151
2039294
2039304
2039412
2039439
2039509
2040002
2040316
2040369
2040497
2040573
2040595
2040775
2040806
2040907
2040924
2041031
2041791
2041832
2041850
2041946
2042032
2042073
2042075
2042084
2042377
2042668
2042749
2042810
2042861
2042937
2042986
2043052
2043098
2043149
2043189
2043270
2043299
2043656
2043939
2043951
2044216
2044243
2044259
2044276
2044467
2044480
2044708
2045000
2045053
2045249
2045405
2045507
2045798
2045994
2046074
2046127
2046175
2046457
2046500
2046516
2046517
2046668
2046717
2046881
2047021
2047042
2047050
2047193
2047210
2047221
2047234
2047355
2047411
2047470
2047500
2047685
2047722
2047807
2048243
2048392
2048441
2048456
2048575
2048605
2048633
2048714
2048736
2048748
2048795
2048820
2049189
2049194
2049231
2049340
2049417
2049424
2049446
2049499
2049518
2049546
2049583
2049585
2049633
2049656
2049700
2049744
2049847
2049870
2049921
2050009
2050044
2050061
2050208
2050219
2050519
2050631
2050700
2050759
2050947
2050994
2051285
2051464
2051509
2051531
2051914
2052064
2052122
2052252
2052321
2052385
2052393
2052536
2052579
2052615
2052652
2052662
2053083
2053134
2053231
2053426
2053624
2053671
2053680
2053706
2053782
2054350
2054355
2054402
2054499
2054642
2054706
2054904
2054975
2055214
2055260
2055463
2055576
2055631
2055639
2055673
2055871
2055876
2056069
2056122
2056151
2056200
2056256
2056570
2056616
2056699
2056784
2056884
2057197
2057210
2057272
2057276
2057504
2057514
2057730
2057780
2057913
2058008
2058110
2058301
2058336
2058488
2058722
2058958
2059204
2059291
2059364
2059370
2059380
2059478
2059505
2059576
2059607
2059669
2059732
2060086
2060440
2060525
2060670
2060762
2060930
2060936
2061124
2061152
2061172
2061177
2061272
2061350
2061416
2061504
2061601
2061635
2061779
2061797
2061828
2061947
2061982
2061983
2062198
2062239
2062274
2062313
2062316
2062417
2062630
2062947
2062965
2063131
2063156
2063211
2063231
2063261
2063320
2063502
2063745
2063778
2063816
2063855
2063872
2063877
2063881
2063918
2064034
2064223
2064312
2064357
2064526
2064760
2064864
2065085
2065118
2065243
2065246
2065345
2065413
2065444
2065490
2065514
2065710
2065733
2066074
2066108
2066235
2066257
2066315
2066440
2066510
2066670
2066894
2066998
2067132
2067139
2067252
2067274
2067336
2067383
2067542
2067693
2067787
2067916
2068125
2068393
2068402
2068495
2068564
2068593
2068650
2068717
2068819
2069052
2069140
2069153
2069162
2069181
2069191
2069435
2069658
2070013
2070020
2070083
2070407
2070408
2070422
2070472
2070570
2070608
2070693
2070862
2070908
2070986
2070990
2071018
2071145
2071361
2071382
2071506
2071519
2071744
2071838
2071854
2071885
2071950
2072031
2072044
2072188
2072575
2072728
2073320
2073474
2073581
2073922
2074018
2074040
2074048
2074052
2074382
2074573
2074710
2074797
2074882
2074903
2075233
2075260
2075262
2075279
2075422
2075757
2075794
2076094
2076249
2076462
2076663
2076671
2076710
2076757
2076843
2076911
2077237
2077581
2077730
2077734
2077794
2077920
2078009
2078091
2078240
2078241
2078340
2078483
2078508
2078530
2078576
2078593
2078627
2078704
2078806
2078947
2078966
2079114
2079151
2079259
2079808
2079817
2079835
2079941
2080016
2080350
2080547
2080909
2081140
2081317
2081328
2081341
2081670
2081700
2081873
2081929
2082022
2082280
2082334
2082554
2082672
2082675
2082677
2082730
2082914
2083077
2083343
2083658
2083695
2083730
2083752
2083911
2083919
2084036
2084111
2084166
2084353
2084381
2084426
2084447
2084636
2084811
2084832
2085158
2085220
2085358
2085366
2085406
2085515
2085569
2085674
2085694
2085724
2085747
2085782
2085800
2085938
2085954
2085998
2086053
2086299
2086308
2086342
2086410
2086548
2086604
2086609
2086669
2086704
2086714
2086779
2086781
2087132
2087391
2087452
2087576
2087615
2087752
2087766
2087855
2087945
2088176
2088344
2088386
2088416
2088521
2088644
2088963
2089581
2089606
2089773
2089825
2089862
2089926
2090028
2090164
2090454
2090590
2090797
2090848
2090865
2090934
2091049
2091259
2091268
2091408
2091420
2091564
2091686
2091745
2091804
2091809
2091937
2091977
2092024
2092029
2092092
2092208
2092218
2092406
2092440
2092589
2092775
2092879
2092948
2092954
2093014
2093190
2093662
2093716
2093770
2093993
2094047
2094067
2094082
2094224
2094235
2094239
2094467
2094797
2094878
2094953
2095041
2095208
2095356
2095676
2095717
2096061
2096063
2096069
2096077
2096161
2096268
2096291
2096309
2096353
2096650
2096684
2096689
2096889
2096911
2096963
2096973
2097032
2097154
2097173
2097207
2097275
2097317
2097499
2097514
2097558
2097809
2097821
2097868
2098120
2098186
2098292
2098322
2098383
2098653
2098719
2098869
2098963
2099047
2099123
2099232
2099389
2099465
2099471
2099555
2099574
2099919
2099920
2100009
2100205
2100208
2100416
2100674
2100760
2101118
2101119
2101134
2101227
2101275
2101283
2101469
2101602
2101622
2101625
2101658
2101672
2101735
2101870
2102107
2102292
2102609
2102634
2102676
2102815
2102926
2103139
2103209
2103348
2103391
2103403
2103430
2103442
2103489
2103533
2103598
2103924
2103943
2104132
2104319
2104391
2104399
2104491
2104511
2104520
2104558
2104567
2104700
2105540
2105575
2105617
2105618
2105758
2105767
2105955
2105968
2106134
2106169
2106197
2106365
2106371
2106447
2106479
2106549
2106552
2106564
2106605
2106618
2106737
2106804
2107098
2107838
2108060
2108215
2108240
2108352
2108607
2108610
2108645
2108799
2108901
2108977
2109024
2109184
2109269
2109273
2109607
2109630
2109911
2109953
2110014
2110130
2110205
2110270
2110318
2110338
2110601
2110775
2111028
2111031
2111034
2111109
2111127
2111457
2111810
2111851
2112051
2112096
2112278
2112351
2112594
2112631
2112643
2112652
2112852
2113020
2113030
2113155
2113236
2113285
2113287
2113386
2113620
2113847
2114023
2114044
2114248
2114284
2114317
2114554
2114588
2114701
2114783
2114845
2114847
2114877
2115074
2115090
2115310
2115321
2115461
2115515
2115585
2115640
2115680
2115770
2115786
2115886
2115991
2116002
2116288
2116331
2116351
2116927
2116942
2117021
2117049
2117134
2117143
2117316
2117579
2117636
2117757
2117788
2117821
2117953
2117962
2118060
2118084
2118133
2118168
2118220
2118273
2118313
2118483
2118494
2118499
2118618
2118772
2118783
2118885
2118894
2118949
2119085
2119216
2119364
2119391
2119429
2119441
2119470
2119488
2119676
2119889
2119933
2120109
2120192
2120244
2120499
2120518
2120605
2120708
2120755
2120836
2120948
2120959
2121094
2121163
2121398
2121548
2121579
2121622
2121867
2121873
2121918
2121954
2122028
2122120
2122204
2122246
2122302
2122320
2122388
2122436
2122471
2122871
2122930
2123127
2123388
2123410
2123664
2123709
2124094
2124570
2124732
2124740
2124764
2124791
2124866
2125026
2125071
2125192
2125473
2125741
2125796
2125939
2126062
2126066
2126259
2126448
2126477
2126655
2126787
2126948
2126969
2126997
2127039
2127295
2127313
2127370
2127423
2127517
2127578
2127581
2127628
2127708
2127903
2127983
2128186
2128532
2128585
2128593
2128615
2128658
2128762
2128792
2128830
2128835
2128901
2128961
2129057
2129092
2129095
2129190
2129523
2129542
2129831
2129961
2129997
2130106
2130219
2130343
2130351
2130626
2130914
2131072
2131111
2131299
2131460
2131607
2131642
2131697
2131815
2131979
2131996
2132017
2132115
2132211
2132297
2132312
2132535
2132636
2132786
2132847
2132935
2132975
2133180
2133261
2133309
2133455
2133488
2133543
2133610
2133620
2133651
2133694
2133728
2133795
2133796
2133929
2133934
2133971
2134176
2134241
2134259
2134406
2134439
2134577
2134805
2134825
2134941
2135299
2135317
2135434
2135445
2135534
2135613
2135861
2135945
2136134
2136154
2136172
2136181
2136529
2136551
2137014
2137214
2137316
2137318
2137329
2137371
2137594
2137653
2137685
2137710
2137776
2137788
2137935
2137987
2138015
2138084
2138160
2138168
2138181
2138187
2138306
2138437
2138440
2138536
2138656
2138666
2138670
2139037
2139046
2139075
2139139
2139190
2139202
2139677
2139694
2139695
2139713
2139760
2139879
2139897
2140029
2140084
2140161
2140256
2140306
2140448
2140709
2140713
2140882
2140910
2141011
2141078
2141112
2141139
2141204
2141239
2141452
2141699
2141739
2141773
2141911
2142127
2142279
2142449
2142659
2142680
2142709
2142714
2142723
2142748
2142883
2143301
2143477
2143511
2143570
2143790
2143849
2143907
2143956
2144013
2144023
2144038
2144387
2144472
2144606
2144664
2144706
2144880
2144978
2145003
2145028
2145079
2145093
2145157
2145289
2145327
2145504
2145514
2145556
2145759
2145859
2145891
2145923
2146019
2146043
2146086
2146303
2146387
2146410
2146433
2146546
2146616
2146793
2146794
2147096
2147394
2147583
2147673
2147807
2147866
2147879
2148182
2148291
2148303
2148368
2148454
2148490
2148748
2148919
2148945
2148993
2149309
2149562
2149723
2149778
2149789
2149873
2149929
2149978
2150166
2150174
2150374
2150416
2150688
2150806
2150815
2150824
2150860
2150877
2150894
2150905
2151057
2151090
2151093
2151287
2151504
2151519
2151521
2151610
2151617
2151871
2152000
2152041
2152197
2152222
2152578
2152647
2152969
2153001
2153097
2153282
2153482
2153509
2153664
2153784
2153807
2153888
2153907
2153909
2153928
2154051
2154103
2154104
2154249
2154344
2154566
2154572
2154727
2155174
2155226
2155312
2155482
2155552
2155733
2155739
2155884
2155912
2155940
2155957
2156017
2156097
2156223
2156305
2156470
2156471
2156555
2156762
2156937
2157137
2157156
2157207
2157306
2157325
2157462
2157474
2157652
2157883
2157957
2158021
2158135
2158544
2158613
2158614
2158731
2158737
2158836
2159037
2159072
2159151
2159163
2159205
2159325
2159362
2159470
2159647
2159693
2159890
2159987
2160165
2160235
2160312
2160366
2160461
2160473
2160604
2160610
2160611
2160678
2160763
2160782
2161029
2161087
2161123
2161173
2161205
2161263
2161449
2161648
2161704
2161856
2161916
2162057
2162087
2162145
2162385
2162462
2162518
2162530
2162548
2162628
2162630
2162735
2162978
2163099
2163157
2163192
2163397
2163449
2163689
2163996
2164003
2164079
2164230
2164293
2164721
2164813
2164839
2164870
2165141
2165222
2165349
2165356
2165388
2165532
2165750
2165833
2165880
2166114
2166384
2166488
2166528
2166549
2166561
2166570
2166980
2167069
2167376
2167418
2167660
2167795
2167873
2167929
2168031
2168279
2168393
2168634
2168718
2168955
2169088
2169230
2169300
2169313
2169320
2169334
2169515
2169556
2169562
2169632
2169815
2169994
2170066
2170072
2170095
2170365
2170554
2170626
2170668
2170723
2170730
2170777
2170884
2170953
2170997
2171071
2171078
2171186
2171236
2171340
2171442
2171553
2171627
2171679
2171729
2171822
2171957
2172055
2172242
2172267
2172292
2172440
2172574
2172621
2172691
2172754
2172932
2172959
2173026
2173131
2173156
2173163
2173169
2173815
2173916
2173994
2174164
2174165
2174225
2174505
2174559
2174667
2174799
2174986
2175100
2175130
2175384
2175531
2175790
2176029
2176076
2176146
2176152
2176160
2176187
2176194
2176225
2176277
2176496
2176618
2176673
2176690
2176835
2176870
2176978
2177128
2177199
2177250
2177262
2177278
2177321
2177420
2177444
2177630
2177667
2177810
2177826
2178113
2178137
2178273
2178331
2178335
2178677
2178720
2178849
2178877
2178982
2179028
2179100
2179206
2179270
2179290
2179439
2179482
2179509
2179860
2179901
2179930
2180013
2180034
2180101
2180325
2180691
2180742
2180830
2180839
2180882
2180906
2180999
2181033
2181070
2181170
2181313
2181407
2181520
2181918
2181923
2181928
2181976
2182019
2182053
2182056
2182067
2182100
2182154
2182279
2182395
2182500
2182577
2182597
2182661
2182864
2182975
2183045
2183065
2183102
2183164
2183280
2183285
2183479
2183657
2183867
2183920
2183923
2183976
2184037
2184117
2184185
2184200
2184380
2184382
2184699
2184856
2184881
2185007
2185029
2185274
2185373
2185558
2185624
2185664
2185690
2185837
2185873
2185954
2186162
2186206
2186550
2186555
2186619
2186635
2186727
2187332
2187839
2187985
2188159
2188240
2188262
2188290
2188354
2188450
2188636
2188750
2188785
2188879
2188928
2188987
2189038
2189140
2189181
2189251
2189287
2189300
2189443
2189557
2189600
2189674
2189719
2189879
2189900
2189977
2189991
2190036
2190059
2190232
2190265
2190350
2190505
2190522
2190771
2190844
2190940
2191007
2191097
2191111
2191159
2191223
2191297
2191402
2191449
2191536
2191599
2191648
2191683
2191822
2191940
2192032
2192039
2192171
2192250
2192587
2192634
2192711
2192837
2192840
2192890
2192921
2193014
2193037
2193079
2193241
2193452
2193463
2193470
2193827
2193891
2193922
2193948
2194026
2194122
2194272
2194310
2194351
2194370
2194389
2194438
2194497
2194562
2194675
2194789
2195026
2195107
2195147
2195396
2195646
2195773
2196149
2196345
2196676
2196704
2196773
2197183
2197246
2197475
2197504
2197654
2197677
2197727
2197842
2197894
2198037
2198183
2198186
2198220
2198413
2198449
2198490
2198638
2198667
2198758
2198789
2198955
2199165
2199167
2199188
2199348
2199558
2199566
2199725
2199764
2199828
2199838
2199905
2199947
2199961
2199988
2200034
2200070
2200071
2200150
2200162
2200252
2200420
2200421
2200475
2200624
2200997
2201056
2201109
2201130
2201179
2201267
2201442
2201591
2201617
2201623
2201657
2201710
2201852
2201947
2202004
2202043
2202126
2202390
2202464
2202624
2202719
2202904
2202986
2203178
2203452
2203473
2203660
2204008
2204056
2204071
2204083
2204354
2204414
2204467
2204470
2204523
2204529
2204608
2204724
2204748
2204822
2204870
2204917
2205001
2205357
2205428
2205548
2205810
2206083
2206090
2206220
2206273
2206288
2206368
2206381
2206651
2206903
2206973
2207105
2207190
2207395
2207473
2207715
2207722
2207793
2207812
2207820
2207839
2207907
2207976
2208016
2208270
2208436
2208458
2208611
2208690
2208810
2209208
2209383
2209496
2209515
2209540
2209608
2209678
2209703
2209734
2209806
2209836
2209870
2210308
2210560
2210644
2210709
2210748
2210769
2210893
2211008
2211036
2211101
2211157
2211291
2211404
2211487
2211698
2211701
2211779
2211935
2212102
2212114
2212182
2212229
2212357
2212456
2212485
2212552
2212574
2212613
2212752
2213110
2213134
2213242
2213658
2213824
2213840
2213854
2214305
2214339
2214575
2214797
2214914
2214918
2215051
2215070
2215115
2215354
2215377
2215546
2215577
2215750
2215835
2216112
2216164
2216219
2216322
2216419
2216888
2217128
2217236
2217265
2217273
2217285
2217301
2217318
2217531
2217596
2217627
2217703
2217764
2217788
2217967
2217984
2217986
2218169
2218229
2218427
2218512
2218526
2218589
2218861
2218999
2219007
2219040
2219131
2219164
2219200
2219230
2219423
2219474
2219555
2219587
2219721
2219725
2219824
2219842
2219862
2219956
2219965
2220180
2220225
2220267
2220298
2220401
2220569
2220915
2220930
2221031
2221223
2221240
2221280
2221349
2221445
2221550
2221591
2221835
2221959
2222118
2222252
2222483
2223080
2223095
2223098
2223175
2223184
2223226
2223271
2223307
2223316
2223340
2223383
2223631
2223686
2223724
2223747
2223802
2224150
2224186
2224211
2224360
2224396
2224400
2224516
2224661
2224724
2224727
2224737
2224916
2224951
2225131
2225269
2225316
2225324
2225423
2225498
2225585
2225760
2225820
2225862
2226048
2226183
2226247
2226333
2226354
2226429
2226537
2226585
2226624
2226653
2226718
2226837
2226854
2226920
2227060
2227186
2227237
2227318
2227322
2227392
2227577
2227609
2227787
2227887
2227960
2228003
2228175
2228460
2228518
2228538
2228675
2228767
2228857
2229028
2229120
2229324
2229635
2229746
2230151
2230214
2230219
2230397
2230554
2230658
2230723
2230733
2230889
2231015
2231131
2231198
2231264
2231281
2231294
2231911
2231921
2232174
2232359
2232535
2232536
2232633
2232725
2232741
2232819
2232822
2233012
2233079
2233173
2233187
2233234
2233245
2233254
2233293
2233323
2233681
2233823
2233838
2234020
2234039
2234169
2234175
2234284
2234559
2234600
2234612
2234621
2234807
2234824
2234942
2234973
2235004
2235256
2235332
2235400
2235474
2235572
2235755
2235883
2236248
2236276
2236392
2236451
2236510
2236718
2236952
2237058
2237217
2237321
2237355
2237541
2237592
2237600
2237608
2237627
2237650
2237764
2237797
2237808
2237856
2237956
2238014
2238059
2238241
2238259
2238377
2238579
2238614
2239115
2239236
2239261
2239365
2239368
2239442
2239478
2239512
2239535
2239622
2239819
2239876
2239912
2239922
2239990
2240052
2240086
2240120
2240199
2240222
2240311
2240312
2240364
2240402
2240467
2240572
2240610
2240800
2240852
2240872
2240912
2241040
2241147
2241313
2241389
2241466
2241629
2241630
2241878
2241880
2242098
2242125
2242414
2242474
2242498
2242514
2242651
2242662
2242783
2242784
2243054
2243123
2243277
2243508
2243545
2243546
2243689
2243791
2244017
2244182
2244212
2244296
2244412
2244516
2244614
2244752
2244779
2244806
2245044
2245147
2245301
2245320
2245365
2245461
2245490
2245534
2245604
2245634
2246016
2246094
2246154
2246185
2246235
2246352
2246423
2246451
2246910
2246969
2247009
2247013
2247055
2247082
2247172
2247270
2247271
2247316
2247381
2247746
2247776
2247918
2248106
2248108
2248209
2248357
2248366
2248443
2248548
2248581
2248619
2248770
2248873
2248891
2249257
2249291
2249398
2249439
2249482
2249580
2249600
2249673
2249703
2249716
2249748
2249784
2249800
2249805
2249897
2250292
2250355
2250547
2250570
2250906
2250909
2250930
2251077
2251264
2251501
2251525
2251528
2251636
2251974
2252091
2252405
2252436
2252626
2252796
2252801
2252923
2252991
2253031
2253277
2253317
2253362
2253530
2253688
2253696
2253718
2253741
2253793
2253928
2253971
2253997
2254063
2254117
2254183
2254184
2254227
2254255
2254418
2254503
2254614
2254692
2254789
2254876
2254885
2254948
2255109
2255137
2255178
2255315
2255563
2255599
2255739
2255755
2255920
2256011
2256060
2256065
2256338
2256414
2256479
2256552
2256649
2256787
2256863
2257160
2257303
2257379
2257396
2257646
2257862
2257914
2258083
2258276
2258306
2258342
2258353
2258459
2258474
2258725
2258781
2258787
2258817
2258833
2258890
2258940
2258969
2259071
2259080
2259346
2259364
2259633
2259717
2259936
2260007
2260101
2260158
2260164
2260170
2260209
2260294
2260300
2260351
2260398
2260412
2260430
2260741
2260770
2261026
2261050
2261051
2261128
2261315
2261632
2261935
2262061
2262103
2262135
2262204
2262450
2262616
2262755
2263005
2263052
2263298
2263414
2263673
2263740
2263974
2264070
2264128
2264143
2264194
2264229
2264251
2264516
2264994
2265137
2265190
2265379
2265544
2266032
2266062
2266302
2266362
2266610
2266679
2266835
2266846
2266851
2266891
2266913
2267199
2267363
2267600
2267658
2267678
2267809
2267841
2267912
2268011
2268265
2268356
2268396
2268441
2268574
2268584
2268587
2268598
2268615
2268802
2268809
2268836
2268971
2269058
2269160
2269212
2269458
2269467
2269488
2269541
2269815
2269858
2269930
2270069
2270109
2270211
2270404
2270615
2270623
2270643
2270943
2271040
2271070
2271113
2271332
2271762
2271965
2272041
2272088
2272119
2272156
2272177
2272267
2272569
2272583
2272687
2272904
2273008
2273027
2273032
2273066
2273137
2273202
2273269
2273270
2273417
2273511
2273723
2273783
2274016
2274056
2274128
2274513
2274581
2274639
2274683
2274804
2274969
2275181
2275261
2275293
2275424
2275477
2275647
2275650
2275813
2275817
2275826
2275948
2275958
2275964
2276023
2276065
2276108
2276171
2276207
2276309
2276313
2276316
2276390
2276513
2276586
2276657
2276659
2276877
2276910
2276949
2276959
2276975
2277024
2277144
2277202
2277395
2277420
2277531
2277572
2277614
2277672
2277706
2277724
2277774
2277847
2277939
2278090
2278110
2278320
2278433
2278509
2278534
2278549
2278556
2279183
2279306
2279425
2279537
2279737
2279801
2280013
2280095
2280105
2280146
2280216
2280231
2280392
2280547
2280594
2280639
2280721
2280748
2280766
2280779
2280831
2280948
2280950
2281043
2281135
2281370
2281447
2281479
2281685
2281751
2281823
2281909
2282217
2282255
2282466
2282584
2282663
2282975
2283061
2283134
2283139
2283197
2283222
2283248
2283404
2283431
2283492
2283577
2283712
2283789
2283803
2284033
2284096
2284457
2284583
2284663
2284720
2284788
2284907
2284923
2284932
2285158
2285233
2285269
2285276
2285489
2285565
2285586
2285853
2285890
2286132
2286366
2286409
2286423
2286491
2286570
2286582
2286603
2286637
2286658
2286693
2286742
2286803
2286979
2287060
2287252
2287351
2287623
2287651
2287717
2287748
2287819
2287917
2287980
2288053
2288101
2288175
2288328
2288346
2288382
2288452
2288457
2288458
2288489
2288663
2288834
2288888
2288926
2288989
2289256
2289279
2289493
2289658
2289764
2289931
2289941
2290006
2290010
2290115
2290151
2290229
2290561
2290672
2290763
2290878
2290957
2291121
2291421
2291687
2291741
2292001
2292068
2292093
2292128
2292170
2292264
2292272
2292327
2292343
2292364
2292468
2292713
2292785
2293146
2293182
2293463
2293494
2293531
2293594
2293630
2293721
2293737
2293820
2293832
2293988
2294144
2294628
2294644
2294655
2294753
2294774
2294789
2294937
2294959
2295271
2295333
2295382
2295387
2295425
2295505
2295551
2295791
2295958
2295988
2296115
2296370
2296375
2296390
2296660
2296675
2296775
2296860
2296861
2296916
2296951
2297050
2297127
2297174
2297217
2297254
2297477
2297630
2297699
2297725
2297729
2298057
2298407
2298534
2298554
2298621
2298783
2299062
2299088
2299244
2299351
2299491
2299515
2299522
2299952
2300101
2300246
2300249
2300272
2300314
2300323
2300508
2300598
2300643
2300647
2300684
2300706
2300729
2300855
2301082
2301222
2301423
2301434
2301496
2301600
2301718
2301977
2302031
2302117
2302174
2302417
2302438
2302564
2302637
2302805
2302852
2302963
2303058
2303276
2303311
2303365
2303427
2303521
2303553
2303715
2303815
2303831
2303944
2304005
2304324
2304346
2304404
2304421
2304571
2304604
2304606
2304643
2304701
2304991
2305088
2305170
2305488
2305604
2305668
2305689
2305805
2305936
2305942
2305951
2305960
2306185
2306204
2306314
2306355
2306375
2306683
2306725
2306727
2306890
2306968
2306969
2306980
2307012
2307046
2307080
2307262
2307293
2307324
2307375
2307398
2307442
2307628
2307634
2307798
2307839
2307889
2307949
2307963
2308027
2308320
2308521
2308538
2308575
2308654
2308808
2308837
2308935
2308962
2309164
2309205
2309241
2309314
2309534
2309537
2309653
2309665
2309764
2309771
2309811
2309979
2310077
2310140
2310344
2310537
2310559
2310671
2310690
2311285
2311320
2311404
2311410
2311438
2311443
2311547
2311667
2311922
2311969
2312348
2312523
2312574
2312841
2312992
2313029
2313039
2313072
2313134
2313154
2313202
2313264
2313369
2313570
2313573
2313772
2314085
2314248
2314369
2314386
2314438
2314474
2314675
2314748
2314847
2314969
2315049
2315160
2315184
2315209
2315372
2315597
2316042
2316100
2316129
2316253
2316405
2316469
2316596
2316639
2316651
2316690
2316738
2316762
2316819
2316868
2316968
2316987
2317024
2317095
2317161
2317330
2317386
2317512
2317607
2317834
2318105
2318247
2318275
2318295
2318385
2318412
2318498
2318767
2318896
2318931
2318968
2318973
2318980
2319017
2319115
2319143
2319251
2319293
2319359
2319403
2319489
2319495
2319594
2319601
2319761
2319852
2319875
2320290
2320367
2320388
2320565
2320581
2320595
2320597
2320729
2320795
2320821
2320915
2321249
2321348
2321393
2321531
2321579
2321767
2321812
2321838
2321873
2321942
2322041
2322064
2322079
2322104
2322106
2322128
2322252
2322319
2322616
2322633
2323010
2323249
2323346
2323359
2323434
2323544
2323572
2323692
2323791
2323803
2323998
2324018
2324031
2324120
2324436
2324487
2324579
2324584
2324735
2324772
2324853
2324928
2325060
2325094
2325124
2325151
2325257
2325467
2325487
2325526
2325566
2325590
2325593
2325723
2326356
2326499
2326505
2326845
2326860
2326880
2326909
2327093
2327144
2327151
2327157
2327250
2327350
2327577
2327677
2327684
2327739
2327744
2327784
2327790
2328002
2328325
2328381
2328548
2328554
2328562
2329073
2329133
2329220
2329232
2329257
2329280
2329289
2329328
2329349
2329378
2329447
2329622
2329644
2329735
2329746
2329774
2329865
2329899
2329967
2330078
2330234
2330508
2330598
2330636
2330688
2330870
2331051
2331088
2331146
2331197
2331423
2331501
2331597
2331704
2331726
2331763
2332001
2332014
2332019
2332132
2332169
2332267
2332502
2332752
2332924
2332929
2332933
2333028
2333188
2333293
2333461
2333797
2334235
2334293
2334401
2334588
2334688
2334705
2334915
2334991
2335038
2335243
2335391
2335477
2335484
2335836
2335856
2335873
2335893
2335975
2336009
2336223
2336525
2336548
2336691
2336716
2336732
2336759
2336875
2336959
2336991
2337057
2337092
2337103
2337125
2337306
2337310
2337318
2337324
2337499
2337843
2337892
2337973
2338282
2338312
2338462
2338618
2338676
2338727
2338732
2338848
2339134
2339281
2339312
2339374
2339655
2339740
2339768
2339823
2339832
2339903
2340065
2340183
2340240
2340353
2340362
2340376
2340386
2340450
2340475
2340558
2340586
2340631
2340704
2340718
2340778
2340792
2341057
2341088
2341099
2341109
2341165
2341247
2341257
2341353
2341457
2341537
2341538
2341557
2341658
2341663
2341845
2342012
2342244
2342270
2342380
2342382
2342513
2342608
2342687
2342942
2343006
2343048
2343065
2343078
2343303
2343352
2343404
2343413
2343427
2343430
2343557
2343646
2343653
2343769
2343930
2343945
2343985
2344004
2344009
2344145
2344236
2344288
2345069
2345135
2345284
2345304
2345338
2345341
2345628
2345670
2345711
2345814
2345834
2345961
2346094
2346095
2346211
2346371
2346378
2346389
2346476
2346551
2346650
2346703
2346808
2347169
2347324
2347333
2347334
2347482
2347518
2347595
2347627
2347640
2347649
2347663
2347697
2347769
2347831
2347853
2347855
2347865
2347981
2348013
2348099
2348114
2348217
2348243
2348331
2348776
2348838
2348884
2348925
2348927
2349030
2349035
2349060
2349159
2349162
2349235
2349329
2349338
2349403
2349469
2349799
2349800
2350328
2350566
2350695
2350697
2350701
2350800
2350919
2351040
2351084
2351107
2351301
2351684
2351809
2351868
2351933
2351978
2352197
2352309
2352318
2352369
2352403
2352507
2352549
2352708
2353101
2353324
2353339
2353357
2353382
2353515
2353561
2353606
2353629
2353673
2353759
2353785
2353800
2353898
2354078
2354141
2354238
2354304
2354355
2354531
2354557
2354652
2354728
2354752
2354779
2355029
2355258
2355474
2355744
2355821
2355921
2355958
2355970
2356101
2356197
2356244
2356269
2356313
2356346
2356654
2356657
2356763
2356836
2356975
2356983
2357135
2357151
2357296
2357377
2357407
2357609
2357644
2357717
2357764
2357787
2357983
2358096
2358141
2358186
2358208
2358221
2358248
2358392
2358453
2358566
2358634
2358682
2358692
2358795
2358804
2358942
2359000
2359064
2359075
2359292
2359327
2359406
2359604
2359629
2359706
2359707
2359726
2359803
2359997
2360249
2360341
2360409
2360518
2360627
2360666
2360678
2360703
2360771
2360866
2360932
2360982
2361035
2361040
2361130
2361155
2361180
2361198
2361253
2361259
2361510
2361529
2361592
2361601
2361607
2361637
2361736
2361791
2361860
2361901
2362027
2362157
2362229
2362267
2362371
2362392
2362438
2362647
2362674
2362680
2362794
2362879
2363000
2363004
2363058
2363089
2363282
2363306
2363347
2363377
2363485
2363534
2363734
2363759
2363821
2363965
2364015
2364066
2364132
2364632
2364822
2364836
2365227
2365281
2365283
2365308
2365639
2365753
2365754
2365825
2365849
2365874
2366173
2366457
2366549
2366658
2367096
2367380
2367427
2367595
2367606
2367695
2367794
2367892
2367992
2368009
2368038
2368079
2368143
2368355
2368783
2368870
2368935
2369015
2369142
2369276
2369352
2369464
2369465
2369560
2369750
2369785
2369793
2369858
2370220
2370243
2370382
2370407
2370490
2370551
2370656
2370776
2370791
2371133
2371148
2371215
2371355
2371399
2371416
2371484
2371530
2371588
2371602
2371611
2371635
2371679
2371734
2371745
2371759
2371849
2371850
2371859
2371985
2372057
2372220
2372330
2372568
2372618
2372774
2372887
2372893
2373243
2373320
2373343
2373391
2373393
2373434
2373603
2373713
2373815
2373918
2373992
2374011
2374026
2374056
2374156
2374271
2374338
2374389
2374513
2374579
2374718
2374744
2374827
2374916
2374929
2375059
2375168
2375327
2375493
2375602
2375707
2375733
2375868
2375870
2376209
2376224
2376230
2376443
2376507
2376537
2376559
2376638
2376653
2376783
2376786
2376812
2376818
2376832
2376913
2376915
2376916
2377099
2377132
2377433
2377454
2377472
2377526
2377572
2377580
2377614
2377653
2377658
2377819
2377827
2377967
2377989
2378056
2378218
2378316
2378324
2378336
2378369
2378394
2378473
2378531
2378560
2378722
2378892
2378937
2378948
2378953
2379239
2379573
2379596
2379602
2379648
2379687
2380020
2380033
2380041
2380133
2380261
2380326
2380334
2380956
2380969
2381057
2381086
2381263
2381277
2381527
2381549
2381616
2381647
2381687
2381714
2381846
2381902
2382146
2382271
2382577
2382660
2382698
2382731
2382780
2382805
2382903
2382906
2382994
2383022
2383215
2383376
2383525
2383566
2383755
2383765
2383832
2383853
2384080
2384102
2384125
2384289
2384327
2384358
2384413
2384438
2384499
2384640
2384692
2384710
2384724
2385139
2385244
2385261
2385432
2385459
2385520
2385595
2385745
2385846
2385873
2385908
2386046
2386180
2386328
2386374
2386384
2386503
2386682
2386832
2387022
2387048
2387063
2387175
2387344
2387550
2387655
2387740
2387804
2387832
2387861
2388012
2388063
2388133
2388160
2388329
2388393
2388446
2388522
2388630
2388639
2388745
2388891
2388998
2389026
2389108
2389217
2389242
2389303
2389377
2389406
2389843
2390000
2390019
2390091
2390200
2390435
2390594
2390619
2390714
2390718
2390929
2391022
2391197
2391341
2391594
2391702
2391824
2391860
2392010
2392300
2392353
2392356
2392360
2392501
2392521
2392605
2392808
2392875
2392964
2393028
2393151
2393173
2393369
2393373
2393599
2393607
2393699
2393724
2393785
2393804
2393848
2393963
2393974
2393999
2394130
2394275
2394312
2394334
2394433
2394648
2394839
2395005
2395093
2395179
2395253
2395383
2395437
2395441
2395583
2395597
2395719
2395830
2396078
2396094
2396177
2396186
2396209
2396216
2396368
2396435
2396674
2396676
2396787
2396950
2396987
2397048
2397195
2397279
2397356
2397460
2397637
2397840
2397934
2398377
2398468
2398469
2398723
2398798
2398843
2398919
2399050
2399076
2399386
2399483
2399571
2399713
2399737
2399936
2399979
2400403
2400426
2400471
2400475
2400511
2400540
2400615
2400778
2400851
2400970
2401116
2401161
2401218
2401250
2401451
2401705
2401850
2401866
2401952
2402037
2402268
2402309
2402330
2402439
2402447
2402483
2402515
2402517
2402541
2402708
2402902
2403148
2403183
2403234
2403328
2403329
2403339
2403361
2403382
2403439
2403511
2403773
2403852
2404017
2404091
2404289
2404372
2404576
2404582
2404734
2404937
2404943
2405130
2405229
2405239
2405240
2405308
2405489
2405575
2405721
2405776
2405983
2406057
2406429
2406600
2406710
2406718
2406846
2407094
2407124
2407153
2407223
2407303
2407566
2407905
2407990
2408008
2408105
2408160
2408303
2408334
2408395
2408631
2408640
2408666
2408715
2408819
2408827
2408918
2408922
2409061
2409144
2409299
2409320
2409346
2409702
2409805
2409841
2409867
2409955
2409961
2410015
2410062
2410155
2410326
2410360
2410393
2410505
2410944
2410988
2411179
2411214
2411226
2411249
2411346
2411371
2411555
2412052
2412081
2412160
2412240
2412273
2412422
2412430
2412542
2412846
2412905
2413177
2413447
2413781
2413787
2413913
2413914
2413965
2414090
2414120
2414221
2414268
2414445
2414488
2414607
2414627
2414645
2414693
2415014
2415105
2415216
2415267
2415472
2415482
2415498
2415558
2415646
2415787
2415834
2415850
2416225
2416289
2416340
2416481
2416493
2416872
2416919
2417105
2417133
2417186
2417193
2417252
2417362
2417547
2417777
2417839
2417959
2418271
2418432
2418467
2418487
2418521
2418526
2418717
2418737
2418817
2419050
2419132
2419202
2419247
2419404
2419432
2419470
2419688
2419829
2419854
2419969
2420027
2420040
2420055
2420169
2420186
2420404
2420431
2420581
2420614
2420841
2421205
2421397
2421575
2421610
2421636
2421656
2421711
2421727
2421820
2421884
2422285
2422288
2422314
2422356
2422369
2422461
2422611
2422695
2422754
2422763
2422826
2422846
2422865
2423069
2423166
2423170
2423349
2423445
2423453
2423475
2423587
2423613
2424106
2424204
2424272
2424306
2424447
2424571
2424741
2424774
2424979
2425103
2425111
2425171
2425437
2425635
2425708
2425775
2425822
2425906
2425991
2426109
2426220
2426274
2426337
2426464
2426671
2426689
2426728
2426733
2426881
2427123
2427220
2427461
2427531
2427658
2427676
2427756
2428000
2428195
2428249
2428250
2428420
2428462
2428469
2428541
2428547
2429036
2429140
2429177
2429290
2429517
2429523
2429533
2429626
2429724
2429768
2429782
2429799
2429853
2430151
2430154
2430756
2430840
2431049
2431111
2431212
2431279
2431405
2431618
2431649
2431711
2431847
2431849
2431866
2432140
2432172
2432182
2432247
2432350
2432470
2432490
2432681
2432784
2433013
2433077
2433150
2433172
2433225
2433332
2433361
2433381
2433417
2433514
2433543
2433664
2433739
2433799
2433815
2433832
2433874
2434125
2434155
2434160
2434258
2434301
2434627
2434804
2435087
2435157
2435168
2435189
2435210
2435253
2435279
2435283
2435332
2435644
2435733
2435743
2435784
2435911
2436166
2436404
2436617
2436633
2436885
2437048
2437133
2437149
2437183
2437199
2437261
2437397
2437414
2437559
2437617
2437737
2438025
2438034
2438137
2438177
2438206
2438394
2438465
2438687
2438855
2438906
2438977
2439016
2439090
2439136
2439186
2439242
2439262
2439367
2439394
2439451
2439730
2439893
2440258
2440372
2440417
2440518
2440574
2440745
2440792
2440796
2440861
2440893
2441083
2441226
2441316
2441418
2441467
2441652
2441713
2441773
2441797
2441853
2441994
2442009
2442040
2442155
2442202
2442255
2442281
2442333
2442429
2442482
2442499
2442610
2442920
2443079
2443176
2443192
2443240
2443426
2443467
2443477
2443486
2443510
2443584
2443744
2444270
2444368
2444433
2444492
2444535
2444734
2444740
2444830
2445053
2445093
2445349
2445426
2445538
2445568
2445716
2445772
2445892
2445915
2446165
2446335
2446428
2446682
2446716
2446735
2446751
2446851
2446995
2447021
2447023
2447046
2447304
2447368
2447544
2447696
2447725
2447911
2447946
2448055
2448176
2448380
2448450
2448514
2448611
2448701
2448961
2449090
2449200
2449315
2449322
2449521
2449573
2449651
2449800
2449824
2449838
2450076
2450237
2450291
2450300
2450509
2450947
2451160
2451220
2451283
2451293
2451332
2451359
2451467
2451490
2451723
2451774
2451848
2452038
2452198
2452756
2452813
2452982
2453082
2453107
2453246
2453442
2453452
2453468
2453557
2453606
2453713
2453960
2454003
2454195
2454509
2454862
2454885
2455003
2455020
2455176
2455225
2455503
2455527
2455870
2455992
2455994
2456323
2456466
2456506
2456635
2456652
2456660
2456824
2456926
2457165
2457277
2457381
2457461
2457497
2457678
2457722
2457766
2457774
2457967
2457995
2458126
2458300
2458603
2458658
2458695
2458699
2458708
2458755
2458832
2458857
2459107
2459253
2459328
2459356
2459406
2459559
2459638
2459745
2459753
2459760
2459951
2459973
2460003
2460150
2460153
2460174
2460262
2460316
2460898
2460905
2460924
2460948
2461185
2461317
2461333
2461593
2461642
2461675
2461797
2461889
2461908
2461968
2462001
2462039
2462063
2462085
2462641
2462796
2462871
2463019
2463038
2463256
2463285
2463356
2463532
2463610
2463869
2463891
2463932
2463941
2463987
2464073
2464162
2464296
2464304
2464349
2464389
2464422
2464494
2464573
2464602
2465107
2465692
2465997
2466017
2466041
2466349
2466394
2466629
2466780
2466790
2466840
2466995
2467088
2467238
2467548
2467651
2467652
2467699
2467895
2468082
2468179
2468190
2468197
2468361
2468392
2468450
2468560
2468580
2468592
2468757
2468859
2468978
2469063
2469105
2469376
2469451
2469600
2469688
2469728
2469938
2470026
2470125
2470148
2470175
2470288
2470317
2470542
2470569
2470633
2470780
2470821
2470860
2470977
2471084
2471111
2471172
2471232
2471253
2471319
2471370
2471428
2471564
2471620
2471987
2472026
2472100
2472189
2472192
2472237
2472292
2472414
2472421
2472527
2472567
2472743
2472747
2472806
2472836
2473079
2473113
2473294
2473331
2473354
2473387
2473460
2473486
2473507
2473513
2473703
2473761
2474218
2474414
2474488
2474648
2474658
2474661
2474671
2474774
2474873
2474896
2474935
2474956
2475063
2475068
2475435
2475502
2475548
2475569
2475638
2475732
2475740
2475836
2476114
2476369
2476408
2476550
2476564
2476873
2476907
2477096
2477212
2477314
2477463
2477610
2477632
2477658
2477805
2477824
2477910
2477943
2478062
2478196
2478269
2478300
2478381
2478540
2478623
2478727
2478813
2478954
2478986
2478995
2479117
2479150
2479193
2479214
2479259
2479264
2479340
2479445
2479529
2479617
2479702
2479770
2479789
2479919
2479952
2480008
2480045
2480049
2480143
2480382
2480833
2480985
2481016
2481053
2481086
2481171
2481234
2481300
2481356
2481396
2481445
2481590
2481667
2482081
2482092
2482120
2482132
2482256
2482342
2482523
2482557
2482628
2482646
2482688
2482740
2482864
2483052
2483102
2483192
2483236
2483290
2483430
2483526
2483601
2483669
2483881
2483929
2483964
2484191
2484210
2484424
2484601
2484929
2485046
2485244
2485367
2485442
2485716
2485798
2485807
2485821
2485842
2485914
2486219
2486377
2486379
2486653
2486839
2486853
2487325
2487326
2487555
2487739
2487789
2488203
2488342
2488425
2488460
2488628
2488634
2488697
2488704
2488991
2489044
2489124
2489190
2489431
2489477
2489483
2489503
2489552
2489610
2489678
2489714
2489781
2489966
2490034
2490071
2490099
2490325
2490407
2490596
2490769
2491173
2491368
2491451
2491461
2491564
2491595
2491649
2491672
2491686
2491736
2491753
2492065
2492103
2492151
2492197
2492288
2492296
2492388
2492539
2492562
2492573
2492666
2492785
2492884
2492894
2492938
2493017
2493048
2493176
2493203
2493235
2493299
2493351
2493443
2493523
2493621
2493647
2493673
2493689
2493708
2493814
2493844
2493865
2493919
2494007
2494008
2494146
2494159
2494285
2494721
2494836
2494972
2495018
2495094
2495122
2495139
2495209
2495761
2495890
2495920
2495944
2496342
2496372
2496382
2496387
2496391
2496440
2496583
2496717
2496720
2496733
2497034
2497284
2497301
2497360
2497816
2498049
2498081
2498085
2498115
2498140
2498354
2498655
2498678
2498712
2498761
2498790
2498809
2498812
2499000
2499027
2499028
2499169
2499185
2499200
2499213
2499226
2499261
2499296
2499450
2499513
2499589
2499627
2499729
2499757
2499929
2500010
2500039
2500184
2500185
2500233
2500297
2500349
2500567
2500656
2500715
2500753
2501378
2501388
2501420
2501448
2501487
2501542
2501901
2502061
2502229
2502367
2502581
2502653
2502745
2502823
2502908
2503036
2503120
2503192
2503254
2503367
2503418
2503436
2503452
2503456
2503745
2503748
2503754
2503824
2503843
2503866
2503974
2503994
2504019
2504101
2504296
2504386
2504388
2504521
2504698
2504700
2504777
2504880
2504920
2504994
2505186
2505288
2505291
2505380
2505468
2505608
2505690
2505796
2506135
2506140
2506246
2506425
2506651
2506745
2506807
2506902
2506965
2506971
2507066
2507248
2507272
2507330
2507382
2507457
2507684
2507771
2507839
2507938
2507958
2508082
2508174
2508208
2508214
2508522
2508613
2508712
2508754
2508919
2509000
2509104
2509119
2509220
2509443
2509536
2509558
2509644
2510019
2510061
2510155
2510157
2510280
2510404
2510470
2510581
2510684
2510742
2510768
2510769
2510869
2510985
2510990
2511021
2511031
2511065
2511199
2511322
2511364
2511614
2511627
2511735
2511816
2511838
2511843
2511870
2511883
2512043
2512199
2512397
2512415
2512614
2512661
2512717
2512811
2512904
2513010
2513078
2513160
2513176
2513552
2513725
2513749
2513827
2513896
2514053
2514105
2514200
2514286
2514328
2514361
2514749
2514761
2514826
2514828
2514901
2514954
2515004
2515171
2515191
2515332
2515396
2515729
2515737
2515763
2515887
2515949
2516508
2516728
2516836
2516845
2516905
2516968
2517151
2517173
2517192
2517242
2517254
2517354
2517358
2517534
2517639
2517643
2517796
2517835
2517881
2517945
2517985
2518002
2518067
2518087
2518143
2518191
2518208
2518463
2518731
2518765
2518851
2518914
2519066
2519126
2519143
2519283
2519616
2519714
2519884
2519917
2520163
2520273
2520317
2520403
2520509
2520615
2520711
2520838
2521187
2521383
2521511
2521576
2521691
2521790
2521792
2521835
2522215
2522254
2522283
2522295
2522438
2522637
2522729
2522748
2522767
2522845
2522969
2523029
2523050
2523078
2523183
2523247
2523268
2523558
2523621
2523834
2523914
2524451
2524452
2524512
2524777
2524885
2524903
2524938
2525044
2525076
2525308
2525342
2525628
2525672
2525681
2525687
2525773
2526003
2526056
2526084
2526267
2526449
2526697
2526712
2526736
2526849
2526985
2526996
2527006
2527304
2527372
2527377
2527698
2527828
2527911
2528045
2528052
2528140
2528175
2528191
2528267
2528325
2528570
2528760
2528827
2528906
2528952
2529053
2529080
2529124
2529125
2529606
2529642
2529744
2530270
2530293
2530344
2530518
2530580
2530604
2530809
2530904
2531028
2531152
2531154
2531328
2531382
2531422
2531455
2531523
2531839
2531940
2532110
2532214
2532262
2532314
2532474
2532485
2532555
2532632
2532644
2532798
2532881
2533488
2533489
2533709
2533751
2533764
2533854
2533857
2534008
2534113
2534174
2534180
2534208
2534386
2534399
2534543
2534649
2534695
2534947
2535059
2535074
2535087
2535328
2535496
2535500
2535547
2535551
2535634
2535788
2535909
2535934
2536024
2536078
2536095
2536184
2536188
2536318
2536352
2536972
2537113
2537181
2537243
2537322
2537501
2537509
2537531
2537599
2537801
2537932
2538073
2538342
2538486
2538491
2538549
2538579
2538924
2538967
2539041
2539044
2539194
2539196
2539272
2539422
2539425
2539428
2539514
2539588
2539593
2539636
2539667
2539706
2539743
2539800
2539860
2539937
2539981
2540061
2540116
2540265
2540389
2540502
2540594
2540625
2540709
2540844
2540849
2541191
2541254
2541449
2541821
2541974
2542124
2542147
2542284
2542382
2542412
2542507
2542565
2542616
2542770
2542799
2542831
2542921
2543040
2543171
2543500
2543551
2543606
2543614
2543843
2544001
2544009
2544031
2544038
2544205
2544242
2544317
2544364
2544396
2544416
2544537
2544610
2544658
2544843
2544887
2544898
2544925
2545115
2545152
2545174
2545240
2545352
2545415
2545556
2545727
2545825
2545879
2545972
2546111
2546156
2546251
2546298
2546321
2546422
2546528
2546569
2546710
2546928
2547034
2547076
2547369
2547452
2547454
2547556
2547579
2547585
2547641
2547783
2548056
2548201
2548215
2548252
2548305
2548501
2548654
2549031
2549058
2549198
2549213
2549222
2549416
2549459
2549510
2549544
2549655
2549670
2549789
2549852
2549937
2550080
2550124
2550277
2550323
2550420
2550525
2550534
2550536
2550608
2550635
2550817
2550993
2551437
2551543
2551556
2551903
2551906
2551915
2552021
2552136
2552325
2552426
2552564
2552599
2552641
2552751
2552996
2553030
2553032
2553286
2553301
2553325
2553406
2553491
2553581
2553593
2553618
2553842
2553859
2553925
2554033
2554104
2554156
2554182
2554274
2554312
2554392
2554429
2554432
2554438
2554558
2554599
2554635
2554669
2555068
2555089
2555266
2555381
2555688
2555805
2555815
2555824
2555826
2555929
2555942
2555994
2555997
2556085
2556182
2556254
2556272
2556551
2556585
2556635
2556636
2556641
2556707
2556730
2556763
2556871
2556923
2556951
2556957
2557039
2557066
2557213
2557220
2557449
2557557
2557689
2557894
2557958
2558189
2558330
2558453
2558518
2558524
2558536
2558979
2559036
2559048
2559253
2559706
2559959
2560081
2560141
2560268
2560283
2560348
2560718
2560856
2560920
2560963
2561163
2561378
2561480
2561497
2561552
2561594
2561626
2561787
2561896
2561918
2561947
2562057
2562172
2562193
2562257
2562368
2562495
2562618
2562705
2562721
2562753
2562815
2562845
2562930
2562992
2563191
2563338
2563410
2563536
2563646
2563722
2564045
2564094
2564217
2564251
2564270
2564290
2564507
2564729
2564838
2564852
2564905
2564988
2565038
2565504
2565615
2565826
2565908
2566062
2566091
2566438
2566569
2566756
2566765
2567173
2567284
2567530
2567643
2567729
2568020
2568032
2568267
2568433
2568550
2568892
2569046
2569067
2569105
2569227
2569308
2569407
2569483
2569548
2569617
2569766
2569789
2569857
2569879
2569908
2570027
2570072
2570121
2570131
2570132
2570204
2570227
2570240
2570495
2570595
2570708
2570811
2571134
2571246
2571355
2571587
2571620
2571773
2571808
2571860
2571944
2572022
2572249
2572267
2572373
2572450
2573008
2573020
2573082
2573199
2573211
2573276
2573440
2573667
2573698
2573789
2573901
2574031
2574192
2574201
2574265
2574343
2574400
2574403
2574710
2574952
2574962
2574997
2575047
2575097
2575158
2575237
2575243
2575441
2575480
2575749
2575759
2575791
2575986
2576306
2576367
2576374
2576390
2576595
2576628
2576811
2577164
2577182
2577539
2577576
2577642
2577664
2577881
2578036
2578153
2578194
2578265
2578511
2578551
2578552
2578563
2578628
2578640
2578673
2578707
2578714
2578837
2579145
2579154
2579324
2579573
2579714
2579750
2579924
2579938
2580131
2580163
2580185
2580694
2580943
2580953
2581014
2581048
2581052
2581058
2581099
2581182
2581318
2581378
2581397
2581490
2581726
2581735
2582118
2582160
2582261
2582270
2582322
2582323
2582387
2582502
2582508
2582664
2583052
2583091
2583138
2583165
2583194
2583206
2583387
2583415
2583460
2583553
2583673
2583691
2583779
2583794
2583920
2583930
2584030
2584093
2584107
2584138
2584201
2584300
2584329
2584462
2584650
2584820
2584996
2585029
2585136
2585154
2585301
2585589
2585615
2585627
2585636
2585773
2585824
2585870
2585882
2585897
2585930
2585950
2586005
2586094
2586212
2586400
2586439
2586464
2586500
2586532
2586563
2586564
2586622
2586645
2586700
2586703
2586728
2586761
2586871
2586950
2587171
2587182
2587398
2587445
2587505
2587567
2587621
2587735
2587909
2587917
2587931
2587987
2588010
2588068
2588093
2588109
2588175
2588336
2588410
2588439
2588652
2588711
2588769
2589029
2589058
2589277
2589358
2589542
2589576
2589728
2589751
2589815
2590656
2590798
2590801
2590809
2591066
2591094
2591247
2591294
2591307
2591778
2591784
2591795
2591804
2592035
2592071
2592303
2592332
2592464
2592688
2592702
2592759
2592921
2592928
2592971
2592974
2592999
2593001
2593036
2593080
2593123
2593179
2593279
2593296
2593308
2593415
2593417
2593448
2593489
2593660
2593718
2593993
2594111
2594178
2594239
2594410
2594533
2594612
2594682
2594740
2594882
2594884
2594951
2595166
2595205
2595219
2595236
2595528
2595598
2595683
2595810
2595845
2595862
2595920
2595941
2596062
2596066
2596185
2596356
2596386
2596406
2596466
2596517
2596571
2596606
2596615
2596701
2596753
2596904
2596943
2596991
2597049
2597059
2597208
2597713
2597774
2597886
2597905
2598135
2598162
2598174
2598197
2598554
2598801
2598818
2598835
2598967
2599059
2599167
2599239
2599531
2599548
2599741
2599967
2600015
2600022
2600116
2600200
2600333
2600423
2600427
2600437
2600482
2600528
2600655
2600666
2600753
2600857
2600879
2600895
2600985
2601089
2601120
2601196
2601349
2601371
2601528
2601637
2601779
2601881
2601944
2602504
2602603
2602738
2602752
2602792
2603000
2603200
2603249
2603380
2603683
2603872
2604144
2604164
2604239
2604390
2604412
2604540
2604669
2604706
2604744
2604755
2604756
2604828
2604875
2604973
2605071
2605240
2605303
2605308
2605380
2605402
2605436
2605508
2605524
2605682
2605709
2605857
2605866
2605896
2606037
2606044
2606610
2606795
2606870
2606910
2606949
2606985
2607216
2607275
2607348
2607356
2607424
2607483
2607555
2607983
2608209
2608321
2608479
2608513
2608640
2608710
2608728
2608842
2609008
2609207
2609331
2609434
2609477
2609539
2609561
2609606
2609650
2609726
2609773
2609882
2609886
2609931
2609959
2609965
2610008
2610095
2610197
2610332
2610334
2610403
2610506
2610695
2610866
2610929
2610976
2611044
2611063
2611230
2611345
2611449
2611476
2611522
2611593
2612040
2612188
2612205
2612232
2612283
2612428
2612443
2612506
2612902
2613043
2613190
2613245
2613325
2613642
2613791
2614036
2614368
2614377
2614517
2614526
2614719
2614750
2614824
2614845
2614865
2614897
2615151
2615179
2615206
2615226
2615278
2615355
2615366
2615576
2615723
2615725
2616054
2616077
2616132
2616177
2616278
2616291
2616534
2616757
2616808
2616957
2616962
2617014
2617098
2617171
2617462
2617910
2617984
2618030
2618063
2618139
2618165
2618252
2618261
2618291
2618293
2618519
2618614
2618628
2618679
2618852
2618941
2618985
2619039
2619042
2619299
2619469
2619561
2619570
2619587
2619652
2619738
2619989
2620009
2620107
2620364
2620544
2620592
2620597
2620736
2620757
2620770
2620785
2620885
2621025
2621216
2621296
2621335
2621405
2621535
2621576
2621681
2621744
2621766
2621790
2621813
2621838
2622008
2622039
2622255
2622338
2622443
2622448
2622462
2622511
2622515
2622599
2622672
2622793
2622869
2623057
2623110
2623187
2623491
2623494
2623644
2623699
2623726
2623750
2623796
2624020
2624265
2624319
2624345
2624356
2624399
2624423
2624468
2624619
2624667
2624710
2624846
2625189
2625209
2625266
2625378
2625471
2625551
2625742
2625818
2625954
2626067
2626153
2626181
2626289
2626317
2626353
2626573
2626648
2626848
2626899
2627051
2627194
2627221
2627379
2627501
2627549
2627551
2627555
2627682
2627758
2628088
2628128
2628138
2628221
2628298
2628387
2628520
2628677
2628850
2629314
2629316
2629362
2629445
2629508
2629527
2629907
2630034
2630064
2630083
2630201
2630230
2630266
2630313
2630379
2630384
2630468
2630667
2630678
2630819
2630837
2630903
2630950
2631072
2631108
2631333
2631410
2631527
2631549
2631575
2631670
2631910
2631966
2631976
2631979
2632108
2632149
2632157
2632201
2632336
2632349
2632439
2632552
2632712
2632804
2633108
2633158
2633173
2633253
2633281
2633390
2633416
2633482
2633504
2633591
2633660
2633716
2633739
2633791
2633903
2633924
2634022
2634041
2634063
2634111
2634193
2634529
2634568
2634592
2634617
2634732
2634843
2634911
2634964
2634980
2635194
2635195
2635213
2635332
2635602
2635636
2635644
2635764
2635888
2635975
2636016
2636231
2636248
2636485
2636707
2636967
2637136
2637152
2637534
2637555
2637613
2637735
2637826
2638012
2638060
2638077
2638153
2638453
2638700
2638763
2638790
2638806
2639017
2639223
2639282
2639446
2639564
2639612
2639626
2639701
2639759
2639760
2640018
2640019
2640148
2640540
2640633
2640686
2640755
2640810
2640889
2640899
2640954
2641118
2641282
2641421
2641461
2641484
2641494
2641536
2641979
2642035
2642121
2642344
2642358
2642476
2642499
2642502
2642737
2642987
2643252
2643272
2643593
2643608
2643673
2643709
2643926
2643938
2644047
2644131
2644334
2644347
2644409
2644550
2644820
2644828
2644930
2644932
2645121
2645228
2645235
2645398
2645399
2645444
2645467
2645483
2645608
2645609
2645655
2645723
2645741
2645868
2646009
2646021
2646108
2646355
2646482
2646551
2646552
2646630
2646646
2646667
2646893
2647164
2647269
2647362
2647418
2647493
2647534
2647628
2647639
2647705
2647821
2647865
2647904
2647964
2647982
2648214
2648432
2648501
2648583
2648698
2648841
2649133
2649151
2649267
2649366
2649367
2649476
2649503
2649653
2649663
2649671
2649801
2649811
2649846
2649849
2649973
2649991
2650015
2650024
2650391
2650522
2650523
2650636
2650861
2651178
2651204
2651430
2651565
2651604
2651861
2652054
2652135
2652149
2652349
2652392
2652447
2652450
2652782
2653054
2653100
2653244
2653446
2653578
2653695
2653705
2653760
2654177
2654227
2654252
2654469
2654556
2654683
2654684
2654688
2654779
2655234
2655374
2655501
2655504
2655627
2655761
2655793
2655874
2655998
2656077
2656107
2656233
2656453
2656470
2656481
2656490
2656601
2656630
2656687
2656764
2656795
2656814
2656853
2656930
2657144
2657234
2657278
2657314
2657425
2657644
2657896
2658100
2658141
2658187
2658243
2658314
2658372
2658543
2658658
2659063
2659124
2659305
2659413
2659732
2659852
2659975
2660070
2660131
2660194
2660212
2660245
2660746
2660785
2660840
2660906
2660949
2660952
2660958
2661058
2661163
2661235
2661548
2661549
2661573
2661989
2662134
2662166
2662318
2662420
2662503
2662793
2662835
2663146
2663319
2663333
2663358
2663379
2663391
2663444
2663468
2663564
2663624
2663703
2663750
2663789
2663876
2663907
2663973
2664338
2664447
2664700
2664856
2664886
2664984
2665065
2665494
2665636
2665701
2665708
2665861
2665975
2666013
2666015
2666096
2666105
2666156
2666299
2666335
2666354
2666396
2666440
2666472
2666514
2666534
2666799
2667022
2667053
2667115
2667199
2667220
2667419
2667697
2667872
2667917
2667979
2668171
2668253
2668403
2668413
2668415
2668469
2668559
2668572
2668591
2668696
2668719
2668732
2668773
2669191
2669272
2669400
2669411
2669542
2669548
2669613
2669853
2670110
2670217
2670226
2670488
2670584
2670591
2670798
2670802
2670809
2670815
2670819
2670896
2671031
2671053
2671115
2671185
2671220
2671224
2671238
2671307
2671308
2671484
2671536
2671551
2671686
2671711
2671774
2671838
2671890
2672000
2672049
2672181
2672219
2672291
2672459
2672467
2672603
2672704
2672979
2673110
2673181
2673208
2673296
2673316
2673322
2673403
2673591
2673620
2673657
2673793
2673963
2674211
2674736
2674757
2675009
2675028
2675135
2675188
2675223
2675343
2675356
2675468
2675517
2675623
2675681
2675737
2675751
2675783
2675796
2675897
2676026
2676031
2676249
2676255
2676465
2676594
2676787
2676790
2676933
2676989
2677027
2677087
2677386
2677409
2677506
2677686
2677814
2677902
2677962
2678002
2678051
2678059
2678062
2678133
2678376
2678466
2678638
2678648
2678970
2679037
2679185
2679315
2679491
2679593
2679603
2679651
2679695
2679707
2679781
2679886
2679963
2680038
2680152
2680258
2680321
2680477
2680486
2680726
2680952
2681002
2681096
2681120
2681207
2681217
2681345
2681473
2681525
2681603
2681828
2681852
2681873
2682060
2682061
2682075
2682273
2682290
2682613
2682671
2682694
2682828
2682839
2682903
2683022
2683214
2683397
2683655
2683720
2683911
2683920
2683970
2683996
2684001
2684052
2684068
2684131
2684234
2684325
2684376
2684405
2684581
2684656
2684708
2684740
2684813
2684836
2684897
2684905
2684980
2685083
2685211
2685240
2685245
2685447
2685450
2685513
2685540
2685663
2685872
2685890
2685912
2686068
2686124
2686160
2686287
2686324
2686370
2686384
2686387
2686610
2686631
2686744
2686753
2686884
2686912
2686983
2686989
2687033
2687135
2687155
2687227
2687329
2687342
2687551
2687579
2687651
2687753
2687840
2688092
2688166
2688301
2688510
2688593
2688598
2688759
2688786
2689449
2689582
2689591
2689594
2689597
2689600
2689602
2689667
2689700
2689728
2689758
2689820
2689948
2690055
2690114
2690116
2690177
2690206
2690523
2690529
2690622
2690713
2690994
2691106
2691341
2691366
2691735
2691922
2691965
2691993
2692038
2692043
2692134
2692237
2692391
2692680
2692741
2693284
2693317
2693332
2693536
2693557
2693673
2693705
2694157
2694288
2694370
2694664
2695052
2695333
2695375
2695389
2695403
2695732
2695764
2695916
2696149
2696178
2696228
2696372
2696585
2696632
2696717
2696736
2696865
2697160
2697180
2697376
2697589
2697606
2697692
2697911
2697922
2698193
2698215
2698239
2698245
2698284
2698440
2698512
2698802
2699179
2699181
2699257
2699352
2699398
2699453
2699529
2699550
2699752
2699938
2699948
2699983
2700042
2700047
2700106
2700115
2700143
2700251
2700366
2700550
2700658
2700781
2700844
2701014
2701025
2701028
2701095
2701118
2701531
2701550
2701689
2701800
2701912
2701920
2701945
2701992
2702047
2702203
2702473
2702570
2702775
2702847
2702870
2702922
2703073
2703231
2703298
2703481
2704144
2704206
2704218
2704286
2704319
2704402
2704595
2704608
2704659
2704808
2704873
2704989
2705014
2705263
2705405
2705563
2706017
2706058
2706061
2706235
2706422
2706507
2706584
2706643
2706725
2706755
2706779
2706790
2706798
2707031
2707042
2707100
2707208
2707257
2707281
2707365
2707494
2707604
2707795
2707866
2707912
2707956
2708034
2708116
2708178
2708286
2708302
2708709
2708745
2708933
2709019
2709058
2709132
2709133
2709300
2709626
2709721
2709770
2709796
2709865
2709945
2709989
2710310
2710319
2710343
2710352
2710465
2710555
2710559
2710627
2710727
2710895
2711123
2711161
2711208
2711379
2711456
2711462
2711704
2711894
2711949
2712051
2712166
2712287
2712555
2712737
2712746
2712776
2712799
2712862
2712941
2713252
2713273
2713326
2713494
2713768
2713827
2713858
2713939
2714180
2714390
2714461
2714471
2714494
2714538
2714559
2714568
2714601
2714624
2714657
2714733
2715044
2715129
2715145
2715204
2715365
2715486
2715584
2715665
2715801
2715949
2715983
2715997
2716200
2716216
2716423
2716774
2716817
2716822
2717088
2717134
2717290
2717339
2717354
2717471
2717549
2717563
2717691
2717830
2717833
2717869
2717900
2718108
2718197
2718305
2718330
2718341
2718518
2718763
2718818
2718863
2718884
2719366
2719411
2719471
2719532
2719631
2719648
2719699
2719729
2719737
2719990
2719991
2720022
2720293
2720326
2720379
2720451
2720616
2720640
2720846
2721158
2721229
2721284
2721304
2721507
2721550
2721685
2721719
2721851
2721966
2722056
2722160
2722426
2722491
2722564
2722598
2722606
2722724
2722773
2722810
2723046
2723047
2723148
2723418
2723493
2723527
2723633
2723988
2724059
2724123
2724158
2724162
2724178
2724268
2724511
2724544
2724721
2724863
2724871
2725001
2725015
2725100
2725376
2725382
2725441
2725444
2725462
2725607
2725695
2725972
2725994
2726029
2726201
2726243
2726327
2726331
2726425
2726525
2726721
2726986
2727093
2727117
2727274
2727283
2727370
2727387
2727688
2727728
2727935
2728057
2728089
2728392
2728545
2728725
2728882
2728895
2728923
2728933
2729089
2729160
2729298
2729352
2729528
2729573
2729706
2729968
2730074
2730224
2730237
2730418
2730427
2730643
2730666
2730673
2730679
2730735
2730883
2731154
2731222
2731440
2731904
2731907
2732023
2732048
2732078
2732123
2732325
2732654
2732723
2732729
2732871
2733001
2733026
2733085
2733132
2733157
2733169
2733300
2733321
2733417
2733439
2733615
2733691
2733931
2733942
2734408
2734492
2734506
2734765
2734828
2734843
2734959
2735175
2735270
2735306
2735319
2735373
2735428
2735660
2735836
2735896
2735944
2736064
2736090
2736182
2736201
2736271
2736282
2736470
2736522
2736881
2737109
2737166
2737297
2737590
2737737
2737794
2737845
2737911
2737930
2738232
2738287
2738326
2738337
2738535
2738562
2738588
2738622
2738662
2738798
2738993
2739207
2739338
2739533
2739588
2739867
2739873
2740044
2740120
2740147
2740150
2740376
2740422
2740427
2740542
2740598
2740628
2740667
2740755
2740840
2740885
2740903
2740960
2741023
2741090
2741108
2741147
2741253
2741438
2741507
2741549
2741742
2741808
2741831
2741909
2741953
2742192
2742236
2742508
2742610
2743058
2743303
2743388
2743411
2743507
2743537
2743597
2743612
2743625
2743713
2743794
2743909
2743996
2744177
2744398
2744403
2744482
2744485
2744493
2744535
2744581
2744607
2744733
2744763
2744839
2744941
2745126
2745204
2745212
2745284
2745329
2745437
2745603
2745884
2746051
2746125
2746323
2746334
2746337
2746622
2746742
2746863
2747132
2747397
2747511
2747534
2747684
2747782
2747879
2747945
2748049
2748191
2748387
2748556
2748597
2748655
2748871
2749013
2749027
2749046
2749208
2749216
2749573
2749647
2749697
2749908
2750233
2750349
2750425
2750497
2750518
2750592
2750607
2750627
2750671
2750775
2750815
2750850
2750882
2751054
2751245
2751363
2751699
2751892
2751896
2751899
2751906
2752086
2752186
2752512
2752552
2752659
2752831
2752984
2753077
2753105
2753307
2753418
2753529
2753622
2753664
2753696
2753830
2753883
2754020
2754070
2754127
2754135
2754282
2754303
2754323
2754468
2754469
2754594
2754738
2754757
2754895
2755130
2755132
2755177
2755204
2755362
2755459
2755581
2755769
2755810
2755921
2755930
2756040
2756041
2756063
2756096
2756232
2756368
2756401
2756583
2756910
2757008
2757365
2757404
2757565
2757622
2757692
2757754
2757794
2757814
2757866
2757980
2758055
2758155
2758261
2758535
2758546
2758732
2758739
2758751
2758975
2759489
2759542
2759585
2760142
2760193
2760251
2760397
2760410
2760475
2760560
2760597
2760816
2760846
2761100
2761308
2761342
2761346
2761351
2761369
2761387
2761611
2761639
2761689
2761697
2761930
2761979
2761993
2762106
2762110
2762152
2762273
2762487
2762518
2762665
2762900
2762984
2763026
2763038
2763156
2763239
2763335
2763470
2763597
2763744
2763756
2763779
2763786
2763853
2763893
2763919
2763927
2763949
2764040
2764314
2764318
2764568
2764732
2765135
2765193
2765293
2765467
2765541
2765581
2765628
2765636
2765816
2766121
2766132
2766252
2766286
2766425
2766469
2766710
2766716
2766822
2766839
2766913
2766964
2767557
2767589
2767605
2767712
2767799
2767919
2767969
2768019
2768187
2768193
2768343
2768361
2768391
2768486
2768717
2768794
2768969
2768991
2769025
2769205
2769232
2769290
2769345
2769547
2769628
2769803
2769851
2770031
2770138
2770261
2770370
2770428
2770430
2770463
2770489
2770635
2770699
2770757
2771048
2771094
2771126
2771343
2771491
2771505
2771635
2771786
2771871
2771899
2771957
2771969
2772390
2772506
2772557
2772819
2773080
2773158
2773271
2773281
2773321
2773462
2773586
2773909
2773936
2773962
2773979
2774053
2774103
2774182
2774689
2774829
2774879
2774886
2774944
2775009
2775016
2775092
2775142
2775178
2775197
2775217
2775358
2775364
2775525
2775805
2775922
2776007
2776250
2776586
2776760
2776850
2776934
2777050
2777148
2777286
2777335
2777595
2777598
2777683
2777860
2777945
2778052
2778181
2778191
2778320
2778324
2778372
2778380
2778404
2778454
2778554
2778711
2778714
2778760
2778833
2778839
2778902
2779020
2779093
2779120
2779198
2779247
2779281
2779539
2779844
2779883
2779939
2779959
2779997
2779999
2780266
2780269
2780683
2780716
2780762
2780812
2780888
2781050
2781335
2781420
2781529
2781625
2781872
2782003
2782058
2782061
2782239
2782256
2782382
2782393
2782599
2782807
2782891
2782950
2783406
2783651
2783722
2783786
2783829
2783903
2784012
2784092
2784101
2784106
2784127
2784400
2784504
2784505
2784517
2784695
2784709
2784969
2785047
2785111
2785349
2785380
2785545
2785792
2785875
2785892
2786017
2786215
2786411
2786524
2786557
2786691
2786712
2786787
2786816
2786969
2787097
2787123
2787134
2787170
2787201
2787226
2787597
2787770
2787980
2788033
2788035
2788171
2788191
2788216
2788283
2788299
2788316
2788322
2788395
2788447
2788542
2788630
2788703
2788778
2789120
2789151
2789161
2789483
2790097
2790188
2790237
2790392
2790411
2790514
2790611
2790689
2790695
2790696
2790745
2790859
2790920
2790958
2791018
2791109
2791137
2791303
2791341
2791411
2791472
2791487
2791492
2791526
2791562
2791582
2791618
2791745
2791930
2792044
2792054
2792143
2792358
2792369
2792503
2792630
2792709
2792713
2792716
2792865
2792869
2793032
2793128
2793181
2793306
2793340
2793401
2793657
2793785
2793800
2793819
2793996
2794447
2794477
2794653
2794948
2795098
2795210
2795273
2795540
2795567
2795624
2795663
2795835
2795846
2796145
2796166
2796179
2796405
2796588
2796771
2797056
2797073
2797337
2797398
2797632
2797649
2797651
2797658
2797723
2797952
2798082
2798207
2798215
2798423
2798595
2798617
2798746
2798881
2798886
2799030
2799082
2799179
2799425
2799477
2799531
2799538
2799611
2799780
2799805
2799814
2799906
2800042
2800045
2800108
2800292
2800406
2800451
2800518
2800519
2800706
2800715
2800728
2800740
2801073
2801173
2801576
2801760
2801766
2801816
2801870
2801999
2802068
2802133
2802174
2802428
2802522
2802571
2802587
2802602
2802665
2802938
2803056
2803110
2803246
2803279
2803310
2803321
2803392
2803789
2804005
2804075
2804123
2804559
2804693
2804755
2804769
2804826
2804879
2805111
2805274
2805415
2805479
2805489
2805497
2805539
2805553
2805798
2805851
2805897
2805973
2806047
2806065
2806119
2806405
2806547
2806907
2807033
2807075
2807132
2807215
2807414
2807665
2807671
2807694
2807840
2807896
2807947
2808004
2808155
2808159
2808198
2808253
2808259
2808388
2808393
2808418
2808491
2808649
2808691
2809068
2809407
2809588
2809601
2809616
2809795
2809837
2809849
2809884
2809967
2810081
2810119
2810310
2810320
2810555
2810569
2810620
2810908
2811220
2811335
2811450
2811463
2811508
2811643
2811691
2811782
2811868
2812022
2812604
2812671
2812733
2812861
2812961
2812988
2813045
2813192
2813270
2813307
2813684
2813689
2813753
2813829
2813903
2814007
2814022
2814063
2814291
2814308
2814324
2814446
2814626
2814647
2814759
2814761
2814853
2814935
2815007
2815034
2815074
2815092
2815280
2815291
2815529
2815593
2815615
2815621
2815635
2815714
2815894
2816029
2816230
2816286
2816458
2816575
2816607
2816672
2816683
2816770
2816964
2817144
2817213
2817224
2817316
2817334
2817684
2817733
2817745
2817808
2817927
2818163
2818391
2818423
2818529
2818616
2818753
2818762
2818789
2818861
2818865
2818879
2819072
2819106
2819192
2819425
2819458
2819499
2819640
2819932
2820056
2820107
2820239
2820439
2820596
2820608
2820798
2820979
2821058
2821106
2821189
2821306
2821467
2821719
2821720
2821731
2821761
2821858
2821882
2821922
2822078
2822193
2822199
2822219
2822234
2822259
2822312
2822434
2822492
2822569
2822593
2822741
2822907
2823299
2823446
2823464
2823521
2823586
2823829
2823861
2823938
2824153
2824224
2824277
2824583
2824614
2824655
2824818
2824870
2824895
2824903
2824944
2824975
2825017
2825056
2825074
2825261
2825278
2825285
2825308
2825325
2825424
2825669
2825856
2826036
2826178
2826222
2826243
2826597
2826766
2826867
2826904
2826969
2827009
2827162
2827180
2827436
2827445
2827486
2827490
2827503
2827616
2827659
2827685
2827761
2827821
2827838
2827901
2827921
2827969
2828115
2828162
2828277
2828400
2828643
2828646
2828735
2829240
2829248
2829301
2829377
2829594
2829783
2829896
2829976
2830048
2830208
2830317
2830705
2830726
2830773
2831022
2831179
2831255
2831272
2831396
2831402
2831418
2831475
2831502
2831541
2831554
2831672
2831722
2831840
2831926
2832054
2832100
2832174
2832308
2832340
2832378
2832531
2832631
2832785
2832873
2832938
2832999
2833081
2833112
2833240
2833249
2833452
2833610
2833703
2834187
2834398
2834436
2834568
2834711
2834716
2834776
2834832
2834946
2835041
2835047
2835080
2835093
2835485
2835729
2835890
2836092
2836195
2836259
2836338
2836358
2836512
2836640
2836660
2836678
2836700
2836842
2837051
2837175
2837377
2837714
2837782
2837899
2838033
2838265
2838322
2838408
2838554
2838875
2838928
2838932
2839037
2839070
2839097
2839144
2839378
2839385
2839515
2839536
2839632
2839639
2839702
2839744
2839807
2839947
2839977
2839989
2840131
2840382
2840642
2840705
2840731
2840862
2840952
2840983
2841301
2841536
2841550
2841611
2841647
2841718
2841943
2842158
2842188
2842237
2842390
2842592
2842999
2843162
2843272
2843451
2843472
2843577
2843741
2843767
2843851
2843853
2843913
2843939
2844042
2844192
2844296
2844417
2844551
2844715
2844728
2844739
2844964
2845078
2845089
2845107
2845129
2845138
2845329
2845383
2845547
2845685
2845700
2845703
2845795
2846190
2846306
2846375
2846922
2846949
2847148
2847230
2847251
2847361
2847369
2847389
2847446
2847477
2847525
2847606
2847713
2847768
2847893
2848087
2848252
2848302
2848423
2848458
2848615
2848708
2848766
2848909
2849042
2849242
2849362
2849662
2849813
2849881
2849886
2850029
2850168
2850253
2850400
2850405
2850519
2850596
2850704
2851025
2851044
2851071
2851395
2851484
2851493
2851852
2851877
2851902
2852101
2852151
2852262
2852325
2852351
2852463
2852796
2852934
2853054
2853156
2853475
2853815
2853821
2853891
2854188
2854262
2854300
2854350
2854505
2854517
2854528
2854613
2854637
2854679
2854736
2854779
2854806
2854940
2855158
2855173
2855213
2855338
2855502
2855670
2855738
2855757
2855837
2855868
2855969
2856028
2856080
2856164
2856168
2856258
2856376
2856632
2856795
2857208
2857347
2857396
2857425
2857465
2857489
2857807
2857812
2857829
2858105
2858115
2858453
2858493
2858597
2858621
2858679
2858731
2858761
2858771
2858903
2858959
2859007
2859017
2859111
2859125
2859157
2859391
2859392
2859431
2859450
2859621
2859793
2859809
2859854
2859860
2859900
2860007
2860061
2860089
2860131
2860246
2860454
2860481
2860502
2860717
2860721
2860870
2860940
2861029
2861060
2861354
2861403
2861550
2861633
2861635
2861689
2861727
2861779
2861823
2861972
2862010
2862091
2862194
2862204
2862269
2862327
2862331
2862345
2862651
2862685
2862726
2862731
2862767
2862835
2862842
2862850
2862944
2862991
2863007
2863016
2863119
2863143
2863170
2863250
2863335
2863391
2863692
2863720
2863813
2863862
2863947
2863988
2864074
2864080
2864241
2864247
2864291
2864292
2864366
2864474
2864487
2864545
2864666
2864992
2865137
2865217
2865574
2865691
2865701
2865707
2865719
2865729
2865798
2865974
2866055
2866088
2866157
2866529
2866718
2866741
2866974
2867205
2867248
2867483
2867485
2867496
2867507
2867588
2867900
2867901
2868387
2868702
2868768
2868777
2868896
2869054
2869166
2869200
2869365
2869392
2869690
2869731
2869830
2869915
2870003
2870092
2870199
2870220
2870246
2870511
2870540
2870570
2870573
2870662
2870734
2870858
2870871
2870924
2870945
2871066
2871078
2871211
2871230
2871248
2872041
2872134
2872251
2872269
2872281
2872365
2873072
2873296
2873313
2873429
2873433
2873517
2873661
2873719
2873929
2874187
2874303
2874329
2874394
2874532
2874563
2874574
2874628
2874848
2874873
2874940
2874971
2875032
2875197
2875271
2875316
2875339
2875528
2875568
2875646
2875835
2875918
2876011
2876240
2876305
2876312
2876606
2876733
2876919
2877133
2877565
2877641
2877659
2877765
2877793
2877903
2878414
2878473
2878475
2879023
2879233
2879299
2879445
2879733
2879823
2879936
2880053
2880063
2880078
2880263
2880647
2880711
2880879
2880952
2880977
2881141
2881158
2881241
2881270
2881328
2881475
2881610
2881643
2881735
2881822
2881880
2881931
2881944
2882051
2882231
2882234
2882262
2882405
2882757
2882837
2882921
2883035
2883046
2883182
2883241
2883285
2883303
2883352
2883538
2883553
2883958
2883962
2883973
2884021
2884098
2884191
2884213
2884381
2884389
2884632
2884855
2884874
2884948
2885165
2885254
2885365
2885413
2885423
2885556
2885810
2885963
2886103
2886654
2886765
2886813
2886814
2886825
2886829
2887014
2887164
2887313
2887342
2887414
2887704
2887765
2887946
2888000
2888087
2888162
2888174
2888283
2888305
2888404
2888418
2888554
2888583
2888943
2889032
2889054
2889156
2889293
2889483
2889626
2889643
2889657
2889843
2889858
2889875
2890138
2890222
2890542
2890570
2890592
2890628
2890762
2890771
2891095
2891324
2891398
2891679
2891728
2891901
2892027
2892213
2892245
2892246
2892273
2892299
2892433
2892638
2892693
2892727
2892862
2892889
2892988
2893365
2893430
2893632
2893669
2893723
2893776
2893851
2893887
2893896
2894029
2894458
2894531
2894538
2894571
2894619
2894636
2894688
2894796
2894805
2894822
2894846
2894941
2895000
2895058
2895267
2895274
2895328
2895425
2895443
2895499
2895726
2895974
2896067
2896137
2896166
2896476
2896594
2896621
2896693
2896697
2896724
2896812
2896864
2897039
2897158
2897411
2897536
2897634
2897769
2897782
2897959
2898378
2898403
2898449
2898604
2898743
2898766
2898794
2898919
2898962
2899029
2899138
2899198
2899223
2899266
2899321
2899464
2899827
2900029
2900066
2900149
2900248
2900319
2900342
2900358
2900427
2900433
2900531
2900552
2900554
2900595
2900598
2900663
2900665
2900709
2900818
2900822
2900865
2901058
2901086
2901128
2901538
2901574
2901599
2901730
2901779
2901925
2902001
2902067
2902089
2902146
2902191
2902261
2902347
2902349
2902367
2902376
2902574
2902589
2902869
2903004
2903155
2903287
2903312
2903397
2903434
2903453
2903500
2903578
2903628
2903892
2903911
2903916
2903949
2904331
2904360
2904393
2904487
2904571
2904693
2904701
2904874
2905291
2905350
2905419
2905502
2905518
2905617
2905729
2905800
2905824
2905827
2906007
2906103
2906336
2906367
2906397
2906541
2906864
2906926
2906951
2906968
2906972
2907235
2907289
2907304
2907342
2907357
2907413
2907503
2907524
2907564
2907578
2907712
2907857
2907918
2908064
2908076
2908100
2908113
2908154
2908167
2908207
2908376
2908459
2908472
2908477
2908853
2908982
2909176
2909205
2909338
2909431
2909454
2909514
2909762
2909920
2909968
2910025
2910185
2910245
2910306
2910495
2910582
2910682
2910683
2910830
2910889
2911009
2911182
2911243
2911248
2911340
2911347
2911408
2911451
2911570
2911710
2911866
2912192
2912416
2912467
2912523
2912617
2912847
2912886
2912919
2913035
2913095
2913104
2913153
2913368
2913392
2913480
2913796
2913827
2913886
2913997
2914196
2914209
2914314
2914332
2914395
2914404
2914492
2914608
2914652
2914659
2914709
2914731
2914829
2914833
2914897
2915080
2915393
2915490
2915623
2915644
2915675
2915798
2915877
2915939
2916091
2916107
2916715
2916757
2916773
2916847
2916849
2916908
2916972
2917003
2917014
2917016
2917054
2917394
2917492
2917576
2917803
2917871
2917963
2918267
2918610
2918786
2919112
2919201
2919239
2919334
2919524
2919566
2919608
2919694
2919740
2919842
2920146
2920213
2920363
2920369
2920372
2920382
2920572
2920716
2920762
2920867
2920895
2920913
2920992
2921018
2921062
2921106
2921160
2921178
2921201
2921390
2921467
2921695
2921698
2921742
2921842
2921855
2921984
2922019
2922184
2922248
2922514
2922594
2922635
2922764
2922838
2923045
2923131
2923366
2923525
2923638
2923679
2923777
2923931
2923989
2924009
2924090
2924139
2924176
2924292
2924375
2924425
2924441
2924619
2924653
2924691
2924781
2924848
2925160
2925221
2925229
2925629
2925869
2925891
2926160
2926179
2926279
2926493
2926496
2926545
2926645
2926839
2926881
2926897
2927103
2927175
2927545
2927548
2927571
2927575
2927602
2927616
2927642
2927706
2927760
2927844
2927872
2927917
2928019
2928034
2928076
2928275
2928367
2928430
2928445
2928494
2928532
2928600
2928609
2928988
2929121
2929203
2929212
2929385
2929390
2929534
2929884
2929930
2930112
2930168
2930205
2930351
2930672
2930739
2930810
2930881
2931004
2931009
2931114
2931227
2931264
2931337
2931394
2931569
2931661
2931966
2932343
2932663
2932739
2932854
2932895
2933134
2933228
2933311
2933318
2933600
2933716
2933805
2934007
2934186
2934217
2934221
2934375
2934441
2934467
2934492
2934495
2934562
2934667
2934873
2934895
2935142
2935160
2935211
2935324
2935465
2935576
2935666
2935687
2935832
2936064
2936149
2936226
2936369
2936393
2936396
2936508
2936543
2936596
2936693
2936857
2937099
2937176
2937398
2937508
2937561
2937619
2937636
2937702
2937722
2937787
2937812
2938087
2938111
2938131
2938188
2938247
2938263
2938418
2938445
2938555
2938600
2938627
2938691
2939147
2939153
2939212
2939474
2939484
2939520
2939552
2939578
2939634
2939670
2939783
2939875
2939932
2940160
2940350
2940415
2940499
2940561
2940683
2940814
2940815
2941024
2941481
2941562
2941566
2941912
2942041
2942221
2942290
2942511
2942596
2942713
2942835
2942887
2942978
2942979
2943128
2943200
2943414
2943430
2943445
2943561
2944164
2944316
2944407
2944449
2944480
2944538
2944603
2944755
2944885
2944888
2944968
2945223
2945353
2945504
2945607
2945917
2945933
2946008
2946063
2946077
2946131
2946501
2946567
2946751
2946849
2946984
2946986
2947506
2947669
2947745
2947772
2947827
2947940
2947944
2947966
2948046
2948116
2948144
2948149
2948162
2948175
2948224
2948245
2948283
2948603
2948632
2948709
2948933
2949116
2949245
2949492
2949614
2949666
2949884
2950047
2950139
2950288
2950400
2950888
2950904
2951068
2951122
2951202
2951233
2951259
2951273
2951372
2951458
2951574
2951648
2951804
2951809
2951849
2951890
2952231
2952379
2952423
2952542
2952595
2952620
2952709
2952830
2952832
2952867
2952962
2952999
2953043
2953135
2953250
2953309
2953395
2953707
2953859
2953932
2954088
2954349
2954420
2954424
2954473
2954480
2954562
2954586
2954605
2954625
2954644
2954860
2955087
2955091
2955200
2955265
2955533
2955611
2955709
2955795
2955877
2955879
2955944
2956052
2956222
2956266
2956450
2956562
2956570
2956796
2956857
2957166
2957169
2957186
2957557
2957756
2957841
2958222
2958368
2958594
2958787
2958801
2958912
2958932
2959043
2959075
2959209
2959476
2959522
2960067
2960096
2960189
2960201
2960268
2960300
2960422
2960516
2960560
2960590
2960876
2960920
2960997
2961340
2961606
2961635
2961712
2961713
2961761
2961786
2961924
2962401
2962462
2962493
2962560
2962746
2962773
2962788
2962885
2962978
2963032
2963163
2963309
2963365
2963386
2963416
2963426
2963449
2963486
2963519
2963547
2963613
2963809
2964000
2964163
2964298
2964356
2964603
2964629
2964766
2964907
2964973
2965089
2965125
2965194
2965448
2965641
2965800
2965861
2965879
2965995
2966003
2966054
2966130
2966199
2966271
2966280
2966499
2966618
2966646
2966714
2966773
2966791
2966811
2966870
2966959
2967013
2967372
2967475
2967490
2967496
2967499
2967512
2967518
2967600
2967621
2967738
2967778
2967808
2967869
2968018
2968215
2968237
2968359
2968364
2968493
2968580
2968786
2968998
2969010
2969021
2969044
2969070
2969484
2969993
2970006
2970058
2970123
2970134
2970181
2970291
2970357
2970445
2970450
2970536
2970575
2970760
2970766
2970879
2970949
2970963
2970974
2971063
2971133
2971366
2971411
2971447
2971556
2971645
2971689
2971701
2972018
2972043
2972109
2972390
2972698
2972741
2972963
2973019
2973148
2973201
2973517
2973536
2973538
2973761
2974031
2974119
2974186
2974299
2974774
2974790
2974862
2974884
2974955
2975015
2975108
2975201
2975253
2975387
2975443
2975579
2975658
2976448
2976461
2976521
2976601
2976602
2976649
2976650
2976712
2976792
2976834
2977012
2977034
2977039
2977218
2977282
2977565
2977577
2977736
2977821
2977985
2978091
2978128
2978136
2978208
2978311
2978392
2978552
2978655
2978858
2978879
2979023
2979157
2979181
2979325
2979350
2979359
2979456
2980058
2980080
2980111
2980174
2980239
2980247
2980258
2980510
2980562
2980610
2980663
2980886
2980960
2981182
2981279
2981309
2981311
2981348
2981384
2981400
2981450
2981877
2981886
2981905
2981936
2982026
2982106
2982224
2982265
2982357
2982491
2982538
2982571
2982615
2982652
2982678
2982803
2982812
2983067
2983202
2983232
2983278
2983439
2983504
2983710
2983827
2983896
2984055
2984141
2984361
2984407
2984443
2984635
2984642
2984753
2984763
2984801
2984802
2984843
2984888
2985128
2985161
2985261
2985271
2985272
2985326
2985341
2985385
2985388
2985391
2985428
2985466
2985479
2985828
2985954
2985991
2986032
2986212
2986269
2986318
2986348
2986412
2986429
2986443
2986486
2986525
2986552
2986564
2986614
2986682
2986905
2987058
2987363
2987481
2987574
2987869
2987988
2988031
2988274
2988323
2988358
2988594
2988644
2988926
2989025
2989026
2989029
2989102
2989152
2989329
2989387
2989617
2989642
2989746
2989849
2989885
2989912
2990244
2990262
2990484
2990511
2990576
2990646
2990713
2990750
2990767
2991066
2991211
2991243
2991301
2991472
2991528
2991546
2991642
2991703
2991742
2991801
2991958
2992345
2992787
2992881
2992937
2992954
2993043
2993303
2993320
2993326
2993384
2993629
2993762
2993858
2993971
2994072
2994127
2994288
2994290
2994301
2994366
2994458
2994493
2994723
2994865
2995056
2995078
2995428
2995471
2995506
2995646
2995870
2995962
2996034
2996054
2996231
2996260
2996406
2996601
2996787
2996802
2997051
2997061
2997065
2997127
2997207
2997281
2997299
2997343
2997502
2997684
2997703
2997704
2998009
2998238
2998312
2998417
2998444
2998467
2998555
2998561
2998601
2998770
2998821
2998851
2998961
2998967
2999094
2999254
2999264
2999265
2999453
2999504
2999685
2999723
2999773
2999964
3000017
3000140
3000316
3000361
3000398
3000429
3000657
3000758
3000882
3000886
3000972
3000996
3001084
3001226
3001321
3001408
3001454
3001618
3001698
3001719
3001841
3001846
3001906
3002078
3002163
3002309
3002466
3002626
3002836
3002885
3002929
3003006
3003096
3003215
3003446
3003461
3003780
3003831
3003887
3003888
3004050
3004244
3004521
3004532
3004570
3004727
3004772
3005262
3005458
3005495
3005497
3005557
3005582
3005640
3005742
3005807
3005993
3006157
3006178
3006246
3006271
3006344
3006460
3006575
3006729
3006751
3006904
3006909
3006950
3006965
3007015
3007093
3007194
3007253
3007598
3007951
3008005
3008109
3008244
3008332
3008346
3008542
3008664
3008768
3008803
3008839
3008898
3008969
3009069
3009142
3009172
3009366
3009367
3009394
3009691
3010048
3010064
3010431
3010460
3010529
3010656
3010846
3010878
3011039
3011059
3011253
3011272
3011353
3011430
3011480
3011579
3011688
3011811
3011818
3012120
3012185
3012314
3012363
3012369
3012385
3012414
3012485
3012613
3012820
3012913
3013040
3013237
3013240
3013401
3013443
3013539
3013721
3013728
3013739
3014106
3014234
3014436
3014611
3014658
3014745
3014801
3014861
3014960
3015042
3015227
3015276
3015369
3015593
3015751
3015852
3015976
3016063
3016172
3016395
3016419
3016499
3016576
3016597
3016609
3016651
3016809
3016865
3017046
3017604
3017611
3017812
3017864
3017955
3017976
3018040
3018190
3018266
3018281
3018292
3018342
3018484
3018500
3018551
3018558
3018667
3018677
3018694
3018799
3018851
3019053
3019092
3019332
3019544
3019585
3019692
3019906
3019908
3020122
3020319
3020434
3020442
3020446
3020528
3020593
3020762
3020845
3020853
3020880
3020918
3020970
3020978
3021090
3021121
3021241
3021744
3021759
3021783
3022530
3022532
3022714
3022958
3022966
3023092
3023283
3023425
3023601
3023661
3023728
3023746
3023756
3023827
3023852
3023887
3024208
3024209
3024255
3024300
3024309
3024485
3024598
3024625
3024640
3024776
3024803
3024807
3024821
3024840
3024988
3025000
3025139
3025187
3025480
3025646
3025709
3025767
3025771
3025783
3025884
3025947
3026104
3026182
3026283
3026551
3026721
3026722
3026770
3026879
3026890
3027050
3027068
3027073
3027128
3027306
3027333
3027431
3027557
3027586
3027624
3027713
3027814
3027962
3028125
3028251
3028421
3028436
3028462
3028504
3028542
3028779
3028920
3029002
3029233
3029240
3029391
3029427
3029442
3029544
3029545
3029608
3029653
3029855
3029938
3029957
3029979
3030033
3030134
3030255
3030429
3030470
3030520
3030566
3030592
3030640
3030730
3030793
3030887
3030944
3031041
3031059
3031178
3031181
3031259
3031355
3031497
3031576
3031584
3031676
3031760
3032184
3032219
3032258
3032275
3032314
3032538
3032644
3032684
3032709
3032710
3032775
3032967
3033127
3033321
3033433
3033474
3033513
3033612
3033892
3033920
3033980
3033999
3034091
3034103
3034134
3034277
3034385
3034513
3034533
3034567
3034636
3034754
3034862
3034866
3034963
3035287
3035319
3035386
3035462
3035488
3035521
3035544
3035595
3035706
3035747
3035772
3035787
3036104
3036141
3036217
3036324
3036352
3036362
3036392
3036431
3036570
3036635
3036767
3036981
3037316
3037413
3037459
3037504
3037524
3037644
3037815
3037858
3038080
3038192
3038296
3038433
3038461
3038768
3038772
3038894
3038955
3038995
3039165
3039179
3039187
3039328
3039491
3039595
3039834
3040001
3040080
3040103
3040458
3040589
3040614
3040670
3040679
3040742
3040812
3040864
3041045
3041047
3041191
3041426
3041468
3041644
3041827
3041915
3041928
3041965
3041970
3042014
3042411
3042447
3042513
3042571
3042598
3042682
3042713
3042807
3042843
3042940
3042978
3043007
3043121
3043166
3043480
3043582
3044079
3044228
3044239
3044357
3044361
3044510
3044640
3044882
3045024
3045055
3045145
3045186
3045291
3045319
3045353
3045434
3045636
3045659
3045723
3046230
3046255
3046274
3046355
3046433
3046457
3046519
3046610
3046619
3046805
3046924
3046973
3046988
3047083
3047203
3047223
3047239
3047335
3047472
3047623
3047737
3047768
3047900
3047961
3047980
3048110
3048225
3048235
3048483
3048503
3048600
3048820
3048843
3048854
3048907
3048964
3048981
3049023
3049053
3049172
3049286
3049559
3049729
3049849
3049874
3049894
3049917
3049919
3049985
3050506
3050567
3050619
3050662
3050665
3050694
3050766
3051311
3051509
3051595
3051842
3052086
3052259
3052289
3052535
3052570
3052579
3052834
3052888
3052996
3053025
3053113
3053190
3053248
3053300
3053370
3053391
3053398
3053640
3053842
3053906
3054008
3054166
3054352
3054361
3054479
3054488
3054532
3054824
3055213
3055292
3055449
3055717
3055767
3055808
3055918
3055953
3055989
3056346
3056477
3056507
3056588
3056613
3056645
3056761
3056890
3056945
3057141
3057231
3057494
3057588
3057662
3057686
3057768
3058052
3058117
3058136
3058159
3058281
3058282
3058469
3058567
3058597
3058847
3058930
3058954
3058955
3059047
3059125
3059129
3059214
3059235
3059462
3059508
3059586
3059819
3059868
3060030
3060046
3060130
3060146
3060284
3060325
3060417
3060480
3060513
3060575
3060601
3060868
3060999
3061044
3061501
3061631
3061643
3061661
3061689
3061750
3061858
3061943
3061962
3061996
3062023
3062040
3062215
3062599
3062757
3062782
3062855
3062916
3063135
3063199
3063287
3063350
3063483
3063615
3063727
3063816
3063837
3063955
3064049
3064167
3064184
3064207
3064382
3064453
3064461
3064481
3064535
3064668
3064676
3064692
3064741
3064824
3064939
3065117
3065144
3065201
3065243
3065272
3065326
3065362
3065492
3065690
3065824
3066057
3066071
3066130
3066271
3066341
3066409
3066513
3066614
3066841
3066858
3066890
3067028
3067111
3067321
3067381
3067661
3067760
3068039
3068080
3068086
3068096
3068162
3068301
3068339
3068452
3069064
3069097
3069168
3069223
3069345
3069401
3069506
3069767
3069785
3069834
3069872
3069923
3070056
3070387
3070487
3070595
3070722
3070746
3070841
3070877
3070909
3070920
3070956
3070977
3071082
3071209
3071221
3071377
3071524
3071536
3071550
3071556
3071584
3071717
3071728
3071787
3071984
3071998
3072102
3072601
3072776
3072936
3072940
3073075
3073181
3073195
3073227
3073568
3073627
3073672
3073699
3073726
3073836
3074000
3074382
3074676
3074808
3074873
3074931
3075057
3075098
3075272
3075295
3075402
3075670
3075703
3075804
3075834
3075998
3076100
3076119
3076154
3076246
3076363
3076474
3076729
3076819
3076903
3076919
3077006
3077034
3077109
3077175
3077276
3077319
3077335
3077422
3077582
3077619
3077684
3077734
3077793
3077814
3078094
3078254
3078418
3078515
3078590
3078929
3079101
3079107
3079287
3079292
3079326
3079382
3079616
3079741
3079746
3079865
3080094
3080123
3080145
3080253
3080635
3080652
3080724
3080856
3080895
3080944
3081050
3081423
3081468
3081560
3081727
3081730
3081782
3081870
3081873
3082255
3082605
3082639
3082659
3082674
3082712
3082714
3082743
3082831
3083007
3083015
3083032
3083096
3083153
3083317
3083383
3083390
3083541
3083771
3083828
3084004
3084181
3084262
3084277
3084374
3084391
3084465
3084474
3084503
3084791
3084811
3084977
3085001
3085098
3085192
3085195
3085378
3085491
3085532
3085559
3085726
3085739
3085817
3085839
3085925
3085936
3086060
3086147
3086244
3086289
3086368
3086389
3086448
3086501
3086613
3086621
3086634
3086825
3086885
3087165
3087202
3087244
3087327
3087655
3087687
3087744
3087809
3088120
3088173
3088269
3088273
3088321
3088390
3088624
3089097
3089227
3089229
3089276
3089357
3089779
3090123
3090149
3090165
3090182
3090461
3090582
3090739
3090890
3090980
3090997
3091096
3091109
3091139
3091294
3091304
3091338
3091420
3091859
3092125
3092226
3092233
3092466
3092557
3092723
3092823
3092835
3092888
3093012
3093038
3093083
3093109
3093346
3093451
3093462
3093525
3093734
3094085
3094168
3094310
3094434
3094587
3094594
3095032
3095202
3095204
3095332
3095339
3095483
3095673
3095713
3095888
3096219
3096510
3096792
3096807
3096824
3096927
3096967
3097522
3097624
3097914
3097922
3098017
3098023
3098061
3098179
3098236
3098294
3098389
3098520
3098798
3098885
3099026
3099165
3099254
3099282
3099370
3099378
3099531
3099584
3099628
3099652
3099723
3099866
3099902
3099954
3100029
3100114
3100124
3100148
3100519
3100561
3100611
3100635
3100709
3100890
3100912
3100967
3101014
3101041
3101100
3101153
3101157
3101482
3101578
3101741
3101792
3101860
3101863
3101936
3102146
3102181
3102336
3102368
3102468
3102574
3102599
3102766
3102794
3102874
3102888
3103023
3103171
3103349
3103409
3103456
3103558
3103624
3103627
3103640
3103937
3104111
3104204
3104232
3104255
3104484
3104490
3104547
3104662
3104808
3104817
3104828
3104997
3105055
3105107
3105153
3105251
3105460
3105596
3105656
3105702
3105750
3105842
3105895
3105906
3105948
3105952
3106062
3106084
3106298
3106561
3106724
3106754
3106831
3106864
3106873
3106974
3107115
3107288
3107305
3107412
3107481
3107570
3107624
3107733
3107877
3108486
3108490
3108507
3108606
3108792
3108891
3109369
3109743
3109820
3109853
3109904
3109974
3110064
3110109
3110482
3110548
3110570
3110701
3110845
3110995
3111107
3111331
3111332
3111435
3112211
3112254
3112344
3112545
3112591
3112748
3112825
3112863
3112874
3112947
3113084
3113226
3113245
3113328
3113369
3113392
3113428
3113727
3113753
3113995
3114267
3114349
3114398
3114486
3114489
3114513
3114612
3114821
3114839
3115033
3115063
3115132
3115166
3115183
3115268
3115342
3115369
3115406
3115499
3115522
3115619
3115736
3115755
3115765
3115861
3116023
3116065
3116123
3116163
3116180
3116272
3116429
3116596
3116604
3116618
3116619
3116654
3116692
3116722
3116990
3116993
3116994
3117026
3117056
3117269
3117289
3117446
3117525
3117533
3117577
3117625
3117654
3117736
3118544
3118675
3118928
3118959
3118973
3119075
3119134
3119222
3119277
3119384
3119385
3119485
3119496
3119511
3119515
3119548
3119551
3119712
3120056
3120097
3120277
3120285
3120298
3120482
3120669
3120697
3120731
3120739
3120815
3120898
3121198
3121288
3121293
3121341
3121368
3121535
3121625
3121642
3121650
3121653
3121703
3121790
3121997
3122206
3122380
3122533
3122834
3122949
3123052
3123122
3123208
3123258
3123360
3123426
3123427
3123464
3123589
3123682
3123718
3123755
3123785
3123902
3123925
3123967
3124198
3124302
3124537
3124541
3124564
3124827
3124885
3124902
3124969
3125030
3125247
3125422
3125445
3125537
3125616
3125710
3125715
3125739
3125790
3125920
3125955
3126184
3126399
3126421
3126469
3126532
3126620
3126862
3126889
3126898
3127015
3127021
3127053
3127085
3127273
3127370
3127442
3127536
3127563
3127564
3127617
3127671
3127701
3127858
3127989
3128133
3128134
3128167
3128255
3128270
3128459
3128472
3128534
3128540
3128564
3128733
3128751
3128952
3128969
3129014
3129020
3129128
3129137
3129178
3129448
3129598
3129604
3129770
3129876
3129999
3130061
3130082
3130166
3130299
3130342
3130403
3130445
3130463
3130623
3130658
3130727
3130803
3130926
3130982
3131031
3131076
3131081
3131388
3131439
3131618
3131713
3131770
3131852
3132048
3132103
3132173
3132328
3132367
3132406
3132465
3132574
3132626
3132734
3132821
3132898
3132944
3133092
3133310
3133330
3133354
3133483
3133513
3133563
3133756
3133761
3133828
3133831
3133895
3133961
3134096
3134097
3134272
3134299
3134303
3134515
3134570
3134640
3134725
3134742
3134993
3134994
3135054
3135173
3135408
3135511
3135537
3135588
3135699
3135716
3135756
3135831
3135949
3135991
3136298
3136302
3136537
3136589
3136665
3136780
3136787
3136835
3136887
3136946
3136971
3137519
3137657
3137782
3137836
3137838
3138145
3138571
3138787
3138788
3138908
3138993
3139055
3139098
3139132
3139187
3139210
3139279
3139613
3139710
3139815
3139874
3139896
3140100
3140366
3140391
3140490
3140556
3140666
3140673
3140688
3141244
3141275
3141393
3141409
3141461
3141473
3141549
3141650
3141723
3142113
3142155
3142222
3142236
3142256
3142286
3142334
3142479
3142605
3142615
3142803
3142808
3142906
3142999
3143080
3143090
3143117
3143312
3143353
3143463
3143472
3143578
3143654
3143696
3143726
3143804
3143808
3143912
3143962
3143984
3144020
3144035
3144058
3144098
3144256
3144547
3144576
3144680
3144813
3145168
3145588
3145606
3145620
3145684
3145790
3145863
3145966
3146102
3146231
3146255
3146276
3146348
3146456
3146566
3146614
3146831
3146854
3146946
3147074
3147112
3147135
3147186
3147190
3147258
3147352
3147460
3147796
3147850
3147853
3147873
3147897
3147923
3148158
3148315
3148361
3148370
3148406
3148654
3148815
3148845
3148889
3148957
3149216
3149428
3149483
3149602
3149609
3149796
3149818
3149893
3150206
3150446
3150472
3150578
3150579
3150584
3150658
3150714
3150761
3150854
3151107
3151234
3151255
3151280
3151542
3151566
3151603
3151929
3151981
3152098
3152413
3152619
3152633
3152731
3152912
3153002
3153025
3153037
3153316
3153336
3153461
3153501
3153622
3153740
3153748
3153917
3153974
3154020
3154127
3154128
3154242
3154468
3154776
3155006
3155287
3155337
3155352
3155355
3155361
3155440
3155467
3155568
3155638
3155713
3155778
3155803
3155940
3155972
3156007
3156153
3156161
3156262
3156420
3156527
3156529
3156588
3156740
3156753
3156767
3156854
3156856
3157178
3157254
3157307
3157389
3157447
3157573
3157586
3157598
3157649
3157826
3157883
3157899
3157922
3158010
3158036
3158060
3158061
3158126
3158134
3158199
3158231
3158410
3158475
3158636
3158732
3158767
3158790
3158898
3159047
3159141
3159154
3159531
3159546
3159567
3159672
3159798
3159823
3159829
3159912
3159986
3160035
3160048
3160072
3160157
3160272
3160359
3160400
3160426
3160475
3160647
3160769
3161101
3161109
3161124
3161126
3161130
3161219
3161264
3161351
3161506
3161535
3161562
3162018
3162086
3162177
3162204
3162319
3162498
3162926
3163007
3163015
3163378
3163391
3163564
3163587
3163608
3163622
3163696
3164053
3164079
3164310
3164360
3164378
3164453
3164668
3164842
3164963
3165058
3165061
3165134
3165307
3165340
3165395
3165708
3165720
3165804
3165910
3165911
3166270
3166558
3167200
3167286
3167297
3167572
3167573
3167806
3167853
3167864
3167924
3167928
3168112
3168333
3168436
3168468
3168506
3168543
3168603
3168658
3168731
3168795
3168896
3168961
3169058
3169197
3169262
3169324
3169373
3169392
3169415
3169456
3169534
3169550
3169589
3169687
3169690
3169951
3170043
3170093
3170380
3170396
3170489
3170586
3170866
3170955
3170968
3171246
3171325
3171440
3171636
3171650
3171701
3171763
3171769
3171830
3171911
3172022
3172212
3172308
3172410
3172470
3172475
3172570
3172607
3172651
3172705
3172782
3172836
3173163
3173164
3173187
3173279
3173306
3173372
3173395
3173453
3173773
3174076
3174153
3174324
3174410
3174419
3174435
3174571
3174891
3175122
3175169
3175428
3175493
3175500
3175576
3175772
3175917
3175929
3176288
3176586
3176646
3176691
3176777
3176779
3176859
3176926
3176986
3177325
3177331
3177535
3177576
3177799
3177991
3178012
3178256
3178437
3178496
3178554
3178618
3178634
3178686
3178720
3178939
3178969
3178977
3178993
3179156
3179223
3179299
3179392
3179881
3180016
3180023
3180079
3180150
3180173
3180234
3180267
3180304
3180314
3180407
3180424
3180493
3180661
3180679
3180788
3180814
3180902
3180925
3180930
3180949
3181033
3181179
3181221
3181351
3181389
3181393
3181403
3181484
3181559
3181647
3181650
3181688
3181861
3181994
3182516
3182523
3182623
3182634
3182837
3182933
3183083
3183393
3183511
3183762
3183769
3183858
3183882
3183910
3184031
3184143
3184224
3184459
3184471
3184484
3184513
3184805
3184884
3184887
3185111
3185160
3185164
3185169
3185283
3185312
3185480
3185522
3185548
3185591
3185612
3185689
3185715
3185731
3185755
3185772
3185820
3185957
3186100
3186115
3186153
3186191
3186247
3186300
3186303
3186439
3186598
3186607
3186766
3186897
3186968
3187101
3187234
3187253
3187406
3187422
3187501
3187551
3187678
3187908
3188067
3188068
3188178
3188282
3188303
3188474
3188575
3188616
3188663
3188687
3188748
3188769
3188992
3189417
3189462
3189501
3189520
3189600
3189885
3189903
3189967
3190075
3190081
3190101
3190119
3190182
3190313
3190481
3190562
3190589
3190596
3190645
3190758
3190775
3190788
3190874
3190898
3190908
3191175
3191222
3191237
3191462
3191483
3191581
3191699
3191702
3191807
3191916
3192003
3192025
3192063
3192453
3192479
3192687
3192727
3192759
3192903
3192921
3192948
3193294
3193467
3193626
3193733
3193749
3193945
3193974
3194008
3194149
3194167
3194181
3194359
3194393
3194454
3194548
3194751
3194779
3194945
3194969
3195056
3195110
3195492
3195511
3195678
3195693
3195707
3195751
3195887
3195953
3196618
3196639
3196694
3196743
3196800
3196915
3197033
3197083
3197156
3197257
3197278
3197346
3197376
3197381
3197592
3197669
3197911
3197972
3198187
3198294
3198449
3198590
3198662
3198855
3199103
3199215
3199326
3199418
3199823
3199904
3200075
3200209
3200220
3200284
3200355
3200361
3200418
3200639
3200641
3200824
3200829
3200848
3201121
3201127
3201178
3201221
3201241
3201282
3201300
3201667
3201778
3201837
3202181
3202296
3202391
3202560
3202744
3202907
3202942
3203013
3203033
3203192
3203198
3203310
3203434
3203556
3203639
3203652
3203835
3203862
3204131
3204172
3204180
3204370
3204501
3204558
3204597
3204629
3204672
3204891
3204948
3205318
3205394
3205543
3205649
3205745
3205892
3205914
3205930
3205995
3206123
3206183
3206363
3206421
3206437
3206806
3207115
3207127
3207188
3207215
3207283
3207286
3207437
3207465
3207540
3207678
3207690
3207861
3207968
3208029
3208279
3208313
3208438
3208463
3208593
3208725
3208767
3208838
3208857
3208920
3208967
3208969
3209124
3209174
3209740
3209825
3209826
3210085
3210498
3210570
3210732
3210825
3210865
3210970
3210983
3210985
3211039
3211670
3211770
3211939
3212014
3212063
3212183
3212614
3212645
3212690
3212695
3212718
3212901
3213032
3213283
3213524
3213634
3213646
3213743
3213844
3214006
3214043
3214210
3214348
3214462
3214793
3214803
3214986
3215076
3215235
3215245
3215246
3215336
3215341
3215485
3215488
3215710
3215723
3215878
3215960
3216086
3216257
3216305
3216416
3216496
3216668
3216947
3217256
3217853
3218022
3218464
3218530
3218542
3218650
3218731
3218734
3218743
3218852
3219055
3219121
3219140
3219293
3219576
3219578
3219595
3219615
3219816
3220021
3220085
3220132
3220350
3220572
3220716
3220810
3220922
3220970
3221034
3221142
3221232
3221313
3221414
3221433
3221444
3221482
3221513
3221613
3221911
3222042
3222168
3222243
3222684
3222786
3222974
3222988
3222994
3223062
3223143
3223308
3223310
3223322
3223500
3223585
3223600
3223656
3223682
3223744
3223772
3223894
3223905
3224144
3224198
3224201
3224205
3224451
3224468
3224602
3224666
3224851
3225237
3225345
3225351
3225388
3225492
3225592
3225657
3225721
3225946
3226044
3226049
3226067
3226138
3226188
3226243
3226308
3226318
3226445
3226505
3226564
3226808
3226971
3227225
3227368
3227424
3227537
3227575
3227576
3227894
3227971
3228028
3228133
3228206
3228253
3228384
3228414
3228528
3228556
3228558
3228588
3228605
3228659
3228684
3228878
3228927
3228973
3229005
3229034
3229107
3229140
3229252
3229300
3229324
3229524
3229757
3229805
3229821
3229956
3229997
3230057
3230362
3230379
3230541
3230654
3230706
3230948
3230962
3230963
3230999
3231028
3231051
3231127
3231163
3231164
3231371
3231387
3231536
3231641
3231741
3231751
3231939
3231974
3232100
3232187
3232226
3232242
3232305
3232534
3232681
3232867
3232933
3233066
3233172
3233227
3233244
3233305
3233407
3233765
3233776
3234033
3234038
3234144
3234229
3234282
3234296
3234609
3234746
3234782
3234838
3234902
3235406
3235417
3235498
3235507
3235547
3235609
3235692
3235952
3236038
3236090
3236109
3236321
3236367
3236382
3236392
3236545
3236786
3236810
3236972
3236994
3237064
3237096
3237187
3237341
3237382
3237420
3237572
3237620
3237663
3237672
3237849
3237928
3237988
3238025
3238223
3238386
3238434
3238532
3238575
3238594
3238638
3238752
3238768
3238912
3239130
3239141
3239282
3239337
3239542
3239558
3239722
3239744
3239790
3239815
3239823
3239977
3240006
3240033
3240162
3240180
3240610
3240681
3240708
3240746
3240781
3241051
3241223
3241330
3241648
3242142
3242145
3242173
3242361
3242369
3242436
3242480
3242524
3242543
3242553
3242658
3242718
3242758
3243003
3243026
3243053
3243122
3243169
3243178
3243471
3243483
3243494
3243587
3243991
3244051
3244232
3244254
3244314
3244358
3244468
3244469
3244575
3244888
3244889
3244994
3245034
3245050
3245070
3245325
3245735
3245755
3245859
3245975
3245992
3246044
3246352
3246367
3246521
3246548
3246654
3246832
3246874
3246889
3246928
3247083
3247214
3247276
3247321
3247452
3247465
3247575
3247993
3248010
3248012
3248028
3248312
3248663
3248696
3248715
3248757
3248828
3248834
3248870
3248973
3249147
3249269
3249357
3249388
3249389
3249447
3249575
3249655
3249702
3249747
3249762
3249819
3249915
3250009
3250065
3250066
3250161
3250427
3250688
3250700
3250784
3250925
3251019
3251128
3251163
3251201
3251673
3251763
3251909
3251944
3252017
3252130
3252186
3252222
3252251
3252262
3252281
3252367
3252371
3252434
3252455
3252808
3252837
3252875
3253164
3253327
3253616
3253632
3253897
3254164
3254170
3254455
3254542
3254556
3254568
3254686
3254692
3254705
3255041
3255051
3255084
3255174
3255298
3255343
3255726
3255908
3255940
3256164
3256194
3256390
3256563
3256752
3256783
3256835
3256866
3256881
3257139
3257143
3257210
3257369
3257374
3257379
3257456
3257521
3257639
3257648
3257651
3257768
3257780
3257839
3258224
3258608
3258658
3258805
3258889
3259322
3259545
3259690
3259728
3259828
3259863
3260120
3260134
3260252
3260298
3260468
3260556
3260614
3260703
3260754
3260851
3261117
3261199
3261382
3261477
3261548
3261550
3261900
3262022
3262074
3262081
3262089
3262131
3262330
3262346
3262351
3262367
3262664
3262883
3263031
3263058
3263287
3263485
3263591
3263701
3263707
3263815
3263903
3263930
3263962
3264038
3264086
3264201
3264218
3264306
3264695
3264878
3264982
3265102
3265153
3265164
3265440
3265640
3265684
3265708
3265774
3265801
3266065
3266086
3266217
3266259
3266312
3266322
3266406
3266492
3266506
3266532
3266623
3266746
3266750
3266796
3266831
3267037
3267174
3267304
3267347
3267459
3267466
3267559
3267721
3268180
3268340
3268551
3268996
3269101
3269116
3269148
3269335
3269510
3269606
3269688
3269926
3269983
3270197
3270214
3270310
3270556
3270602
3270826
3270857
3270865
3270874
3271010
3271026
3271049
3271166
3271208
3271345
3271352
3271740
3271831
3271879
3271952
3272030
3272077
3272157
3272220
3272264
3272848
3272947
3273103
3273142
3273522
3273530
3273698
3273712
3273753
3273782
3273818
3273835
3273854
3273939
3274019
3274069
3274208
3274222
3274290
3274312
3274314
3274321
3274449
3274465
3274495
3274734
3274853
3275209
3275284
3275448
3275511
3275544
3275627
3275769
3275804
3276062
3276074
3276121
3276151
3276568
3276627
3276691
3276967
3277096
3277109
3277114
3277259
3277882
3277885
3277979
3278016
3278043
3278173
3278297
3278387
3278413
3278458
3278491
3278631
3278644
3279055
3279076
3279091
3279141
3279289
3279383
3279429
3279463
3279510
3279531
3279640
3279651
3279706
3279801
3279851
3279979
3280451
3280734
3280754
3280956
3281032
3281042
3281046
3281077
3281292
3281540
3281545
3281559
3281576
3281646
3281731
3281797
3282547
3282567
3282741
3282748
3282766
3282937
3282982
3283160
3283164
3283185
3283292
3283419
3283449
3283455
3283506
3283519
3283564
3283565
3283602
3283671
3284117
3284150
3284266
3284516
3284560
3284596
3284680
3284689
3284770
3284922
3284968
3285175
3285178
3285409
3285472
3285543
3285584
3285645
3285754
3285902
3285919
3285957
3286024
3286239
3286264
3286381
3286384
3286609
3286648
3286973
3287016
3287035
3287039
3287096
3287186
3287387
3287561
3287742
3287833
3287880
3287909
3287963
3288069
3288089
3288095
3288125
3288145
3288344
3288623
3288635
3288660
3288703
3288833
3288836
3288962
3289136
3289150
3289194
3289394
3289405
3289564
3289611
3289642
3289790
3289792
3290000
3290133
3290260
3290415
3290758
3290759
3290819
3290868
3290911
3290919
3290942
3290991
3291026
3291072
3291258
3291286
3291291
3291298
3291303
3291494
3291551
3291830
3292289
3292416
3292447
3292497
3292505
3292525
3292548
3292843
3292858
3292975
3292993
3293012
3293015
3293016
3293083
3293123
3293151
3293276
3293343
3293355
3293392
3293399
3293446
3293573
3293684
3293722
3293850
3293914
3293939
3293942
3293952
3294007
3294158
3294223
3294552
3294606
3294608
3294621
3294719
3294838
3294932
3295014
3295031
3295194
3295267
3295478
3295566
3295580
3295762
3295840
3295872
3295908
3295932
3296040
3296204
3296453
3296668
3296851
3296986
3297008
3297081
3297094
3297311
3297334
3297353
3297390
3297469
3297488
3297494
3297580
3297610
3297622
3297700
3297830
3297895
3297954
3297958
3298187
3298297
3298387
3298605
3298667
3298757
3298860
3298923
3299102
3299107
3299177
3299209
3299288
3299424
3299652
3299685
3299848
3300113
3300220
3300420
3300538
3300652
3300755
3300756
3300930
3301514
3301592
3301639
3301644
3301824
3301874
3301912
3302188
3302313
3302334
3302337
3302377
3302391
3302537
3302568
3302644
3302659
3302683
3302727
3302883
3302932
3303044
3303317
3303493
3303613
3303703
3303720
3303968
3304015
3304116
3304141
3304572
3304616
3304650
3304685
3304688
3304696
3304891
3305108
3305138
3305201
3305417
3305595
3305700
3305770
3305807
3306098
3306323
3306348
3306357
3306371
3306394
3306439
3306537
3306729
3306809
3306825
3306828
3306896
3307006
3307164
3307179
3307231
3307298
3307323
3307688
3307983
3308012
3308195
3308375
3308579
3308640
3308799
3308801
3308825
3308896
3308898
3309081
3309374
3309383
3309426
3309617
3309652
3309671
3309779
3309872
3310073
3310076
3310102
3310140
3310155
3310338
3310419
3310524
3310541
3310554
3310664
3310707
3310854
3310889
3310929
3310946
3311146
3311279
3311340
3311458
3311495
3311593
3311759
3311760
3311772
3312117
3312137
3312576
3312779
3312815
3313008
3313117
3313130
3313194
3313305
3313355
3313458
3313535
3313593
3313705
3313729
3313846
3314036
3314108
3314245
3314279
3314388
3314447
3314529
3314921
3314934
3314984
3315342
3315396
3315596
3315718
3315734
3315927
3316165
3316167
3316248
3316371
3316573
3316645
3316868
3316893
3316921
3316925
3316940
3317113
3317199
3317299
3317311
3317700
3317803
3317899
3318209
3318368
3318465
3318648
3318696
3318708
3318715
3318855
3318864
3318928
3318952
3318995
3319050
3319121
3319363
3319474
3319539
3319670
3319766
3319815
3319926
3319968
3320146
3320223
3320261
3320375
3320590
3320756
3320804
3320830
3320912
3321072
3321112
3321219
3321226
3321309
3321324
3321436
3321697
3321723
3321740
3321958
3321959
3322233
3322300
3322305
3322484
3322491
3322556
3322585
3322685
3322946
3323302
3323363
3323521
3323637
3323699
3323709
3323727
3323742
3323826
3323828
3324032
3324036
3324120
3324179
3324357
3324362
3324407
3324412
3325192
3325224
3325486
3325563
3325646
3325690
3325703
3325713
3325837
3325969
3326060
3326073
3326354
3326355
3326484
3326490
3326518
3326545
3326662
3326788
3326839
3326907
3327041
3327130
3327277
3327362
3327421
3327618
3327720
3327978
3328054
3328084
3328104
3328178
3328371
3328426
3328667
3328676
3328751
3328808
3328927
3328977
3329213
3329258
3329267
3329473
3329514
3329597
3329642
3329683
3329866
3329896
3330078
3330125
3330275
3330340
3330391
3330509
3330910
3331212
3331277
3331283
3331501
3331566
3331744
3332037
3332044
3332271
3332284
3332402
3332504
3332588
3332737
3332972
3333024
3333025
3333248
3333354
3333546
3333680
3333996
3334002
3334028
3334029
3334079
3334151
3334418
3334495
3334511
3334603
3334605
3334883
3334979
3335278
3335472
3335575
3335603
3335708
3335729
3335855
3335942
3335973
3336417
3336533
3336572
3337075
3337142
3337174
3337345
3337569
3337570
3337850
3337963
3338075
3338168
3338417
3338444
3338530
3338644
3338678
3338869
3338951
3338975
3339098
3339467
3339543
3339569
3339637
3339679
3339900
3339924
3339940
3340115
3340375
3340443
3340463
3340491
3340497
3340507
3340563
3340727
3340730
3340816
3340845
3341015
3341145
3341392
3341606
3341645
3341683
3341853
3341962
3342029
3342117
3342125
3342184
3342278
3342298
3342306
3342325
3342338
3342434
3342483
3342615
3342651
3342702
3342751
3342887
3342888
3342987
3343156
3343197
3343324
3343349
3343362
3343609
3343727
3343730
3343740
3343832
3343839
3343862
3343921
3344132
3344185
3344388
3344717
3344757
3344845
3345487
3345512
3345540
3345600
3345615
3345703
3345860
3346027
3346071
3346220
3346251
3346315
3346343
3346346
3346496
3346505
3346548
3346568
3346712
3346789
3346962
3347021
3347166
3347398
3347412
3347443
3347539
3348276
3348469
3348559
3348610
3348762
3348892
3349050
3349272
3349298
3349302
3349443
3349462
3349487
3349634
3349758
3349848
3349987
3350091
3350161
3350278
3350371
3350382
3350389
3350396
3350503
3350526
3350630
3350644
3350726
3350758
3350766
3350838
3350987
3351238
3351319
3351567
3351713
3351841
3352026
3352088
3352239
3352339
3352484
3352595
3353274
3353283
3353330
3353517
3353699
3353703
3353788
3353806
3353815
3353820
3354147
3354171
3354243
3354274
3354630
3354702
3354806
3355186
3355203
3355347
3355432
3355515
3355691
3355853
3355963
3356027
3356181
3356275
3356290
3356421
3356498
3356536
3356588
3356706
3356734
3356745
3356786
3356908
3356911
3356944
3356975
3357080
3357134
3357151
3357169
3357216
3357362
3357393
3357436
3357462
3357530
3357826
3357836
3357908
3358093
3358208
3358234
3358435
3358481
3358507
3358663
3358746
3358960
3358963
3359013
3359354
3359405
3359511
3359693
3359756
3359863
3360057
3360221
3360250
3360321
3360419
3360545
3360555
3360587
3360616
3360650
3360676
3360723
3360746
3360755
3361005
3361332
3361476
3361577
3361682
3361801
3361838
3361854
3362263
3362284
3362310
3362332
3362793
3362795
3363111
3363181
3363270
3363399
3363461
3363514
3363522
3363563
3363821
3363896
3364020
3364188
3364399
3364549
3364763
3364957
3365016
3365042
3365626
3365631
3365663
3365721
3366179
3366182
3366201
3366315
3366336
3366618
3366669
3366703
3367120
3367121
3367185
3367636
3367653
3367687
3367849
3367936
3368129
3368163
3368244
3368259
3368270
3368381
3368396
3368402
3368666
3368734
3368777
3368897
3369061
3369193
3369409
3369607
3369728
3369751
3370022
3370276
3370328
3370359
3370385
3370453
3370567
3370644
3370657
3370808
3370929
3370945
3371081
3371097
3371228
3371394
3371467
3371537
3371563
3371731
3371853
3371891
3371897
3371915
3371997
3372139
3372151
3372332
3372441
3372598
3372700
3372832
3372867
3372878
3372922
3373085
3373226
3373270
3373780
3373979
3374218
3374318
3374360
3374365
3374399
3374559
3374659
3374710
3374754
3374758
3374894
3374934
3375010
3375051
3375106
3375360
3375409
3375454
3375598
3375731
3375746
3375825
3375888
3376025
3376192
3376326
3376343
3376352
3376357
3376370
3376481
3376598
3376603
3376662
3376747
3376958
3377022
3377116
3377359
3377369
3377548
3377625
3377699
3377733
3377767
3377898
3378032
3378250
3378276
3378353
3378667
3378948
3378985
3379066
3379084
3379225
3379310
3379514
3379859
3379879
3379956
3380011
3380048
3380287
3380940
3381035
3381110
3381142
3381147
3381218
3381305
3381382
3381430
3381449
3381637
3381641
3381677
3381812
3381850
3382050
3382134
3382135
3382286
3382340
3382407
3382457
3382572
3382736
3382740
3382805
3382922
3383032
3383081
3383346
3383378
3383514
3383623
3383629
3383722
3383723
3383988
3384010
3384051
3384055
3384085
3384186
3384236
3384238
3384241
3384399
3384417
3384602
3384627
3384798
3384821
3384823
3384915
3384948
3385275
3385396
3385523
3385905
3385990
3386220
3386291
3386344
3386445
3386788
3386825
3386928
3387091
3387157
3387643
3387852
3387856
3387982
3388030
3388252
3388290
3388297
3388404
3388430
3388603
3388795
3388811
3388838
3388875
3388883
3388917
3388934
3388982
3389195
3389207
3389499
3389614
3389664
3389700
3389708
3389978
3389982
3390138
3390316
3390322
3390323
3390524
3390570
3390648
3390668
3390679
3390706
3390767
3390864
3391113
3391155
3391208
3391216
3391304
3391351
3391366
3391370
3391499
3391578
3391627
3391642
3391837
3391989
3392094
3392095
3392216
3392288
3392317
3392436
3392472
3392500
3392535
3392549
3392572
3392635
3393114
3393168
3393250
3393282
3393295
3393588
3393654
3393668
3393701
3393864
3393975
3393983
3394024
3394065
3394146
3394202
3394250
3394326
3394336
3394338
3394375
3394393
3394402
3394479
3394574
3394613
3394845
3394981
3394993
3395397
3395449
3395587
3395603
3396012
3396201
3396282
3396359
3396416
3396501
3396746
3397070
3397520
3397545
3397646
3397806
3397885
3397889
3397900
3398011
3398191
3398383
3398391
3398864
3398899
3398963
3399048
3399222
3399375
3399462
3399598
3399663
3399716
3399754
3399861
3399899
3400062
3400113
3400178
3400182
3400287
3400718
3400727
3400745
3400765
3400815
3400953
3401124
3401138
3401274
3401468
3401565
3401589
3401792
3401804
3401858
3402156
3402161
3402291
3402432
3402463
3402469
3402534
3402774
3402847
3402904
3402982
3403087
3403280
3403286
3403438
3403547
3403686
3403907
3403990
3404045
3404049
3404201
3404269
3404305
3404402
3404691
3404838
3405003
3405205
3405318
3405319
3405459
3405484
3405553
3405783
3405834
3405867
3405893
3405964
3406017
3406031
3406094
3406122
3406178
3406187
3406199
3406482
3406855
3406862
3406890
3407101
3407162
3407238
3407369
3407669
3407796
3407843
3407913
3407930
3408139
3408143
3408213
3408282
3408380
3408703
3408721
3408751
3408831
3408903
3409088
3409160
3409424
3409791
3410101
3410194
3410278
3410441
3410466
3410753
3410904
3410943
3411176
3411373
3411424
3411604
3411609
3411627
3411638
3411697
3411824
3412027
3412032
3412042
3412110
3412123
3412247
3412297
3412412
3412989
3413244
3413340
3413350
3413379
3413440
3413477
3413573
3414013
3414640
3414674
3414789
3414825
3414828
3414838
3414847
3415085
3415099
3415137
3415140
3415210
3415408
3415429
3415600
3415624
3415796
3415800
3415840
3415872
3415979
3416039
3416539
3416606
3416724
3416763
3417003
3417174
3417412
3417442
3417621
3417705
3417734
3417833
3417878
3417916
3418084
3418107
3418110
3418173
3418294
3418391
3418401
3418429
3418544
3418568
3418574
3418814
3418885
3418978
3419188
3419219
3419366
3419470
3419583
3419865
3419867
3419947
3419979
3420022
3420268
3420424
3420709
3420722
3420727
3420734
3420763
3420764
3420921
3421039
3421186
3421346
3421652
3421831
3421900
3422237
3422298
3422567
3422593
3422617
3422677
3422770
3422808
3422886
3422938
3422949
3422953
3423183
3423225
3423255
3423279
3423305
3423485
3423549
3423662
3423740
3423785
3423842
3423948
3424083
3424117
3424271
3424302
3424397
3424653
3424901
3425143
3425186
3425202
3425296
3425310
3425337
3425367
3425542
3425716
3425796
3425801
3425804
3425874
3425948
3425984
3426007
3426237
3426243
3426466
3426540
3426579
3426595
3426599
3426816
3426849
3426857
3426900
3427462
3427478
3427542
3427554
3427657
3427662
3427834
3427900
3427937
3428165
3428215
3428385
3428401
3428429
3428698
3428795
3428815
3428851
3429016
3429088
3429433
3429450
3429497
3429590
3429650
3429772
3430179
3430189
3430194
3430300
3430339
3430344
3430453
3430501
3430605
3430633
3430825
3430903
3431026
3431027
3431039
3431084
3431097
3431099
3431161
3431214
3431230
3431234
3431290
3431325
3431419
3431612
3431834
3431898
3431979
3431982
3432133
3432174
3432204
3432210
3432451
3432496
3432631
3432739
3432773
3432778
3433037
3433180
3433287
3433355
3433357
3433383
3433479
3433495
3433503
3433725
3433746
3433775
3434029
3434062
3434115
3434126
3434168
3434189
3434250
3434355
3434487
3434507
3434814
3434928
3434995
3435348
3435616
3435679
3435865
3435943
3436017
3436150
3436174
3436522
3436533
3436740
3436784
3436840
3437076
3437253
3437430
3437446
3437453
3437473
3437489
3437529
3437571
3437770
3437779
3437799
3437937
3438012
3438168
3438263
3438349
3438563
3438621
3438647
3438669
3438871
3438988
3439076
3439091
3439553
3439577
3439810
3439824
3440364
3440410
3440478
3440625
3440879
3441027
3441038
3441108
3441131
3441255
3441317
3441352
3441399
3441489
3441505
3441570
3441673
3441729
3441747
3441935
3441975
3441993
3442170
3442177
3442347
3442402
3442468
3442590
3442778
3442848
3443103
3443111
3443258
3443319
3443346
3443410
3443459
3443481
3443560
3443613
3444132
3444176
3444368
3444390
3444394
3444636
3444726
3445366
3445419
3445790
3445809
3446060
3446065
3446189
3446190
3446353
3446435
3446533
3446807
3447060
3447207
3447353
3447545
3447616
3447631
3447632
3447799
3447834
3447930
3448087
3448197
3448288
3448292
3448378
3448446
3448496
3448540
3448564
3448576
3448751
3448954
3449048
3449052
3449113
3449126
3449140
3449160
3449195
3449221
3449294
3449428
3449639
3449781
3449936
3449994
3449996
3450093
3450101
3450430
3450602
3450687
3450907
3451124
3451163
3451243
3451332
3451578
3451592
3451619
3451640
3451861
3452319
3452331
3452337
3452379
3452394
3452490
3452516
3452571
3452702
3452834
3452862
3452911
3452965
3452976
3453043
3453272
3453284
3453497
3453763
3453773
3453912
3454238
3454281
3454299
3454399
3454512
3454568
3454681
3454839
3454978
3455054
3455171
3455394
3455694
3455703
3455938
3455946
3455991
3456062
3456149
3456150
3456166
3456238
3456251
3456272
3456472
3456607
3456625
3456660
3456664
3456975
3457078
3457407
3457475
3457534
3457553
3457788
3457843
3457963
3458014
3458092
3458181
3458184
3458294
3458330
3458499
3458525
3458540
3458627
3458774
3458794
3459323
3459390
3459475
3459498
3459594
3459632
3459758
3459915
3459942
3459963
3459985
3460115
3460167
3460219
3460247
3460371
3460433
3460441
3460445
3460628
3460641
3460770
3460803
3460833
3460971
3461039
3461079
3461182
3461226
3461250
3461265
3461382
3461428
3461625
3461700
3461832
3461896
3462023
3462115
3462124
3462315
3462623
3462703
3462747
3462916
3463308
3463505
3463711
3464127
3464154
3464328
3464447
3464495
3464951
3465248
3465261
3465350
3465648
3465793
3465905
3465906
3465992
3466116
3466165
3466272
3466275
3466351
3466387
3466502
3466589
3466761
3466764
3466780
3466850
3466920
3466954
3467474
3467627
3467952
3468230
3468332
3468370
3468454
3468470
3468513
3468608
3468762
3468811
3469093
3469169
3469217
3469247
3469260
3469681
3469683
3469813
3469858
3469872
3469894
3470105
3470251
3470291
3470388
3470657
3470742
3470776
3470836
3470875
3471088
3471157
3471467
3471618
3471797
3471880
3471922
3471949
3472094
3472131
3472144
3472518
3472830
3473005
3473152
3473159
3473197
3473413
3473423
3473685
3473726
3473870
3474015
3474077
3474350
3474367
3474404
3474585
3474885
3474964
3475004
3475080
3475103
3475171
3475258
3475290
3475325
3475340
3475491
3475523
3475536
3475638
3475681
3475845
3475888
3475928
3476231
3476232
3476311
3476346
3476360
3476383
3476389
3476458
3476565
3476623
3476712
3476727
3476908
3477004
3477154
3477229
3477245
3477422
3477544
3477667
3477983
3478160
3478425
3478434
3478510
3478616
3478733
3478869
3478886
3479052
3479124
3479126
3479226
3479248
3479935
3480327
3480382
3480664
3480823
3480849
3480889
3481016
3481057
3481077
3481136
3481525
3481607
3481621
3481871
3481895
3481959
3481990
3482110
3482131
3482317
3482513
3482522
3482530
3482787
3483070
3483183
3483223
3483340
3483414
3483449
3483498
3483545
3483557
3483580
3483598
3483641
3483946
3483978
3484023
3484098
3484302
3484322
3484518
3484526
3484528
3484579
3485061
3485165
3485172
3485207
3485247
3485520
3485678
3485680
3485910
3486033
3486102
3486116
3486210
3486212
3486306
3486407
3486442
3486670
3486757
3486957
3486965
3487016
3487113
3487242
3487272
3487525
3487613
3487791
3487860
3487943
3488036
3488137
3488189
3488260
3488387
3488601
3488718
3488928
3489005
3489064
3489198
3489240
3489411
3489513
3489565
3489620
3489643
3489679
3489742
3489768
3489954
3490049
3490119
3490189
3490229
3490342
3490569
3490597
3490666
3490848
3491103
3491354
3491462
3491484
3491652
3491770
3491958
3491964
3492184
3492198
3492297
3492340
3492498
3492856
3492872
3492913
3493137
3493278
3493339
3493359
3493397
3493656
3493756
3493785
3493852
3494022
3494061
3494064
3494092
3494099
3494274
3494335
3494439
3494463
3494476
3494491
3494905
3495081
3495412
3495431
3495784
3495895
3495991
3496008
3496081
3496287
3496308
3496403
3496417
3496697
3496712
3496745
3496845
3497162
3497183
3497271
3497429
3497571
3497720
3497818
3497833
3498054
3498061
3498457
3498563
3498729
3498805
3498837
3498939
3499287
3499464
3499565
3499663
3499726
3499878
3499886
3499922
3500026
3500040
3500091
3500093
3500144
3500162
3500276
3500321
3500687
3500758
3500793
3500871
3500877
3500884
3500979
3501045
3501186
3501267
3501464
3501668
3501674
3501997
3502044
3502122
3502283
3502324
3502357
3502532
3502552
3502761
3502832
3502939
3502954
3502996
3503084
3503101
3503140
3503204
3503289
3503428
3503440
3503651
3503696
3503879
3503917
3503923
3503988
3504116
3504118
3504154
3504169
3504176
3504186
3504190
3504270
3504577
3504618
3504904
3505346
3505384
3505559
3505872
3505894
3505898
3505928
3506007
3506027
3506076
3506080
3506199
3506248
3506276
3506511
3506540
3506598
3506867
3506878
3506973
3506997
3507070
3507076
3507245
3507293
3507628
3507711
3507728
3507854
3507886
3508080
3508111
3508371
3508413
3508612
3508790
3508933
3508939
3508950
3508968
3509270
3509428
3509438
3509538
3509606
3509673
3509774
3509845
3510031
3510092
3510199
3510288
3510407
3510420
3510423
3510432
3510450
3510498
3510532
3510731
3510988
3511046
3511057
3511132
3511344
3511404
3511437
3511583
3512095
3512152
3512465
3512508
3512620
3512765
3512830
3512853
3513116
3513487
3513671
3513701
3513809
3514088
3514405
3514454
3514561
3514585
3514944
3514978
3515017
3515050
3515139
3515161
3515167
3515188
3515255
3515318
3515327
3515357
3515371
3515462
3515707
3515782
3515913
3516117
3516248
3516332
3516378
3516499
3516641
3516716
3516914
3517089
3517091
3517141
3517225
3517253
3517316
3517319
3517413
3517633
3517655
3517918
3517937
3517941
3517951
3518015
3518167
3518258
3518266
3518298
3518312
3518319
3518395
3518479
3518526
3518806
3518839
3518851
3518859
3518935
3519036
3519215
3519240
3519295
3519366
3519388
3519430
3519641
3519724
3519758
3519781
3519926
3519959
3520074
3520198
3520224
3520289
3520522
3520547
3520621
3520626
3520659
3520809
3521118
3521171
3521264
3521464
3521540
3521807
3521873
3521956
3522040
3522160
3522233
3522381
3522665
3522667
3522752
3522926
3522962
3523131
3523144
3523314
3523412
3523449
3523774
3523842
3523878
3523930
3523936
3523957
3524077
3524079
3524102
3524186
3524499
3524641
3524697
3524729
3524857
3524898
3525069
3525287
3525329
3525412
3525517
3525707
3525799
3525821
3525837
3525843
3525907
3526163
3526247
3526280
3526333
3526360
3526421
3526499
3526520
3526654
3526773
3526779
3526837
3526852
3526889
3526890
3527021
3527050
3527137
3527197
3527356
3527427
3527666
3527678
3528113
3528180
3528187
3528246
3528404
3528558
3528576
3528607
3528702
3528709
3528753
3528807
3528832
3529075
3529089
3529282
3529481
3529489
3529595
3529696
3529699
3529818
3529819
3530020
3530062
3530104
3530138
3530213
3530431
3530452
3530941
3530989
3531145
3531380
3531509
3531666
3531755
3531870
3531932
3531967
3531998
3532108
3532148
3532310
3532397
3532408
3532603
3532673
3532803
3533042
3533182
3533194
3533419
3533439
3533501
3533549
3533569
3533682
3533779
3533788
3533909
3534204
3534222
3534275
3534335
3534361
3534420
3534635
3534714
3534846
3535025
3535032
3535058
3535213
3535312
3535328
3535421
3535578
3535586
3535591
3535671
3535838
3535847
3535911
3535912
3536087
3536127
3536204
3536267
3536273
3536303
3536326
3536367
3536556
3536700
3536709
3536777
3536783
3536807
3536863
3536953
3536956
3536975
3536982
3537134
3537380
3537478
3537542
3537568
3537589
3537620
3537639
3538030
3538042
3538112
3538150
3538323
3538427
3538481
3538882
3538909
3539164
3539185
3539704
3539830
3540042
3540051
3540090
3540114
3540118
3540203
3540230
3540397
3540415
3540773
3540934
3540940
3541028
3541058
3541064
3541139
3541350
3541364
3541490
3541632
3541901
3541937
3542021
3542160
3542169
3542229
3542262
3542383
3542763
3542773
3542776
3542961
3543030
3543054
3543166
3543184
3543473
3543617
3543742
3543799
3543855
3543890
3543918
3543988
3544066
3544080
3544195
3544214
3544261
3544271
3544340
3544343
3544542
3544557
3544590
3544771
3544803
3544827
3544837
3545050
3545112
3545204
3545485
3545723
3546055
3546147
3546283
3546544
3546586
3546765
3546948
3546989
3547011
3547081
3547188
3547307
3547322
3547345
3547355
3547699
3547958
3548029
3548039
3548166
3548261
3548668
3548716
3549119
3549300
3549416
3549604
3549673
3549715
3550046
3550152
3550264
3550272
3550424
3550523
3550743
3550837
3550852
3550946
3551070
3551099
3551143
3551297
3551337
3551367
3551370
3551449
3551584
3551713
3551722
3551843
3551984
3552052
3552172
3552199
3552207
3552264
3552356
3552462
3552581
3552652
3552888
3553086
3553165
3553277
3553319
3553354
3553384
3553518
3553544
3553615
3553726
3554094
3554123
3554194
3554219
3554240
3554277
3554348
3554486
3554491
3554492
3554562
3554607
3554619
3554677
3554778
3554788
3554795
3554855
3554926
3554947
3554952
3555051
3555070
3555075
3555258
3555281
3555466
3555503
3555659
3555722
3555764
3555937
3556111
3556135
3556290
3556393
3556394
3556448
3556602
3556785
3556907
3556965
3556981
3557072
3557106
3557108
3557168
3557331
3557494
3557565
3557877
3558233
3558295
3558298
3558326
3558392
3558501
3558545
3558662
3558780
3558911
3558915
3558987
3559078
3559198
3559209
3559362
3559466
3559552
3559613
3559708
3559746
3559781
3559790
3559817
3559824
3559874
3559929
3560050
3560071
3560120
3560325
3560400
3560421
3560472
3560704
3560896
3560994
3561082
3561127
3561220
3561241
3561243
3561255
3561445
3561861
3561978
3562095
3562160
3562316
3562439
3562554
3562561
3562678
3562769
3562779
3562809
3562924
3563081
3563372
3563416
3563439
3563648
3563713
3563776
3563779
3563805
3563913
3563969
3564345
3564360
3564362
3564703
3564746
3564798
3564913
3564930
3565022
3565200
3565233
3565251
3565350
3565431
3565436
3565479
3565605
3565669
3565754
3565762
3565798
3565885
3565971
3566100
3566116
3566200
3566254
3566360
3566389
3566687
3566699
3566721
3566855
3567257
3567281
3567285
3567426
3567549
3567605
3567956
3568109
3568161
3568180
3568537
3568629
3568919
3568968
3569164
3569274
3569422
3569527
3569531
3569539
3569653
3569828
3570406
3570451
3570823
3570879
3571088
3571098
3571154
3571174
3571190
3571629
3571659
3571784
3571994
3572013
3572034
3572241
3572281
3572289
3572755
3572819
3572968
3573004
3573351
3573392
3573483
3573745
3573840
3573936
3574029
3574304
3574334
3574422
3574477
3574653
3574666
3574729
3574785
3574797
3574941
3574965
3575280
3575392
3575546
3575673
3575870
3575957
3576135
3576301
3576305
3576485
3576563
3576687
3576814
3576858
3576875
3576926
3577018
3577047
3577131
3577137
3577178
3577190
3577194
3577317
3577436
3577877
3578033
3578159
3578179
3578198
3578366
3578700
3578964
3579163
3579179
3579217
3579223
3579226
3579252
3579314
3579375
3579458
3579482
3579595
3580001
3580053
3580241
3580291
3580340
3580392
3580502
3580607
3580613
3580672
3580955
3580997
3581317
3581405
3581434
3581647
3581784
3581948
3582165
3582206
3582384
3582498
3582725
3582920
3582959
3583123
3583225
3583714
3583762
3583996
3584107
3584136
3584224
3584441
3584557
3584582
3584594
3584894
3585314
3585320
3585396
3585510
3585721
3585753
3585870
3585986
3586084
3586128
3586154
3586367
3586378
3586506
3586632
3586633
3586778
3586794
3586870
3587017
3587039
3587064
3587205
3587361
3587423
3587458
3587478
3587504
3587514
3587926
3587955
3588157
3588215
3588500
3588544
3588635
3588773
3588887
3588908
3589090
3589117
3589118
3589333
3589533
3589736
3590071
3590102
3590210
3590268
3590350
3590387
3590440
3590582
3590803
3590829
3590890
3591194
3591208
3591359
3591422
3591440
3591445
3591484
3591668
3591734
3591821
3591976
3592084
3592090
3592093
3592146
3592244
3592379
3592441
3592469
3592670
3592792
3593100
3593275
3593330
3593496
3593504
3593556
3594098
3594297
3594303
3594472
3594498
3594642
3594710
3594790
3594798
3594921
3594997
3595573
3595669
3595677
3595723
3595955
3595970
3596012
3596066
3596069
3596257
3596359
3596426
3596689
3596805
3596991
3597014
3597093
3597163
3597434
3597497
3597538
3597745
3597858
3597904
3598010
3598159
3598169
3598287
3598325
3598382
3598411
3598547
3598598
3598680
3598788
3598930
3599059
3599278
3599331
3599637
3599716
3599844
3599894
3600004
3600268
3600286
3600303
3600313
3600370
3600479
3600505
3600623
3600631
3600695
3601321
3601428
3601466
3601615
3601629
3601686
3601719
3601797
3601855
3601894
3601983
3602190
3602236
3602254
3602338
3602382
3602391
3602737
3603245
3603263
3603481
3603484
3603523
3603654
3603680
3603687
3603693
3603721
3603742
3603871
3603881
3603936
3603961
3604128
3604147
3604247
3604300
3604342
3604353
3604390
3604442
3604707
3604755
3604898
3604921
3605107
3605173
3605302
3605337
3605448
3605580
3605581
3605761
3605845
3605985
3606256
3606317
3606421
3606435
3606478
3606539
3606754
3606763
3606905
3606929
3606999
3607071
3607132
3607231
3607450
3607451
3607488
3607494
3607561
3607697
3607712
3607988
3608129
3608251
3608424
3608601
3608636
3608865
3608882
3608984
3609000
3609018
3609285
3609319
3609330
3609423
3609447
3609524
3609527
3609586
3609600
3609879
3610191
3610272
3610286
3610289
3610477
3610526
3610564
3610612
3610673
3610765
3610796
3610859
3610986
3611179
3611198
3611238
3611283
3611427
3611597
3611609
3611623
3611771
3611932
3612033
3612231
3612279
3612353
3612365
3612622
3612696
3612742
3613125
3613364
3613536
3613549
3613581
3613656
3614022
3614553
3614612
3614627
3614631
3614666
3614715
3614732
3614847
3614910
3614932
3614941
3614959
3614981
3615080
3615112
3615346
3615365
3615384
3615499
3615578
3615609
3615672
3615893
3615930
3616002
3616008
3616026
3616037
3616283
3616607
3616644
3616647
3616671
3616682
3616711
3616856
3616894
3616926
3616959
3616991
3617009
3617166
3617279
3617370
3617386
3617410
3617421
3617493
3617538
3617703
3617959
3618016
3618086
3618200
3618216
3618428
3618637
3618764
3618930
3618982
3619017
3619271
3619324
3619565
3619574
3619698
3619708
3619833
3619948
3620051
3620399
3620602
3620735
3620796
3621098
3621339
3621345
3622076
3622201
3622315
3622405
3622458
3622535
3622850
3622956
3622966
3622973
3622993
3623016
3623062
3623343
3623496
3623749
3623905
3624320
3624510
3624541
3624549
3624569
3624716
3625020
3625097
3625117
3625235
3625251
3625525
3625837
3626012
3626098
3626117
3626151
3626181
3626225
3626282
3626287
3626324
3626565
3626616
3626649
3626665
3626672
3626686
3626873
3627004
3627030
3627106
3627278
3627289
3627420
3627767
3627819
3628057
3628399
3628600
3628636
3628715
3628747
3628876
3629021
3629368
3629446
3629521
3629675
3629807
3629844
3629894
3629948
3629987
3629999
3630245
3630331
3630379
3630384
3630413
3630574
3630592
3630643
3630654
3630663
3630763
3630929
3630984
3631285
3631296
3631304
3631318
3631438
3631518
3631527
3631561
3631757
3631902
3631920
3632037
3632072
3632352
3632437
3632485
3632610
3632849
3632959
3633007
3633090
3633129
3633195
3633270
3633289
3633348
3633465
3633517
3633543
3633581
3633583
3633834
3633872
3633875
3633878
3633913
3634051
3634098
3634210
3634386
3634454
3634479
3634483
3634487
3634936
3634952
3635160
3635167
3635203
3635233
3635287
3635293
3635373
3635438
3635470
3635481
3635731
3635734
3635859
3635925
3636142
3636245
3636360
3636454
3636496
3636835
3636965
3637002
3637023
3637043
3637045
3637056
3637237
3637402
3637715
3637721
3637749
3637862
3637964
3638018
3638089
3638154
3638224
3638436
3638539
3638563
3638812
3638825
3638895
3638950
3638955
3639399
3639432
3639474
3639503
3639712
3639773
3639898
3639947
3639953
3639954
3639973
3640024
3640331
3640340
3640400
3640461
3640488
3640551
3640600
3640623
3640836
3640888
3640933
3641041
3641106
3641117
3641132
3641208
3641400
3641570
3641767
3641784
3641837
3642131
3642197
3642293
3642322
3642507
3642834
3642895
3643060
3643160
3643211
3643269
3643355
3643636
3643644
3643811
3643930
3644018
3644069
3644104
3644147
3644217
3644223
3644266
3644289
3644312
3644458
3644508
3644522
3644563
3644588
3644612
3644707
3644760
3644822
3644931
3645001
3645164
3645165
3645172
3645180
3645184
3645301
3645452
3645641
3645680
3645894
3645905
3646105
3646113
3646291
3646380
3646403
3646534
3646635
3647141
3647395
3647427
3647524
3647625
3647715
3647830
3647893
3647916
3647992
3648083
3648112
3648135
3648331
3648426
3648430
3648551
3648760
3649124
3649178
3649210
3649288
3649361
3649478
3649548
3649622
3649784
3650071
3650169
3650222
3650480
3650482
3650515
3650543
3650568
3650833
3650905
3650919
3651002
3651192
3651356
3651609
3651645
3651817
3651835
3651913
3651932
3652061
3652267
3652279
3652301
3652308
3652414
3652446
3652593
3652602
3652726
3652831
3652855
3652860
3652874
3652889
3652892
3653030
3653073
3653143
3653282
3653511
3653562
3653628
3653707
3653723
3653750
3653880
3653913
3653990
3653993
3654144
3654207
3654334
3654364
3654534
3654579
3654600
3654662
3654678
3654790
3654996
3655209
3655232
3655296
3655356
3655360
3655413
3655467
3655555
3655687
3655747
3655753
3655777
3655778
3655799
3655956
3656067
3656147
3656204
3656231
3656244
3656408
3656427
3656475
3656529
3656790
3656838
3656866
3657301
3657459
3657475
3657541
3657567
3657573
3657593
3657699
3657775
3657832
3657936
3657995
3658130
3658227
3658293
3658488
3658577
3658627
3658678
3658789
3658842
3658982
3659188
3659331
3659356
3659431
3659468
3659474
3659709
3659722
3659760
3659799
3659988
3660140
3660281
3660410
3660541
3660723
3660789
3660898
3660940
3660992
3661217
3661432
3661552
3661689
3661709
3661765
3661954
3662083
3662245
3662454
3662556
3662641
3662763
3662840
3662869
3663001
3663033
3663171
3663192
3663203
3663525
3663578
3663660
3663705
3663779
3663917
3663953
3664018
3664158
3664186
3664299
3664320
3664338
3664351
3664443
3664445
3664448
3664502
3664536
3664723
3664792
3664816
3664866
3664903
3664996
3664999
3665145
3665326
3665459
3665551
3665598
3665631
3665638
3666023
3666133
3666238
3666262
3666371
3666398
3666525
3666537
3666559
3666690
3666842
3666931
3667090
3667113
3667226
3667366
3667394
3667567
3667881
3667999
3668023
3668136
3668256
3668512
3668555
3668839
3669073
3669075
3669170
3669305
3669487
3669507
3669516
3669634
3669882
3669976
3670084
3670161
3670212
3670234
3670272
3670275
3670456
3670461
3670582
3670600
3670668
3670901
3671004
3671037
3671175
3671444
3671545
3671581
3671609
3671824
3671962
3672026
3672047
3672055
3672077
3672277
3672490
3672517
3672603
3672640
3672821
3672837
3672853
3672938
3673000
3673044
3673070
3673104
3673231
3673269
3673285
3673288
3673313
3673341
3673414
3673562
3673613
3673644
3673793
3673906
3673938
3673958
3673963
3674007
3674129
3674131
3674195
3674225
3674286
3674504
3674549
3674617
3674703
3674769
3674777
3674799
3674813
3674943
3674948
3674973
3675165
3675244
3675271
3675408
3675611
3675766
3675794
3675835
3675958
3676051
3676075
3676077
3676158
3676189
3676191
3676232
3676255
3676295
3676367
3676504
3676605
3676635
3677004
3677122
3677136
3677154
3677260
3677418
3677442
3677478
3677585
3677591
3677693
3677736
3677815
3678021
3678198
3678367
3678419
3678538
3678781
3678843
3678901
3678992
3679046
3679059
3679314
3679413
3679430
3679474
3679591
3679760
3679813
3679897
3679917
3680314
3680485
3680527
3680734
3680759
3681019
3681099
3681115
3681153
3681195
3681214
3681284
3681354
3681694
3681872
3681920
3682012
3682471
3682476
3683039
3683044
3683109
3683392
3683453
3683560
3683764
3683878
3683937
3683950
3684117
3684219
3684323
3684369
3684377
3684479
3684486
3684531
3684950
3685993
3686117
3686122
3686394
3686423
3686482
3686637
3686653
3686819
3686912
3686926
3686944
3686979
3687146
3687254
3687277
3687292
3687348
3687479
3688168
3688235
3688295
3688317
3688480
3688526
3688530
3688718
3688724
3688734
3688749
3688768
3688845
3688890
3688913
3689108
3689113
3689130
3689637
3689663
3689936
3690048
3690084
3690182
3690350
3690369
3691041
3691167
3691473
3691762
3691869
3691906
3691974
3692054
3692340
3692546
3692601
3692685
3692909
3693142
3693507
3693726
3693867
3693988
3694011
3694096
3694115
3694441
3694503
3694570
3694612
3694634
3694654
3694666
3694667
3694972
3695034
3695057
3695244
3695275
3695351
3695656
3695660
3695683
3695807
3695819
3695886
3695911
3696043
3696163
3696222
3696468
3696506
3696630
3696679
3696718
3696763
3696907
3697107
3697112
3697229
3697260
3697270
3697296
3697388
3697401
3697461
3697541
3697653
3697700
3697726
3697759
3697866
3697893
3697933
3698023
3698232
3698255
3698329
3698345
3698351
3698379
3698444
3698464
3698887
3699198
3699210
3699242
3699320
3699507
3699556
3699645
3699685
3699840
3699871
3699963
3700025
3700156
3700165
3700247
3700342
3700477
3700514
3700560
3700592
3700650
3700731
3700831
3700899
3700926
3701026
3701106
3701177
3701200
3701218
3701250
3701359
3701401
3701474
3701496
3701550
3701591
3701708
3701712
3701989
3702011
3702106
3702232
3702289
3702383
3702400
3702605
3702619
3702667
3702852
3702995
3703113
3703271
3703279
3703313
3703327
3703329
3703422
3703595
3703638
3704148
3704181
3704207
3704361
3704808
3704833
3705001
3705229
3705235
3705608
3705737
3705805
3706007
3706182
3706372
3706609
3706657
3706786
3706899
3707091
3707319
3707712
3707787
3707951
3708126
3708239
3708255
3708297
3708307
3708353
3708481
3708558
3708586
3708588
3708636
3708733
3708766
3708816
3708854
3708863
3709126
3709161
3709300
3709449
3709668
3709669
3709902
3710067
3710242
3710248
3710478
3710608
3710751
3710785
3710986
3711087
3711225
3711227
3711307
3711383
3711444
3711788
3711913
3712037
3712115
3712363
3712449
3712476
3712546
3712584
3712643
3712966
3713050
3713173
3713195
3713450
3713654
3713739
3713763
3713892
3713925
3714075
3714163
3714191
3714276
3714370
3714434
3714587
3714659
3714795
3714883
3714940
3714953
3715138
3715269
3715777
3715980
3716501
3716584
3716676
3716988
3716994
3717034
3717118
3717160
3717243
3717279
3717362
3717770
3717790
3717861
3717936
3717968
3718013
3718220
3718236
3718514
3718703
3718705
3718738
3718745
3718780
3718864
3718900
3719001
3719280
3719320
3719358
3719408
3719487
3719607
3720228
3720253
3720299
3720305
3720435
3720446
3720687
3720771
3720834
3721013
3721074
3721085
3721202
3721243
3721615
3721657
3721674
3721773
3721805
3722144
3722216
3722264
3722278
3722508
3722542
3722641
3723176
3723259
3723313
3723621
3724049
3724182
3724223
3724228
3724253
3724265
3724474
3724496
3724560
3724585
3724760
3724774
3724835
3724851
3724852
3724935
3725120
3725179
3725346
3725540
3725705
3725898
3725909
3725910
3725976
3725978
3726098
3726104
3726220
3726465
3726486
3726582
3726695
3726705
3726746
3726797
3726911
3726916
3726955
3726994
3727188
3727761
3727776
3727846
3727849
3727906
3728015
3728028
3728042
3728141
3728326
3728428
3728443
3728587
3728661
3728785
3728795
3728799
3728905
3728927
3728964
3729058
3729079
3729105
3729376
3729429
3729447
3729514
3729673
3729870
3730006
3730239
3730348
3730419
3730503
3730527
3730545
3730635
3730755
3730791
3730803
3730809
3730838
3730965
3731043
3731316
3731363
3731785
3731791
3731818
3731908
3731953
3731991
3732002
3732016
3732045
3732079
3732095
3732148
3732223
3732292
3732482
3732633
3732664
3732799
3732848
3732925
3732932
3733042
3733070
3733226
3733234
3733287
3733383
3733502
3733590
3733815
3733840
3733922
3733985
3734010
3734014
3734099
3734112
3734158
3734264
3734330
3734391
3734407
3734770
3734796
3734805
3735043
3735107
3735341
3735496
3735532
3735794
3735959
3736013
3736074
3736121
3736133
3736199
3736257
3736280
3736367
3736395
3736479
3736600
3736694
3736736
3736938
3736959
3736995
3737033
3737058
3737153
3737241
3737250
3737466
3737494
3737507
3737531
3737634
3737687
3737854
3737912
3737933
3737971
3738140
3738242
3738318
3738337
3738448
3738564
3738590
3738600
3738647
3739055
3739277
3739295
3739406
3739461
3739473
3739571
3739582
3739628
3739633
3739703
3739776
3739830
3739901
3739908
3739945
3739980
3739985
3740036
3740168
3740173
3740199
3740329
3740553
3740556
3740567
3740669
3740711
3740724
3740734
3740787
3740892
3740903
3741359
3741384
3741605
3741615
3741740
3741787
3741798
3741828
3741911
3741935
3742179
3742228
3742275
3742442
3742452
3742462
3742770
3742785
3743033
3743125
3743824
3743902
3744008
3744198
3744423
3744654
3744731
3744782
3744813
3744839
3744854
3744882
3744883
3744906
3745196
3745205
3745298
3745428
3745526
3745685
3745704
3745730
3745893
3745930
3745951
3746226
3746293
3746463
3746540
3746820
3746890
3746909
3746911
3746964
3747003
3747013
3747095
3747132
3747218
3747375
3747571
3747779
3747802
3747844
3748025
3748057
3748293
3748410
3748438
3748441
3748490
3748775
3748802
3748850
3748882
3748948
3748983
3748984
3748986
3749519
3749594
3749618
3749702
3749859
3749971
3750438
3750466
3750560
3750607
3750764
3750909
3751016
3751217
3751268
3751330
3751403
3751432
3751453
3751761
3751808
3751841
3751887
3751945
3752266
3752310
3752452
3752465
3752739
3752816
3752908
3752991
3753185
3753220
3753225
3753415
3753496
3753539
3753623
3753645
3753691
3753705
3754074
3754162
3754220
3754238
3754405
3754468
3754530
3754545
3754552
3754605
3754607
3754647
3754689
3754709
3754837
3754845
3754904
3754963
3754997
3755027
3755244
3755261
3755317
3755409
3755443
3755494
3755506
3755522
3755594
3755707
3756028
3756100
3756195
3756325
3756480
3756535
3756556
3756768
3756912
3756916
3756992
3757032
3757154
3757371
3757427
3757489
3757576
3757673
3757707
3757843
3757969
3758018
3758052
3758120
3758278
3758337
3758427
3758452
3758989
3759117
3759263
3759279
3759343
3759384
3759638
3759700
3759707
3759847
3760061
3760102
3760258
3760289
3760568
3760623
3760647
3760777
3760849
3760865
3760977
3761307
3761327
3761391
3761545
3761550
3761564
3761591
3761637
3761671
3761823
3761948
3761958
3762150
3762204
3762206
3762340
3762393
3762473
3762524
3762633
3762675
3762772
3763253
3763279
3763297
3763343
3763393
3763395
3763487
3763655
3763817
3763952
3763981
3763991
3764064
3764066
3764411
3764495
3764500
3764611
3764656
3764716
3764793
3764885
3764999
3765489
3765620
3765638
3765677
3765724
3765725
3765804
3765820
3765839
3765929
3765958
3765999
3766214
3766215
3766269
3766344
3766414
3766472
3766476
3766741
3766788
3766824
3766861
3766967
3767003
3767135
3767293
3767384
3767742
3767829
3767844
3767947
3768057
3768117
3768219
3768255
3768290
3768723
3768730
3768800
3768844
3768978
3768989
3769080
3769135
3769457
3769680
3769795
3769831
3769851
3769933
3770010
3770171
3770174
3770193
3770478
3770530
3770540
3770692
3770783
3770923
3771144
3771202
3771250
3771352
3771441
3771454
3771676
3771932
3771933
3771935
3771939
3771940
3772246
3772284
3772324
3772631
3772642
3772763
3772894
3773031
3773042
3773076
3773282
3773310
3773320
3773402
3773411
3773445
3773511
3773521
3773549
3773783
3773789
3773970
3774399
3774541
3774588
3774790
3774838
3775141
3775273
3775348
3775522
3775770
3776024
3776077
3776538
3776540
3776753
3776909
3776971
3777001
3777019
3777034
3777038
3777088
3777308
3777372
3777487
3777499
3777735
3777774
3778080
3778175
3778553
3778634
3778664
3778731
3778784
3778826
3778932
3778984
3779012
3779035
3779307
3779463
3779679
3779691
3779701
3779772
3779785
3779941
3780017
3780174
3780269
3780379
3780612
3780654
3780700
3780793
3781067
3781398
3781492
3781725
3782108
3782159
3782209
3782419
3782496
3782684
3782763
3782826
3782896
3783105
3783139
3783204
3783293
3783295
3783304
3783470
3783595
3783601
3783677
3783797
3783854
3783905
3784075
3784131
3784518
3784649
3784650
3784652
3785088
3785186
3785212
3785362
3785409
3785464
3785697
3785774
3785775
3785951
3786141
3786284
3786388
3786393
3786401
3786477
3786479
3786498
3786548
3786591
3786913
3787142
3787208
3787292
3787304
3787417
3787485
3787552
3787716
3787760
3787797
3787859
3788034
3788136
3788266
3788346
3788543
3788589
3788807
3788815
3788843
3789035
3789048
3789081
3789152
3789255
3789288
3789292
3789409
3789433
3789527
3789579
3789586
3789711
3789737
3789810
3789853
3789896
3790030
3790098
3790478
3790986
3790992
3791069
3791261
3791685
3791742
3791880
3792069
3792077
3792145
3792184
3792245
3792260
3792295
3792963
3793141
3793217
3793222
3793248
3793322
3793494
3793562
3793736
3793769
3793814
3793915
3793991
3794036
3794319
3794323
3794808
3794811
3794852
3794987
3795009
3795355
3795378
3795398
3795425
3795712
3795715
3795970
3795976
3796022
3796108
3796232
3796371
3796439
3796459
3796608
3796768
3797091
3797132
3797346
3797376
3797474
3797687
3797693
3797739
3797753
3797791
3797818
3797998
3798025
3798095
3798147
3798268
3798280
3798541
3798578
3798612
3798703
3798705
3798720
3798728
3798801
3798838
3798902
3798950
3798974
3799416
3799452
3799580
3799605
3799708
3799785
3799983
3800162
3800321
3800442
3800711
3800761
3800850
3800890
3800985
3801143
3801288
3801392
3801418
3801482
3801689
3801856
3802075
3802252
3802340
3802373
3802391
3802646
3802766
3802892
3802977
3803055
3803143
3803231
3803295
3803300
3803301
3803354
3803501
3803548
3803579
3803656
3803691
3803888
3803995
3804253
3804294
3804472
3804487
3804546
3804674
3804764
3804769
3804776
3804885
3804948
3805113
3805437
3805538
3805556
3805665
3805670
3805734
3805822
3805920
3805975
3806031
3806273
3806349
3806444
3806556
3806747
3806825
3806832
3806913
3807068
3807191
3807527
3807676
3808022
3808142
3808186
3808271
3808292
3808378
3808415
3808484
3808649
3808785
3808834
3808905
3809165
3809225
3809278
3809467
3809589
3809627
3809707
3809797
3809816
3810082
3810085
3810110
3810252
3810526
3810540
3810582
3810694
3810718
3810750
3810808
3810865
3810921
3811168
3811313
3811403
3811482
3811517
3811819
3811831
3811838
3812149
3812285
3812365
3812848
3812913
3812933
3812992
3813029
3813067
3813104
3813133
3813147
3813284
3813396
3813397
3813541
3813626
3813678
3813710
3813712
3813975
3814044
3814129
3814207
3814257
3814267
3814428
3814610
3814681
3814778
3814891
3814971
3815074
3815164
3815353
3815382
3815456
3815503
3815577
3815586
3815608
3815724
3815758
3815971
3816291
3816522
3816534
3816586
3816619
3816726
3816808
3816923
3816971
3817020
3817030
3817169
3817541
3817556
3817726
3817755
3817890
3818006
3818119
3818133
3818153
3818263
3818418
3818613
3818968
3819252
3819259
3819276
3819524
3819531
3819555
3819578
3819649
3819660
3819730
3819874
3820076
3820131
3820432
3820474
3820510
3820764
3820831
3820869
3821097
3821230
3821305
3821489
3821548
3821648
3821706
3821838
3821862
3821948
3821998
3822009
3822259
3822267
3822268
3822340
3822466
3822476
3822558
3822600
3822670
3822713
3822723
3822724
3822824
3823023
3823087
3823108
3823157
3823281
3823415
3823420
3823498
3823532
3823533
3823549
3823590
3823625
3823755
3823830
3823973
3824035
3824268
3824297
3824400
3824407
3824416
3824419
3824490
3824620
3824678
3824723
3824739
3824753
3824801
3824843
3824925
3824952
3825067
3825172
3825188
3825289
3826119
3826182
3826231
3826308
3826346
3826648
3826983
3827056
3827058
3827078
3827150
3827193
3827300
3827527
3827675
3827800
3828108
3828258
3828330
3828581
3828602
3828861
3829289
3829636
3829651
3829721
3829723
3829750
3829815
3829826
3829912
3829965
3830031
3830106
3830452
3830494
3830696
3830908
3831079
3831115
3831277
3831300
3831434
3831443
3831551
3831595
3831689
3831710
3831878
3831879
3831990
3832119
3832149
3832222
3832326
3832346
3832347
3832534
3833000
3833133
3833486
3833554
3833760
3833796
3833808
3833863
3833902
3834038
3834184
3834248
3834515
3834547
3834552
3834713
3834745
3834929
3834939
3834965
3835070
3835183
3835827
3835828
3835916
3835957
3835965
3835981
3836027
3836267
3836295
3836380
3836665
3836695
3836787
3836845
3836940
3837070
3837098
3837220
3837345
3837494
3837587
3837701
3837945
3838024
3838171
3838190
3838309
3838554
3838625
3838753
3838824
3838897
3839038
3839297
3839423
3839428
3839494
3839499
3839511
3839629
3839687
3839764
3839815
3839960
3839991
3840113
3840127
3840133
3840340
3840443
3840564
3840647
3840714
3840752
3840865
3840929
3841005
3841091
3841243
3841542
3841589
3841752
3841816
3841906
3842066
3842150
3842173
3842247
3842459
3842637
3842788
3842882
3843178
3843222
3843308
3843324
3843400
3843470
3843704
3843857
3843865
3843912
3843914
3843995
3844249
3844528
3844656
3844781
3844977
3845153
3845202
3845292
3845369
3845372
3845464
3845486
3845687
3845691
3845804
3845954
3845985
3846030
3846296
3846311
3846483
3847036
3847152
3847274
3847343
3847454
3847505
3847593
3847632
3847640
3847644
3847736
3847782
3847937
3847954
3848002
3848082
3848164
3848224
3848331
3848428
3848549
3848642
3848863
3848886
3849159
3849306
3849318
3849344
3849465
3849713
3849835
3849916
3850140
3850471
3850679
3850743
3850836
3850943
3851116
3851171
3851175
3851243
3851254
3851280
3851410
3851559
3851580
3851602
3851677
3851703
3851745
3852419
3852656
3852779
3852994
3853123
3853208
3853231
3853286
3853653
3853743
3853765
3853968
3854092
3854241
3854361
3854408
3854688
3854715
3854788
3854842
3854891
3854922
3855102
3855156
3855388
3855426
3855555
3855572
3855602
3855635
3855715
3855785
3855906
3856258
3856279
3856351
3856358
3856420
3856748
3856837
3856853
3857246
3857362
3857576
3857587
3857614
3857678
3857718
3857756
3858145
3858531
3858589
3858604
3858651
3858662
3858806
3858809
3858847
3859072
3859085
3859134
3859388
3859490
3859625
3859689
3859714
3859756
3859820
3859903
3859927
3859970
3859991
3859992
3860041
3860122
3860274
3860374
3860502
3860503
3860617
3860662
3860680
3860684
3860691
3860743
3860745
3861161
3861162
3861168
3861301
3861485
3861646
3861738
3861750
3862045
3862265
3862285
3862674
3862718
3862783
3862967
3863010
3863178
3863318
3863356
3863612
3863674
3863778
3863824
3864002
3864146
3864195
3864364
3864488
3864570
3864577
3864628
3864695
3864826
3864850
3864896
3865011
3865259
3865324
3865344
3865379
3865461
3865492
3865534
3865756
3865865
3866321
3866348
3866493
3866496
3866497
3866690
3866792
3866823
3866849
3866878
3866951
3866952
3867004
3867069
3867247
3867269
3867328
3867350
3867397
3867627
3867751
3867786
3867956
3868056
3868118
3868238
3868381
3868425
3868506
3868819
3868835
3868854
3869062
3869258
3869297
3869513
3869842
3870003
3870054
3870109
3870133
3870314
3870352
3870435
3870538
3870860
3870881
3870969
3871104
3871481
3871710
3871787
3872020
3872168
3872199
3872262
3872295
3872334
3872452
3872480
3872535
3872547
3872630
3872690
3872733
3873115
3873311
3873461
3873487
3873573
3873662
3873694
3873703
3873781
3873783
3873784
3873995
3874049
3874059
3874066
3874090
3874097
3874160
3874298
3874343
3874370
3874405
3874530
3874616
3874618
3874829
3874947
3874996
3875025
3875057
3875060
3875186
3875205
3875284
3875336
3875401
3875494
3875584
3875624
3875641
3875838
3875926
3876149
3876158
3876200
3876392
3876443
3876526
3876568
3876587
3876657
3877019
3877261
3877398
3877626
3877797
3877872
3877898
3878197
3878226
3878329
3878365
3878375
3878462
3878853
3878874
3879075
3879140
3879146
3879150
3879451
3879707
3879923
3879986
3880029
3880104
3880389
3880644
3880701
3880735
3880952
3880976
3881016
3881131
3881349
3881400
3881711
3882150
3882324
3882352
3882367
3882411
3882500
3882641
3882711
3882751
3882806
3882808
3882834
3882892
3882931
3883185
3883331
3883465
3883491
3883504
3883526
3883887
3883915
3884000
3884085
3884153
3884216
3884250
3884275
3884283
3884480
3884505
3884598
3884626
3884861
3884887
3884916
3885042
3885101
3885141
3885241
3885590
3885591
3885822
3886002
3886086
3886176
3886308
3886342
3886388
3886661
3886701
3886793
3886854
3886857
3887009
3887183
3887189
3887254
3887353
3887495
3887564
3887595
3887669
3887778
3887994
3888101
3888118
3888187
3888291
3888503
3888770
3888833
3888916
3888965
3889005
3889008
3889201
3889220
3889375
3889433
3889479
3889702
3889728
3889750
3889890
3889949
3889987
3890177
3890386
3890422
3890432
3890475
3890524
3890625
3890678
3890720
3890733
3891154
3891268
3891330
3891393
3891447
3891494
3891516
3891542
3891649
3891786
3891902
3891930
3892082
3892153
3892158
3892318
3892385
3892544
3892673
3892675
3892853
3892874
3892896
3892992
3893209
3893414
3893523
3893565
3893570
3893770
3893809
3893816
3894044
3894053
3894068
3894112
3894211
3894252
3894312
3894340
3894453
3894507
3894571
3894603
3894709
3894730
3894835
3894990
3895114
3895119
3895168
3895177
3895221
3895336
3895346
3895353
3895367
3895376
3895475
3895575
3895619
3895799
3895866
3896008
3896063
3896107
3896381
3896479
3896493
3896669
3896702
3896735
3896795
3897030
3897224
3897334
3897379
3897397
3897413
3897760
3897763
3897766
3897818
3897938
3898050
3898119
3898375
3898389
3898391
3898454
3898871
3899115
3899153
3899161
3899169
3899264
3899295
3899452
3899502
3899524
3899568
3899638
3899660
3899754
3899850
3899931
3899961
3900109
3900243
3900285
3900632
3900855
3900918
3901015
3901091
3901179
3901379
3901510
3901561
3901650
3901681
3901721
3901744
3901782
3901860
3901866
3901880
3901953
3902139
3902235
3902283
3902414
3902415
3902452
3902479
3902511
3902589
3902636
3902727
3902772
3902869
3903014
3903029
3903087
3903089
3903114
3903198
3903200
3903301
3903402
3903481
3903562
3903596
3903597
3903632
3903804
3903872
3903922
3903972
3904235
3904272
3904336
3904357
3904395
3904421
3904447
3904878
3904902
3905004
3905070
3905100
3905209
3905340
3905405
3905409
3905502
3905582
3905912
3906109
3906226
3906331
3906349
3906478
3906518
3906679
3906684
3906903
3906904
3907074
3907657
3907845
3907882
3907940
3908001
3908064
3908072
3908330
3908505
3908529
3908704
3908736
3908740
3908850
3908936
3908953
3908958
3908993
3909053
3909069
3909124
3909189
3909328
3909332
3909340
3909752
3910352
3910362
3910393
3910639
3910709
3910922
3910970
3911223
3911403
3911514
3911967
3912003
3912025
3912074
3912712
3912737
3912808
3912839
3912888
3913186
3913419
3913592
3913596
3913637
3913762
3913837
3913843
3913910
3914015
3914105
3914547
3914592
3914713
3914714
3914781
3914854
3915065
3915104
3915203
3915227
3915256
3915308
3915473
3915486
3915525
3915906
3916005
3916201
3916224
3916411
3916445
3916478
3916504
3916713
3917014
3917305
3917508
3917556
3917839
3917953
3918020
3918345
3918413
3918463
3918527
3918671
3918712
3918814
3919346
3919503
3919759
3919790
3919852
3919857
3919984
3920186
3920197
3920420
3920511
3920740
3920784
3920839
3920841
3921009
3921036
3921057
3921059
3921213
3921224
3921299
3921514
3921553
3921631
3921744
3921774
3921792
3922062
3922242
3922247
3922352
3922594
3922644
3922668
3922744
3922805
3922880
3922914
3923148
3923185
3923486
3923546
3923550
3923551
3923595
3923620
3923630
3923651
3924251
3924317
3924358
3924590
3924753
3924888
3925072
3925091
3925310
3925312
3925352
3925370
3925387
3925393
3925616
3925917
3926181
3926275
3926330
3926377
3926455
3926479
3926562
3926940
3927062
3927079
3927184
3927208
3927280
3927365
3927552
3927557
3927767
3927872
3927971
3928017
3928024
3928098
3928188
3928281
3928341
3928462
3928578
3928911
3929208
3929282
3929395
3929552
3929696
3929718
3929809
3930196
3930328
3930339
3930343
3930372
3930456
3930521
3930575
3930731
3930783
3930793
3930952
3931017
3931061
3931098
3931437
3931440
3931452
3931560
3931614
3931836
3931842
3931989
3932085
3932111
3932320
3932412
3932627
3932796
3932873
3932915
3932931
3933197
3933305
3933349
3933498
3933516
3933783
3933850
3933890
3933965
3934149
3934198
3934240
3934245
3934325
3934345
3934690
3934738
3934794
3934808
3934990
3935044
3935125
3935162
3935184
3935218
3935388
3935552
3935572
3935776
3935837
3935857
3936029
3936074
3936305
3936391
3936396
3936448
3936459
3936499
3937181
3937197
3937283
3937292
3937419
3937483
3937559
3937704
3937710
3937780
3937784
3937877
3937924
3937929
3938022
3938073
3938178
3938222
3938298
3938416
3938444
3938539
3938791
3938799
3938891
3938956
3939090
3939114
3939225
3939290
3939337
3939600
3939734
3939764
3939850
3939985
3940134
3940163
3940255
3940258
3940265
3940297
3940319
3940337
3940439
3940441
3940487
3940515
3940571
3940606
3940961
3940965
3941094
3941152
3941380
3941435
3941553
3941694
3941705
3941723
3942146
3942152
3942334
3942441
3942582
3942612
3942645
3942683
3942812
3942841
3942873
3942906
3942940
3943004
3943263
3943299
3943305
3943342
3943353
3943509
3943526
3943599
3943663
3944012
3944272
3944411
3944421
3944513
3944673
3944744
3944789
3944803
3944902
3945014
3945132
3945163
3945202
3945289
3945294
3945520
3945697
3945884
3945906
3945943
3945963
3946047
3946066
3946131
3946181
3946200
3946323
3946493
3946534
3946691
3947086
3947222
3947358
3947400
3947407
3947444
3947569
3947642
3947676
3947726
3947877
3947921
3947964
3948005
3948208
3948271
3948292
3948412
3948652
3949030
3949097
3949116
3949241
3949316
3949556
3949586
3949721
3949900
3950109
3950260
3950370
3950461
3950480
3950524
3950532
3950560
3950793
3950912
3950990
3951256
3951387
3951390
3951444
3951487
3951663
3951666
3951676
3951822
3951923
3951960
3951972
3952133
3952151
3952184
3952189
3952343
3952381
3952714
3952776
3952873
3952881
3952946
3952989
3953000
3953153
3953202
3953259
3953274
3953289
3953366
3953417
3953492
3953548
3953879
3954027
3954062
3954093
3954168
3954394
3954429
3954493
3954599
3954730
3954732
3954749
3954922
3954960
3955049
3955699
3955888
3955984
3956001
3956012
3956097
3956154
3956232
3956432
3956446
3956459
3956542
3956639
3956824
3956892
3956910
3957598
3957702
3957727
3957943
3957974
3958094
3958165
3958253
3958384
3958458
3958480
3958485
3958582
3958617
3958666
3958690
3958802
3958849
3959010
3959242
3959300
3959345
3959545
3959607
3959725
3959946
3959976
3960113
3960193
3960233
3960295
3960372
3960412
3960525
3960765
3960862
3961055
3961143
3961312
3961440
3961530
3961601
3961827
3961925
3961940
3962012
3962059
3962418
3962441
3962502
3962569
3962575
3962709
3962809
3962847
3962858
3962913
3962996
3963122
3963128
3963158
3963284
3963446
3963497
3963537
3963732
3963748
3963753
3963850
3963902
3963933
3963987
3964080
3964109
3964243
3964394
3964499
3964626
3964635
3964667
3964703
3964915
3964993
3965012
3965030
3965307
3965501
3965533
3965626
3965789
3965830
3965924
3965957
3966072
3966235
3966308
3966427
3966490
3966501
3966625
3966900
3967051
3967068
3967104
3967217
3967420
3967662
3967698
3967833
3967879
3967894
3967937
3968349
3968374
3968401
3968669
3968704
3968858
3969039
3969102
3969349
3969425
3969452
3969777
3969938
3970082
3970302
3970602
3970610
3971028
3971202
3971203
3971263
3971326
3971386
3971670
3971774
3971793
3971834
3971899
3971929
3971964
3972005
3972020
3972084
3972124
3972213
3972274
3972370
3972428
3972775
3972818
3972853
3972999
3973323
3973548
3973591
3973772
3973894
3974283
3974417
3974479
3974548
3974590
3974765
3974956
3974981
3975087
3975238
3975282
3975295
3975549
3975744
3975824
3975843
3976034
3976215
3976239
3976253
3976339
3976371
3976500
3976563
3976592
3976830
3976934
3976966
3977522
3977750
3977883
3977902
3978113
3978185
3978372
3978534
3978632
3978733
3978829
3979054
3979167
3979255
3979318
3979343
3979446
3979505
3979651
3979755
3980082
3980198
3980289
3980521
3980526
3980974
3981070
3981521
3981687
3981854
3982081
3982089
3982314
3982484
3982590
3982698
3982871
3982908
3983000
3983170
3983190
3983341
3983543
3983691
3983787
3983833
3984061
3984280
3984285
3984321
3984356
3984595
3984820
3985095
3985367
3985398
3985420
3985461
3985562
3985564
3985579
3985919
3985978
3986000
3986069
3986117
3986190
3986191
3986296
3986409
3986460
3986535
3986538
3986887
3986941
3986975
3987027
3987065
3987082
3987172
3987189
3987307
3987333
3987424
3987452
3987459
3987610
3988130
3988165
3988268
3988524
3988541
3988610
3988611
3988671
3988826
3988862
3988959
3988997
3989212
3989408
3989543
3990114
3990227
3990451
3990498
3990625
3990634
3990718
3990841
3990877
3990936
3991180
3991389
3991428
3991496
3991509
3991669
3991694
3991829
3992095
3992287
3992303
3992524
3992909
3992941
3993023
3993055
3993355
3993426
3993651
3994032
3994050
3994084
3994179
3994266
3994628
3994731
3994866
3994924
3994955
3995158
3995474
3995521
3995670
3995789
3995833
3996149
3996275
3996384
3996442
3996458
3996469
3996614
3996629
3996636
3996708
3996732
3996784
3996787
3996840
3996982
3997208
3997281
3997286
3997459
3997590
3997668
3997845
3997939
3997984
3998000
3998007
3998271
3998570
3998617
3998924
3998941
3999003
3999028
3999043
3999065
3999413
3999416
3999470
3999708
3999977
4000124
4000277
4000320
4000351
4000388
4000661
4000692
4000832
4000874
4000943
4001060
4001087
4001097
4001116
4001732
4001879
4001967
4002042
4002120
4002161
4002258
4002345
4002418
4002586
4002629
4002735
4002805
4002808
4002817
4003053
4003136
4003207
4003244
4003268
4003283
4003338
4003370
4003433
4003453
4003566
4003592
4003671
4003829
4003882
4003987
4004197
4004432
4004485
4004758
4004822
4004837
4005063
4005083
4005284
4005322
4005493
4005524
4005627
4005695
4005711
4005847
4005908
4006173
4006231
4006310
4006371
4006460
4006465
4006492
4006667
4006676
4006686
4006705
4006786
4006857
4006979
4007105
4007288
4007399
4007754
4007814
4007888
4007947
4008070
4008621
4008652
4008922
4009201
4009343
4009360
4009415
4009418
4009474
4009548
4009764
4009793
4010074
4010140
4010366
4010515
4010544
4010711
4010801
4010851
4010860
4010892
4011070
4011610
4011718
4011797
4012024
4012128
4012303
4012357
4012361
4012366
4012422
4012469
4012581
4012665
4012722
4012736
4013223
4013389
4013412
4013424
4013490
4013675
4013848
4013879
4013965
4014011
4014016
4014060
4014206
4014306
4014329
4014430
4014469
4014486
4014599
4014610
4014745
4014765
4014860
4014938
4015007
4015044
4015070
4015307
4015346
4015458
4015464
4015476
4015621
4015681
4015699
4015786
4015936
4015938
4016126
4016397
4016438
4016593
4016612
4016713
4016724
4016828
4016833
4016918
4017192
4017296
4017327
4017343
4017454
4018375
4018631
4018636
4018645
4018825
4018838
4018852
4018995
4019005
4019180
4019251
4019314
4019528
4019771
4019776
4019958
4020010
4020045
4020120
4020206
4020213
4020591
4020601
4020880
4021005
4021093
4021203
4021388
4021419
4021420
4021642
4021738
4021791
4021836
4021861
4021865
4021952
4022032
4022231
4022251
4022273
4022491
4022512
4022689
4022913
4022986
4023021
4023312
4023537
4023544
4023744
4023747
4024073
4024149
4024205
4024264
4024269
4024274
4024462
4024505
4024576
4024641
4024758
4024904
4024990
4025157
4025343
4025499
4025625
4025686
4025884
4026126
4026266
4026300
4026352
4026372
4026404
4026409
4026476
4026488
4026924
4026938
4026970
4027148
4027565
4027568
4027624
4027757
4027876
4028096
4028102
4028244
4028339
4028543
4028651
4028767
4028840
4028920
4029047
4029094
4029184
4029352
4029531
4029819
4029854
4029961
4030036
4030330
4030408
4030541
4030711
4030745
4030924
4030962
4030970
4031051
4031332
4031382
4031487
4031599
4031696
4031718
4031816
4031903
4031909
4031966
4032057
4032060
4032154
4032195
4032251
4032368
4032526
4032585
4032747
4032805
4033031
4033046
4033072
4033107
4033204
4033231
4033233
4033238
4033288
4033350
4033517
4033864
4033945
4033996
4034106
4034253
4034440
4034453
4034633
4034902
4035017
4035093
4035113
4035216
4035266
4035313
4035365
4035441
4035530
4035718
4035722
4035727
4035803
4035907
4035968
4035998
4036220
4036302
4036471
4036476
4036573
4036611
4036638
4036764
4036857
4037053
4037233
4037486
4037496
4037598
4037710
4037874
4037944
4037961
4037972
4038117
4038121
4038307
4038568
4038654
4038756
4038871
4038910
4038912
4039200
4039281
4039453
4039461
4039498
4040035
4040453
4040459
4040554
4040560
4040706
4040743
4040883
4041154
4041252
4041390
4041462
4041494
4041563
4041651
4041658
4042026
4042085
4042100
4042212
4042564
4042600
4042625
4042661
4042694
4042775
4042786
4042799
4042931
4043157
4043216
4043239
4043336
4043401
4043436
4043583
4044009
4044062
4044063
4044088
4044187
4044403
4044518
4044680
4044765
4044801
4044901
4044925
4045019
4045026
4045178
4045279
4045287
4045421
4045480
4045508
4045551
4045787
4045872
4046028
4046065
4046113
4046131
4046252
4046612
4046670
4046782
4046791
4046795
4046832
4046844
4047096
4047327
4047336
4047398
4047880
4048217
4048362
4048388
4048390
4048415
4048491
4048557
4048568
4048577
4048699
4048742
4048744
4048832
4048909
4048971
4049009
4049023
4049058
4049131
4049282
4049416
4049661
4049738
4049993
4050011
4050061
4050177
4050240
4050301
4050350
4050394
4050456
4050478
4050576
4050605
4050622
4050722
4050747
4050761
4051070
4051152
4051609
4051845
4051876
4052068
4052136
4052194
4052299
4052609
4052611
4052654
4053281
4053585
4053663
4053841
4053977
4054482
4054579
4054870
4055180
4055502
4055514
4055688
4055742
4055750
4055889
4055922
4056144
4056217
4056253
4056297
4056398
4056408
4056531
4056565
4056587
4056679
4056729
4056767
4056822
4056936
4056973
4057108
4057193
4057252
4057290
4057359
4057676
4057769
4058134
4058333
4058383
4058503
4058578
4058650
4058674
4058750
4058837
4058913
4058968
4059021
4059047
4059048
4059152
4059317
4059319
4059357
4059397
4059536
4059551
4059568
4059623
4059923
4059993
4060021
4060267
4060272
4060278
4060311
4060441
4060497
4060519
4060638
4060875
4060976
4061034
4061313
4061364
4061376
4061379
4061383
4061399
4061408
4061756
4061765
4062086
4062106
4062329
4062331
4062371
4062673
4062815
4062907
4063102
4063138
4063232
4063384
4063448
4063495
4063664
4063867
4063889
4063897
4063914
4064023
4064060
4064165
4064252
4064263
4064288
4064835
4064868
4064882
4064978
4065012
4065023
4065168
4065274
4065358
4065372
4065410
4065469
4065583
4065656
4065659
4065731
4065883
4065961
4066006
4066021
4066055
4066056
4066077
4066101
4066150
4066225
4066371
4066398
4066467
4066531
4066673
4066680
4066769
4066811
4066816
4066882
4066926
4067111
4067128
4067139
4067188
4067204
4067358
4067469
4067493
4067645
4067770
4067771
4067855
4067904
4068239
4068377
4068431
4068485
4068493
4068524
4068610
4068737
4068753
4068861
4068927
4069009
4069043
4069067
4069072
4069127
4069524
4069646
4069781
4069835
4069884
4069897
4070038
4070327
4070650
4070769
4070866
4070918
4071080
4071370
4071469
4071537
4071765
4071933
4071946
4072043
4072102
4072130
4072280
4072407
4072469
4072535
4072540
4072543
4072572
4072739
4072885
4072979
4073008
4073016
4073193
4073233
4073469
4073777
4073939
4074092
4074229
4074328
4074336
4074489
4074699
4074974
4075122
4075168
4075172
4075450
4075757
4075796
4075991
4076165
4076209
4076248
4076393
4076434
4076456
4076749
4076759
4076817
4077123
4077182
4077258
4077293
4077319
4077356
4077516
4077673
4077853
4078015
4078064
4078088
4078093
4078098
4078117
4078309
4078362
4078676
4079175
4079414
4079421
4079453
4079515
4079519
4079545
4079617
4080112
4080164
4080234
4080333
4080351
4080366
4080530
4080755
4080820
4080844
4080875
4081001
4081124
4081174
4081378
4081447
4081457
4081724
4081765
4081983
4082131
4082173
4082328
4082389
4082427
4082595
4082683
4082721
4082723
4082836
4083016
4083365
4083450
4083454
4083490
4083672
4083903
4084352
4084484
4084737
4084770
4084820
4084932
4085025
4085295
4085482
4085564
4086019
4086041
4086167
4086407
4086710
4086740
4086952
4087095
4087199
4087438
4087449
4087533
4087607
4087678
4087705
4087752
4087783
4087844
4087983
4088048
4088109
4088177
4088207
4088244
4088275
4088328
4088345
4088457
4088533
4088595
4088661
4088892
4088898
4088920
4089041
4089086
4089126
4089243
4089486
4089591
4089942
4090092
4090095
4090337
4090433
4090509
4090590
4090716
4090725
4090726
4090740
4090788
4090790
4090807
4090862
4090937
4091002
4091208
4091246
4091289
4091295
4091349
4091546
4091581
4091641
4091675
4091835
4092045
4092158
4092180
4092644
4092999
4093050
4093061
4093075
4093114
4093130
4093153
4093255
4093379
4093380
4093451
4093714
4093767
4093787
4093835
4093893
4093900
4093925
4094127
4094241
4094316
4094422
4094741
4094790
4094863
4095038
4095100
4095330
4095396
4095520
4095555
4095648
4095774
4096194
4096428
4096464
4096527
4096686
4096936
4096953
4097093
4097161
4097416
4097436
4097480
4097538
4097723
4097740
4097883
4097894
4097949
4097986
4098068
4098200
4098236
4098257
4098343
4098412
4098421
4098427
4098576
4098591
4098682
4098870
4098948
4098984
4099045
4099102
4099412
4099530
4099691
4099743
4099811
4100083
4100113
4100194
4100200
4100202
4100456
4100521
4100888
4100919
4100996
4101044
4101146
4101499
4101689
4101786
4101807
4101891
4101925
4101977
4101993
4102144
4102384
4102653
4102738
4102758
4102773
4102862
4102892
4102900
4102917
4103076
4103156
4103508
4103608
4103793
4103833
4103905
4103942
4104090
4104111
4104229
4104231
4104264
4104331
4104337
4104413
4104558
4105022
4105024
4105106
4105175
4105239
4105241
4105254
4105260
4105303
4105321
4105369
4105424
4105432
4105585
4105605
4105622
4105667
4105689
4105766
4105861
4105916
4105930
4105957
4106060
4106198
4106228
4106640
4107156
4107245
4107261
4107344
4107415
4107483
4107484
4107518
4107530
4107534
4107557
4107753
4107776
4107782
4107786
4107795
4107803
4108037
4108127
4108131
4108300
4108369
4108377
4108472
4108486
4108603
4108788
4109158
4109295
4109395
4109475
4109477
4109630
4109823
4109927
4109976
4110017
4110080
4110217
4110434
4110468
4110619
4110640
4110842
4111186
4111189
4111205
4111216
4111229
4111312
4111441
4111472
4111559
4111638
4111867
4111878
4111912
4112181
4112228
4112267
4112387
4112546
4112667
4112941
4113083
4113127
4113278
4113434
4113743
4113762
4113922
4114130
4114166
4114220
4114298
4114426
4114431
4114676
4114686
4114760
4114974
4115149
4115227
4115366
4115393
4115632
4115673
4115714
4115720
4115755
4115808
4115846
4115883
4116202
4116223
4116296
4116319
4116418
4116554
4116558
4116624
4116677
4116863
4116909
4116937
4116952
4116953
4117021
4117095
4117131
4117278
4117463
4117891
4117938
4117989
4118243
4118292
4118725
4118789
4118854
4118978
4119000
4119055
4119076
4119185
4119207
4119286
4119360
4119761
4119863
4119887
4119965
4120259
4120267
4120309
4120387
4120422
4120538
4120630
4120657
4120699
4120700
4121012
4121047
4121051
4121127
4121265
4121274
4121327
4121459
4121563
4121606
4121609
4121879
4121891
4121914
4121915
4121962
4122136
4122237
4122525
4122561
4122647
4122665
4122673
4122746
4122787
4123010
4123012
4123023
4123067
4123196
4123260
4123354
4123439
4123529
4123584
4123653
4123705
4123999
4124095
4124328
4124342
4124564
4124760
4124779
4124837
4124840
4124913
4125253
4125259
4125296
4125311
4125346
4125381
4125400
4125489
4125519
4125577
4125591
4125611
4125626
4125648
4125653
4125747
4125778
4125801
4125991
4126003
4126068
4126246
4126450
4126524
4126595
4126598
4126647
4126810
4126924
4127225
4127277
4127314
4127721
4127825
4127840
4127940
4128067
4128333
4128371
4128444
4128558
4128617
4128723
4128736
4128792
4128793
4128831
4128834
4128861
4129013
4129038
4129123
4129209
4129294
4129336
4129397
4129705
4129727
4129796
4129836
4129890
4129939
4130025
4130055
4130078
4130100
4130133
4130309
4130326
4130432
4130808
4130922
4131012
4131319
4131374
4131420
4131532
4131612
4131780
4131803
4131826
4131966
4131984
4132031
4132056
4132300
4132400
4132498
4132505
4132702
4132780
4132860
4132884
4132891
4133011
4133084
4133107
4133192
4133399
4133497
4133533
4133583
4133670
4133847
4133859
4133893
4133957
4134027
4134149
4134187
4134234
4134249
4134708
4134725
4134741
4134788
4134851
4135067
4135115
4135315
4135364
4135405
4135634
4135737
4135904
4135960
4135963
4136007
4136067
4136095
4136382
4136836
4136994
4137020
4137080
4137094
4137128
4137249
4137270
4137309
4137481
4137677
4137722
4137805
4138019
4138170
4138664
4138787
4139080
4139326
4139478
4139665
4139676
4139809
4139947
4139985
4139998
4140015
4140065
4140119
4140313
4140338
4140345
4140479
4140593
4140640
4140645
4140773
4140826
4140925
4141242
4141290
4141337
4141418
4141467
4141635
4141833
4142098
4142159
4142216
4142244
4142269
4142288
4142337
4142398
4142489
4142525
4142544
4142573
4142614
4142710
4142835
4142931
4143130
4143212
4143349
4143446
4143953
4143966
4144036
4144296
4144427
4144527
4144610
4144669
4144963
4145031
4145060
4145090
4145110
4145145
4145150
4145263
4145427
4145645
4146009
4146229
4146242
4146250
4146289
4146548
4146608
4146673
4146693
4146852
4146853
4147028
4147220
4147429
4147892
4147896
4147923
4147949
4147994
4148110
4148117
4148319
4148421
4148438
4148556
4148605
4148624
4148635
4148712
4148717
4148725
4148755
4148789
4148871
4148887
4149152
4149408
4149410
4149513
4149704
4149822
4149849
4149917
4150050
4150551
4150555
4150620
4150624
4150774
4150931
4151044
4151164
4151168
4151231
4151336
4151401
4151439
4151495
4151534
4151546
4151659
4151663
4151698
4151775
4151780
4151827
4152286
4152300
4152322
4152442
4152535
4152562
4152649
4152705
4152891
4152978
4153215
4153273
4153279
4153601
4153632
4153724
4154091
4154170
4154272
4154336
4154527
4154536
4154548
4154550
4154571
4154597
4154604
4154627
4154710
4154831
4155007
4155033
4155291
4155754
4155974
4155985
4156065
4156090
4156449
4156500
4156509
4156573
4156899
4156908
4157063
4157096
4157137
4157165
4157221
4157325
4157390
4157524
4157601
4157612
4157617
4157706
4157824
4157921
4157933
4158175
4158286
4158333
4158345
4158351
4158686
4159051
4159166
4159182
4159219
4159284
4159388
4159767
4159882
4160162
4160278
4160331
4160391
4160607
4160979
4161026
4161086
4161286
4161346
4161539
4161675
4161749
4161943
4161952
4162004
4162021
4162036
4162052
4162130
4162496
4162555
4162620
4162762
4162905
4163073
4163179
4163186
4163331
4163370
4163531
4163551
4163555
4163651
4163789
4163886
4163938
4163953
4164045
4164057
4164118
4164160
4164315
4164353
4164420
4164500
4164549
4164619
4164624
4164632
4164731
4164755
4164806
4164944
4165071
4165101
4165129
4165165
4165284
4165292
4165533
4165700
4165747
4165993
4166084
4166092
4166108
4166189
4166325
4166336
4166354
4166404
4166421
4166452
4166503
4166708
4166833
4167075
4167173
4167757
4167770
4167886
4168101
4168199
4168232
4168251
4168475
4168499
4168565
4168622
4168953
4169029
4169034
4169066
4169089
4169302
4169334
4169447
4169748
4169769
4169777
4169889
4170007
4170012
4170025
4170367
4170429
4170443
4170456
4170544
4170552
4170973
4171120
4171147
4171220
4171241
4171258
4171264
4171545
4171554
4171563
4171653
4171674
4171713
4171737
4171748
4171761
4171827
4171839
4171936
4171960
4172054
4172178
4172511
4172556
4172632
4172655
4172758
4172867
4172971
4172984
4173007
4173023
4173131
4173142
4173249
4173551
4173595
4173662
4173838
4174163
4174283
4174531
4174559
4174633
4174803
4174955
4175033
4175359
4175452
4175772
4175927
4175938
4175968
4176029
4176063
4176325
4176371
4176583
4176591
4176620
4176643
4176895
4176953
4176957
4176993
4177013
4177120
4177467
4177474
4177476
4177495
4177637
4177662
4177751
4177784
4177785
4177895
4178041
4178187
4178217
4178242
4178525
4178707
4178829
4178836
4179026
4179188
4179267
4179308
4179312
4179399
4179598
4179608
4179620
4179638
4179658
4179788
4179822
4180005
4180114
4180346
4180388
4180465
4180488
4180500
4180607
4180754
4180810
4180820
4180853
4180886
4181038
4181074
4181110
4181553
4181610
4181632
4181690
4181806
4181845
4181957
4182075
4182131
4182250
4182346
4182400
4182507
4182918
4182998
4183038
4183435
4183604
4183703
4183801
4183964
4184066
4184196
4184283
4184341
4184348
4184535
4184565
4184707
4184827
4185016
4185220
4185348
4185358
4185490
4185674
4185730
4185752
4185975
4186100
4186332
4186385
4186414
4186432
4186464
4186600
4186608
4186775
4186927
4186937
4187027
4187178
4187243
4187263
4187458
4187564
4187652
4187655
4187732
4187788
4187803
4188040
4188105
4188194
4188279
4188384
4188530
4188557
4188608
4188889
4188912
4189174
4189194
4189227
4189267
4189435
4189501
4189693
4189877
4189912
4189926
4189985
4190042
4190249
4190365
4190386
4190501
4190592
4190769
4190965
4191027
4191056
4191144
4191334
4191357
4191541
4191647
4191718
4191722
4191766
4191831
4191851
4191870
4191903
4191964
4192051
4192109
4192412
4192454
4192458
4192467
4192561
4192734
4192857
4193002
4193055
4193088
4193096
4193173
4193310
4193355
4193559
4193608
4193721
4193728
4193784
4194013
4194034
4194038
4194080
4194198
4194236
4194341
4194357
4194546
4194640
4194647
4194700
4194982
4195013
4195059
4195115
4195120
4195216
4195233
4195289
4195310
4195510
4195637
4195684
4195801
4195866
4195951
4195972
4196218
4196288
4196416
4196427
4196564
4196624
4196677
4196697
4196787
4197166
4197200
4197216
4197247
4197320
4197330
4197391
4197505
4197560
4197640
4197661
4197694
4197702
4197783
4197957
4198001
4198008
4198472
4198530
4198676
4198754
4198763
4198868
4198933
4199090
4199098
4199529
4199616
4199699
4199705
4199719
4199744
4199878
4199941
4199995
4200116
4200220
4200476
4200540
4200552
4200570
4200712
4200727
4200835
4200865
4200999
4201029
4201173
4201372
4201592
4201680
4201809
4201893
4202089
4202096
4202421
4202443
4202519
4202615
4202716
4202748
4202813
4202820
4202915
4202935
4203233
4203320
4203347
4203413
4203476
4203582
4203716
4204037
4204051
4204309
4204376
4204411
4204430
4204459
4204466
4204511
4204563
4204793
4204819
4205065
4205076
4205147
4205279
4205300
4205384
4205556
4205572
4205631
4205840
4205877
4205893
4205923
4205984
4206088
4206142
4206146
4206153
4206737
4206919
4206946
4207244
4207588
4207747
4207762
4208028
4208251
4208339
4208348
4208672
4208990
4209123
4209138
4209139
4209218
4209267
4209388
4209965
4210028
4210069
4210215
4210238
4210645
4210651
4210656
4210746
4210801
4210900
4210981
4211212
4211213
4211224
4211366
4211457
4211639
4211773
4211842
4211983
4212123
4212237
4212260
4212472
4212632
4212689
4212751
4212763
4212792
4212998
4213016
4213075
4213099
4213115
4213196
4213339
4213351
4213446
4213531
4213819
4213838
4213894
4213897
4214069
4214194
4214195
4214280
4214330
4214454
4214532
4214584
4214684
4214854
4214915
4215097
4215259
4215402
4215475
4215523
4215639
4215799
4215812
4215847
4215878
4215925
4216029
4216034
4216037
4216288
4216352
4216521
4216604
4216709
4216748
4216804
4216846
4217099
4217107
4217157
4217210
4217304
4217352
4217417
4217473
4217486
4217487
4217515
4217720
4217853
4217865
4217885
4218028
4218148
4218186
4218201
4218246
4218276
4218292
4218353
4218530
4218555
4218944
4218973
4218981
4219014
4219074
4219097
4219261
4219265
4219482
4219558
4219876
4219902
4219946
4220281
4220734
4220854
4220919
4221012
4221029
4221119
4221120
4221334
4221527
4221579
4221818
4221897
4221936
4222177
4222196
4222291
4222335
4222411
4222642
4222820
4222919
4222957
4223081
4223626
4223697
4223839
4223921
4224081
4224095
4224119
4224203
4224395
4224469
4224638
4224651
4224824
4224876
4224886
4224960
4224963
4225008
4225033
4225050
4225110
4225340
4225653
4225708
4225753
4225762
4225804
4226067
4226115
4226314
4226400
4226504
4226512
4226632
4226693
4226698
4226739
4226854
4226879
4227053
4227221
4227238
4227755
4227787
4227836
4227980
4228008
4228060
4228095
4228258
4228295
4228381
4228491
4228602
4228681
4228713
4228822
4228831
4228949
4228973
4229032
4229054
4229253
4229515
4229604
4229725
4229804
4229816
4229914
4230099
4230272
4230312
4230329
4230360
4230482
4230663
4230869
4230909
4230911
4231224
4231736
4231801
4231935
4232041
4232051
4232121
4232239
4232271
4232403
4232413
4232624
4232741
4232747
4232811
4233054
4233092
4233170
4233280
4233321
4233341
4233438
4233733
4233862
4234141
4234148
4234208
4234273
4234284
4234304
4234408
4234550
4234664
4234701
4234767
4234874
4234909
4234993
4235127
4235482
4235733
4235808
4235884
4235954
4235981
4236162
4236221
4236384
4236606
4236674
4236718
4236723
4236845
4236865
4237000
4237096
4237282
4237349
4237501
4237614
4237689
4237886
4238208
4238439
4238482
4238782
4238976
4239040
4239177
4239215
4239272
4239295
4239325
4239407
4239450
4239470
4239472
4239561
4239571
4239824
4239867
4239882
4239922
4239954
4240244
4240300
4240303
4240376
4240438
4240568
4240720
4240908
4240972
4241058
4241102
4241533
4241734
4241741
4242142
4242326
4242364
4242442
4242475
4242493
4242633
4242665
4242695
4242818
4242824
4242849
4242874
4243170
4243292
4243311
4243555
4243565
4243608
4243759
4243823
4243967
4244120
4244348
4244844
4244947
4245272
4245274
4245382
4245618
4245664
4245703
4245741
4245753
4245827
4246007
4246086
4246145
4246193
4246497
4246514
4246621
4246633
4246770
4246896
4246950
4247163
4247186
4247280
4247408
4247494
4247531
4247749
4247756
4247757
4247785
4247900
4247904
4247996
4248060
4248063
4248289
4248326
4248353
4248397
4248607
4248758
4248948
4249180
4249280
4249352
4249682
4249882
4249899
4249925
4250179
4250268
4250320
4250643
4250843
4250957
4250958
4251016
4251083
4251297
4251557
4251571
4251656
4251774
4251887
4251915
4252160
4252431
4252448
4252634
4252670
4252817
4252935
4252992
4253048
4253105
4253107
4253112
4253181
4253262
4253567
4253642
4253923
4253935
4253945
4254152
4254261
4254273
4254385
4254671
4254742
4255053
4255251
4255299
4255351
4255354
4255527
4255545
4255650
4255656
4255671
4256142
4256604
4256691
4256734
4256873
4256938
4257217
4257324
4257391
4257395
4257397
4257405
4257468
4257512
4257531
4257682
4257941
4258023
4258144
4258191
4258198
4258444
4259106
4259497
4259665
4259672
4259826
4260211
4260587
4260722
4260747
4260749
4260757
4260876
4260926
4261007
4261032
4261068
4261457
4261672
4261676
4261864
4262080
4262381
4262432
4262610
4262643
4262899
4262908
4262966
4262995
4263134
4263165
4263310
4263544
4263784
4263793
4263959
4263983
4264047
4264087
4264147
4264159
4264203
4264252
4264278
4264284
4264310
4264319
4264353
4264422
4264872
4265122
4265389
4265425
4265504
4265580
4265591
4265605
4265803
4265879
4266054
4266245
4266266
4266267
4266269
4266272
4266286
4266296
4266371
4266396
4266533
4266545
4266695
4266728
4266771
4266833
4267006
4267139
4267659
4267792
4267887
4268011
4268154
4268206
4268314
4268417
4268518
4268709
4268769
4268900
4268919
4268942
4269083
4269208
4269286
4269492
4269556
4269659
4269671
4269818
4270011
4270062
4270076
4270103
4270257
4270292
4270458
4270847
4270893
4271038
4271120
4271244
4271576
4271615
4271634
4271754
4271904
4272158
4272206
4272208
4272330
4272452
4272488
4272525
4272595
4272706
4272735
4272784
4272877
4272981
4273006
4273199
4273260
4273278
4273415
4273430
4273444
4273499
4273533
4273534
4273545
4273567
4273588
4273592
4273611
4273756
4273757
4273836
4273985
4274081
4274259
4274350
4274609
4274619
4274755
4274776
4274862
4274872
4274951
4275016
4275022
4275197
4275439
4275540
4275554
4275662
4275772
4275844
4276009
4276100
4276287
4276301
4276341
4276622
4276681
4276747
4276784
4276930
4276944
4276971
4277014
4277117
4277208
4277210
4277271
4277504
4277515
4277516
4277631
4277642
4277757
4277779
4277817
4278117
4278178
4278214
4278382
4278461
4278470
4278542
4278966
4279006
4279326
4279341
4279393
4279583
4279932
4280015
4280137
4280241
4280320
4280492
4280628
4280631
4280659
4280661
4280671
4280681
4280939
4281142
4281614
4281662
4281809
4281844
4282056
4282089
4282148
4282175
4282181
4282215
4282283
4282525
4282536
4282541
4282626
4282645
4282661
4282703
4282787
4282902
4282909
4282961
4282963
4283210
4283238
4283277
4283351
4283523
4283613
4283671
4283675
4283799
4283829
4283868
4283900
4283960
4284090
4284129
4284192
4284230
4284408
4284463
4284466
4284645
4284881
4284905
4284989
4285087
4285200
4285297
4285336
4285710
4285730
4285760
4285779
4285783
4285790
4285846
4285853
4285929
4286036
4286090
4286100
4286376
4286392
4286441
4286757
4286824
4286905
4286942
4286957
4287027
4287055
4287143
4287184
4287192
4287352
4287493
4287818
4287931
4287938
4287978
4287997
4288116
4288504
4288516
4288573
4288766
4288790
4288820
4288872
4288886
4288969
4289026
4289047
4289084
4289121
4289247
4289264
4289373
4289503
4289530
4289540
4289589
4289751
4289809
4290011
4290138
4290166
4290377
4290473
4290746
4290865
4290929
4290959
4290988
4291063
4291236
4291312
4291430
4291498
4291826
4291898
4291913
4291958
4292134
4292190
4292254
4292319
4292408
4292461
4292490
4292570
4293010
4293117
4293157
4293348
4293458
4293662
4293672
4293691
4293710
4293781
4293840
4293936
4293938
4294109
4294335
4294383
4294434
4294723
4294752
4294883
4294981
4295186
4295287
4295390
4295403
4295408
4295429
4295530
4295564
4295763
4295780
4295883
4295952
4296107
4296176
4296397
4296527
4296553
4296634
4296675
4296735
4296945
4296983
4296992
4297005
4297117
4297262
4297274
4297316
4297937
4298112
4298152
4298178
4298266
4298324
4298443
4298752
4299055
4299058
4299247
4299456
4299635
4299767
4299777
4299783
4299800
4300099
4300195
4300376
4300484
4300754
4300855
4300959
4301125
4301390
4301516
4301693
4301799
4301840
4301863
4302093
4302109
4302156
4302258
4302271
4302415
4302460
4302626
4302782
4302851
4303316
4303341
4304451
4304464
4304568
4304604
4304644
4304732
4304798
4304858
4304875
4304930
4305217
4305256
4305419
4305898
4305945
4306005
4306106
4306182
4306206
4306506
4306566
4306591
4306755
4306835
4306910
4306960
4307093
4307116
4307319
4307387
4307450
4307721
4307726
4307730
4307766
4307914
4307936
4308018
4308216
4308258
4308561
4308598
4308858
4308898
4308952
4308981
4308990
4309037
4309184
4309362
4309422
4309477
4309556
4309910
4309952
4309980
4310251
4310434
4310479
4310481
4310548
4310596
4310628
4310790
4310867
4310929
4310948
4311001
4311242
4311394
4311484
4311871
4311879
4312054
4312275
4312402
4312487
4312558
4312728
4312811
4312844
4312912
4313135
4313169
4313268
4313278
4313296
4313491
4313605
4313626
4313687
4313766
4313938
4314354
4314387
4314482
4314614
4314628
4314691
4314727
4314741
4314819
4314848
4315095
4315180
4315283
4315333
4315689
4315793
4315835
4315890
4316024
4316052
4316103
4316105
4316157
4316188
4316251
4316391
4316629
4316638
4316686
4316874
4316912
4316941
4317031
4317147
4317215
4317226
4317249
4317391
4317440
4317507
4317522
4317535
4317553
4317688
4317704
4317890
4317991
4318013
4318080
4318090
4318097
4318168
4318214
4318257
4318419
4318465
4318651
4318856
4318913
4318973
4319058
4319204
4319211
4319456
4319521
4319962
4320022
4320036
4320047
4320067
4320199
4320387
4320780
4320821
4321020
4321271
4321560
4322020
4322192
4322272
4322289
4322367
4322370
4322520
4322770
4323044
4323142
4323164
4323168
4323171
4323278
4323377
4323488
4323737
4323775
4324287
4324302
4324370
4324626
4324791
4324943
4324991
4325007
4325084
4325249
4325450
4325497
4325520
4325537
4325544
4325585
4325628
4325744
4325779
4325910
4325951
4326048
4326066
4326084
4326328
4326331
4326373
4326558
4326615
4326702
4326780
4326876
4327018
4327037
4327097
4327209
4327230
4327419
4327583
4328226
4328329
4328392
4328499
4328525
4328638
4328672
4328743
4328934
4328985
4329135
4329406
4329433
4329457
4329499
4329599
4329915
4329920
4330007
4330079
4330159
4330717
4330789
4330840
4330922
4330944
4331049
4331100
4331176
4331277
4331289
4331361
4331424
4331468
4331630
4331763
4331794
4331892
4331921
4331950
4331980
4332002
4332011
4332099
4332109
4332113
4332210
4332230
4332319
4332463
4332524
4332530
4332572
4332628
4332793
4332877
4333062
4333072
4333141
4333170
4333198
4333242
4333341
4333408
4333449
4333655
4333808
4333889
4333997
4334105
4334168
4334434
4334456
4334541
4334598
4334647
4334737
4334775
4334804
4334857
4335024
4335179
4335191
4335303
4335699
4335854
4336110
4336203
4336298
4336549
4336552
4336694
4336695
4336789
4337005
4337017
4337228
4337261
4337351
4337440
4337595
4337631
4337729
4337782
4337959
4338042
4338420
4338511
4338827
4338831
4338920
4338975
4339001
4339221
4339258
4339392
4339410
4339451
4339457
4339483
4339538
4339561
4339566
4339593
4339621
4339786
4339934
4340000
4340035
4340055
4340082
4340101
4340129
4340136
4340236
4340302
4340453
4340519
4340909
4341028
4341285
4341292
4341333
4341336
4341340
4341506
4341565
4342015
4342243
4342289
4342322
4342524
4342673
4342831
4343078
4343117
4343142
4343489
4343566
4343585
4343805
4344351
4344373
4344883
4344908
4345004
4345113
4345140
4345159
4345236
4345442
4345527
4345732
4345777
4346047
4346105
4346109
4346217
4346322
4346332
4346558
4346578
4346599
4346875
4347237
4347240
4347612
4347790
4347886
4348034
4348144
4348266
4348358
4348453
4348457
4348512
4348514
4348804
4348813
4349077
4349090
4349289
4349442
4349443
4349498
4349588
4349688
4350046
4350628
4350949
4350993
4351203
4351217
4351239
4351292
4351397
4351451
4351588
4351709
4352134
4352207
4352275
4352360
4352365
4352420
4352422
4352450
4352496
4352759
4352802
4352979
4353234
4353431
4353521
4353544
4353698
4353991
4354050
4354161
4354243
4354311
4354340
4354372
4354387
4354426
4354612
4354644
4354696
4354733
4354752
4354774
4354867
4354973
4355037
4355056
4355118
4355158
4355205
4355218
4355320
4355625
4355629
4355652
4355728
4355775
4355863
4356184
4356256
4356342
4356372
4356377
4356398
4356545
4356548
4356572
4356596
4356696
4356797
4356836
4357015
4357055
4357073
4357181
4357269
4357321
4357761
4357905
4357908
4357945
4357990
4358025
4358076
4358202
4358288
4358390
4358457
4358556
4358838
4358848
4358995
4359037
4359083
4359557
4359640
4359712
4359908
4359958
4360262
4360284
4360446
4360488
4360544
4360778
4360815
4361039
4361090
4361362
4361378
4361462
4361515
4361618
4361690
4361777
4361988
4361998
4362068
4362077
4362201
4362279
4362459
4362566
4362570
4362650
4362675
4362692
4362897
4363184
4363243
4363244
4363341
4363598
4363756
4363765
4363771
4363901
4363914
4364219
4364321
4364367
4364423
4364478
4364549
4364560
4364698
4364709
4364723
4364874
4364902
4364941
4365030
4365057
4365394
4365638
4365738
4365783
4365814
4365833
4365908
4365912
4365936
4366057
4366127
4366158
4366504
4366630
4366631
4366731
4366756
4366937
4366969
4367094
4367107
4367109
4367245
4367263
4367420
4367455
4367562
4367593
4367602
4367791
4367811
4367954
4368033
4368086
4368216
4368226
4368427
4368473
4368717
4368887
4368907
4368989
4369153
4369198
4369272
4369279
4369283
4369328
4369397
4369497
4369500
4369510
4369627
4369823
4369897
4369937
4370124
4370143
4370350
4370410
4370558
4370628
4371163
4371313
4371458
4371673
4371754
4371763
4371957
4372123
4372387
4372416
4372688
4372698
4372718
4372725
4372731
4372810
4373061
4373164
4373368
4373391
4373434
4373482
4373809
4373817
4373836
4373838
4373950
4373987
4374038
4374061
4374126
4374141
4374200
4374229
4374296
4374339
4374381
4374394
4374525
4374663
4374737
4374755
4374817
4374891
4374922
4375063
4375070
4375197
4375250
4375335
4375482
4375566
4375568
4375632
4375747
4375754
4375918
4375965
4375999
4376065
4376268
4376321
4376515
4376542
4376692
4376779
4376858
4376989
4377157
4377242
4377246
4377344
4377529
4377586
4377650
4377688
4377829
4377947
4378012
4378035
4378177
4378315
4378351
4378377
4378446
4378581
4378607
4378650
4378657
4378701
4378920
4379168
4379180
4379343
4379448
4379451
4379464
4379489
4379562
4379569
4379847
4379891
4380010
4380015
4380042
4380044
4380146
4380372
4380387
4380404
4380503
4380610
4380657
4380681
4380682
4380757
4380856
4380869
4380896
4380995
4381086
4381125
4381173
4381205
4381318
4381372
4381432
4381555
4381759
4381969
4382073
4382102
4382303
4382455
4382463
4382525
4382593
4382797
4382810
4383010
4383035
4383091
4383230
4383337
4383358
4383410
4383532
4383639
4383644
4383713
4383935
4384401
4384619
4384671
4384751
4384791
4384855
4384902
4385367
4385930
4385979
4386034
4386160
4386747
4386910
4386963
4387112
4387146
4387228
4387245
4387542
4387696
4387737
4387900
4388055
4388097
4388133
4388209
4388275
4388337
4388395
4388421
4388682
4388717
4388737
4388748
4388978
4389007
4389050
4389078
4389082
4389135
4389336
4389498
4389520
4389604
4389804
4389828
4389949
4390014
4390196
4390248
4390429
4390450
4390581
4390623
4390715
4390764
4390790
4390794
4390807
4390859
4390867
4390923
4390930
4390946
4390990
4391011
4391018
4391020
4391265
4391339
4391350
4391558
4391598
4391778
4391883
4391946
4391977
4391992
4392083
4392118
4392166
4392248
4392266
4392305
4392329
4392526
4392569
4392610
4392746
4392793
4392835
4392839
4392945
4393058
4393118
4393142
4393349
4393393
4393668
4393671
4393744
4393789
4393806
4393929
4394082
4394120
4394135
4394145
4394221
4394356
4394487
4394768
4394829
4394880
4394884
4395061
4395106
4395370
4395397
4395462
4395515
4395541
4395546
4395559
4395611
4395692
4396359
4396430
4396459
4396495
4396580
4396793
4396827
4396923
4396971
4397122
4397137
4397213
4397536
4397583
4397757
4397825
4397853
4397952
4397983
4398044
4398069
4398103
4398130
4398269
4398338
4398595
4398684
4398696
4398739
4398808
4398813
4399402
4399439
4399459
4399518
4399786
4399833
4400060
4400067
4400256
4400264
4400534
4400590
4400711
4400778
4401001
4401045
4401343
4401419
4401559
4401627
4401699
4401782
4401851
4401870
4401874
4401881
4401887
4401898
4402078
4402179
4402249
4402331
4402509
4402585
4402592
4402804
4402967
4403085
4403218
4403274
4403489
4403615
4403629
4403712
4403875
4403890
4404004
4404163
4404222
4404321
4404489
4404568
4404727
4404767
4404818
4404929
4404991
4404992
4405083
4405291
4405459
4405999
4406052
4406118
4406284
4406317
4406439
4406529
4406589
4406629
4406934
4406973
4406989
4407211
4407242
4407277
4407300
4407322
4407387
4407512
4407554
4407764
4407769
4407805
4407875
4408070
4408072
4408395
4408514
4408539
4408606
4408642
4408712
4408947
4409036
4409070
4409097
4409130
4409307
4409512
4409566
4409651
4409764
4409807
4409809
4409875
4409880
4409940
4409943
4409982
4410012
4410015
4410046
4410115
4410146
4410261
4410391
4410484
4410519
4410643
4410755
4410909
4411125
4411139
4411361
4411502
4411563
4411782
4411790
4411962
4412076
4412292
4412305
4412435
4412519
4412786
4412913
4413121
4413298
4413309
4413356
4413391
4413444
4413646
4413648
4413891
4413902
4413951
4413956
4413991
4414274
4414310
4414458
4414751
4414818
4414832
4414991
4415092
4415220
4415321
4415327
4415404
4415991
4416038
4416344
4416400
4416488
4416512
4416539
4416743
4416755
4416796
4416932
4417071
4417336
4417373
4417392
4417514
4417586
4417654
4417710
4417718
4417843
4417893
4417911
4418267
4418274
4418560
4418616
4418691
4418718
4418842
4418934
4418967
4418977
4419132
4419195
4419244
4419464
4419489
4419495
4419713
4419865
4419930
4419989
4420122
4420147
4420342
4420628
4420728
4420739
4420920
4420959
4421053
4421157
4421254
4421280
4421311
4421428
4421429
4421466
4421473
4421566
4421583
4421727
4421758
4421818
4421974
4422045
4422047
4422235
4422464
4422564
4422648
4422650
4422676
4422714
4422836
4423227
4423264
4423319
4423447
4423509
4423553
4423636
4423643
4423659
4423777
4423886
4423989
4424046
4424055
4424085
4424114
4424184
4424300
4424313
4424607
4424704
4424772
4424793
4424947
4425123
4425545
4425734
4425845
4426031
4426273
4426274
4426369
4426451
4426463
4426484
4426553
4426684
4426737
4426851
4426955
4426997
4427046
4427291
4427309
4427326
4427560
4427575
4427677
4427729
4427831
4427956
4428044
4428180
4428279
4428282
4428405
4428484
4428528
4428642
4428645
4428654
4428717
4428750
4428818
4428914
4429016
4429343
4429521
4429570
4429633
4429641
4429745
4429825
4429833
4430170
4430560
4430691
4430693
4430754
4430765
4430962
4431092
4431138
4431282
4431291
4431397
4431477
4431550
4431735
4431811
4432094
4432233
4432413
4432484
4432537
4432538
4432547
4432564
4432588
4432707
4432732
4432782
4432916
4432964
4433134
4433163
4433204
4433442
4433694
4433701
4433714
4433773
4433920
4434015
4434109
4434520
4434732
4434785
4435176
4435257
4435261
4435493
4435616
4435679
4435820
4435833
4435959
4436041
4436062
4436173
4436346
4436494
4436840
4436878
4437001
4437029
4437089
4437118
4437121
4437216
4437386
4437438
4437455
4437558
4437610
4437697
4437702
4437867
4437882
4437920
4437923
4437954
4438209
4438300
4438331
4438490
4438524
4438623
4438649
4439090
4439172
4439229
4439291
4439416
4439652
4439754
4439797
4439814
4439832
4439871
4439957
4440025
4440189
4440195
4440339
4440575
4440594
4440600
4440735
4440740
4440861
4440882
4440937
4441383
4441409
4441496
4441553
4441633
4441781
4441843
4441888
4442097
4442135
4442187
4442243
4442260
4442304
4442423
4442610
4442642
4442678
4442735
4442827
4442887
4442996
4443133
4443257
4443316
4443347
4443416
4443524
4443660
4443689
4443931
4443951
4444286
4444302
4444415
4444428
4444436
4445370
4445393
4445570
4445763
4445795
4445874
4445932
4445942
4446036
4446095
4446209
4446235
4446263
4446285
4446344
4446406
4446607
4446897
4446912
4447056
4447081
4447086
4447210
4447266
4447281
4447478
4447830
4448009
4448028
4448269
4448273
4448284
4448361
4448505
4448564
4448568
4448799
4449004
4449032
4449047
4449090
4449103
4449324
4449359
4449368
4449526
4449614
4449635
4449671
4449696
4449790
4449793
4449947
4449961
4449975
4450105
4450235
4450404
4450482
4450679
4450761
4450864
4450972
4451027
4451032
4451132
4451151
4451189
4451238
4451429
4451514
4451559
4451598
4451670
4451805
4451988
4452017
4452076
4452080
4452101
4452128
4452279
4452561
4452689
4452763
4452921
4452974
4453586
4453786
4453829
4454133
4454211
4454272
4454368
4454439
4454479
4454493
4454562
4454588
4454620
4454764
4454861
4454909
4454942
4455064
4455074
4455111
4455193
4455349
4455445
4455671
4455845
4456045
4456081
4456105
4456204
4456272
4456347
4456422
4456445
4456537
4456556
4456573
4456716
4456739
4456775
4456778
4456812
4456861
4457093
4457292
4457329
4457434
4457503
4457623
4457714
4457726
4457811
4458383
4458435
4458527
4458599
4458615
4458619
4458733
4458768
4458926
4459125
4459377
4459629
4459632
4459646
4459681
4459969
4459984
4460104
4460191
4460316
4460411
4460457
4460657
4460760
4460852
4460981
4461065
4461119
4461270
4461276
4461355
4461367
4461373
4461398
4461419
4461890
4461943
4461987
4462064
4462129
4462183
4462233
4462245
4462435
4462554
4462683
4462812
4462842
4462862
4462978
4463001
4463027
4463116
4463250
4463386
4463397
4463559
4463600
4463820
4464027
4464094
4464125
4464210
4464287
4464426
4464823
4464826
4464828
4464844
4465002
4465089
4465106
4465305
4465335
4465563
4465564
4465660
4465729
4466142
4466216
4466250
4466437
4466716
4466755
4467025
4467033
4467052
4467089
4467103
4467288
4467378
4467381
4467578
4467599
4467775
4468187
4468465
4468477
4468519
4468576
4468582
4468716
4468914
4468992
4469180
4469387
4469467
4469523
4469550
4470062
4470232
4470306
4470435
4470461
4470756
4470861
4470919
4470948
4470969
4470985
4471170
4471188
4471354
4471496
4471581
4471612
4471754
4471852
4471938
4472007
4472051
4472249
4472254
4472271
4472285
4472345
4472417
4472514
4472823
4472934
4472951
4473119
4473122
4473286
4473408
4473417
4473605
4473694
4473912
4473936
4474013
4474022
4474107
4474146
4474333
4474536
4474753
4474830
4474855
4474873
4474910
4474917
4475071
4475083
4475103
4475246
4475360
4475419
4475434
4475579
4475710
4475796
4475816
4476063
4476155
4476181
4476257
4476583
4476644
4476854
4477211
4477365
4477687
4477850
4477859
4477860
4478026
4478131
4478183
4478197
4478313
4478422
4478451
4478529
4478655
4478801
4478895
4478972
4479144
4479149
4479152
4479163
4479180
4479182
4479421
4479431
4479458
4479668
4479677
4479781
4479919
4479994
4480097
4480282
4480306
4480410
4480450
4480454
4480460
4480511
4480554
4480626
4480794
4480810
4480989
4481153
4481157
4481292
4481471
4481499
4481663
4481693
4481772
4482053
4482129
4482237
4482331
4482413
4483172
4483429
4483457
4483468
4483845
4483975
4483978
4484067
4484107
4484270
4484288
4484630
4484662
4484725
4484765
4484870
4484929
4484943
4484964
4485021
4485058
4485076
4485173
4485272
4485381
4485520
4485531
4485638
4485649
4485722
4485779
4485857
4486049
4486069
4486857
4487028
4487172
4487177
4487262
4487286
4487300
4487313
4487430
4487442
4487448
4487505
4487678
4487758
4488040
4488077
4488091
4488164
4488393
4488496
4488504
4488555
4489019
4489081
4489424
4489439
4489668
4489736
4489963
4490118
4490136
4490185
4490245
4490514
4490530
4490723
4490726
4490759
4490854
4491003
4491072
4491184
4491345
4491361
4491438
4491448
4491542
4491670
4491720
4491748
4491774
4491844
4491946
4492020
4492108
4492115
4492128
4492282
4492325
4492339
4492447
4492485
4492505
4492622
4492678
4492806
4492860
4492869
4492920
4492929
4492932
4493117
4493322
4493409
4493581
4493758
4493864
4493922
4494006
4494071
4494194
4494255
4494430
4494466
4494644
4494836
4494899
4494912
4494996
4495016
4495093
4495106
4495195
4495219
4495524
4495585
4495743
4495824
4495863
4495873
4495901
4496034
4496126
4496133
4496250
4496256
4496419
4496732
4496788
4496799
4497054
4497112
4497120
4497124
4497418
4497469
4497702
4497719
4497912
4498039
4498171
4498258
4498296
4498365
4498474
4498517
4498605
4498724
4498911
4499012
4499082
4499260
4499558
4499677
4499730
4499844
4499998
4500077
4500185
4500248
4500366
4500433
4500507
4500547
4500748
4500772
4500806
4501201
4501206
4501484
4501616
4501693
4501703
4501897
4501921
4502245
4502386
4502612
4502839
4502929
4503021
4503079
4503113
4503118
4503244
4503370
4503509
4503817
4503885
4503935
4504038
4504144
4504336
4504452
4504567
4504928
4504975
4505052
4505145
4505201
4505259
4505271
4505300
4505345
4505483
4505598
4505670
4505722
4505739
4505812
4505872
4505878
4505882
4506019
4506068
4506097
4506417
4506509
4506694
4506760
4506991
4507217
4507241
4507363
4507448
4507461
4507497
4507505
4507577
4507588
4507631
4507789
4507838
4507839
4508232
4508325
4508331
4508476
4508524
4508658
4508738
4508770
4508832
4508903
4508928
4508950
4509049
4509119
4509143
4509274
4509455
4509601
4509606
4509729
4510085
4510147
4510172
4510178
4510460
4510578
4510604
4510722
4510798
4510858
4510936
4511010
4511227
4511285
4511470
4511561
4511660
4511711
4511816
4511898
4512046
4512182
4512234
4512303
4512800
4512879
4512974
4513266
4513331
4513392
4513429
4513430
4513477
4513581
4513762
4513790
4513811
4513879
4514080
4514220
4514299
4514326
4514342
4514383
4514473
4514526
4514858
4514983
4514997
4515111
4515142
4515253
4515309
4515315
4515418
4515751
4515817
4515889
4516056
4516070
4516136
4516273
4516329
4516344
4516509
4516539
4516556
4516577
4516849
4517001
4517084
4517181
4517199
4517272
4517306
4517457
4517895
4517951
4518357
4518413
4518498
4518560
4518616
4518767
4518821
4518835
4518847
4518853
4518997
4519022
4519114
4519126
4519127
4519144
4519280
4519410
4519483
4519499
4519548
4519555
4519664
4519723
4519776
4519791
4519920
4519924
4519937
4520079
4520081
4520104
4520117
4520193
4520239
4520287
4520324
4520370
4520383
4520495
4520591
4520885
4521004
4521152
4521161
4521177
4521644
4521716
4521728
4521849
4521886
4522066
4522240
4522374
4522403
4522446
4522508
4522617
4522645
4522703
4522716
4522997
4523076
4523262
4523281
4523283
4523361
4523513
4523713
4523795
4523800
4523826
4524166
4524500
4524587
4524723
4524988
4525008
4525107
4525123
4525254
4525304
4525393
4525810
4525929
4525937
4525984
4526016
4526073
4526314
4526521
4526674
4526702
4526704
4526762
4526802
4526983
4526992
4527187
4527288
4527297
4527300
4527326
4527477
4527501
4527685
4527803
4527899
4527909
4527994
4528372
4528498
4528569
4528798
4528846
4528972
4528991
4528994
4529124
4529196
4529464
4529634
4529698
4529795
4529825
4530122
4530167
4530175
4530300
4530389
4530580
4530705
4530803
4530969
4530994
4531230
4531367
4531368
4531376
4531450
4531535
4531669
4531883
4531886
4531949
4532009
4532012
4532049
4532089
4532107
4532207
4532327
4532373
4532411
4532514
4532554
4532570
4532632
4532695
4532781
4533382
4533586
4534019
4534095
4534221
4534291
4534304
4534357
4534602
4534607
4534769
4534857
4534903
4534911
4534969
4535039
4535156
4535163
4535171
4535270
4535319
4535332
4535413
4535463
4535494
4535693
4535697
4535782
4535809
4535937
4535946
4536103
4536157
4536239
4536369
4536395
4536636
4536660
4536680
4536829
4536878
4536960
4537094
4537143
4537157
4537323
4537362
4537392
4537723
4537796
4537797
4537913
4537933
4537936
4537951
4537994
4538006
4538333
4538377
4538671
4539009
4539236
4539302
4539325
4539341
4539600
4539646
4539699
4539716
4539899
4539943
4539967
4540102
4540172
4540217
4540241
4540290
4540312
4540825
4540826
4540953
4541070
4541089
4541181
4541309
4541451
4541547
4541591
4541614
4541617
4541971
4542147
4542271
4542317
4542450
4542460
4542481
4542530
4542981
4543184
4543468
4543538
4543802
4543950
4543955
4544032
4544163
4544184
4544272
4544277
4544326
4544360
4544401
4544419
4544445
4544681
4544781
4544866
4544868
4544883
4544983
4545044
4545046
4545148
4545223
4545356
4545511
4545695
4545782
4545990
4546237
4546346
4546442
4546458
4546689
4546786
4546848
4546937
4546998
4547034
4547048
4547063
4547185
4547499
4547530
4547577
4547709
4547791
4547933
4547953
4547956
4548032
4548071
4548113
4548130
4548190
4548220
4548245
4548265
4548273
4548278
4548301
4548395
4548431
4548520
4548538
4548631
4548696
4548779
4548806
4548852
4548993
4549028
4549059
4549606
4549671
4550247
4550331
4550332
4550437
4550553
4550561
4550758
4550787
4550794
4550839
4550953
4551094
4551347
4551447
4551462
4551524
4551579
4551727
4551796
4551822
4551832
4551992
4552081
4552185
4552453
4552804
4552826
4552948
4552966
4553056
4553486
4553498
4553521
4553661
4553735
4553736
4553896
4553929
4554112
4554233
4554319
4554325
4554327
4554363
4554431
4554508
4554570
4554797
4554879
4554916
4554970
4554990
4555138
4555171
4555291
4555382
4555589
4555665
4555717
4555828
4555845
4555854
4555926
4555954
4555971
4556130
4556134
4556286
4556302
4556308
4556327
4556470
4556540
4556644
4556748
4556820
4557013
4557052
4557092
4557517
4557804
4557931
4557932
4557934
4557964
4558068
4558097
4558113
4558160
4558231
4558623
4558632
4558647
4558760
4558809
4558849
4558857
4559069
4559162
4559425
4559481
4559485
4559527
4559915
4560098
4560250
4560280
4560315
4560414
4560510
4560533
4560549
4560592
4560602
4560647
4560703
4560942
4560990
4561067
4561139
4561160
4561233
4561286
4561309
4561479
4561672
4561727
4561749
4561916
4562383
4562422
4562452
4562498
4562557
4562662
4562772
4563021
4563027
4563057
4563077
4563233
4563314
4563320
4563436
4563573
4563774
4564197
4564466
4564714
4564892
4564894
4565089
4565127
4565128
4565163
4565179
4565225
4565260
4565271
4565303
4565449
4565465
4565653
4565672
4565736
4565748
4565868
4566001
4566139
4566172
4566313
4566344
4566387
4566565
4566676
4566768
4566958
4567013
4567227
4567533
4568035
4568225
4568345
4568424
4568627
4568846
4568923
4568932
4569016
4569064
4569108
4569244
4569371
4569421
4569484
4569635
4569811
4569842
4569879
4569983
4570107
4570355
4570382
4570483
4570630
4570715
4570969
4571043
4571090
4571136
4571220
4571273
4571280
4571504
4571883
4571940
4572250
4572302
4572351
4572399
4572561
4572567
4572583
4572662
4572790
4572884
4572892
4572893
4572905
4573009
4573104
4573154
4573210
4573235
4573282
4573311
4573373
4573497
4573659
4573719
4573720
4573907
4574011
4574086
4574175
4574196
4574378
4574387
4574476
4574538
4574649
4574696
4574801
4574806
4574998
4575052
4575186
4575220
4575224
4575300
4575320
4575347
4575695
4575750
4575824
4575916
4576050
4576051
4576112
4576123
4576678
4576682
4576740
4576814
4576947
4577306
4577421
4577437
4577446
4577636
4577700
4578001
4578006
4578025
4578043
4578113
4578178
4578395
4578455
4578458
4578554
4578628
4578677
4578830
4579036
4579094
4579235
4579294
4579329
4579527
4579549
4579661
4579723
4580046
4580308
4580322
4580400
4580445
4580506
4580646
4580889
4580956
4580985
4581017
4581399
4581669
4581930
4582036
4582037
4582044
4582437
4582570
4582755
4582886
4582933
4582950
4582979
4583039
4583118
4583286
4583487
4583510
4583540
4583613
4583687
4583705
4583707
4583814
4583821
4583958
4583993
4584000
4584144
4584151
4584217
4584291
4584326
4584349
4584412
4584424
4584551
4584716
4585262
4585454
4585548
4585593
4585659
4585666
4585697
4585854
4585884
4585959
4586119
4586124
4586253
4586283
4586300
4586302
4586360
4586361
4586458
4586464
4586482
4586507
4586563
4586602
4586805
4586883
4587122
4587171
4587211
4587250
4587308
4587522
4587536
4587543
4587635
4587663
4587772
4587798
4587854
4587856
4588065
4588110
4588225
4588489
4588662
4588720
4588843
4589021
4589036
4589441
4589576
4589690
4589695
4590046
4590105
4590135
4590177
4590247
4590498
4590724
4590782
4590828
4590865
4591031
4591159
4591361
4591582
4591973
4592330
4592340
4592498
4592588
4592592
4592656
4592657
4592780
4592983
4593203
4593236
4593241
4593261
4593405
4593503
4593537
4593604
4593695
4593713
4593840
4593966
4594053
4594163
4594414
4594415
4594594
4594635
4594764
4594770
4594782
4594899
4594995
4595091
4595168
4595188
4595193
4595236
4595355
4595368
4595391
4595532
4595576
4595595
4595680
4596000
4596079
4596336
4596360
4596432
4596482
4596501
4596547
4596579
4596611
4597229
4597283
4597456
4597462
4597554
4597569
4597572
4597791
4597859
4597865
4598122
4598171
4598333
4598357
4598386
4598484
4598494
4598509
4598546
4598616
4598733
4598800
4598828
4598996
4599151
4599170
4599239
4599335
4599364
4599450
4599709
4599724
4599873
4599970
4599997
4600013
4600077
4600140
4600265
4600435
4600437
4600609
4600689
4600819
4600838
4600997
4601013
4601298
4601404
4601447
4601485
4601547
4601813
4601820
4601966
4602017
4602092
4602180
4602343
4602459
4602527
4602609
4602790
4602792
4602800
4603244
4603330
4603367
4603536
4603547
4603927
4603979
4604005
4604138
4604147
4604346
4604366
4604524
4604535
4604580
4604733
4604751
4604788
4605016
4605141
4605248
4605298
4605418
4605530
4605541
4605559
4605591
4605727
4605983
4606080
4606139
4606232
4606274
4606578
4606598
4606698
4606751
4606801
4606803
4606927
4606976
4606980
4607199
4607228
4607256
4607288
4607442
4607474
4607900
4607916
4607997
4608257
4608259
4608288
4608331
4608345
4608412
4608608
4608638
4608686
4608802
4608971
4609082
4609255
4609352
4609384
4609391
4609494
4609549
4609605
4609853
4609881
4609896
4609903
4610105
4610156
4610226
4610252
4610319
4610612
4610830
4610990
4611025
4611191
4611266
4611388
4611394
4611828
4611896
4612057
4612072
4612236
4612444
4612679
4612911
4612919
4613105
4613144
4613216
4613286
4613288
4613428
4613500
4613624
4613705
4614002
4614064
4614098
4614174
4614226
4614236
4614278
4614391
4614647
4614666
4614756
4614769
4614818
4614926
4615013
4615065
4615320
4615386
4615449
4615505
4615562
4615589
4615682
4615819
4616034
4616308
4616316
4616370
4616507
4616729
4616766
4616776
4616830
4617059
4617103
4617259
4617293
4617358
4617376
4617378
4617487
4617626
4617642
4617711
4617760
4617975
4618061
4618155
4618213
4618222
4618572
4618613
4618663
4618713
4618727
4618750
4619072
4619177
4619753
4619820
4619908
4620085
4620186
4620307
4620363
4620372
4620461
4620628
4620638
4620682
4620692
4620894
4620995
4621002
4621076
4621132
4621442
4621443
4621484
4621516
4621624
4621643
4621679
4621875
4621968
4621998
4622046
4622245
4622259
4622550
4622659
4622688
4622827
4622848
4622924
4623138
4623622
4623643
4623677
4623682
4623711
4623813
4623848
4623967
4623969
4624061
4624291
4624392
4624498
4624635
4624800
4625093
4625177
4625498
4625504
4625514
4626076
4626482
4626623
4626659
4626678
4626735
4626815
4626953
4627126
4627131
4627149
4627279
4627541
4627685
4628005
4628143
4628150
4628224
4628257
4628396
4628469
4628500
4628522
4628736
4628885
4628900
4628929
4628951
4628964
4629123
4629163
4629239
4629265
4629354
4629452
4629471
4629491
4629526
4629550
4629556
4629621
4629663
4629749
4629792
4629871
4630104
4630235
4630385
4630399
4630614
4630688
4630812
4630877
4630888
4631038
4631139
4631224
4631268
4631283
4631287
4631550
4631706
4631823
4631898
4631991
4632004
4632027
4632190
4632292
4632324
4632373
4632713
4632814
4632933
4632940
4633024
4633030
4633363
4633475
4633561
4633596
4633780
4633880
4633945
4634040
4634073
4634166
4634309
4634657
4634662
4634709
4634712
4635017
4635130
4635318
4635400
4635404
4635439
4635450
4635519
4635629
4635733
4635900
4636007
4636289
4636382
4636404
4636414
4636519
4636557
4636611
4636946
4637428
4637554
4637641
4637668
4637717
4637788
4637789
4637794
4637981
4637988
4638006
4638060
4638123
4638227
4638299
4638387
4638453
4638566
4638614
4638619
4638893
4638936
4639031
4639056
4639150
4639156
4639240
4639260
4639295
4639310
4639522
4639529
4639536
4639723
4640013
4640028
4640157
4640240
4640773
4641038
4641122
4641276
4641385
4641409
4641470
4641831
4641917
4641923
4641950
4642024
4642138
4642193
4642259
4642499
4642723
4642819
4642825
4643044
4643210
4643235
4643299
4643359
4643478
4644020
4644217
4644243
4644752
4644836
4645022
4645210
4645311
4645358
4645661
4645678
4645970
4646204
4646458
4646615
4646746
4646961
4647097
4647258
4647465
4647593
4647681
4647798
4647925
4647978
4647986
4648091
4648504
4648602
4648656
4648789
4648826
4648869
4649030
4649146
4649256
4649504
4649672
4649727
4649789
4649834
4649924
4650035
4650204
4650251
4650378
4650886
4650930
4651036
4651104
4651175
4651178
4651218
4651273
4651461
4651467
4651491
4651747
4651852
4651899
4651909
4651973
4652039
4652081
4652089
4652109
4652111
4652420
4652512
4652716
4652757
4652825
4652908
4652939
4652999
4653102
4653119
4653261
4653346
4653378
4653581
4653591
4653822
4653927
4653978
4654154
4654353
4654386
4654407
4654572
4654694
4654724
4654766
4654909
4654937
4654943
4655136
4655218
4655284
4655311
4655586
4656106
4656184
4656364
4656523
4656585
4656769
4656901
4657119
4657275
4657730
4657734
4657903
4657941
4658101
4658153
4658364
4658481
4658494
4658522
4658528
4658686
4658782
4658894
4659136
4659304
4659334
4659538
4659571
4659599
4659604
4659620
4659649
4659788
4659970
4659980
4660000
4660020
4660046
4660049
4660093
4660240
4660314
4660351
4660426
4660649
4660838
4661096
4661219
4661227
4661355
4661374
4661502
4661529
4661636
4661755
4661907
4661974
4662000
4662015
4662099
4662134
4662157
4662395
4662455
4662619
4662680
4662736
4662844
4662904
4662942
4662993
4663146
4663234
4663288
4663380
4663408
4663517
4663582
4663623
4663625
4663680
4663725
4663743
4663965
4663976
4664006
4664160
4664433
4664542
4664602
4664640
4664721
4664879
4664955
4665134
4665397
4665520
4665561
4665644
4665748
4665812
4665960
4666107
4666187
4666189
4666250
4666356
4666375
4666524
4666530
4666692
4666702
4666807
4666833
4667265
4667312
4667373
4667501
4667578
4667699
4667750
4667852
4668073
4668083
4668182
4668364
4668371
4668383
4668388
4668463
4668504
4668537
4668940
4669097
4669108
4669165
4669200
4669203
4669267
4669348
4669360
4669460
4669518
4669647
4669678
4669680
4669739
4669772
4669851
4669965
4670129
4670358
4670442
4670464
4670624
4670862
4671056
4671131
4671135
4671330
4671372
4671382
4671550
4671585
4671643
4671669
4671671
4671725
4671743
4671800
4672054
4672073
4672341
4672398
4672419
4672493
4672680
4672721
4672762
4672826
4672877
4672909
4672999
4673083
4673157
4673212
4673376
4673418
4673426
4673462
4673470
4673495
4673529
4673599
4673625
4673634
4674026
4674082
4674174
4674183
4674224
4674305
4674614
4674754
4675024
4675089
4675094
4675095
4675106
4675136
4675155
4675458
4675509
4675606
4675632
4675638
4675798
4675820
4675830
4675850
4675948
4676213
4676321
4676475
4676480
4676558
4676590
4676817
4676835
4677151
4677163
4677347
4677487
4677711
4677917
4677995
4678115
4678255
4678396
4678825
4678836
4678965
4678977
4679008
4679105
4679170
4679196
4679202
4679491
4679528
4679629
4679639
4679678
4679840
4679965
4680229
4680249
4680271
4680727
4680950
4680994
4681172
4681322
4681603
4681608
4681638
4681954
4682004
4682128
4682146
4682239
4682394
4682410
4682604
4682675
4682726
4682735
4682940
4683024
4683126
4683223
4683248
4683338
4683346
4683384
4683516
4683550
4683582
4683710
4683785
4684200
4684406
4684472
4684672
4684782
4684892
4684988
4685049
4685098
4685347
4685432
4685484
4685491
4685612
4685856
4685869
4685898
4685963
4686143
4686145
4686200
4686341
4686347
4686503
4686507
4686592
4686727
4686885
4686937
4687439
4687558
4687581
4687632
4687704
4687895
4688047
4688109
4688198
4688262
4688286
4688316
4688368
4688532
4688536
4688592
4688653
4688687
4688740
4688789
4688808
4689041
4689111
4689154
4689206
4689318
4689409
4689804
4689870
4689935
4689965
4690029
4690249
4690283
4690314
4690344
4690693
4690852
4690860
4690999
4691024
4691140
4691405
4691414
4691580
4691594
4691605
4691635
4691660
4691702
4691746
4691763
4691827
4691877
4691890
4691966
4692037
4692103
4692181
4692323
4692416
4692581
4692634
4692640
4692690
4692751
4692882
4692884
4692927
4692934
4693061
4693128
4693260
4693339
4693529
4693549
4693584
4693686
4693705
4693826
4693862
4693936
4693941
4693994
4694057
4694268
4694321
4694467
4694522
4694627
4694644
4694659
4694689
4694711
4694759
4694772
4694851
4694902
4695180
4695265
4695334
4695625
4695986
4696245
4696328
4696356
4696379
4696475
4696621
4696756
4696796
4696840
4696936
4697115
4697262
4697377
4697394
4697457
4697596
4697820
4697953
4697955
4698305
4698470
4698471
4698841
4698850
4698872
4698885
4698958
4699263
4699370
4699531
4699588
4699770
4699810
4700003
4700013
4700015
4700119
4700131
4700136
4700249
4700293
4700297
4700300
4700372
4700435
4700492
4700700
4700765
4700770
4700872
4700925
4701034
4701035
4701170
4701611
4701744
4701812
4701901
4701971
4702082
4702093
4702533
4702643
4702656
4702919
4702943
4703085
4703160
4703171
4703172
4703198
4703233
4703436
4703540
4703613
4703624
4703728
4703772
4703878
4704132
4704281
4704346
4704514
4704646
4705047
4705112
4705191
4705338
4705592
4705832
4705844
4705960
4705988
4706209
4706307
4706434
4706534
4706707
4706837
4706872
4706947
4707078
4707149
4707157
4707191
4707242
4707347
4707352
4707367
4707756
4707823
4707871
4707940
4707954
4708043
4708149
4708189
4708215
4708545
4708628
4708675
4708676
4708709
4708762
4708829
4708991
4709083
4709153
4709305
4709366
4709373
4709493
4709587
4709800
4709807
4710059
4710104
4710208
4710310
4710426
4710444
4710468
4710580
4710588
4710608
4710649
4710650
4710737
4710765
4710783
4710797
4710808
4710906
4711054
4711201
4711206
4711332
4711426
4711603
4711628
4711727
4711754
4711903
4712030
4712047
4712242
4712283
4712336
4712548
4712700
4712781
4712823
4712945
4713233
4713236
4713268
4713314
4713889
4713926
4713941
4714111
4714172
4714261
4714408
4714553
4714597
4715008
4715025
4715050
4715097
4715196
4715372
4715473
4715786
4715824
4716032
4716207
4716555
4716623
4716653
4716726
4716794
4716867
4716875
4716975
4717603
4717690
4717817
4717908
4718099
4718238
4718333
4718376
4718489
4718515
4718741
4719054
4719106
4719223
4719224
4719459
4719589
4719620
4719731
4719778
4719781
4720129
4720134
4720289
4720323
4720376
4720574
4720628
4720776
4720818
4720983
4721088
4721184
4721220
4721222
4721374
4721396
4721406
4721480
4721741
4721793
4721825
4721884
4721894
4721932
4721977
4721989
4722003
4722026
4722122
4722291
4722650
4722742
4722744
4722802
4722886
4722919
4723052
4723077
4723078
4723173
4723605
4723607
4723640
4723647
4723918
4723937
4723974
4723979
4724007
4724035
4724136
4724262
4724294
4724395
4724641
4724654
4724673
4724687
4724870
4724912
4725154
4725370
4725443
4725995
4726006
4726023
4726117
4726265
4726375
4726384
4726417
4726427
4726490
4726559
4726565
4726566
4726659
4726703
4726933
4726937
4727009
4727085
4727298
4727345
4727502
4727552
4727628
4727774
4727885
4727959
4727989
4728016
4728058
4728360
4728388
4728448
4728472
4728518
4728578
4728583
4728628
4728772
4728812
4728844
4729035
4729054
4729067
4729096
4729181
4729448
4729687
4729761
4729924
4729945
4730150
4730362
4730365
4730370
4730411
4730534
4730558
4730586
4730589
4730740
4730805
4730909
4731115
4731119
4731239
4731292
4731534
4731610
4731781
4731833
4731897
4731917
4731929
4731957
4731977
4731996
4732021
4732080
4732337
4732502
4732720
4732779
4732826
4732832
4733096
4733151
4733314
4733476
4733649
4733741
4733909
4734098
4734405
4734646
4734685
4734856
4734922
4735019
4735079
4735193
4735214
4735326
4735492
4735625
4735821
4735993
4736017
4736204
4736249
4736323
4736335
4736360
4736404
4736428
4736653
4736848
4736884
4736888
4736945
4737059
4737088
4737123
4737283
4737371
4737400
4737605
4737922
4738135
4738146
4738180
4738261
4738481
4738829
4738845
4738866
4738943
4739003
4739034
4739148
4739184
4739304
4739392
4739407
4739585
4739729
4739739
4739835
4739891
4739919
4740020
4740371
4740446
4740596
4740629
4740803
4740881
4740946
4740955
4741173
4741235
4741570
4741601
4741813
4741814
4742020
4742132
4742281
4742326
4742525
4742531
4742546
4742559
4742634
4742703
4742756
4743032
4743218
4743227
4743330
4743341
4743444
4743599
4743623
4743750
4743807
4743859
4743921
4744400
4744401
4744593
4744725
4744743
4744820
4744841
4744954
4745041
4745083
4745250
4745542
4745650
4745746
4745796
4745807
4746166
4746424
4746496
4746570
4746584
4746702
4746706
4746883
4747037
4747180
4747402
4747521
4747786
4747849
4747880
4747930
4748109
4748242
4748362
4748401
4748417
4748492
4748505
4748621
4748622
4748873
4748912
4748939
4748945
4749016
4749250
4749335
4749368
4749457
4749676
4749697
4749869
4749899
4749946
4749965
4749997
4750117
4750139
4750154
4750306
4750432
4750585
4750667
4750777
4750826
4750894
4751188
4751216
4751267
4751280
4751340
4751349
4751501
4751515
4751544
4751677
4751739
4751798
4751912
4752003
4752087
4752118
4752157
4752221
4752407
4752426
4752443
4752706
4752935
4753123
4753188
4753192
4753408
4753431
4753456
4753462
4753490
4753565
4753684
4753744
4753902
4753928
4753950
4754148
4754220
4754314
4754373
4754387
4754542
4754554
4754682
4754721
4754781
4754973
4755035
4755056
4755210
4755257
4755437
4755579
4755639
4755702
4755798
4755881
4755947
4755985
4756014
4756043
4756369
4756875
4756904
4757230
4757276
4757446
4757636
4757712
4757898
4757902
4758092
4758210
4758257
4758515
4758518
4758541
4758752
4758843
4758931
4758979
4759088
4759190
4759312
4759359
4759466
4759495
4759604
4759646
4759760
4759785
4759819
4759893
4760028
4760116
4760123
4760225
4760494
4760582
4760630
4760852
4760940
4760965
4761074
4761145
4761234
4761242
4761431
4761669
4761675
4761681
4761714
4761916
4762192
4762317
4762545
4762579
4762844
4763025
4763147
4763194
4763210
4763357
4763513
4763519
4763536
4763585
4763863
4764012
4764039
4764070
4764136
4764276
4764328
4764423
4764947
4764956
4765153
4765217
4765379
4765539
4765639
4765645
4765662
4765739
4765776
4766182
4766235
4766279
4766340
4766421
4766626
4766683
4766700
4766992
4767081
4767195
4767347
4767488
4767670
4767757
4767790
4767846
4767876
4767885
4768168
4768227
4768260
4768275
4768310
4768435
4768531
4768677
4768818
4768827
4768917
4769027
4769193
4769200
4769239
4769388
4769406
4769441
4769447
4769852
4770101
4770133
4770312
4770422
4770534
4770639
4770818
4770866
4771007
4771012
4771113
4771138
4771146
4771207
4771383
4771520
4771673
4771821
4771825
4771861
4771981
4771997
4772070
4772192
4772244
4772286
4772356
4772722
4772749
4772753
4772818
4772847
4772877
4772932
4772954
4772963
4773008
4773013
4773264
4773281
4773342
4773351
4773582
4773614
4773667
4773713
4773800
4773861
4773877
4774152
4774228
4774244
4774364
4774367
4774942
4774949
4775075
4775264
4775379
4775474
4775535
4775609
4775640
4776085
4776107
4776293
4776399
4776464
4776497
4776499
4776554
4776564
4776639
4776805
4776899
4777147
4777196
4777202
4777283
4777490
4777526
4777578
4777706
4777764
4777999
4778183
4778264
4778306
4778457
4778616
4778772
4778850
4778956
4779148
4779221
4779352
4779373
4779569
4779588
4779689
4779717
4779750
4779813
4779824
4779831
4779847
4779875
4779944
4780038
4780097
4780177
4780284
4780297
4780430
4780851
4780876
4780904
4780973
4781192
4781295
4781322
4781484
4781524
4781626
4781888
4781895
4781975
4782101
4782125
4782183
4782234
4782238
4782273
4782453
4782489
4782513
4782563
4782589
4782670
4782865
4782912
4782997
4783014
4783094
4783128
4783226
4783452
4783512
4783642
4783664
4783807
4783878
4783917
4784042
4784110
4784202
4784393
4784444
4784473
4784611
4784941
4784978
4785151
4785171
4785274
4785361
4785397
4785479
4785492
4785550
4785643
4785687
4785821
4785845
4785863
4785962
4786008
4786107
4786567
4786578
4786683
4786762
4786777
4786824
4787187
4787252
4787407
4787427
4787497
4787580
4787690
4787890
4787910
4788032
4788115
4788268
4788351
4788377
4788467
4788474
4788492
4788783
4788942
4788962
4789008
4789153
4789167
4789180
4789298
4789324
4789368
4789406
4789475
4789641
4789713
4790077
4790495
4790745
4790833
4790944
4790971
4791184
4791467
4791535
4791625
4791689
4791807
4792011
4792078
4792153
4792398
4792490
4792596
4792773
4792786
4792788
4793100
4793189
4793272
4793296
4793422
4793456
4793488
4793495
4793598
4793632
4793690
4793722
4793768
4793798
4794062
4794331
4794469
4794514
4795036
4795040
4795281
4795431
4795456
4795558
4795620
4795714
4795781
4796087
4796215
4796637
4796746
4796840
4796850
4796861
4796901
4797075
4797474
4797725
4797780
4798227
4798244
4798292
4798393
4798426
4798530
4798959
4799061
4799115
4799179
4799201
4799256
4799407
4799490
4799540
4799782
4799841
4800144
4800545
4800810
4800815
4800899
4800904
4801030
4801139
4801334
4801541
4801564
4801603
4801644
4801708
4801738
4802058
4802115
4802618
4802681
4802704
4802780
4803038
4803188
4803337
4803853
4803988
4804034
4804086
4804116
4804186
4804190
4804259
4804435
4804945
4805165
4805268
4805631
4805648
4806128
4806156
4806172
4806238
4806394
4806454
4806467
4806597
4806959
4807066
4807067
4807148
4807265
4807508
4807609
4807653
4807675
4807802
4807828
4807929
4807946
4808221
4808446
4808537
4808585
4808610
4808672
4808757
4808770
4808875
4808906
4808970
4809098
4809232
4809273
4809541
4809679
4809763
4809773
4809793
4809835
4810245
4810257
4810351
4810750
4810772
4810858
4810971
4811005
4811072
4811186
4811204
4811253
4811254
4811633
4811637
4811729
4811784
4811805
4811968
4812035
4812065
4812067
4812104
4812191
4812255
4812312
4812386
4812405
4812410
4812415
4812480
4812530
4812616
4812635
4812771
4812790
4812899
4812954
4812955
4813037
4813134
4813347
4813389
4813501
4813514
4813563
4813613
4813958
4814014
4814038
4814049
4814136
4814169
4814225
4814250
4814468
4814527
4814557
4814566
4814620
4814800
4814928
4815100
4815124
4815154
4815167
4815568
4815583
4815703
4815766
4815809
4816158
4816345
4816353
4816411
4816582
4816676
4816734
4816840
4817199
4817255
4817353
4817503
4817822
4818144
4818172
4818203
4818314
4818353
4818458
4818583
4818879
4819112
4819128
4819134
4819144
4819150
4819172
4819175
4819487
4819493
4819528
4819564
4819613
4819732
4819919
4820173
4820207
4820513
4820587
4820616
4820658
4820738
4820779
4820818
4821026
4821345
4821419
4821676
4821884
4822076
4822081
4822101
4822224
4822943
4823005
4823034
4823042
4823151
4823158
4823255
4823279
4823453
4823461
4823504
4823581
4823753
4823820
4823825
4823945
4824180
4824263
4824408
4824536
4824658
4824696
4825513
4825591
4825620
4825636
4825647
4825658
4825725
4825742
4825775
4825854
4826046
4826180
4826200
4826554
4826620
4826621
4826778
4826896
4827041
4827229
4827234
4827400
4827410
4827415
4827449
4827466
4827586
4827688
4827968
4828149
4828150
4828291
4828304
4828508
4828592
4828681
4828875
4828917
4828949
4829008
4829104
4829117
4829206
4829248
4829304
4829463
4829649
4829757
4829812
4829884
4829908
4829996
4830107
4830242
4830348
4830358
4830383
4830537
4830607
4830725
4830829
4830880
4830905
4830980
4831049
4831200
4831336
4831367
4831479
4831487
4831567
4831713
4831714
4832019
4832165
4832175
4832191
4832198
4832223
4832327
4832385
4832398
4832444
4832624
4832683
4832894
4832903
4832995
4833525
4833542
4833555
4833597
4833630
4833943
4834019
4834065
4834292
4834322
4834438
4834511
4834859
4834897
4834948
4835315
4835492
4835597
4835914
4836035
4836199
4836389
4836424
4836503
4836541
4836626
4836861
4836982
4837150
4837393
4837546
4837574
4837652
4837756
4837805
4838090
4838485
4838680
4838692
4838700
4838756
4838878
4838953
4839059
4839348
4839367
4839387
4839473
4839480
4839507
4839523
4839656
4839738
4839748
4839871
4840167
4840407
4840565
4840604
4840617
4840806
4840873
4840958
4841038
4841057
4841075
4841170
4841206
4841219
4841424
4841463
4841588
4841590
4841671
4841707
4841861
4841933
4841996
4842082
4842164
4842247
4842271
4842310
4842395
4842475
4842484
4842852
4842871
4842953
4843084
4843313
4843397
4843410
4843634
4843879
4843943
4844001
4844341
4844654
4844838
4844899
4844933
4845015
4845129
4845328
4845443
4845465
4845577
4845723
4845750
4845843
4845853
4846005
4846017
4846734
4847120
4847169
4847244
4847389
4847434
4847450
4847463
4847493
4847512
4847613
4847615
4847667
4847725
4847778
4848120
4848175
4848188
4848198
4848200
4848213
4848232
4848259
4848282
4848379
4848383
4848501
4848541
4848684
4848779
4848824
4848990
4849125
4849422
4849620
4849642
4849836
4849838
4850135
4850223
4850302
4850364
4850391
4850602
4850623
4850731
4850797
4851168
4851329
4851353
4851455
4851810
4851906
4852075
4852112
4852497
4852579
4852800
4852944
4853000
4853035
4853116
4853236
4853247
4853359
4853401
4853499
4853544
4853563
4853704
4853906
4853927
4853978
4854015
4854121
4854173
4854206
4854314
4854470
4854480
4854618
4854705
4854750
4854904
4855014
4855073
4855124
4855151
4855206
4855439
4855738
4855793
4856079
4856117
4856148
4856173
4856386
4856434
4856444
4856449
4856472
4856554
4856597
4856611
4856664
4856891
4857157
4857173
4857226
4857259
4857385
4857486
4857499
4857528
4857724
4857837
4858036
4858191
4858257
4858287
4858344
4858390
4858523
4858562
4858602
4858893
4859106
4859143
4859287
4859342
4859357
4859387
4859413
4859463
4859505
4859627
4859631
4859649
4859667
4859840
4859883
4860124
4860156
4860226
4860295
4860307
4860335
4860422
4860442
4860840
4861048
4861273
4861443
4861477
4861731
4861752
4861870
4861909
4862224
4862368
4862493
4862556
4862643
4862651
4862670
4862709
4862755
4862795
4862847
4862980
4863059
4863073
4863146
4863229
4863331
4863345
4863399
4863411
4863421
4863634
4863655
4863660
4863789
4864218
4864248
4864501
4864670
4864699
4864703
4864862
4864963
4865071
4865284
4865378
4865475
4865504
4865657
4865896
4865999
4866006
4866078
4866241
4866331
4866478
4866530
4866606
4866752
4866841
4866941
4867041
4867093
4867132
4867142
4867288
4867395
4867424
4867457
4867630
4867906
4868078
4868181
4868243
4868367
4868411
4868417
4868538
4868568
4868629
4868633
4868635
4868690
4868694
4868949
4869015
4869098
4869172
4869194
4869258
4869312
4869501
4869546
4869645
4869766
4869878
4870083
4870086
4870166
4870201
4870224
4870316
4870520
4871187
4871309
4871327
4871333
4871363
4871380
4871470
4871534
4871570
4871762
4871771
4871815
4871820
4871834
4871970
4872117
4872402
4872499
4872584
4872771
4872802
4872940
4872986
4873004
4873020
4873277
4873283
4873306
4873307
4873459
4873580
4873621
4873688
4873756
4873860
4873938
4873989
4874824
4874905
4874908
4874943
4875059
4875062
4875071
4875114
4875259
4875279
4875342
4875370
4875390
4875471
4875582
4875593
4875607
4875637
4875658
4875662
4875697
4876051
4876077
4876221
4876264
4876342
4876351
4876388
4876431
4876441
4876475
4876514
4876633
4876781
4876798
4877165
4877187
4877335
4877494
4877501
4877521
4877601
4877764
4877894
4877989
4878302
4878309
4878372
4878387
4878401
4878553
4878596
4878601
4878620
4878667
4878707
4878842
4878848
4879088
4879230
4879280
4879512
4879541
4879589
4879768
4880032
4880085
4880139
4880542
4880625
4880639
4880671
4880679
4880820
4880878
4880999
4881017
4881171
4881341
4881432
4881504
4881561
4881592
4881775
4881799
4881886
4882006
4882155
4882301
4882321
4882334
4882416
4882517
4882538
4882674
4882851
4882915
4883003
4883075
4883111
4883242
4883263
4883423
4883509
4883538
4883659
4883825
4883940
4883963
4884118
4884127
4884185
4884187
4884392
4884394
4884456
4884475
4884476
4884974
4885012
4885024
4885179
4885366
4885614
4885697
4885714
4885750
4885832
4885856
4886096
4886173
4886520
4886525
4886570
4886627
4886661
4886670
4886686
4886733
4887315
4887361
4887600
4887726
4887785
4887971
4888009
4888064
4888148
4888482
4888558
4888819
4888997
4889172
4889205
4889223
4889267
4889357
4889399
4889449
4889585
4889688
4889869
4889906
4889984
4890043
4890057
4890136
4890204
4890270
4890345
4890476
4890577
4890606
4890613
4890773
4890840
4890949
4891236
4891685
4891820
4891832
4891880
4891901
4892109
4892153
4892252
4892366
4892423
4892660
4892743
4892856
4892859
4892925
4892932
4892967
4893303
4893311
4893423
4893465
4893511
4893648
4893682
4893759
4893792
4894168
4894181
4894261
4894409
4894428
4894791
4894796
4894806
4894982
4895072
4895110
4895147
4895198
4895214
4895489
4895685
4895764
4895783
4895844
4895930
4895978
4896050
4896242
4896251
4896318
4896386
4896493
4896624
4896725
4896785
4896857
4897094
4897248
4897388
4897392
4897647
4897793
4897885
4898168
4898293
4898322
4898372
4898579
4898608
4898627
4898671
4898711
4898769
4898856
4899108
4899187
4899240
4899269
4899566
4899776
4899894
4899948
4900230
4900446
4900455
4900658
4900791
4900823
4900834
4900891
4901010
4901031
4901155
4901196
4901239
4901261
4901363
4901529
4901551
4901598
4901629
4901770
4901835
4901932
4902041
4902186
4902360
4902406
4902415
4902673
4902871
4903032
4903160
4903382
4903524
4903591
4903607
4903799
4903912
4904049
4904058
4904217
4904259
4904261
4904273
4904531
4904590
4904727
4904810
4904897
4904907
4905057
4905243
4905299
4905521
4905566
4905601
4905668
4905796
4905832
4905837
4905871
4906071
4906351
4906470
4906489
4906655
4906836
4907158
4907261
4907340
4907376
4907531
4907706
4907741
4907858
4907928
4907932
4907962
4908074
4908190
4908268
4908517
4908573
4909096
4909113
4909155
4909282
4909595
4909612
4910157
4910244
4910256
4910412
4910438
4910760
4910796
4910805
4910815
4911006
4911042
4911117
4911615
4911742
4911758
4912081
4912097
4912228
4912445
4912661
4912829
4912917
4912954
4912955
4912991
4913176
4913205
4913595
4913732
4913857
4913897
4913992
4913998
4914066
4914287
4914298
4914425
4914526
4915025
4915035
4915038
4915104
4915175
4915387
4915420
4915617
4915693
4915889
4915913
4915917
4915950
4916190
4916264
4916304
4916321
4916335
4916555
4916685
4916747
4916819
4916957
4917035
4917143
4917513
4917732
4917741
4917831
4918001
4918165
4918284
4918288
4918332
4918412
4918567
4918604
4918715
4918980
4919178
4919643
4919706
4919745
4919747
4920006
4920075
4920390
4920467
4920470
4920600
4920643
4920645
4920648
4920726
4920995
4921048
4921118
4921164
4921274
4921346
4921380
4921393
4921478
4921482
4921625
4921894
4921957
4921985
4922238
4922258
4922270
4922299
4922335
4922343
4922381
4922388
4922537
4922610
4922710
4922724
4922802
4922921
4922955
4922958
4923078
4923149
4923181
4923296
4923304
4923438
4923535
4923606
4923669
4923856
4923988
4923997
4924080
4924115
4924142
4924199
4924238
4924337
4924400
4924694
4924723
4924748
4924868
4924888
4925008
4925168
4925243
4925360
4925712
4925790
4925826
4925865
4925933
4925995
4926184
4926379
4926528
4926534
4926603
4926629
4926684
4926865
4926979
4927097
4927194
4927218
4927237
4927520
4927612
4927882
4927947
4928043
4928144
4928150
4928239
4928347
4928375
4928424
4928435
4928570
4928582
4928666
4928747
4928878
4928910
4929029
4929110
4929115
4929186
4929261
4929377
4929391
4929565
4929701
4929779
4930024
4930202
4930377
4930397
4930508
4930580
4930863
4930912
4931000
4931029
4931039
4931124
4931161
4931213
4931593
4931598
4931635
4931677
4931680
4932166
4932179
4932187
4932239
4932600
4932778
4932935
4933106
4933359
4933442
4933466
4933474
4933512
4933559
4934282
4934337
4934386
4934428
4934437
4934493
4934928
4934938
4935191
4935250
4935322
4935373
4935413
4935483
4935567
4935572
4935599
4935684
4935856
4935857
4935875
4936082
4936160
4936237
4936253
4936339
4936453
4936618
4936705
4936726
4936728
4937075
4937291
4937298
4937499
4937576
4937590
4937639
4937884
4937963
4937991
4937992
4938164
4938300
4939200
4939338
4939348
4939514
4939543
4939607
4939611
4939676
4939707
4939743
4939889
4940042
4940077
4940222
4940619
4940696
4940769
4940794
4941092
4941179
4941184
4941189
4941346
4941352
4941359
4941615
4941654
4941656
4941681
4941708
4941719
4941806
4941880
4941964
4942041
4942200
4942231
4942239
4942372
4942403
4942515
4942521
4942595
4942647
4942664
4942667
4942868
4942974
4943026
4943508
4943529
4943554
4943561
4943931
4944034
4944083
4944200
4944490
4944694
4944968
4945061
4945151
4945200
4945680
4945706
4945812
4945871
4946075
4946098
4946141
4946278
4946300
4946450
4946451
4946582
4946808
4946829
4946869
4947259
4947520
4947522
4947563
4947606
4947618
4947745
4947785
4947807
4947811
4947882
4947969
4948048
4948077
4948134
4948136
4948143
4948188
4948211
4948298
4948539
4948547
4948602
4948609
4948649
4948779
4948813
4948917
4949031
4949183
4949268
4949278
4949535
4949557
4949585
4949644
4949685
4949909
4950036
4950084
4950164
4950297
4950310
4950433
4950485
4950861
4950910
4950912
4951010
4951020
4951043
4951131
4951275
4951371
4951637
4951639
4951651
4951813
4951922
4951988
4952047
4952161
4952250
4952500
4952504
4952689
4952694
4952737
4952923
4953150
4953222
4953273
4953331
4953507
4953777
4953785
4953899
4953905
4954178
4954181
4954635
4954692
4954753
4955089
4955170
4955190
4955221
4955264
4955385
4955417
4955645
4955711
4955926
4956036
4956105
4956256
4956268
4956278
4956293
4956443
4956453
4956530
4956563
4956763
4957192
4957199
4957271
4957359
4957455
4957506
4957512
4957567
4957775
4957964
4958029
4958204
4958241
4958242
4958372
4958397
4958464
4958621
4958680
4958741
4958981
4959102
4959372
4959422
4959482
4959542
4959673
4959788
4959837
4959945
4959957
4960015
4960115
4960146
4960197
4960271
4960542
4960564
4960587
4960640
4960818
4960869
4960965
4961051
4961073
4961162
4961248
4961327
4961407
4961432
4961687
4961739
4961773
4961871
4961946
4962045
4962211
4962252
4962273
4962433
4962489
4962539
4962549
4962567
4962572
4962643
4962748
4962954
4962983
4963021
4963118
4963335
4963414
4963463
4963481
4963497
4963530
4963565
4963598
4963914
4964279
4964301
4964509
4964582
4964603
4964636
4964929
4964980
4965563
4965566
4965690
4965700
4965761
4965840
4965982
4966141
4966312
4966358
4966366
4966428
4966537
4966620
4966643
4966644
4966720
4966782
4966825
4966943
4967272
4967363
4967708
4967790
4967836
4967937
4967958
4968157
4968479
4968760
4968956
4969010
4969012
4969226
4969288
4969314
4969315
4969420
4969429
4969459
4969473
4969658
4969864
4969904
4969984
4970144
4970190
4970516
4970532
4970698
4970703
4971050
4971637
4971723
4971736
4972157
4972346
4972479
4972528
4972962
4973336
4973412
4973467
4973542
4973635
4974081
4974213
4974281
4974384
4974488
4974557
4974559
4974962
4975076
4975077
4975172
4975179
4975354
4975491
4975665
4975954
4976006
4976063
4976103
4976295
4976332
4976369
4976514
4976535
4976677
4976787
4976851
4976940
4977086
4977111
4977174
4977330
4977356
4977397
4977570
4977814
4977821
4977931
4978052
4978056
4978072
4978127
4978272
4978323
4978445
4978551
4978652
4978656
4978692
4978765
4978770
4978779
4978798
4978851
4978884
4978954
4978973
4979240
4979258
4979323
4979362
4979392
4979441
4979477
4979872
4979963
4980024
4980221
4980341
4980427
4980431
4980843
4981067
4981076
4981214
4981239
4981245
4981375
4981429
4981518
4981531
4981533
4981736
4981878
4982017
4982056
4982107
4982233
4982252
4982657
4982739
4982802
4983086
4983135
4983168
4983486
4983850
4983956
4983987
4984041
4984128
4984281
4984311
4984431
4984467
4984481
4984582
4984618
4984662
4984704
4984788
4984829
4984835
4984891
4984972
4985051
4985106
4985114
4985227
4985298
4985420
4985521
4985659
4985702
4985724
4985783
4985826
4985965
4985966
4986002
4986248
4986295
4987288
4987321
4987451
4987605
4987728
4987782
4987880
4988052
4988091
4988173
4988191
4988206
4988230
4988366
4988439
4988570
4988680
4988757
4988998
4989091
4989471
4989542
4989554
4989728
4989881
4989928
4990112
4990188
4990276
4990296
4990361
4990516
4990716
4990717
4990817
4990892
4990969
4991068
4991076
4991156
4991331
4991359
4991409
4991594
4991654
4991775
4991806
4991823
4991864
4991906
4991994
4992057
4992100
4992185
4992280
4992676
4992751
4992829
4992856
4993101
4993143
4993383
4993421
4993538
4993606
4993646
4993696
4993761
4993840
4993929
4993958
4993978
4994297
4994330
4994363
4994727
4994882
4994948
4995122
4995180
4995313
4995504
4995557
4995627
4995696
4995918
4995921
4996342
4996426
4996490
4996527
4996836
4996895
4996930
4996950
4996975
4997097
4997147
4997287
4997465
4997548
4997574
4997694
4998189
4998249
4998713
4998755
4998842
4998957
4999053
4999083
4999224
4999240
4999260
4999459
5000018
5000047
5000236
5000263
5000323
5000408
5000554
5000558
5000709
5000729
5000738
5000818
5000830
5000978
5001069
5001338
5001347
5001509
5001552
5001574
5001913
5001939
5002163
5002347
5002455
5002466
5002580
5002665
5002768
5002795
5002802
5002828
5002954
5002974
5003003
5003187
5003282
5003418
5003712
5003829
5003892
5003915
5003959
5004008
5004045
5004075
5004139
5004218
5004447
5004501
5004627
5005143
5005242
5005260
5005290
5005378
5005392
5005487
5005493
5005569
5005578
5005700
5005706
5005781
5005783
5005843
5005912
5006084
5006190
5006299
5006338
5006461
5006503
5006518
5006669
5006787
5006865
5006915
5006996
5007018
5007028
5007031
5007056
5007066
5007072
5007297
5007394
5007414
5007507
5007570
5007595
5007675
5007706
5007984
5008177
5008220
5008317
5008320
5008443
5008454
5008526
5008621
5008636
5008682
5008781
5008792
5008864
5008908
5008935
5009066
5009084
5009153
5009187
5009306
5009840
5009856
5009888
5010189
5010518
5010741
5011470
5011578
5011804
5011825
5011987
5012276
5012350
5012390
5012557
5012734
5012840
5012859
5012883
5012951
5013019
5013131
5013160
5013203
5013251
5013404
5013436
5013600
5013639
5013715
5013718
5013866
5013906
5013965
5013994
5014103
5014109
5014145
5014212
5014449
5014641
5014814
5014853
5014876
5014920
5014924
5014930
5015294
5015302
5015369
5015390
5015796
5015871
5016012
5016270
5016363
5016416
5016611
5016662
5016693
5016835
5016842
5016885
5017161
5017342
5017424
5017628
5017805
5017834
5017911
5017941
5018095
5018782
5018797
5018857
5018860
5018864
5018933
5018967
5018975
5018981
5018990
5019216
5019335
5019373
5019604
5019662
5019679
5019770
5019793
5020069
5020104
5020162
5020180
5020211
5020214
5020258
5020284
5020319
5020409
5020420
5020451
5020560
5020586
5020671
5020820
5021014
5021033
5021129
5021154
5021168
5021304
5021325
5021328
5021399
5021483
5021612
5021681
5021818
5022019
5022039
5022045
5022046
5022154
5022424
5022500
5022585
5022620
5022741
5022839
5022843
5022979
5022981
5023010
5023047
5023091
5023094
5023168
5023260
5023334
5023615
5023664
5023750
5023963
5024127
5024207
5024342
5024905
5024928
5024979
5024989
5025077
5025126
5025207
5025209
5025522
5025568
5025710
5025723
5025732
5025919
5025975
5026046
5026135
5026173
5026338
5026347
5026630
5026673
5026758
5026983
5027078
5027079
5027280
5027288
5027321
5027375
5027435
5027446
5027545
5027633
5027652
5027924
5028059
5028286
5028293
5028358
5028431
5028606
5028694
5028724
5029008
5029053
5029243
5029297
5029347
5029469
5029480
5029545
5029579
5029582
5029651
5029777
5029780
5029814
5029882
5029984
5030147
5030215
5030299
5030513
5030577
5030679
5030776
5030817
5031079
5031294
5031337
5031351
5031442
5031481
5031603
5031608
5031620
5031638
5031647
5031648
5031655
5031728
5031885
5032249
5032294
5032414
5032437
5032509
5032588
5032739
5032787
5032846
5033050
5033115
5033141
5033367
5033522
5033558
5033585
5033654
5033709
5033738
5033887
5034074
5034195
5034239
5034446
5034539
5034549
5034606
5034623
5034796
5034852
5034875
5034918
5034956
5034975
5034983
5034998
5035119
5035338
5035553
5035619
5035632
5035729
5035780
5035798
5035956
5035965
5036006
5036037
5036072
5036157
5036277
5036369
5036433
5036546
5036577
5036606
5036632
5036779
5036804
5037049
5037050
5037115
5037133
5037311
5037384
5037418
5037440
5037482
5037595
5037789
5037866
5037904
5037929
5038153
5038196
5038238
5038426
5038483
5038538
5038546
5038568
5038571
5038767
5038910
5038921
5038940
5039013
5039167
5039171
5039246
5039526
5039755
5039762
5040020
5040091
5040161
5040403
5040467
5040478
5040616
5040687
5040873
5040881
5040946
5040968
5040993
5041002
5041114
5041207
5041225
5041569
5041605
5041682
5041756
5041872
5041949
5042011
5042052
5042165
5042254
5042278
5042401
5042551
5042710
5042717
5042815
5042828
5042941
5042946
5043129
5043230
5043331
5043433
5043465
5043550
5043615
5043874
5043921
5044077
5044125
5044163
5044283
5044527
5044728
5044742
5044815
5044854
5044864
5044884
5044901
5045301
5045326
5045333
5045414
5045519
5045530
5045592
5045788
5045824
5046016
5046127
5046176
5046430
5046602
5046614
5046644
5046799
5046805
5046949
5047028
5047218
5047363
5047451
5047500
5047602
5047704
5047745
5047987
5048065
5048133
5048141
5048192
5048215
5048402
5048431
5048564
5048673
5048936
5048947
5049101
5049211
5049898
5049913
5050128
5050177
5050335
5050631
5050793
5050829
5050893
5050986
5051155
5051327
5051370
5051556
5051720
5051736
5051751
5051756
5051859
5051895
5052021
5052053
5052144
5052169
5052190
5052219
5052387
5052430
5052478
5052539
5052656
5052852
5052891
5052938
5053168
5053211
5053293
5053376
5053387
5053398
5053412
5053428
5053520
5053664
5054188
5054267
5054323
5054425
5054440
5054650
5054678
5054719
5054732
5054866
5054874
5054911
5055080
5055305
5055454
5055505
5055598
5055785
5055825
5055858
5055958
5056012
5056101
5056320
5056432
5056497
5056561
5056852
5056899
5056977
5057007
5057010
5057031
5057065
5057066
5057118
5057544
5057616
5057746
5057767
5057845
5057847
5057934
5058016
5058020
5058025
5058488
5058599
5058601
5058643
5058703
5058706
5058799
5058857
5058890
5058905
5058907
5059056
5059171
5059333
5059400
5059624
5059717
5059859
5059943
5060061
5060292
5060517
5060547
5060739
5060776
5060781
5060836
5061034
5061106
5061174
5061186
5061214
5061591
5061619
5061867
5061922
5062029
5062055
5062127
5062255
5062282
5062589
5062632
5062767
5062779
5062829
5062881
5063156
5063158
5063255
5063522
5063951
5064062
5064152
5064462
5064530
5064839
5064845
5064887
5065203
5065380
5065476
5065517
5065677
5065787
5065810
5065908
5066228
5066251
5066277
5066338
5066353
5066362
5066381
5066441
5066483
5066528
5066566
5066600
5066602
5067023
5067030
5067049
5067099
5067274
5067314
5067403
5067422
5067560
5067899
5067992
5068179
5068198
5068298
5068364
5068456
5068463
5068577
5068701
5068760
5068929
5069116
5069153
5069198
5069302
5069819
5069909
5069937
5069985
5070362
5070402
5070445
5070690
5070753
5070845
5071075
5071208
5071231
5071316
5071360
5071415
5071766
5072059
5072110
5072192
5072203
5072316
5072352
5072379
5072383
5072545
5072618
5072636
5072786
5072816
5072821
5072884
5073160
5073262
5073548
5073617
5073876
5074058
5074094
5074194
5074207
5074298
5074748
5074794
5074885
5074887
5074896
5074936
5075069
5075106
5075169
5075231
5075243
5075294
5075395
5075549
5075721
5075855
5075879
5075986
5075999
5076086
5076329
5076400
5076534
5076607
5076732
5076862
5076881
5077267
5077272
5077341
5077368
5077522
5077563
5077585
5077609
5077709
5077736
5077803
5078183
5078288
5078353
5078428
5078529
5078638
5078712
5078724
5078736
5078780
5078893
5078900
5078982
5079020
5079027
5079081
5079225
5079237
5079345
5079484
5079496
5079546
5079625
5079832
5079984
5080000
5080140
5080483
5080553
5080612
5080688
5080694
5080895
5080960
5080988
5081067
5081107
5081321
5081362
5081573
5081732
5081991
5082100
5082126
5082295
5082313
5082320
5082338
5082533
5082538
5082554
5082589
5082621
5082687
5082733
5082746
5082767
5082772
5083078
5083353
5083368
5083680
5083756
5083766
5084105
5084135
5084244
5084272
5084418
5084541
5084566
5084741
5084755
5084824
5085171
5085186
5085394
5085610
5086153
5086164
5086468
5086491
5086650
5086652
5086779
5086796
5086827
5086875
5086958
5086984
5087061
5087212
5087374
5087512
5087531
5087576
5087715
5087859
5087899
5087959
5088218
5088330
5088481
5088542
5088664
5088744
5088957
5089054
5089056
5089167
5089181
5089225
5089270
5089319
5089336
5089386
5089455
5089466
5089577
5089714
5089908
5090036
5090126
5090144
5090377
5090426
5090515
5090715
5090730
5090741
5090854
5090988
5091017
5091131
5091225
5091238
5091294
5091391
5091679
5091832
5091897
5092234
5092256
5092354
5092783
5093108
5093126
5093136
5093157
5093370
5093866
5094229
5094232
5094327
5094433
5094521
5094543
5094582
5094585
5094656
5094740
5095119
5095183
5095271
5095353
5095354
5095361
5095551
5095616
5095718
5095859
5095874
5095927
5096035
5096066
5096352
5096354
5096478
5096500
5096543
5096567
5096693
5096719
5096857
5097206
5097419
5097514
5097543
5097740
5097763
5097804
5097988
5098175
5098341
5098588
5098654
5098672
5098752
5098837
5099042
5099080
5099135
5099136
5099302
5099359
5099871
5099930
5099973
5100113
5100274
5100351
5100377
5100427
5100511
5100571
5100612
5100742
5100788
5100822
5100923
5100924
5100976
5101021
5101036
5101321
5101462
5101515
5101604
5101655
5101803
5101916
5102069
5102169
5102187
5102190
5102363
5102488
5102929
5102969
5103052
5103120
5103128
5103168
5103295
5103316
5103390
5103531
5103567
5103622
5103743
5103880
5103983
5104224
5104470
5104605
5104833
5104959
5105077
5105120
5105129
5105138
5105140
5105197
5105201
5105303
5105317
5105429
5105595
5105632
5105675
5105693
5105869
5106258
5106390
5106479
5106593
5106760
5106977
5107007
5107092
5107182
5107197
5107251
5107323
5107472
5107482
5107595
5107738
5107761
5108132
5108345
5108450
5108877
5109075
5109151
5109248
5109362
5109470
5109503
5109527
5109570
5109684
5109781
5109899
5110010
5110033
5110124
5110173
5110305
5110375
5110378
5110440
5110555
5110611
5110632
5110677
5111004
5111027
5111076
5111102
5111313
5111364
5111457
5111680
5111749
5111753
5111817
5111869
5111961
5111983
5112064
5112252
5112432
5112444
5112575
5112711
5112789
5113158
5113383
5113385
5113416
5113519
5114011
5114026
5114027
5114129
5114153
5114309
5114632
5114860
5114979
5115053
5115111
5115213
5115313
5115582
5115585
5115634
5115729
5115772
5115785
5115834
5115954
5116030
5116054
5116231
5116374
5116547
5116704
5116985
5117052
5117130
5117220
5117267
5117394
5117538
5117841
5117859
5117874
5118172
5118228
5118265
5118318
5118472
5118532
5118576
5118781
5118865
5119031
5119047
5119085
5119210
5119255
5119353
5119459
5119535
5119689
5119760
5119801
5120156
5120195
5120214
5120253
5120290
5120482
5120560
5120877
5120935
5120953
5121026
5121353
5121465
5121645
5121679
5121915
5122007
5122047
5122245
5122342
5122400
5122401
5122460
5122489
5122649
5122965
5122983
5122989
5123274
5123306
5123426
5123430
5123490
5123554
5123560
5123870
5124193
5124211
5124222
5124355
5124603
5124763
5124775
5124793
5124886
5124926
5124963
5124966
5125083
5125195
5125358
5125491
5125508
5125509
5125594
5125784
5125923
5126173
5126237
5126251
5126257
5126322
5126336
5126535
5126646
5126720
5126843
5127028
5127143
5127216
5127318
5127358
5127619
5127684
5127759
5128070
5128081
5128149
5128232
5128260
5128383
5128431
5128692
5128721
5128841
5128871
5128956
5128978
5129050
5129073
5129106
5129133
5129209
5129290
5129446
5129599
5129618
5129623
5129639
5129911
5130054
5130065
5130087
5130098
5130159
5130323
5130324
5130509
5130580
5130621
5130694
5130833
5130889
5130921
5131062
5131212
5131265
5131376
5131396
5131535
5131573
5131578
5131713
5131790
5131798
5131806
5131956
5132001
5132109
5132214
5132273
5132296
5132300
5132415
5132445
5132586
5132776
5132814
5132869
5132886
5132929
5132944
5133079
5133161
5133456
5133615
5133811
5134176
5134282
5134378
5134381
5134397
5134601
5134720
5134852
5134876
5134915
5134989
5135035
5135087
5135088
5135140
5135239
5135252
5135379
5135403
5135421
5135754
5135759
5135826
5135874
5135990
5136075
5136112
5136524
5136583
5136594
5136658
5136672
5136686
5136737
5136761
5136886
5136941
5136986
5137166
5137252
5137284
5137400
5137510
5137574
5137668
5137679
5137720
5137726
5137744
5138031
5138132
5138255
5138452
5138646
5138764
5139111
5139340
5139499
5139628
5139630
5139660
5139663
5139691
5139723
5139791
5140024
5140081
5140425
5140518
5140622
5140751
5140935
5141240
5141309
5141585
5141727
5141803
5141927
5142067
5142132
5142147
5142532
5142783
5142810
5143048
5143147
5143155
5143231
5143258
5143458
5143609
5143988
5144033
5144087
5144166
5144218
5144263
5144280
5144321
5144477
5144500
5144589
5144785
5144906
5144946
5145036
5145126
5145293
5145341
5145593
5145844
5145859
5145958
5146129
5146365
5146524
5146608
5146659
5146836
5146912
5147015
5147029
5147152
5147215
5147356
5147396
5147399
5147567
5147639
5147703
5147916
5147917
5147942
5148073
5148139
5148467
5148578
5148675
5148842
5148846
5148854
5148910
5148939
5149032
5149129
5149191
5149270
5149331
5149426
5149441
5149597
5149685
5149834
5149879
5150025
5150031
5150102
5150496
5150512
5151115
5151295
5151296
5151409
5151431
5152035
5152051
5152165
5152253
5152615
5152621
5152746
5152880
5152896
5152971
5153067
5153205
5153343
5153455
5153485
5153670
5153699
5153966
5154085
5154185
5154282
5154339
5154356
5154357
5154607
5154657
5154869
5154905
5154983
5154985
5155319
5155337
5155456
5155469
5155614
5155691
5155837
5156068
5156099
5156163
5156264
5156279
5156346
5156538
5156838
5156876
5157051
5157064
5157067
5157155
5157171
5157174
5157224
5157228
5157249
5157260
5157357
5157560
5157791
5157828
5157836
5157904
5157968
5157988
5158069
5158229
5158270
5158541
5158582
5158597
5158675
5158936
5158945
5158947
5159033
5159172
5159183
5159230
5159274
5159442
5159469
5159644
5159978
5160031
5160074
5160098
5160178
5160219
5160334
5160344
5160402
5160445
5160516
5160663
5160690
5160775
5160869
5160923
5161099
5161516
5161551
5161560
5161613
5161760
5161977
5162216
5162605
5162668
5162750
5162843
5162862
5162867
5163070
5163080
5163118
5163197
5163566
5163730
5164098
5164208
5164243
5164265
5164323
5164895
5164988
5165151
5165171
5165266
5165358
5165436
5165698
5165767
5165798
5166053
5166095
5166118
5166445
5166514
5166523
5166638
5166673
5166674
5166727
5166951
5166994
5167005
5167027
5167131
5167506
5167511
5167665
5167670
5167692
5167749
5167762
5167954
5167981
5168048
5168186
5168373
5168412
5168426
5168480
5168652
5168761
5168814
5169066
5169486
5169762
5169943
5170010
5170227
5170249
5170258
5170299
5170307
5170357
5170589
5170657
5170751
5170784
5170995
5171319
5171380
5171448
5171621
5171636
5171651
5171716
5171733
5171817
5171832
5171869
5172005
5172026
5172063
5172077
5172103
5172346
5172427
5172432
5172545
5172566
5172597
5172651
5172677
5172704
5172822
5172868
5172999
5173037
5173064
5173267
5173282
5173311
5173328
5173587
5173735
5173755
5173803
5173843
5174234
5174418
5174429
5174467
5174508
5174775
5174789
5175175
5175339
5175368
5175461
5175463
5175598
5175674
5175905
5175907
5175949
5175956
5175969
5176003
5176091
5176130
5176282
5176408
5176417
5176449
5176450
5176461
5176633
5176746
5176901
5176924
5177054
5177204
5177220
5177386
5177417
5177422
5177483
5177530
5177531
5177577
5177825
5178122
5178184
5178303
5178697
5178753
5178830
5178879
5178936
5179077
5179115
5179160
5179255
5179378
5179678
5179708
5179878
5179953
5180104
5180176
5180245
5180257
5180371
5180650
5180692
5180743
5180871
5181610
5181620
5181672
5181912
5181961
5182008
5182014
5182338
5182478
5182576
5182606
5182613
5182772
5182801
5182954
5182973
5183033
5183042
5183117
5183121
5183124
5183258
5183469
5183834
5183858
5183902
5183992
5184132
5184157
5184358
5184505
5184587
5184666
5184929
5184930
5185050
5185270
5185271
5185489
5185544
5185646
5185910
5185942
5186009
5186174
5186301
5186362
5186407
5186523
5186980
5187002
5187094
5187137
5187294
5187326
5187444
5187531
5187706
5187757
5187790
5187879
5187985
5188053
5188146
5188268
5188432
5188657
5188664
5188748
5188808
5188935
5188973
5189026
5189037
5189058
5189138
5189258
5189331
5189336
5189530
5189583
5189630
5189683
5189696
5189832
5189842
5189936
5190067
5190184
5190185
5190378
5190453
5190464
5190669
5190747
5190801
5190861
5190960
5191258
5191284
5191337
5191374
5191397
5191492
5191922
5192009
5192025
5192100
5192232
5192365
5192421
5192482
5192519
5192577
5192600
5192707
5192741
5192855
5192858
5192915
5193017
5193154
5193178
5193249
5193258
5193526
5193581
5193662
5193707
5193742
5193838
5193888
5193922
5193927
5193974
5194015
5194058
5194113
5194120
5194174
5194199
5194243
5194376
5194482
5194563
5194711
5195131
5195171
5195212
5195254
5195544
5195935
5196018
5196063
5196158
5196201
5196282
5196324
5196381
5196562
5196614
5196843
5196863
5196886
5196934
5196959
5197034
5197096
5197128
5197258
5197499
5197628
5197809
5197865
5198005
5198079
5198527
5198557
5198637
5198692
5198921
5199028
5199049
5199245
5199285
5199374
5199530
5199910
5199969
5199992
5200010
5200228
5200234
5200487
5200630
5200646
5200660
5200679
5200865
5201002
5201303
5201396
5201442
5201472
5201578
5201662
5201949
5202011
5202070
5202094
5202210
5202237
5202275
5202280
5202314
5202367
5202510
5202540
5202542
5202569
5202636
5202649
5202807
5202876
5202894
5203057
5203289
5203625
5203659
5203688
5203772
5203780
5203954
5204287
5204442
5204547
5204580
5204731
5204824
5205141
5205389
5205422
5205543
5205607
5205651
5205666
5205863
5205874
5205896
5205899
5205961
5206122
5206200
5206305
5206551
5206664
5206670
5206682
5206904
5206949
5206955
5207277
5207306
5207468
5207491
5207507
5207508
5207688
5207758
5207779
5207848
5207948
5207974
5207975
5208017
5208143
5208211
5208644
5208722
5208833
5208860
5208915
5209007
5209100
5209108
5209246
5209285
5209309
5209399
5209403
5209474
5209788
5209989
5210006
5210505
5210637
5210909
5210957
5211024
5211168
5211203
5211276
5211317
5211355
5211425
5211639
5211693
5211761
5212040
5212043
5212258
5212353
5212643
5212745
5212784
5212838
5212871
5212898
5212928
5213195
5213216
5213222
5213281
5213337
5213387
5213397
5213522
5213542
5213636
5213665
5213765
5214223
5214228
5214287
5214340
5214351
5214383
5214457
5214477
5214484
5214569
5214594
5214633
5214763
5214791
5214828
5214900
5214914
5215109
5215216
5215275
5215304
5215397
5215477
5215535
5215542
5215662
5215882
5216033
5216092
5216179
5216186
5216605
5216653
5216695
5216787
5216863
5216915
5216965
5217217
5217225
5217344
5217400
5217409
5217575
5217595
5217599
5217749
5218019
5218151
5218197
5218205
5218367
5218416
5218479
5218487
5218535
5218570
5218689
5218945
5219107
5219148
5219166
5219189
5219258
5219336
5219393
5219406
5219419
5219621
5219672
5219779
5219977
5220262
5220408
5220474
5220480
5220618
5220727
5220761
5220872
5220882
5220992
5221025
5221085
5221351
5221536
5221545
5222096
5222352
5222437
5222441
5222513
5222695
5222917
5223105
5223169
5223184
5223417
5223433
5223714
5223809
5223811
5223892
5223977
5224016
5224048
5224220
5224230
5224294
5224314
5224378
5224479
5224696
5224943
5225057
5225347
5225349
5225481
5225526
5225641
5225807
5225910
5225993
5226015
5226075
5226093
5226102
5226126
5226159
5226173
5226839
5226939
5226950
5227261
5227328
5227335
5227389
5227410
5227531
5227664
5227695
5227720
5227752
5227854
5227870
5227878
5228000
5228005
5228045
5228257
5228273
5228283
5228305
5228407
5228438
5228650
5228726
5228760
5228876
5228902
5229136
5229204
5229431
5229529
5229731
5229759
5229769
5229785
5229967
5230023
5230063
5230093
5230211
5230363
5230410
5230435
5230461
5230495
5230529
5230534
5231321
5231341
5231345
5231456
5231560
5231562
5231815
5231962
5232246
5232286
5232310
5232456
5232527
5232589
5232610
5232620
5232634
5232646
5232651
5232682
5232724
5232785
5232838
5232893
5233774
5233802
5233819
5233846
5233885
5234106
5234120
5234254
5234327
5234408
5234578
5234607
5234672
5234704
5234790
5234824
5234833
5234946
5235086
5235092
5235311
5235338
5235368
5235385
5235408
5235440
5235467
5235531
5235555
5235802
5236039
5236161
5236167
5236326
5236357
5236372
5236762
5236888
5236924
5237113
5237330
5237363
5237384
5237443
5237492
5237611
5237620
5237674
5237719
5237747
5237792
5237825
5237849
5237990
5238016
5238173
5238380
5238506
5238508
5238526
5238601
5238726
5238773
5238826
5238838
5238843
5238913
5238997
5239061
5239391
5239405
5239441
5239650
5239678
5239859
5240288
5240339
5240368
5240671
5240906
5240913
5241003
5241096
5241256
5241297
5241357
5241542
5241705
5241708
5241750
5241884
5241946
5241969
5242022
5242181
5242203
5242232
5242299
5242557
5242567
5242875
5243275
5243501
5243548
5243637
5243683
5243691
5244264
5244575
5244702
5244806
5244828
5244894
5245024
5245110
5245463
5245578
5245639
5245733
5245735
5245753
5246066
5246174
5246354
5246470
5246485
5246623
5246830
5246854
5246981
5247026
5247174
5247673
5247684
5247713
5247834
5247944
5248047
5248621
5248650
5248651
5248911
5248922
5248954
5248984
5249025
5249110
5249405
5249530
5249548
5249960
5249999
5250018
5250195
5250224
5250306
5250385
5250468
5250607
5250879
5250946
5251075
5251124
5251227
5251431
5251441
5251510
5251525
5251539
5251626
5251879
5252015
5252062
5252134
5252222
5252223
5252285
5252369
5252470
5252524
5252530
5252537
5252627
5252817
5253006
5253043
5253109
5253457
5253528
5253650
5253716
5253744
5253947
5253981
5254083
5254198
5254288
5254291
5254384
5254402
5254450
5254453
5254483
5254488
5254518
5254601
5254741
5254828
5254838
5254871
5254872
5254989
5255003
5255096
5255352
5255638
5255642
5255789
5255791
5255795
5255845
5255956
5256161
5256199
5256438
5256463
5256482
5256556
5256890
5256930
5256992
5257132
5257165
5257190
5257221
5257292
5257463
5257514
5257631
5257685
5257695
5257734
5257953
5257955
5257967
5258048
5258074
5258079
5258152
5258215
5258247
5258503
5258514
5258772
5258777
5258806
5258986
5259001
5259232
5259233
5259356
5259401
5259591
5259593
5259739
5259884
5259911
5260020
5260319
5260335
5260503
5260591
5260679
5260696
5260786
5260866
5261035
5261044
5261059
5261082
5261415
5261465
5261555
5261616
5261632
5261664
5261826
5261943
5262031
5262096
5262144
5262234
5262297
5262541
5262632
5262649
5262769
5262886
5262919
5262923
5262932
5263050
5263053
5263202
5263287
5263326
5263378
5263495
5263501
5263794
5263801
5263895
5264000
5264161
5264210
5264225
5264293
5264388
5264565
5264612
5264843
5264959
5265209
5265434
5265629
5265904
5265911
5265940
5266012
5266311
5266330
5266401
5266448
5266486
5266537
5266549
5266630
5267145
5267228
5267324
5267378
5267395
5267430
5267454
5267541
5267553
5267950
5268224
5268270
5268273
5268303
5268426
5268490
5268574
5268579
5268604
5268771
5268781
5269035
5269093
5269228
5269267
5269284
5269479
5269505
5269544
5269587
5269952
5269976
5270157
5270423
5270497
5270869
5271032
5271102
5271120
5271130
5271403
5271598
5271825
5271833
5271838
5272012
5272014
5272037
5272038
5272335
5272336
5272585
5272586
5272659
5272748
5272886
5273013
5273015
5273104
5273228
5273528
5273851
5273994
5274054
5274064
5274189
5274209
5274512
5274555
5274615
5274627
5274669
5274766
5274888
5275068
5275215
5275246
5275322
5275507
5275644
5275711
5275739
5275826
5275937
5275972
5275986
5276068
5276137
5276177
5276240
5276284
5276424
5276469
5276495
5276555
5276582
5276722
5276778
5277192
5277201
5277410
5277427
5277511
5277548
5277562
5277776
5277781
5277836
5278015
5278037
5278279
5278714
5278873
5279022
5279183
5279210
5279359
5279381
5279418
5279531
5279603
5279702
5279738
5279831
5280031
5280331
5280356
5280372
5280588
5280811
5281077
5281232
5281272
5281321
5281380
5281435
5281544
5281563
5281634
5281742
5281812
5281819
5282091
5282227
5282302
5282505
5282522
5282827
5283100
5283161
5283169
5283223
5283356
5283539
5283585
5283916
5284035
5284040
5284544
5284723
5284888
5284972
5285073
5285445
5285570
5285576
5285584
5285611
5285623
5285800
5285846
5285851
5286061
5286471
5286482
5286521
5286533
5286578
5286588
5286710
5286747
5286790
5286954
5287073
5287091
5287299
5287324
5287423
5287460
5287678
5287751
5287835
5287988
5288012
5288077
5288180
5288188
5288219
5288400
5288577
5288963
5289106
5289204
5289318
5289331
5289590
5289819
5289904
5289913
5289975
5290280
5290332
5290464
5290495
5290638
5290822
5290953
5290996
5291071
5291094
5291235
5291338
5291385
5291618
5291619
5291794
5291799
5291817
5291925
5291926
5291976
5292292
5292333
5292341
5292385
5292423
5292472
5292494
5292845
5292939
5293212
5293259
5293610
5293636
5293669
5293899
5293901
5293931
5293979
5294016
5294022
5294160
5294193
5294264
5294331
5294451
5294788
5294819
5294923
5295211
5295273
5295406
5295463
5295557
5295740
5295749
5295785
5296029
5296223
5296376
5296721
5296888
5296966
5297024
5297073
5297082
5297094
5297262
5297381
5297674
5297853
5298303
5298322
5298350
5298520
5298762
5298786
5298795
5299035
5299086
5299288
5299765
5299812
5299951
5300064
5300111
5300259
5300302
5300345
5300362
5300416
5300445
5300543
5300639
5300913
5300978
5301029
5301030
5301061
5301091
5301239
5301406
5301431
5301441
5301688
5301787
5301790
5301808
5301876
5302129
5302160
5302222
5302366
5302510
5302627
5302632
5302655
5302709
5302740
5302821
5302857
5302948
5303016
5303078
5303107
5303143
5303203
5303258
5303618
5303639
5303703
5303898
5303930
5304036
5304041
5304154
5304294
5304525
5304573
5304580
5304667
5304889
5304901
5304957
5305066
5305096
5305130
5305179
5305196
5305200
5305213
5305294
5305370
5305569
5305630
5305659
5305759
5305764
5305892
5305915
5305944
5305964
5306059
5306502
5306682
5306707
5306882
5307189
5307279
5307288
5307358
5307428
5307556
5307613
5307645
5307723
5307726
5307805
5308033
5308143
5308180
5308183
5308190
5308382
5308442
5308545
5308772
5308910
5308924
5309301
5309361
5309385
5309530
5309658
5309659
5309796
5309798
5309820
5309832
5309945
5310004
5310229
5310245
5310271
5310492
5310498
5310532
5310561
5310982
5311248
5311461
5311514
5311628
5311647
5311682
5311858
5312100
5312160
5312396
5312434
5312602
5312608
5312637
5312692
5312708
5312772
5312829
5312979
5313328
5313353
5313373
5313383
5313525
5313642
5313738
5313758
5313853
5313883
5313914
5313929
5314007
5314075
5314844
5314894
5314934
5314971
5315057
5315135
5315163
5315265
5315276
5315404
5315428
5315549
5315557
5315761
5315788
5315916
5316089
5316091
5316098
5316278
5316334
5316357
5316562
5316690
5316712
5316747
5316950
5317054
5317124
5317241
5317306
5317360
5317433
5317434
5317450
5317765
5317803
5317804
5317906
5318010
5318040
5318117
5318184
5318255
5318282
5318532
5318544
5318713
5318720
5318806
5318841
5318899
5318901
5319061
5319347
5319447
5319500
5319606
5319616
5319782
5319850
5319888
5319916
5320116
5320140
5320286
5320879
5321053
5321178
5321292
5321325
5321395
5321470
5321554
5321559
5321605
5321665
5321699
5321914
5322278
5322287
5322545
5322575
5322728
5322790
5322807
5322877
5323132
5323156
5323274
5323296
5323376
5323608
5323702
5323750
5323792
5323868
5323897
5323945
5323984
5323988
5324002
5324032
5324047
5324069
5324124
5324126
5324160
5324650
5324701
5324704
5324723
5324773
5324793
5325041
5325335
5325559
5325635
5325701
5326103
5326184
5326278
5326416
5326702
5326787
5326840
5326907
5326947
5327059
5327107
5327115
5327222
5327229
5327306
5327414
5327620
5327664
5327975
5328041
5328307
5328392
5328403
5328460
5328540
5328741
5328751
5328867
5328944
5329098
5329228
5329242
5329417
5329513
5329769
5329920
5330230
5330281
5330313
5330400
5330770
5330830
5330895
5330955
5331020
5331060
5331091
5331147
5331203
5331349
5331381
5331476
5331518
5331563
5331716
5331732
5331765
5332008
5332254
5332319
5332506
5332640
5332643
5332657
5332789
5333203
5333308
5333403
5333493
5333803
5333812
5333834
5334061
5334268
5334295
5334301
5334342
5334400
5334431
5334546
5334600
5334947
5334997
5335005
5335094
5335169
5335184
5335186
5335227
5335268
5335815
5335820
5335944
5335996
5336113
5336123
5336194
5336281
5336503
5336760
5336813
5336866
5336885
5337135
5337250
5337271
5337290
5337409
5337734
5337765
5337828
5337974
5338112
5338532
5338743
5338793
5339108
5339180
5339266
5339370
5339413
5339571
5339778
5339808
5339847
5339855
5339878
5339915
5340049
5340065
5340079
5340147
5340253
5340289
5340384
5340512
5340631
5340785
5340799
5340842
5340849
5340871
5340952
5340983
5341073
5341139
5341250
5341548
5341556
5341832
5341916
5341948
5342076
5342149
5342208
5342219
5342252
5342564
5342728
5343093
5343204
5343290
5343575
5343650
5343769
5343929
5344047
5344163
5344469
5344531
5344540
5344568
5344617
5344672
5344676
5344855
5344856
5345038
5345256
5345431
5345454
5345694
5345735
5345741
5345764
5345967
5346113
5346158
5346189
5346617
5346634
5346637
5346644
5346688
5346733
5347039
5347182
5347190
5347381
5347463
5347476
5347685
5347712
5347715
5347992
5348066
5348075
5348283
5348335
5348889
5348981
5349034
5349380
5349518
5349555
5349565
5349877
5349954
5349973
5350206
5350220
5350316
5350327
5350354
5350367
5350413
5350444
5350660
5350795
5350811
5350866
5351092
5351268
5351372
5351561
5351693
5351705
5351781
5351903
5352293
5352313
5352364
5352369
5352483
5352515
5352564
5352593
5352699
5352762
5352982
5353005
5353255
5353360
5353527
5353571
5353624
5353673
5353865
5353876
5353908
5354067
5354241
5354282
5354366
5354424
5354444
5354596
5354606
5354794
5354928
5354995
5355127
5355162
5355313
5355316
5355341
5355401
5355408
5355413
5355544
5355819
5355946
5355965
5356132
5356151
5356201
5356205
5356219
5356340
5356374
5356389
5356605
5356748
5356889
5356931
5357229
5357240
5357242
5357243
5357265
5357357
5357379
5357513
5357568
5357646
5357653
5357657
5357665
5357689
5357738
5358181
5358211
5358290
5358337
5358625
5358628
5358701
5358756
5358979
5359120
5359146
5359221
5359232
5359473
5359481
5359632
5359650
5359671
5359728
5359899
5360056
5360115
5360170
5360227
5360294
5360396
5360447
5360590
5360633
5360739
5360783
5360810
5360811
5360957
5360964
5361147
5361157
5361272
5361399
5361571
5361607
5361758
5361793
5361826
5362046
5362126
5362174
5362226
5362242
5362274
5362493
5362532
5362640
5362716
5362719
5363072
5363158
5363163
5363191
5363202
5363317
5363359
5363402
5363493
5363569
5363727
5363836
5363884
5363949
5363991
5364047
5364160
5364293
5364323
5364411
5364445
5364506
5364576
5364657
5364759
5364794
5364799
5364830
5364848
5364985
5365061
5365162
5365319
5365652
5365793
5365882
5365978
5366022
5366039
5366052
5366085
5366337
5366418
5366594
5366676
5366709
5366858
5366865
5366867
5366952
5367049
5367140
5367147
5367199
5367350
5367384
5367417
5367494
5367620
5367621
5367876
5368048
5368300
5368439
5368640
5368709
5368975
5369080
5369138
5369199
5369239
5369264
5369307
5369351
5369404
5369440
5369560
5369643
5369670
5369723
5370110
5370127
5370151
5370333
5370366
5370659
5370746
5370850
5370937
5370976
5370980
5371047
5371156
5371304
5371339
5371348
5371452
5371520
5371540
5371654
5371660
5371669
5371749
5371755
5371799
5371840
5372033
5372064
5372066
5372126
5372158
5372329
5372365
5372435
5372437
5372499
5372500
5372578
5372622
5372848
5372872
5373004
5373125
5373192
5373209
5373216
5373280
5373317
5373422
5373503
5373857
5373918
5373956
5374007
5374017
5374140
5374142
5374250
5374378
5374448
5374492
5374522
5374617
5374706
5374753
5374930
5375054
5375125
5375169
5375214
5375503
5375509
5375513
5375640
5375706
5375731
5375791
5375798
5375942
5376007
5376036
5376038
5376114
5376144
5376385
5376423
5376490
5376568
5376619
5376637
5376671
5376706
5376801
5376808
5376889
5376897
5376900
5376940
5376993
5377073
5377143
5377531
5377666
5377732
5377875
5377945
5377946
5377963
5377987
5378128
5378184
5378594
5378689
5379048
5379103
5379149
5379268
5379342
5379424
5379429
5379463
5379474
5379509
5379514
5379702
5379709
5379732
5379867
5379868
5380143
5380227
5380236
5380339
5380354
5380390
5380429
5380600
5380641
5380739
5380888
5380919
5381025
5381096
5381126
5381156
5381184
5381270
5381462
5381533
5381550
5381652
5381741
5381985
5382086
5382250
5382347
5382489
5382648
5382654
5382929
5382950
5382972
5383220
5383236
5383277
5383356
5383442
5383479
5383487
5383506
5383627
5383645
5384026
5384369
5384424
5384429
5384438
5384613
5384622
5384674
5384696
5384739
5384795
5384807
5384831
5384956
5385148
5385189
5385234
5385308
5385396
5385430
5385877
5385974
5386017
5386166
5386463
5386483
5386492
5386706
5386836
5386864
5386968
5387100
5387138
5387414
5387493
5387621
5387859
5387876
5387886
5387914
5388039
5388157
5388299
5388334
5388425
5388431
5388446
5388492
5388497
5388939
5389033
5389136
5389182
5389326
5389340
5389382
5389678
5389699
5389752
5389968
5389984
5390138
5390283
5390302
5390370
5390406
5390429
5390453
5390732
5390789
5391124
5391285
5391404
5391974
5392076
5392149
5392226
5392288
5392545
5392695
5392735
5392918
5392963
5392993
5393461
5393753
5393757
5393920
5393921
5393992
5394044
5394118
5394323
5394484
5394567
5394569
5394660
5394766
5394829
5394860
5394902
5395178
5395382
5395440
5395557
5395626
5395717
5395745
5395772
5395774
5395804
5395843
5395941
5395995
5396039
5396168
5396173
5396194
5396217
5396230
5396305
5396396
5396419
5396427
5396474
5396496
5396602
5396665
5396710
5396907
5397064
5397117
5397162
5397183
5397278
5397618
5397751
5397760
5397892
5398116
5398138
5398188
5398328
5398498
5398507
5398528
5398912
5398941
5399101
5399296
5399457
5399467
5399544
5399619
5399642
5399648
5399676
5399703
5399789
5399815
5400050
5400106
5400193
5400239
5400252
5400269
5400525
5400615
5400715
5400744
5400776
5400942
5401085
5401100
5401235
5401333
5401462
5401686
5401697
5401888
5402288
5402451
5402667
5402696
5403069
5403084
5403157
5403226
5403314
5403536
5403561
5403606
5403625
5403680
5403886
5404050
5404139
5404164
5404262
5404413
5404707
5404792
5404850
5404891
5404922
5404948
5405242
5405343
5405419
5405569
5405778
5405839
5405853
5405951
5406015
5406031
5406072
5406133
5406221
5406269
5406324
5406341
5406360
5406444
5406676
5406778
5406815
5407118
5407271
5407321
5407356
5407373
5407448
5407624
5407658
5407870
5408143
5408167
5408229
5408304
5408469
5408472
5408505
5408550
5408592
5408662
5408698
5408711
5408741
5408871
5408978
5409052
5409332
5409442
5409746
5409825
5410210
5410293
5410314
5410595
5410982
5411077
5411195
5411209
5411776
5411834
5411939
5411999
5412222
5412251
5412330
5412383
5412444
5412482
5412551
5412573
5412759
5412833
5413094
5413118
5413194
5413196
5413198
5413204
5413216
5413220
5413221
5413349
5413518
5413525
5413620
5413640
5413664
5413691
5413719
5413720
5413777
5413934
5414066
5414076
5414185
5414241
5414244
5414274
5414277
5414371
5414413
5414742
5414869
5415010
5415515
5415686
5415690
5415715
5415747
5415803
5416051
5416142
5416279
5416455
5416616
5416661
5416675
5416692
5416778
5416901
5416968
5417281
5417384
5417440
5417492
5417564
5417729
5417791
5417855
5418044
5418206
5418273
5418318
5418354
5418382
5418387
5418402
5418457
5418564
5418889
5418936
5419028
5419043
5419309
5419379
5419421
5419560
5419588
5419744
5419747
5419936
5420100
5420294
5420301
5420320
5420352
5420577
5420659
5420687
5420863
5420934
5421032
5421172
5421242
5421256
5421260
5421276
5421371
5421517
5421533
5421743
5421773
5421783
5421907
5421976
5422015
5422052
5422249
5422262
5422439
5422534
5422541
5422544
5422663
5422674
5422908
5423060
5423088
5423167
5423373
5423414
5423551
5423566
5423586
5423634
5423698
5423780
5423816
5423821
5424067
5424321
5424417
5424476
5424574
5424589
5424650
5424670
5424709
5424723
5424896
5425131
5425211
5425250
5425355
5425471
5425778
5425779
5425820
5425946
5426063
5426400
5426559
5426605
5426717
5426738
5426773
5426836
5426892
5426913
5426952
5427110
5427192
5427337
5427550
5427980
5428033
5428072
5428134
5428303
5428734
5428745
5428764
5428861
5428919
5429077
5429135
5429229
5429232
5429290
5429336
5429396
5429492
5429495
5429596
5429619
5429831
5429891
5429935
5429944
5430006
5430008
5430076
5430103
5430257
5430275
5430328
5430463
5430572
5430853
5430906
5431182
5431223
5431233
5431318
5431331
5431560
5431566
5431664
5431786
5431841
5431882
5431946
5431983
5432017
5432543
5432673
5433071
5433167
5433369
5433875
5434371
5434470
5434540
5434567
5434660
5434739
5434843
5434941
5435024
5435127
5435245
5435283
5435422
5435425
5435508
5435540
5435832
5435930
5435975
5436055
5436196
5436378
5436421
5436555
5436591
5437011
5437072
5437103
5437207
5437463
5437613
5437761
5438193
5438342
5438436
5438471
5438528
5438575
5438820
5438840
5438861
5438869
5438925
5439093
5439117
5439195
5439259
5439307
5439343
5439470
5439471
5439628
5439664
5439759
5440006
5440100
5440230
5440283
5440306
5440546
5440561
5440774
5440807
5440832
5440840
5440943
5441009
5441049
5441088
5441146
5441217
5441315
5441761
5441914
5441988
5442067
5442103
5442132
5442146
5442185
5442241
5442353
5442429
5442433
5442457
5442459
5442559
5442637
5442853
5442963
5443037
5443058
5443321
5443422
5443454
5443492
5443594
5443941
5444247
5444259
5444267
5444414
5444426
5444432
5444441
5444522
5444582
5444752
5444909
5444970
5444980
5445013
5445086
5445244
5445335
5445422
5445572
5445791
5445840
5446032
5446132
5446233
5446284
5446370
5446425
5446430
5446473
5446582
5446672
5446792
5446890
5447428
5447484
5447660
5447814
5447964
5448169
5448283
5448430
5448586
5448596
5448705
5449027
5449037
5449596
5449844
5449979
5450136
5450208
5450324
5450534
5450622
5450683
5450711
5450844
5450867
5450992
5451010
5451071
5451176
5451210
5451382
5451687
5451769
5452082
5452217
5452424
5452440
5452590
5452785
5452832
5452930
5452935
5452972
5453173
5453318
5453350
5453426
5453433
5454109
5454207
5454212
5454293
5454311
5454315
5454327
5454438
5454444
5454467
5454591
5454836
5454866
5454894
5454918
5455076
5455135
5455454
5455474
5455634
5455706
5455722
5455799
5455972
5455993
5456051
5456075
5456223
5456227
5456436
5456651
5456719
5456722
5456862
5457003
5457141
5457272
5457449
5457450
5457472
5457476
5457520
5457737
5458188
5458249
5458259
5458302
5458357
5458551
5458616
5458749
5458929
5458938
5459087
5459171
5459256
5459434
5459728
5459835
5459839
5459870
5459880
5459913
5460048
5460208
5460289
5460612
5460699
5460709
5460770
5460944
5461031
5461235
5461406
5461593
5461822
5461852
5462031
5462064
5462073
5462120
5462127
5462246
5462255
5462358
5462405
5462448
5462607
5462654
5462682
5462769
5462939
5463031
5463291
5463613
5463635
5464008
5464024
5464058
5464086
5464089
5464210
5464271
5464405
5464531
5464561
5464782
5464822
5464893
5464970
5465020
5465205
5465402
5465406
5465458
5465649
5465655
5465767
5465833
5465889
5465897
5465937
5465968
5466017
5466264
5466266
5466396
5466400
5466533
5466692
5466842
5466880
5466883
5466994
5467023
5467078
5467186
5467222
5467281
5467356
5467463
5467627
5467716
5467748
5467903
5468109
5468248
5468515
5468677
5468795
5468796
5468846
5468859
5468907
5468908
5468980
5469014
5469050
5469119
5469120
5469188
5469232
5469259
5469375
5469512
5469556
5469588
5469592
5469850
5469952
5469965
5469995
5470011
5470022
5470251
5470261
5470438
5470508
5470509
5470553
5470555
5470670
5470706
5471034
5471108
5471196
5471332
5471468
5471499
5471590
5471782
5471814
5471831
5471893
5471990
5472201
5472316
5472441
5472738
5472794
5472872
5473120
5473180
5473356
5473518
5473549
5473593
5473694
5473884
5473913
5473918
5473926
5473930
5474075
5474338
5474374
5474399
5474447
5474513
5474580
5474612
5475069
5475273
5475296
5475377
5475383
5475517
5475520
5475567
5475691
5475806
5475832
5476037
5476085
5476669
5476708
5476769
5476889
5477170
5477246
5477413
5477774
5478024
5478087
5478128
5478233
5478315
5478321
5478399
5478441
5478510
5478591
5478705
5478805
5478848
5478905
5479029
5479245
5479493
5479600
5479614
5479715
5479726
5479762
5479968
5480002
5480067
5480075
5480092
5480097
5480142
5480334
5480337
5480472
5480497
5480563
5480669
5481165
5481363
5481395
5481399
5481437
5481567
5481627
5481653
5481677
5481682
5481823
5481850
5481960
5481989
5482109
5482131
5482254
5482263
5482325
5482491
5483060
5483188
5483271
5483313
5483324
5483380
5483456
5483562
5483589
5483795
5483970
5484043
5484048
5484066
5484082
5484331
5484333
5484443
5484474
5484609
5484940
5485069
5485289
5485389
5485409
5485801
5485818
5485893
5485999
5486242
5486497
5486668
5486761
5487058
5487124
5487169
5487268
5487324
5487456
5487622
5487631
5487648
5487658
5487665
5487694
5487716
5487732
5487764
5487803
5488001
5488025
5488091
5488523
5488547
5488569
5488627
5488650
5488672
5488852
5488921
5489157
5489362
5489509
5489518
5489654
5489722
5489746
5489924
5489988
5490139
5490203
5490445
5490541
5490630
5490794
5490864
5491002
5491052
5491114
5491125
5491175
5491198
5491230
5491289
5491423
5491521
5491629
5491763
5491819
5491844
5491958
5492066
5492105
5492112
5492169
5492185
5492256
5492362
5492367
5492377
5492388
5492421
5492469
5492500
5492580
5492735
5492766
5492824
5492924
5492963
5492998
5493142
5493151
5493207
5493461
5493491
5493549
5493816
5493884
5494025
5494100
5494377
5494438
5494633
5494639
5494676
5494717
5494925
5495036
5495204
5495320
5495341
5495382
5495874
5495887
5495991
5496131
5496264
5496379
5496399
5496657
5496688
5496747
5496892
5496976
5496993
5497119
5497182
5497257
5497326
5497442
5497477
5497547
5497568
5497685
5497713
5497755
5497756
5497758
5497840
5497961
5498259
5498281
5498369
5498569
5498598
5498604
5498610
5498667
5498797
5498821
5498946
5498959
5499003
5499106
5499111
5499168
5499169
5499206
5499222
5499272
5499297
5499395
5499465
5499467
5499619
5499931
5500109
5500277
5500359
5500452
5500483
5500518
5500544
5500604
5500718
5500752
5500890
5500924
5501038
5501091
5501214
5501310
5501405
5501548
5501583
5501696
5501730
5501755
5501969
5501987
5502088
5502121
5502353
5502486
5502557
5503029
5503032
5503218
5503402
5503422
5503987
5504438
5504465
5504576
5504670
5504730
5504863
5504900
5504977
5504979
5505230
5505287
5505299
5505504
5505618
5505715
5505779
5505833
5505904
5505921
5506063
5506081
5506118
5506174
5506176
5506215
5506369
5506432
5506442
5506767
5507216
5507247
5507269
5507291
5507321
5507449
5507790
5507835
5507846
5507870
5507937
5508015
5508020
5508527
5508607
5508711
5508733
5508882
5508940
5508963
5509086
5509331
5509692
5509695
5509740
5509997
5510239
5510380
5510502
5510598
5510898
5510922
5510925
5511052
5511220
5511424
5511594
5511711
5511810
5511885
5512077
5512131
5512184
5512314
5512335
5512376
5512387
5512415
5512449
5512493
5512781
5512882
5513147
5513151
5513159
5513297
5513312
5513362
5513410
5513425
5513606
5513654
5513699
5513738
5513853
5513945
5513962
5514013
5514115
5514237
5514298
5514410
5514417
5514500
5514676
5515017
5515101
5515198
5515328
5515543
5515560
5515800
5515926
5515992
5516062
5516331
5516395
5516451
5516543
5516611
5516830
5516846
5516881
5517042
5517245
5517286
5517512
5517691
5517883
5518039
5518504
5518619
5518634
5518690
5518709
5518725
5518776
5518866
5518887
5519070
5519107
5519166
5519258
5519370
5520088
5520205
5520283
5520427
5520832
5521202
5521326
5521328
5521634
5521828
5522081
5522326
5522947
5522968
5523023
5523202
5523472
5523544
5523649
5523752
5523816
5523916
5524012
5524184
5524222
5524227
5524250
5524461
5524481
5524500
5524509
5524540
5524543
5524789
5524899
5525134
5525223
5525254
5525365
5525389
5525452
5525685
5525702
5525832
5526040
5526199
5526237
5526244
5526772
5526799
5526817
5526818
5526866
5526890
5527255
5527260
5527500
5527553
5527693
5527931
5528135
5528159
5528183
5528202
5528230
5528345
5528347
5528357
5528371
5528495
5528546
5528564
5528634
5528792
5528835
5528997
5529258
5529492
5529924
5529972
5530043
5530194
5530256
5530275
5530519
5530541
5530700
5530801
5531133
5531182
5531293
5531455
5531488
5531625
5531671
5531710
5531717
5531753
5531885
5531891
5531905
5531936
5531987
5532041
5532106
5532306
5532337
5532500
5532613
5532688
5532821
5532932
5533150
5533187
5533348
5533439
5533591
5533613
5533638
5533643
5533930
5534086
5534099
5534221
5534227
5534468
5534556
5534671
5534739
5534752
5534784
5534822
5535080
5535093
5535152
5535165
5535309
5535463
5535614
5535795
5535803
5535857
5535964
5536063
5536089
5536100
5536394
5536591
5536605
5536607
5536636
5536788
5536856
5536912
5536990
5537308
5537331
5537677
5537689
5537784
5537976
5538038
5538054
5538074
5538094
5538120
5538320
5538452
5538458
5538859
5538982
5539027
5539032
5539168
5539355
5539379
5539410
5539431
5539453
5539653
5539664
5539805
5539837
5539891
5539953
5539968
5540252
5540402
5540427
5540504
5540652
5540684
5540690
5540763
5540810
5540893
5541198
5541354
5541381
5541407
5541421
5541424
5541621
5541804
5541830
5541962
5541983
5542047
5542086
5542159
5542262
5542336
5542417
5542502
5542613
5542636
5542664
5542933
5543184
5543319
5543511
5543523
5543619
5543670
5543686
5543836
5543941
5544044
5544094
5544101
5544164
5544187
5544226
5544234
5544345
5544403
5544568
5544571
5544758
5544773
5544787
5544905
5544990
5545057
5545092
5545110
5545118
5545135
5545356
5545371
5545427
5545473
5545607
5545823
5545917
5545923
5545956
5546311
5546407
5546440
5546485
5546545
5546608
5546609
5546744
5546981
5547161
5547204
5547267
5547287
5547574
5547591
5547696
5547750
5547958
5548210
5548242
5548319
5548520
5548553
5548747
5548896
5548917
5548965
5548991
5549070
5549075
5549355
5549469
5549505
5549757
5549843
5549850
5550299
5550308
5550320
5550325
5550485
5550692
5550713
5550720
5550757
5550773
5551268
5551272
5551467
5551477
5551480
5551494
5551591
5551676
5551764
5551876
5551912
5551924
5552092
5552150
5552550
5552571
5552769
5552870
5553066
5553084
5553158
5553502
5553662
5553760
5553761
5553847
5553967
5554077
5554087
5554130
5554277
5554374
5554388
5554418
5554474
5554797
5554845
5554991
5555039
5555099
5555122
5555210
5555250
5555400
5555491
5555523
5555557
5555698
5555770
5555772
5555966
5556084
5556214
5556323
5556541
5556614
5556792
5556810
5556834
5556840
5556958
5556977
5557043
5557074
5557208
5557247
5557278
5557607
5557772
5557792
5557798
5557856
5557897
5557966
5558087
5558135
5558372
5558397
5558419
5558548
5558579
5558596
5558780
5558875
5559242
5559269
5559277
5559326
5559588
5559653
5559713
5559959
5559996
5560010
5560094
5560158
5560191
5560231
5560248
5560390
5560403
5560417
5560834
5560848
5560856
5561028
5561156
5561358
5561508
5561525
5561547
5561584
5561590
5561607
5561682
5561686
5561791
5561834
5561881
5561896
5561900
5562052
5562395
5562413
5562426
5562476
5562484
5562506
5562543
5562644
5562703
5563023
5563269
5563298
5563690
5563821
5564008
5564326
5564342
5564426
5564722
5564745
5564790
5564892
5564983
5565260
5565326
5565483
5565503
5565572
5565582
5565603
5565693
5565725
5565835
5565925
5565947
5565956
5566188
5566196
5566432
5566514
5566718
5566882
5566909
5566912
5566933
5566969
5567059
5567096
5567363
5567489
5567631
5567633
5567738
5567769
5567896
5567967
5567970
5568060
5568081
5568146
5568384
5568394
5568399
5568559
5568772
5568799
5568923
5569203
5569263
5569331
5569576
5569590
5569801
5569820
5569946
5570043
5570296
5570319
5570430
5570598
5570713
5570816
5570895
5570925
5570985
5571003
5571308
5571382
5571507
5571605
5571837
5571883
5571945
5572108
5572238
5572260
5572345
5572358
5572372
5572641
5572947
5572975
5573051
5573147
5573197
5573240
5573679
5574014
5574033
5574040
5574204
5574307
5574483
5574549
5574562
5574564
5574849
5574855
5574903
5574964
5574981
5575263
5575333
5575388
5575435
5575521
5575585
5575607
5575742
5575868
5575904
5576297
5576347
5576395
5576567
5576680
5576743
5576820
5577016
5577035
5577341
5577353
5577416
5577582
5577597
5577695
5577953
5577986
5578007
5578049
5578127
5578207
5578358
5578686
5578724
5578730
5578732
5578736
5578822
5578848
5578942
5579361
5579537
5579838
5580192
5580259
5580456
5580458
5580507
5580558
5580596
5580794
5580881
5581020
5581192
5581262
5581269
5581697
5581701
5581778
5582025
5582152
5582253
5582401
5582461
5582751
5582817
5582889
5582975
5583018
5583019
5583198
5583476
5583525
5583640
5583700
5583896
5583933
5583965
5584095
5584119
5584135
5584181
5584255
5584506
5584570
5584573
5584654
5584673
5584698
5584798
5584806
5584843
5585036
5585073
5585083
5585147
5585238
5585274
5585316
5585327
5585409
5585451
5585537
5585660
5585789
5585801
5585848
5585851
5585868
5585969
5586112
5586192
5586214
5586260
5586283
5586883
5587015
5587097
5587167
5587170
5587247
5587324
5587327
5587460
5587495
5587573
5587693
5587734
5587964
5588030
5588118
5588232
5588362
5588365
5588369
5588583
5588986
5589238
5589274
5589281
5589286
5589355
5589365
5589426
5589859
5590116
5590165
5590261
5590623
5590741
5590778
5590960
5591027
5591048
5591117
5591164
5591239
5591274
5591284
5591472
5591559
5591646
5591674
5591834
5591855
5591955
5591962
5591986
5592018
5592155
5592297
5592366
5592417
5592513
5592537
5592567
5592886
5592938
5593021
5593023
5593573
5593620
5593903
5593952
5594013
5594158
5594190
5594260
5594589
5594616
5594923
5595038
5595082
5595090
5595160
5595204
5595284
5595355
5595492
5595626
5595636
5595741
5595844
5595896
5595931
5596019
5596049
5596150
5596196
5596259
5596369
5596408
5596462
5596623
5596685
5596864
5596982
5597078
5597133
5597445
5597610
5597615
5597622
5597624
5597721
5597787
5597927
5598026
5598032
5598102
5598171
5598455
5598537
5598714
5598928
5598972
5599059
5599209
5599219
5599221
5599274
5599325
5599357
5599435
5599438
5599510
5599527
5599609
5599618
5599952
5599985
5599997
5600068
5600089
5600104
5600208
5600260
5600282
5600350
5600461
5600667
5600978
5601073
5601074
5601106
5601298
5601611
5602206
5602449
5602520
5602645
5602651
5602687
5602776
5602886
5602996
5603145
5603240
5603296
5603345
5603464
5603589
5603625
5603722
5603893
5604046
5604276
5604359
5604409
5604411
5604498
5604510
5604644
5604787
5604835
5604908
5604979
5604982
5605094
5605104
5605210
5605238
5605273
5605285
5605322
5605343
5605531
5605605
5606074
5606348
5606367
5606514
5606690
5606720
5606737
5606909
5607190
5607301
5607333
5607448
5607460
5607500
5607610
5607658
5607731
5607770
5607853
5608076
5608198
5608268
5608323
5608326
5608364
5608533
5608630
5608665
5608736
5608828
5608829
5609009
5609088
5609093
5609114
5609198
5609372
5609489
5609575
5609600
5609610
5609630
5609721
5609836
5609862
5610033
5610127
5610436
5610551
5610612
5610772
5611004
5611124
5611410
5611453
5611691
5611707
5611739
5611860
5612175
5612339
5612357
5612499
5612670
5612874
5612909
5612922
5613235
5613245
5613319
5613463
5613564
5613697
5613782
5613796
5613805
5613809
5613895
5614103
5614157
5614312
5614317
5614414
5614484
5614493
5614592
5614605
5614760
5614873
5614911
5614950
5615147
5615236
5615257
5615299
5615431
5615505
5615543
5615719
5615773
5615829
5615855
5615913
5615941
5615999
5616376
5616414
5616490
5616568
5616655
5616777
5617119
5617151
5617696
5617699
5617751
5617814
5617822
5617936
5617954
5618073
5618205
5618261
5618466
5618636
5618685
5618742
5618853
5619187
5619291
5619361
5619469
5619472
5619474
5619513
5619594
5619686
5619820
5619839
5619891
5619976
5620001
5620128
5620165
5620182
5620341
5620527
5620552
5620553
5620558
5620658
5620938
5621000
5621073
5621176
5621223
5621269
5621279
5621341
5621350
5621432
5621475
5621751
5621876
5622093
5622132
5622207
5622329
5622406
5622424
5622443
5622508
5622669
5622867
5622871
5622902
5622911
5622937
5622956
5623237
5623297
5623525
5623576
5623607
5623711
5623897
5623999
5624077
5624133
5624200
5624353
5624404
5624412
5624421
5624437
5624695
5624727
5624867
5624922
5625078
5625161
5625163
5625183
5625197
5625209
5625238
5625394
5625410
5625668
5625864
5625935
5625979
5626024
5626151
5626207
5626518
5626809
5626848
5626914
5627064
5627334
5627358
5627359
5627393
5627478
5627506
5627597
5627605
5627692
5627846
5628112
5628142
5628153
5628171
5628192
5628280
5628566
5628619
5628763
5628815
5628818
5629014
5629100
5629266
5629344
5629556
5629822
5629899
5629939
5629980
5630062
5630115
5630212
5630421
5630508
5630516
5630539
5630675
5630864
5630871
5630978
5631010
5631019
5631152
5631198
5631223
5631282
5631448
5631680
5631731
5631831
5631889
5632022
5632365
5632834
5632890
5632926
5632941
5632977
5633165
5633270
5633294
5633387
5633415
5633717
5633829
5633895
5634074
5634235
5634267
5634586
5634654
5634758
5634922
5635054
5635087
5635276
5635321
5635435
5635470
5635492
5635504
5635525
5635712
5635820
5635841
5636289
5636435
5636552
5636572
5636598
5636677
5636767
5636947
5637085
5637087
5637282
5637315
5637323
5637581
5637595
5637599
5637865
5637955
5637962
5638010
5638205
5638413
5638442
5638486
5638633
5638638
5638693
5638906
5639011
5639212
5639259
5639317
5639627
5639687
5639831
5639966
5640128
5640195
5640267
5640277
5640560
5640603
5640699
5640704
5640789
5640806
5640839
5640877
5640884
5640972
5641082
5641149
5641378
5641380
5641554
5641575
5641778
5641815
5641816
5641903
5641936
5641950
5641964
5642061
5642174
5642583
5642622
5642657
5642710
5642825
5642855
5642917
5642932
5642939
5643124
5643140
5643173
5643204
5643235
5643287
5643410
5643418
5643687
5643721
5643798
5643935
5644013
5644283
5644340
5644374
5644687
5644759
5645055
5645125
5645142
5645229
5645275
5645500
5645656
5645816
5645900
5646180
5646262
5646375
5646491
5646515
5646529
5646557
5646726
5646802
5646803
5646903
5647113
5647119
5647155
5647332
5647364
5647442
5647626
5647696
5647749
5647758
5647804
5647850
5647855
5647890
5647937
5647948
5647996
5647998
5648084
5648091
5648123
5648226
5648295
5648322
5648387
5648416
5648461
5648521
5648750
5649263
5649278
5649498
5649505
5649550
5649700
5649720
5649738
5649968
5649998
5650003
5650099
5650131
5650270
5650319
5650379
5650405
5650572
5650705
5650746
5650756
5650805
5650849
5650906
5650964
5651049
5651129
5651130
5651204
5651210
5651298
5651425
5651430
5651446
5651928
5651960
5652000
5652072
5652088
5652152
5652238
5652263
5652268
5652281
5652468
5652671
5652938
5653240
5653251
5653851
5653942
5653954
5654177
5654233
5654424
5654583
5654777
5654935
5655184
5655346
5655423
5655484
5655554
5655764
5655803
5655862
5655864
5655871
5655878
5656119
5656129
5656189
5656516
5656532
5656557
5656584
5656726
5656804
5656858
5656876
5656890
5656938
5657060
5657548
5657553
5657576
5657853
5657931
5658004
5658193
5658278
5658293
5658647
5658653
5658678
5658708
5658752
5658905
5658936
5658969
5658995
5659105
5659171
5659176
5659210
5659230
5659350
5659360
5659517
5659575
5659678
5659750
5659752
5659799
5659807
5659917
5660014
5660164
5660327
5660342
5660363
5660436
5660462
5660471
5660550
5660577
5660698
5660728
5660743
5660786
5660802
5660977
5661202
5661219
5661239
5661631
5661636
5661654
5661668
5661694
5661773
5661819
5662150
5662173
5662319
5662421
5662471
5662526
5662547
5662609
5662811
5662853
5662878
5663011
5663037
5663171
5663203
5663290
5663342
5663356
5663388
5663627
5663891
5663911
5663942
5664059
5664086
5664115
5664194
5664306
5664316
5664429
5664574
5664736
5664744
5664747
5665078
5665136
5665244
5665355
5665383
5665552
5665576
5665617
5665795
5665977
5666017
5666079
5666248
5666524
5666591
5666825
5666886
5667190
5667365
5667733
5667867
5667933
5668029
5668097
5668130
5668142
5668184
5668205
5668213
5668238
5668452
5668492
5668655
5668656
5668818
5668862
5669364
5669426
5669464
5669544
5669584
5669621
5669639
5669643
5669692
5669795
5669869
5669925
5670004
5670070
5670100
5670157
5670159
5670345
5670781
5670844
5670876
5670999
5671065
5671189
5671268
5671312
5671392
5671458
5671547
5671770
5671902
5671905
5671925
5672021
5672114
5672134
5672261
5672365
5672372
5672466
5672836
5672932
5672960
5673024
5673177
5673246
5673350
5673473
5674026
5674186
5674324
5674401
5674677
5674910
5674920
5674932
5675015
5675127
5675376
5675439
5675569
5675645
5675656
5675742
5675783
5675793
5675914
5676054
5676162
5676184
5676201
5676257
5676410
5676469
5676494
5676858
5676941
5677037
5677055
5677118
5677129
5677180
5677240
5677306
5677452
5677474
5677560
5677718
5677780
5677938
5677939
5677965
5677969
5677980
5678044
5678109
5678179
5678211
5678253
5678388
5678470
5678526
5678605
5678674
5678849
5679143
5679255
5679280
5679526
5679583
5679745
5679866
5679880
5680022
5680114
5680184
5680258
5680438
5680499
5680573
5680714
5680916
5681113
5681166
5681256
5681296
5681731
5681860
5682181
5682317
5682346
5682366
5682552
5682594
5682644
5682698
5682752
5682797
5682840
5682872
5682974
5682985
5683034
5683046
5683095
5683161
5683361
5683413
5683480
5683712
5683777
5684251
5684445
5684601
5684714
5684715
5684764
5684788
5684861
5684892
5684926
5685165
5685244
5685312
5685375
5685447
5685603
5685708
5685858
5685929
5686039
5686081
5686104
5686328
5686461
5686594
5686716
5686779
5686835
5686874
5686912
5686921
5687145
5687221
5687320
5687440
5687491
5687496
5687506
5687823
5687847
5687858
5687946
5688090
5688369
5688673
5688698
5688767
5688883
5688907
5689087
5689206
5689319
5689354
5689434
5689470
5689718
5689807
5689889
5690030
5690033
5690043
5690305
5690441
5690707
5690811
5690813
5690837
5690937
5691025
5691073
5691144
5691188
5691767
5691980
5692259
5692308
5692336
5692342
5692359
5692538
5692553
5692559
5692692
5692909
5693071
5693095
5693407
5693502
5693507
5693564
5694116
5694220
5694507
5694761
5695030
5695036
5695120
5695201
5695216
5695256
5695278
5695502
5695515
5695576
5695606
5695714
5695808
5695853
5695947
5696087
5696434
5696472
5696526
5696574
5696580
5696598
5696694
5696715
5696867
5696901
5697070
5697241
5697277
5697301
5697318
5697547
5697615
5697676
5697818
5697928
5697978
5698137
5698254
5698389
5698496
5698561
5698706
5698813
5698851
5699310
5699359
5699489
5699558
5699648
5699757
5699859
5699933
5700018
5700102
5700176
5700187
5700210
5700324
5700339
5700506
5700634
5700649
5700766
5700785
5700790
5700985
5701061
5701191
5701201
5701208
5701271
5701311
5701478
5701595
5701752
5701944
5702020
5702058
5702153
5702160
5702260
5702332
5702336
5702498
5702653
5702797
5702848
5702856
5703062
5703075
5703086
5703091
5703097
5703186
5703266
5703295
5703482
5703524
5703575
5703681
5703749
5703792
5703894
5703940
5704039
5704104
5704492
5704686
5705019
5705121
5705127
5705306
5705375
5705386
5705434
5705773
5705774
5706026
5706088
5706091
5706197
5706240
5706296
5706466
5706556
5706561
5707004
5707197
5707286
5707288
5707305
5707318
5707342
5707375
5707387
5707484
5707521
5707556
5707655
5707702
5707847
5707938
5707994
5708160
5708243
5708456
5708591
5708676
5708702
5708769
5708797
5708870
5708912
5709023
5709034
5709049
5709174
5709243
5709440
5709506
5709518
5709692
5709750
5709813
5709818
5709840
5709938
5710048
5710342
5710372
5710436
5710519
5710582
5710639
5710690
5710715
5710744
5711057
5711121
5711286
5711662
5711805
5711891
5711907
5712069
5712098
5712260
5712311
5712412
5712816
5712843
5712856
5712894
5712910
5712992
5713202
5713222
5713229
5713381
5713482
5713652
5713819
5713841
5713848
5713849
5714198
5714239
5714252
5714507
5714607
5714766
5714772
5714864
5714939
5715036
5715150
5715172
5715202
5715319
5715333
5715580
5715585
5715751
5715879
5715920
5715950
5716053
5716097
5716143
5716146
5716160
5716187
5716235
5716435
5716553
5716575
5716959
5716988
5717009
5717121
5717428
5717581
5717647
5717708
5717914
5718131
5718280
5718407
5718433
5718530
5718584
5718874
5719038
5719060
5719167
5719217
5719285
5719439
5719673
5719824
5719851
5720037
5720087
5720097
5720210
5720215
5720267
5720371
5720567
5720722
5720745
5720892
5720894
5721032
5721155
5721164
5721182
5721313
5721419
5721425
5721456
5721470
5721861
5722127
5722305
5722379
5722662
5722694
5722997
5723014
5723047
5723099
5723129
5723292
5723417
5723737
5723871
5723907
5723981
5724266
5724357
5724813
5724909
5724961
5725051
5725110
5725334
5725513
5725629
5725632
5725673
5725685
5725780
5725800
5725882
5726001
5726190
5726400
5726580
5726640
5726730
5726860
5727019
5727022
5727097
5727173
5727358
5727360
5727598
5727630
5727632
5727714
5727732
5727763
5727764
5727967
5727998
5728028
5728085
5728280
5728364
5728458
5728478
5728622
5728665
5728769
5728773
5728935
5728958
5729127
5729194
5729237
5729398
5729452
5729748
5729905
5730101
5730134
5730147
5730184
5730234
5730239
5730278
5730290
5730402
5730504
5730538
5730611
5730623
5730706
5730804
5730823
5730956
5731063
5731099
5731158
5731197
5731227
5731330
5731429
5731439
5731484
5731597
5731625
5731686
5731933
5731958
5731960
5732009
5732144
5732148
5732311
5732482
5732615
5732648
5732692
5733030
5733093
5733098
5733210
5733261
5733317
5733527
5733552
5734220
5734553
5734590
5735032
5735069
5735171
5735309
5735493
5735618
5735840
5736000
5736031
5736093
5736345
5736389
5736455
5736526
5736629
5736808
5736979
5737077
5737270
5737688
5737908
5737942
5738129
5738161
5738186
5738192
5738239
5738354
5738358
5738483
5738494
5738565
5738706
5738909
5738949
5739126
5739149
5739427
5739496
5739505
5739511
5739594
5739873
5739966
5740173
5740204
5740329
5740356
5740571
5740668
5740679
5740752
5740763
5740847
5740877
5741053
5741177
5741274
5741463
5741514
5741524
5741846
5741868
5742222
5742335
5742471
5742517
5742609
5742652
5742665
5742830
5742901
5743039
5743197
5743245
5743294
5743774
5743965
5744099
5744174
5744306
5744356
5744616
5744617
5744686
5744913
5745045
5745050
5745078
5745238
5745242
5745408
5745716
5746006
5746072
5746171
5746178
5746284
5746303
5746390
5746547
5746718
5746964
5747100
5747172
5747840
5747852
5747860
5747929
5748005
5748021
5748022
5748029
5748079
5748080
5748163
5748291
5748327
5748402
5748465
5748518
5748566
5748605
5748707
5748776
5748798
5748995
5749017
5749046
5749069
5749329
5749403
5749416
5749638
5749846
5749870
5749933
5749973
5750028
5750102
5750174
5750184
5750207
5750452
5750581
5750590
5750667
5750959
5750970
5751009
5751098
5751103
5751144
5751174
5751404
5751717
5751725
5751800
5752034
5752035
5752060
5752094
5752137
5752140
5752216
5752251
5752356
5752446
5752576
5752602
5752719
5752873
5752912
5753078
5753560
5753647
5753648
5753652
5753656
5753714
5753744
5753751
5753758
5753806
5753964
5754000
5754155
5754456
5754925
5754960
5755248
5755396
5755582
5755703
5755731
5755884
5755892
5756152
5756203
5756322
5756385
5756463
5756521
5756649
5756687
5756692
5756698
5756708
5756902
5757060
5757197
5757387
5757430
5757581
5757757
5758102
5758323
5758373
5758400
5758546
5758647
5758754
5758796
5758906
5758925
5758942
5758968
5759052
5759089
5759109
5759137
5759189
5759199
5759204
5759222
5759401
5759440
5759537
5759540
5759562
5759733
5759813
5760038
5760065
5760081
5760254
5760468
5760621
5760654
5760669
5760699
5760723
5760768
5760858
5761018
5761193
5761371
5761384
5761592
5761660
5761775
5761812
5761825
5761929
5762197
5762463
5762666
5762804
5762918
5763058
5763075
5763175
5763313
5763353
5763400
5763526
5763740
5763742
5763748
5763874
5763888
5763891
5763992
5764200
5764217
5764248
5764262
5764267
5764478
5764533
5764638
5764698
5764699
5764913
5765079
5765086
5765230
5765420
5765610
5765619
5765621
5765636
5765677
5765842
5765873
5765942
5766532
5766785
5766993
5766997
5767292
5767507
5767670
5767836
5767837
5767856
5767862
5768067
5768167
5768275
5768277
5768326
5768329
5768389
5768490
5768589
5768711
5768735
5768795
5768801
5768873
5769167
5769204
5769431
5769483
5769714
5769857
5769926
5769927
5770245
5770327
5770456
5770619
5770624
5770826
5770848
5770985
5771074
5771143
5771216
5771262
5771537
5771698
5771909
5771933
5771934
5771986
5772196
5772242
5772247
5772430
5772440
5772531
5772542
5772586
5772800
5772847
5773083
5773230
5773327
5773365
5773384
5773450
5773480
5773521
5773662
5773715
5773923
5773984
5774002
5774032
5774255
5774307
5774459
5774600
5774724
5774930
5774944
5775091
5775107
5775328
5775350
5775461
5775539
5775594
5775756
5775792
5775801
5775808
5775856
5775866
5775975
5776043
5776060
5776103
5776291
5776511
5776520
5776541
5776616
5776618
5776707
5776712
5776978
5777230
5777254
5777256
5777282
5777340
5777594
5777704
5777790
5777863
5777920
5777952
5777972
5778007
5778158
5778321
5778506
5778649
5778718
5778757
5778881
5779049
5779170
5779292
5779299
5779320
5779425
5779448
5779479
5779911
5779930
5779998
5780008
5780009
5780089
5780160
5780168
5780177
5780235
5780320
5780464
5780595
5780597
5780645
5780767
5780919
5780965
5781086
5781144
5781442
5781645
5781659
5781665
5781799
5781924
5781943
5782010
5782090
5782448
5782524
5782711
5782729
5782819
5782839
5782930
5783026
5783115
5783305
5783317
5783347
5783398
5783538
5783772
5783787
5783796
5783989
5784096
5784289
5784521
5784787
5784803
5784825
5784863
5784940
5785034
5785075
5785176
5785398
5785543
5785556
5785604
5785640
5785697
5785702
5785741
5785826
5786041
5786069
5786275
5786391
5786422
5786686
5786800
5786933
5786999
5787172
5787240
5787298
5787363
5787406
5787425
5787435
5787480
5787556
5787592
5787704
5787814
5788035
5788118
5788166
5788206
5788258
5788441
5788512
5788681
5788686
5788746
5788748
5788983
5788994
5789156
5789409
5789576
5789620
5789641
5789663
5789759
5789818
5790218
5790398
5790539
5790593
5790808
5790843
5790854
5791039
5791040
5791229
5791350
5791413
5791517
5791565
5791615
5791685
5791709
5791940
5791998
5792034
5792038
5792090
5792100
5792145
5792299
5792344
5792490
5792546
5792550
5792632
5792919
5793014
5793047
5793064
5793159
5793172
5793356
5793382
5793395
5793476
5793593
5793696
5793850
5794019
5794047
5794100
5794172
5794239
5794240
5794346
5794356
5794437
5794448
5794463
5794620
5794654
5794684
5794791
5794800
5794845
5794938
5794950
5795290
5795611
5795701
5795707
5796177
5796396
5796492
5796597
5796660
5796972
5797054
5797155
5797166
5797424
5797587
5797629
5797632
5797931
5797967
5798183
5798417
5798483
5798616
5798652
5798678
5798732
5798738
5798927
5799204
5799250
5799260
5799536
5799652
5799667
5799781
5799786
5800202
5800206
5800276
5800318
5800386
5800651
5800654
5800713
5801015
5801103
5801128
5801169
5801434
5801436
5801478
5801577
5801971
5801976
5802008
5802014
5802206
5802325
5802559
5802595
5802619
5802621
5802696
5802768
5803023
5803214
5803583
5803610
5803886
5803924
5804104
5804317
5804775
5804907
5805039
5805112
5805303
5805688
5805871
5805894
5806319
5806407
5806423
5806434
5806593
5806613
5806635
5806697
5806731
5807029
5807241
5807290
5807596
5807691
5807734
5807778
5807792
5807952
5808136
5808201
5808409
5808468
5808512
5808544
5808609
5808878
5808928
5809014
5809136
5809223
5809230
5809368
5809518
5809536
5809563
5809608
5809729
5809810
5809907
5810206
5810230
5810325
5810441
5810442
5810724
5810803
5810870
5810876
5811015
5811045
5811062
5811178
5811274
5811481
5811490
5811532
5811566
5811609
5811782
5811821
5811916
5812025
5812098
5812234
5812334
5812454
5812627
5812640
5812672
5812825
5813088
5813357
5813390
5813462
5813582
5813673
5813727
5813738
5814062
5814072
5814120
5814121
5814423
5814442
5814507
5814614
5814817
5814894
5815175
5815525
5815577
5815579
5815610
5815702
5815728
5815820
5815832
5815916
5816080
5816153
5816209
5816233
5816305
5816315
5816392
5816664
5816746
5816935
5816943
5816951
5816980
5816998
5817146
5817266
5817386
5817540
5817661
5817736
5817816
5817992
5818001
5818033
5818042
5818065
5818132
5818274
5818395
5818508
5818558
5818667
5818682
5818799
5818944
5819022
5819164
5819229
5819330
5819361
5819382
5819465
5819805
5820005
5820377
5820448
5820694
5820871
5821001
5821014
5821077
5821259
5821441
5821444
5821448
5821465
5821657
5821766
5821861
5821956
5822087
5822105
5822185
5822202
5822209
5822458
5822537
5822636
5822641
5822741
5823084
5823192
5823313
5823356
5823548
5823594
5823651
5823746
5823755
5824003
5824051
5824117
5824317
5824363
5824399
5824400
5824483
5824517
5824539
5824540
5824562
5824594
5824903
5825112
5825165
5825189
5825265
5825310
5825338
5825343
5825384
5826000
5826095
5826342
5826541
5826583
5826621
5826709
5826801
5827003
5827007
5827024
5827112
5827267
5827355
5827390
5827492
5827959
5827975
5828037
5828339
5828374
5828645
5828685
5828807
5828829
5828996
5829027
5829211
5829413
5829443
5829507
5829664
5829790
5830019
5830150
5830158
5830197
5830223
5830521
5830566
5830800
5830805
5830831
5830897
5830906
5830972
5831052
5831067
5831400
5831671
5831784
5831812
5831873
5831981
5832076
5832097
5832167
5832313
5832315
5832327
5832443
5832460
5832474
5832575
5832785
5832845
5833015
5833151
5833165
5833312
5833367
5833407
5833547
5833773
5833862
5834105
5834121
5834237
5834494
5834497
5834610
5834738
5834790
5834837
5834856
5834893
5835001
5835191
5835332
5835590
5835711
5835719
5835728
5835836
5836014
5836055
5836076
5836135
5836177
5836228
5836248
5836258
5836386
5836472
5836482
5836708
5836911
5836938
5837016
5837112
5837181
5837206
5837300
5837357
5837374
5837406
5837445
5837553
5837817
5837882
5838089
5838149
5838196
5838230
5838263
5838294
5838363
5838394
5838731
5838732
5838738
5838757
5838913
5838955
5839010
5839083
5839429
5839461
5839474
5839494
5839505
5839660
5839683
5839862
5839902
5839906
5840068
5840069
5840105
5840302
5840880
5841005
5841060
5841082
5841450
5841499
5841735
5841779
5841828
5841991
5841992
5842088
5842330
5842427
5842443
5842499
5842538
5842624
5842681
5842763
5842862
5842914
5843101
5843195
5843239
5843470
5843509
5843618
5843624
5843636
5843777
5843985
5844074
5844207
5844222
5844338
5844361
5844428
5844494
5844711
5844876
5844936
5844941
5844967
5845131
5845309
5845639
5845789
5845817
5845944
5846010
5846066
5846155
5846412
5846764
5846791
5846890
5847081
5847131
5847154
5847188
5847354
5847391
5847516
5847533
5847755
5847756
5847893
5848050
5848151
5848179
5848260
5848413
5848435
5848532
5848616
5848796
5848871
5849049
5849348
5849358
5849360
5849436
5849505
5849647
5849651
5849862
5849873
5849893
5849895
5849932
5850079
5850152
5850278
5850369
5850405
5851164
5851527
5851561
5851655
5851727
5851866
5851872
5851946
5852017
5852022
5852111
5852176
5852464
5852648
5852696
5852737
5852757
5852886
5853075
5853124
5853147
5853181
5853208
5853335
5853390
5853401
5853574
5853690
5853789
5854013
5854133
5854169
5854207
5854262
5854419
5854509
5854544
5854557
5854678
5854810
5855070
5855180
5855396
5855581
5855653
5855729
5855917
5855981
5856019
5856153
5856154
5856249
5856506
5856525
5856763
5856884
5857017
5857037
5857075
5857113
5857160
5857170
5857295
5857695
5857726
5857796
5858186
5858284
5858319
5858615
5858712
5858971
5859051
5859125
5859157
5859498
5859558
5859640
5859744
5859883
5860108
5860162
5860223
5860268
5860272
5860345
5860431
5860498
5860566
5860633
5860744
5860757
5860806
5860874
5860977
5861079
5861143
5861300
5861302
5861357
5861544
5861565
5861647
5861649
5861919
5862008
5862340
5862376
5862410
5862547
5862618
5862648
5862751
5862848
5863055
5863157
5863178
5863271
5863468
5863572
5863597
5863870
5863871
5863896
5863940
5864184
5864281
5864355
5864413
5864452
5864672
5864684
5864827
5864840
5864890
5864992
5865064
5865386
5865387
5865408
5865513
5865529
5866122
5866154
5866258
5866294
5866446
5866549
5866885
5866988
5867011
5867121
5867228
5867267
5867356
5867367
5867489
5867699
5867775
5867807
5867997
5868075
5868328
5868554
5868570
5868692
5868707
5868850
5868866
5868919
5869018
5869033
5869115
5869281
5869365
5869476
5869740
5869794
5869795
5870116
5870281
5870420
5870647
5870652
5870729
5870916
5870965
5870977
5871031
5871077
5871092
5871360
5871567
5871578
5871611
5871893
5871963
5872139
5872153
5872160
5872283
5872444
5872665
5872868
5872873
5872899
5873001
5873067
5873075
5873086
5873191
5873219
5873279
5873392
5873441
5873497
5873567
5873626
5873658
5873714
5873883
5873938
5873992
5874014
5874092
5874161
5874423
5874454
5874500
5874525
5874589
5874806
5874853
5874867
5875112
5875264
5875284
5875496
5875531
5875633
5875686
5875923
5876207
5876259
5876286
5876348
5876398
5876634
5876690
5876692
5876826
5877112
5877311
5877363
5877507
5877681
5877738
5877763
5877971
5878116
5878395
5878493
5878507
5878511
5878585
5878695
5878782
5878784
5878828
5878859
5879288
5879519
5879592
5879622
5879701
5879738
5879774
5880098
5880113
5880162
5880168
5880174
5880497
5880705
5880713
5880754
5880808
5880923
5881064
5881338
5881668
5881972
5881989
5882169
5882175
5882214
5882276
5882321
5882425
5882511
5882536
5882609
5882664
5882863
5882933
5883122
5883231
5883433
5883514
5883637
5883822
5883913
5884037
5884311
5884447
5884460
5884501
5884506
5884602
5884604
5884702
5884756
5884980
5885105
5885129
5885346
5885707
5885963
5886244
5886527
5886602
5886783
5886915
5887127
5887244
5887330
5887441
5887479
5887527
5887647
5887991
5888010
5888172
5888511
5888724
5888819
5888868
5888917
5888938
5889117
5889195
5889214
5889387
5889428
5889558
5889657
5889661
5889724
5889734
5889834
5889883
5889916
5890004
5890103
5890185
5890295
5890320
5890368
5890384
5890416
5890428
5890430
5890476
5890539
5890588
5890796
5890847
5890854
5891056
5891254
5891268
5891276
5891283
5891506
5891556
5891727
5891782
5891831
5891952
5892023
5892074
5892169
5892256
5892384
5892468
5892640
5892681
5892788
5892819
5892946
5893116
5893182
5893319
5893320
5893410
5893500
5893912
5894194
5894336
5894521
5894627
5894637
5894670
5894683
5894716
5894759
5894828
5894863
5895221
5895346
5895533
5895541
5895559
5895637
5895645
5895814
5895838
5896055
5896128
5896198
5896214
5896451
5896471
5896925
5896934
5897062
5897132
5897140
5897466
5897591
5897756
5897789
5897810
5897923
5897979
5898080
5898358
5898403
5898448
5898808
5898937
5898977
5899152
5899272
5899287
5899311
5899361
5899477
5899602
5899644
5900003
5900102
5900128
5900131
5900247
5900257
5900429
5900463
5900497
5900629
5900644
5900708
5900855
5901033
5901201
5901257
5901354
5901533
5901566
5901579
5901647
5901774
5902041
5902088
5902094
5902140
5902237
5902303
5902401
5902803
5902944
5903169
5903179
5903348
5903546
5903630
5903647
5903868
5903875
5903942
5903952
5904121
5904126
5904415
5904610
5904629
5904666
5904808
5904855
5904954
5905028
5905108
5905117
5905124
5905321
5905327
5905347
5905479
5905501
5905993
5906398
5906590
5906671
5906708
5907243
5907359
5907418
5907491
5907545
5907637
5907989
5907994
5908200
5908535
5908591
5908856
5908892
5908990
5909123
5909349
5909525
5909569
5909755
5909762
5909830
5909866
5910002
5910230
5910246
5910307
5910484
5910559
5910597
5910676
5910724
5910853
5910856
5910964
5911017
5911261
5911339
5911462
5911566
5911712
5911929
5912212
5912239
5912250
5912275
5912485
5912536
5912574
5912734
5912948
5913057
5913267
5913300
5913352
5913459
5913626
5913673
5913974
5914100
5914334
5914425
5914609
5914658
5914687
5914711
5914779
5914963
5915004
5915060
5915111
5915131
5915170
5915225
5915526
5915554
5915793
5915972
5915978
5916052
5916056
5916088
5916216
5916218
5916344
5916371
5916628
5916799
5917064
5917313
5917334
5917343
5917519
5918016
5918034
5918058
5918170
5918393
5918428
5918759
5918810
5918859
5919121
5919270
5919532
5919778
5919781
5919817
5919951
5920180
5920368
5920595
5920597
5920646
5920683
5920746
5920788
5920875
5920923
5920939
5921269
5921316
5921360
5921373
5921398
5921560
5921631
5921814
5921929
5922215
5922226
5922268
5922413
5922519
5922520
5922598
5922691
5922990
5923011
5923020
5923244
5923259
5923612
5923686
5923972
5924021
5924064
5924385
5924408
5924480
5924499
5924737
5924756
5924889
5924927
5924975
5925120
5925155
5925271
5925277
5925346
5925457
5925498
5925581
5925603
5925671
5925744
5925861
5925986
5926041
5926047
5926067
5926077
5926213
5926278
5926386
5926589
5926674
5926678
5926689
5926806
5926811
5926985
5927248
5927330
5927335
5927470
5927556
5927613
5927716
5927978
5928008
5928109
5928188
5928508
5928539
5928554
5928611
5928830
5929221
5929294
5929385
5929450
5929493
5929706
5929822
5929835
5929961
5930451
5930484
5930574
5930723
5931116
5931382
5931442
5931509
5931535
5931557
5931608
5931703
5931910
5932120
5932142
5932225
5932348
5932391
5932416
5932615
5932624
5932930
5933026
5933084
5933123
5933188
5933375
5933540
5933633
5933742
5933864
5933890
5934219
5934384
5934456
5934489
5934577
5934735
5934754
5934927
5934977
5935346
5935396
5935477
5935496
5935558
5935637
5935719
5935773
5935844
5936055
5936081
5936127
5936250
5936330
5936545
5936585
5936609
5936673
5936777
5936879
5936897
5936916
5936922
5937143
5937212
5937317
5937335
5937353
5937412
5937465
5937488
5937696
5937787
5938019
5938052
5938057
5938069
5938081
5938085
5938182
5938281
5938291
5938321
5938391
5938509
5938544
5938748
5938853
5938942
5939059
5939158
5939258
5939432
5939459
5939748
5939785
5939791
5939848
5939957
5940435
5940461
5940575
5940597
5940792
5940807
5940831
5940889
5940924
5941118
5941163
5941272
5941410
5941510
5941937
5941939
5942025
5942146
5942186
5942386
5942743
5942838
5942839
5942866
5942880
5942955
5943334
5943589
5943856
5943949
5944002
5944126
5944195
5944309
5944389
5944461
5944494
5944560
5944736
5944782
5944818
5944861
5944909
5944962
5945016
5945058
5945176
5945220
5945304
5945432
5945441
5945631
5946051
5946110
5946166
5946228
5946295
5946391
5946534
5946635
5947010
5947075
5947265
5947320
5947733
5948048
5948065
5948084
5948095
5948185
5948417
5948500
5948806
5949040
5949183
5949300
5949305
5949316
5949369
5949632
5949692
5949694
5949741
5949762
5949816
5949878
5949892
5949960
5949999
5950081
5950129
5950148
5950248
5950337
5950477
5950561
5950654
5950735
5950750
5951077
5951230
5951329
5951376
5951676
5951888
5952126
5952140
5952196
5952222
5952495
5952593
5952633
5952727
5952778
5952931
5952975
5953073
5953156
5953373
5953547
5953559
5953565
5953649
5953815
5953915
5954017
5954148
5954386
5954432
5954580
5954696
5954783
5954850
5954872
5954959
5955053
5955071
5955093
5955113
5955152
5955200
5955234
5955371
5955430
5955771
5955880
5955904
5955967
5956043
5956059
5956086
5956144
5956145
5956512
5956529
5956637
5956865
5956976
5957039
5957204
5957230
5957274
5957364
5957379
5957414
5957615
5957631
5957741
5957849
5958042
5958063
5958098
5958120
5958167
5958183
5958243
5958367
5958403
5958480
5958536
5958544
5958929
5959174
5959229
5959562
5959692
5959834
5959954
5959962
5960016
5960341
5960453
5960576
5960619
5960666
5960712
5960749
5960837
5961066
5961466
5961468
5961507
5961641
5961676
5961695
5961714
5961790
5961927
5961928
5962003
5962085
5962108
5962255
5962475
5962613
5962643
5962647
5962669
5962982
5963252
5963282
5963362
5963589
5963591
5963713
5963830
5963950
5963955
5963993
5964017
5964044
5964179
5964231
5964236
5964496
5964522
5964589
5964596
5964621
5964717
5964971
5965072
5965119
5965385
5965477
5965497
5965626
5965628
5965635
5965707
5965813
5965855
5965885
5966022
5966279
5966385
5966504
5966725
5966756
5966913
5967011
5967026
5967140
5967528
5967666
5967877
5968044
5968099
5968134
5968141
5968211
5968255
5968301
5968373
5968395
5968729
5968855
5969048
5969068
5969255
5969318
5969381
5969521
5969547
5969693
5969772
5969783
5969923
5969959
5969998
5970234
5970322
5970645
5970859
5970949
5970972
5971073
5971370
5971379
5971715
5971763
5971785
5972138
5972159
5972212
5972324
5972370
5972425
5972496
5972660
5972940
5973148
5973179
5973210
5973218
5973323
5973457
5973535
5973542
5973733
5973743
5973875
5973943
5973979
5973990
5974300
5974305
5974321
5974357
5974488
5974723
5974725
5974755
5974905
5974962
5974997
5975464
5975520
5975532
5975549
5975719
5975721
5975745
5975882
5975887
5976079
5976235
5976431
5976699
5976722
5976743
5976827
5976847
5977035
5977037
5977182
5977184
5977339
5977355
5977392
5977522
5977526
5977619
5977683
5977685
5978202
5978238
5978702
5978769
5978965
5979028
5979054
5979385
5979519
5979663
5979695
5980026
5980273
5980286
5980371
5980429
5980490
5980501
5980635
5980639
5980829
5980989
5981031
5981102
5981197
5981200
5981263
5981414
5981425
5981524
5981561
5981675
5981699
5981713
5981786
5981828
5982116
5982358
5982910
5983124
5983131
5983168
5983200
5983282
5983395
5983510
5983579
5983593
5983661
5983783
5983968
5984113
5984254
5984281
5984291
5984371
5984457
5984499
5984503
5985046
5985049
5985101
5985595
5985708
5985812
5985873
5985920
5986048
5986105
5986195
5986353
5986539
5986616
5986643
5986767
5986802
5987366
5987463
5987542
5987563
5987578
5987746
5987756
5987782
5988077
5988179
5988198
5988373
5988383
5988402
5988423
5988437
5988652
5988766
5988893
5988894
5988926
5989032
5989063
5990159
5990202
5990282
5990357
5990612
5990710
5990816
5990825
5990847
5990880
5990929
5991041
5991205
5991310
5991311
5991540
5991611
5991787
5991880
5992158
5992201
5992439
5992543
5992546
5992726
5992727
5992799
5992889
5993263
5993287
5993323
5993445
5993529
5993567
5993606
5993668
5993780
5994048
5994093
5994144
5994162
5994207
5994307
5994312
5994460
5994590
5994631
5994696
5994748
5994831
5994969
5995167
5995182
5995244
5995317
5995318
5995577
5995607
5995614
5995682
5995797
5995817
5995842
5995933
5996068
5996242
5996323
5996400
5996415
5996458
5996728
5996769
5996787
5996853
5996905
5997357
5997458
5997504
5997646
5997671
5997717
5997832
5998094
5998115
5998205
5998218
5998314
5998377
5998442
5998589
5998844
5998957
5999064
5999171
5999244
5999371
5999379
5999500
5999526
5999608
5999719
5999827
6000176
6000229
6000246
6000458
6000473
6000597
6000734
6000810
6000906
6001099
6001212
6001339
6001377
6001447
6001450
6001588
6001604
6001651
6001899
6001942
6001957
6002000
6002009
6002049
6002094
6002370
6002379
6002676
6002727
6002993
6003042
6003135
6003240
6003293
6003646
6004136
6004192
6004212
6004341
6004422
6004501
6004652
6004831
6004931
6004965
6005202
6005275
6005304
6005342
6005376
6005626
6005628
6005661
6005668
6005713
6005723
6005735
6005885
6005934
6006134
6006230
6006319
6006369
6006608
6006738
6006761
6007094
6007095
6007098
6007597
6007642
6007679
6007702
6007810
6007853
6007954
6007972
6008021
6008105
6008131
6008264
6008279
6008289
6008324
6008341
6008399
6008420
6008461
6008500
6008509
6008657
6008714
6008785
6008806
6008871
6008883
6008943
6008945
6008992
6009017
6009053
6009254
6009422
6009438
6009643
6009874
6009980
6010071
6010077
6010211
6010229
6010308
6010395
6010658
6010826
6010895
6011065
6011139
6011151
6011377
6011565
6011583
6011618
6011635
6011730
6011739
6012033
6012107
6012119
6012365
6012532
6012792
6013004
6013049
6013072
6013307
6013421
6013509
6013528
6013859
6013992
6014016
6014039
6014111
6014194
6014246
6014391
6014574
6014583
6014621
6014744
6014808
6014816
6014975
6015009
6015048
6015793
6015871
6015914
6016038
6016090
6016123
6016126
6016144
6016291
6016513
6016715
6017014
6017396
6017434
6017462
6017548
6017615
6017684
6017692
6017758
6017865
6018037
6018227
6018234
6018359
6018384
6018685
6018732
6018858
6018912
6018962
6019155
6019244
6019329
6019382
6019415
6019442
6019505
6019539
6019590
6019614
6019633
6019864
6019936
6020274
6020509
6020608
6020984
6021054
6021076
6021142
6021159
6021241
6021262
6021465
6021547
6021568
6021604
6021650
6021660
6021674
6021864
6021888
6021936
6022086
6022108
6022294
6022335
6022445
6022595
6022607
6022674
6022695
6022766
6022947
6022967
6023053
6023070
6023223
6023244
6023290
6023354
6023403
6023597
6023677
6023714
6023763
6024113
6024475
6024535
6024579
6024756
6024778
6024901
6025082
6025208
6025406
6025440
6025541
6025807
6025935
6025942
6025960
6026018
6026084
6026376
6026817
6026992
6027124
6027229
6027375
6027401
6027405
6027672
6027711
6027820
6028119
6028175
6028224
6028319
6028565
6028690
6028694
6028756
6028901
6029060
6029116
6029196
6029298
6029324
6029466
6029604
6029612
6029748
6029753
6029800
6029946
6030060
6030065
6030106
6030163
6030535
6030663
6030680
6030747
6030812
6031003
6031052
6031064
6031174
6031190
6031580
6031754
6031764
6031900
6031903
6031923
6032073
6032078
6032148
6032283
6032366
6032390
6032432
6032496
6032508
6032627
6032783
6032865
6033506
6033731
6033815
6033835
6034034
6034080
6034246
6034514
6034686
6034795
6034867
6034887
6034920
6035331
6035435
6035521
6035783
6036029
6036162
6036256
6036432
6036706
6036810
6036897
6037026
6037063
6037153
6037208
6037423
6037629
6037727
6037761
6037796
6037797
6038071
6038122
6038145
6038155
6038249
6038267
6038273
6038275
6038276
6038413
6038449
6038692
6038727
6038769
6038824
6038842
6038913
6038943
6039002
6039043
6039133
6039382
6039443
6039471
6039573
6039799
6039941
6040161
6040303
6040365
6040592
6040607
6040764
6040804
6040944
6041144
6041197
6041228
6041303
6041577
6041819
6041876
6041886
6042039
6042065
6042169
6042217
6042367
6042490
6042506
6042773
6042913
6042962
6043037
6043054
6043247
6043399
6043460
6043474
6043599
6043772
6044006
6044007
6044085
6044316
6044338
6044525
6044611
6044627
6044654
6044732
6044941
6044946
6044984
6045102
6045105
6045114
6045187
6045314
6045753
6045791
6045816
6045847
6046090
6046097
6046175
6046212
6046357
6046381
6046491
6046547
6046680
6046763
6046828
6046901
6046955
6047102
6047294
6047357
6047367
6047539
6047576
6047806
6047864
6048062
6048077
6048122
6048124
6048127
6048166
6048575
6048702
6048742
6048854
6048891
6048956
6049142
6049235
6049339
6049342
6049397
6049481
6049524
6049625
6049733
6049743
6049765
6049771
6049927
6050173
6050186
6050285
6050474
6050592
6050632
6050978
6051079
6051103
6051292
6051337
6051418
6051506
6051545
6051555
6051640
6051661
6051732
6051746
6051819
6051879
6052003
6052018
6052024
6052027
6052099
6052138
6052286
6052453
6052563
6052618
6052672
6052695
6052731
6052804
6052813
6052857
6052991
6053183
6053202
6053489
6053693
6053704
6053746
6053980
6054058
6054097
6054156
6054201
6054363
6054397
6054562
6054579
6054838
6055100
6055334
6055412
6055423
6055540
6055668
6055937
6055966
6055973
6056171
6056350
6056430
6056674
6056684
6056694
6056701
6056809
6056892
6057022
6057076
6057123
6057334
6057339
6057340
6057598
6057663
6058047
6058222
6058277
6058451
6058540
6058542
6058607
6058670
6058725
6058752
6058960
6058977
6059159
6059233
6059317
6059329
6059563
6059571
6059799
6059820
6059883
6059954
6060046
6060108
6060181
6060320
6060340
6060383
6060427
6060696
6060703
6060748
6060776
6060792
6060807
6061063
6061123
6061175
6061280
6061298
6061518
6061717
6061722
6061806
6061849
6061877
6061978
6062194
6062379
6062468
6062488
6062644
6062712
6062887
6063033
6063240
6063252
6063281
6063428
6063525
6063766
6063782
6063783
6063808
6063873
6064017
6064205
6064268
6064346
6064405
6064491
6064624
6064744
6064821
6064832
6064842
6064858
6064915
6064973
6065068
6065150
6065303
6065485
6065502
6065645
6065763
6065816
6065854
6066019
6066344
6066590
6066594
6066680
6066692
6066735
6066800
6066905
6066907
6066934
6067008
6067055
6067065
6067174
6067228
6067236
6067286
6067364
6067369
6067392
6067534
6067543
6067659
6067682
6067759
6067787
6067824
6067867
6068069
6068105
6068221
6068232
6068270
6068275
6068380
6068477
6068696
6068854
6068959
6069023
6069317
6069478
6069566
6069650
6069703
6069742
6069781
6070025
6070115
6070196
6070228
6070254
6070279
6070282
6070328
6070375
6070468
6070764
6070827
6070880
6071093
6071358
6071456
6071466
6071555
6071696
6071727
6071733
6071787
6071873
6072297
6072327
6072405
6072430
6072490
6072764
6072773
6072871
6072887
6072947
6072992
6073248
6073292
6073402
6073413
6073417
6073557
6073637
6073639
6073648
6073818
6073837
6073841
6073950
6074006
6074016
6074144
6074179
6074204
6074278
6074314
6074358
6074362
6074373
6074471
6074501
6074547
6074824
6074992
6075197
6075216
6075219
6075230
6075296
6075376
6075455
6075599
6075837
6075877
6075878
6076192
6076346
6076506
6076566
6076594
6076665
6076771
6076824
6077068
6077081
6077092
6077140
6077203
6077366
6077794
6077878
6078057
6078059
6078162
6078269
6078282
6078334
6078344
6078404
6078425
6078517
6078755
6078875
6078997
6079087
6079381
6079433
6079597
6079661
6079729
6079733
6079798
6079838
6080013
6080036
6080042
6080180
6080274
6080395
6080475
6080555
6080599
6080762
6080788
6081197
6081209
6081347
6081471
6081481
6081785
6081907
6081937
6081950
6082095
6082101
6082121
6082129
6082139
6082280
6082403
6082477
6082569
6082613
6082623
6082832
6082891
6082911
6082985
6083035
6083058
6083064
6083067
6083243
6083379
6083430
6083471
6083948
6084059
6084101
6084300
6084360
6084417
6084611
6084852
6084862
6085123
6085409
6085437
6085481
6085502
6085554
6085714
6085796
6085903
6085992
6086020
6086329
6086557
6086615
6086784
6086801
6086861
6086977
6087061
6087067
6087100
6087108
6087122
6087155
6087329
6087691
6087698
6088199
6088397
6088410
6088470
6088934
6089123
6089179
6089764
6089806
6090010
6090096
6090115
6090220
6090431
6090445
6090487
6090624
6090721
6090779
6091097
6091258
6091300
6091338
6091481
6091533
6091571
6091581
6091887
6091909
6092168
6092269
6092471
6092894
6092983
6093060
6093061
6093251
6093262
6093273
6093319
6093393
6093603
6093709
6093744
6093926
6094015
6094170
6094200
6094266
6094446
6094469
6094633
6094706
6094735
6094801
6094896
6095071
6095197
6095349
6095481
6095488
6095516
6095631
6095636
6095713
6095738
6095849
6095875
6096087
6096109
6096143
6096256
6096313
6096391
6096404
6096480
6096599
6096637
6096643
6096894
6096899
6097090
6097329
6097380
6097414
6097457
6097541
6097668
6097695
6097786
6097843
6098012
6098017
6098050
6098138
6098183
6098200
6098322
6098434
6098455
6098627
6098684
6098687
6098705
6098807
6099030
6099067
6099251
6099518
6099529
6099530
6099658
6099795
6099797
6099824
6099829
6099881
6099897
6100037
6100359
6100417
6100474
6100484
6100567
6100705
6100930
6101152
6101238
6101266
6101602
6101617
6101744
6101759
6102012
6102037
6102041
6102228
6102335
6102492
6102605
6102826
6103001
6103193
6103256
6103303
6103393
6103429
6103458
6103548
6103623
6103656
6103671
6103748
6103759
6103770
6103819
6103897
6104011
6104041
6104111
6104180
6104286
6104299
6104557
6104651
6104797
6104838
6104852
6104862
6104909
6104934
6104993
6105194
6105278
6105489
6105543
6105613
6105995
6106123
6106160
6106200
6106225
6106287
6106293
6106385
6106435
6106459
6106494
6106512
6106548
6106690
6106741
6106747
6106750
6106887
6106894
6107136
6107380
6107418
6107434
6107442
6107490
6107511
6107582
6107778
6107816
6107941
6108056
6108156
6108168
6108322
6108453
6108670
6108749
6109128
6109189
6109275
6109313
6109497
6109621
6109652
6109760
6109877
6109921
6110052
6110062
6110077
6110145
6110176
6110245
6110350
6110360
6110405
6110418
6110501
6110622
6110632
6110659
6110796
6110978
6110995
6111249
6111275
6111283
6111452
6111514
6111760
6111775
6111843
6111882
6111929
6112026
6112061
6112276
6112283
6112437
6112762
6112822
6112986
6113524
6113655
6113714
6113775
6113835
6113979
6114133
6114160
6114240
6114293
6114310
6114335
6114465
6114567
6114648
6114705
6114714
6114747
6114767
6114865
6114952
6115138
6115185
6115217
6115223
6115233
6115359
6115519
6115538
6115786
6115916
6116047
6116066
6116131
6116407
6116500
6116607
6116762
6116790
6116865
6116871
6116900
6116942
6117605
6117810
6117837
6117955
6117983
6118113
6118155
6118266
6118269
6118277
6118313
6118380
6118610
6118669
6118815
6118932
6119127
6119335
6119422
6119561
6119614
6119712
6119729
6119734
6119789
6120008
6120111
6120226
6120279
6120355
6120375
6120423
6120592
6120868
6120905
6120940
6120977
6120990
6121073
6121204
6121355
6121365
6121455
6121691
6121801
6121835
6121845
6121849
6122318
6122519
6122520
6122688
6122767
6122769
6122785
6123122
6123271
6123284
6123349
6123391
6123457
6123790
6123944
6123946
6124083
6124098
6124216
6124416
6124528
6124620
6124799
6124818
6124824
6124992
6125131
6125448
6125859
6125905
6125964
6126272
6126284
6126308
6126427
6126456
6126457
6126467
6126587
6126681
6126768
6126866
6127040
6127113
6127224
6127307
6127322
6127413
6127432
6127567
6127781
6128066
6128174
6128320
6128388
6128421
6128570
6128662
6128684
6128711
6128722
6128925
6128954
6129131
6129152
6129228
6129392
6129432
6129440
6129465
6129510
6129512
6129616
6129645
6129662
6129798
6129838
6129971
6129975
6130273
6130336
6130603
6130763
6130767
6130822
6130901
6130921
6131060
6131115
6131257
6131350
6131372
6131517
6131631
6131707
6131990
6132051
6132075
6132153
6132347
6132464
6132699
6133071
6133261
6133266
6133460
6133535
6133590
6133596
6133626
6133713
6133857
6134091
6134295
6134308
6134379
6134382
6134426
6134463
6134477
6134489
6134775
6134824
6134914
6134938
6135005
6135067
6135212
6135249
6135310
6135319
6135380
6135510
6135532
6135595
6135596
6135681
6135831
6135890
6136035
6136189
6136216
6136272
6136644
6136687
6136730
6136825
6136916
6136988
6137093
6137176
6137178
6137217
6137334
6137345
6137418
6137459
6137776
6137844
6137849
6138042
6138070
6138653
6138923
6138932
6139004
6139188
6139410
6139576
6139589
6139638
6139913
6139923
6139981
6139999
6140046
6140177
6140662
6140720
6140834
6140894
6140919
6141031
6141140
6141166
6141184
6141324
6141336
6141379
6141505
6141510
6141617
6141958
6142147
6142176
6142260
6142277
6142308
6142483
6142499
6142614
6142815
6143103
6143154
6143410
6143489
6143513
6143580
6143745
6143891
6143995
6144034
6144113
6144132
6144166
6144239
6144427
6144552
6144577
6144636
6144765
6144947
6144953
6144993
6145123
6145165
6145395
6145971
6145982
6146038
6146079
6146104
6146271
6146400
6146434
6146705
6146952
6146970
6147324
6147341
6147674
6147725
6147743
6147806
6147807
6147865
6148017
6148025
6148153
6148229
6148241
6148254
6148327
6148484
6148795
6148917
6148938
6149241
6150091
6150168
6150188
6150244
6150331
6150383
6150439
6150710
6150726
6150740
6151203
6151238
6151290
6151669
6151685
6151796
6151944
6151958
6151970
6151982
6152047
6152120
6152313
6152507
6152516
6152608
6152661
6152671
6152684
6152746
6152757
6152929
6153328
6153672
6153707
6153713
6153780
6153783
6153803
6154271
6154283
6154382
6154486
6154527
6154919
6155043
6155350
6155388
6155434
6155875
6156023
6156124
6156398
6156473
6156539
6156622
6156693
6156735
6156788
6157091
6157159
6157421
6157489
6157558
6157591
6157647
6157749
6157766
6158062
6158092
6158261
6158304
6158578
6158610
6158628
6158634
6158706
6158812
6158985
6159085
6159129
6159423
6159460
6159492
6159620
6159812
6159872
6160042
6160071
6160349
6160376
6160430
6160440
6160650
6160656
6160734
6160829
6160857
6160874
6160963
6160975
6160988
6161185
6161765
6161782
6161835
6161848
6161981
6162007
6162168
6162223
6162651
6162658
6162811
6162857
6162862
6162932
6163058
6163147
6163161
6163581
6163659
6163684
6163750
6164120
6164148
6164157
6164337
6164406
6164610
6164623
6164643
6164728
6164827
6164858
6164902
6164927
6165197
6165267
6165384
6165419
6165594
6165648
6165694
6165722
6165827
6165962
6165968
6166068
6166363
6166495
6166632
6166651
6166661
6166881
6166912
6166957
6167058
6167188
6167297
6167367
6167441
6167525
6167879
6167951
6168031
6168050
6168060
6168096
6168128
6168151
6168510
6168602
6168683
6168777
6168827
6168867
6168988
6169127
6169371
6169603
6169641
6169672
6169673
6169703
6169705
6169769
6169934
6170067
6170148
6170418
6170509
6170597
6170883
6170967
6171130
6171347
6171393
6171407
6171594
6171668
6171740
6171999
6172000
6172108
6172171
6172206
6172419
6172503
6172675
6172720
6172919
6172927
6172964
6173054
6173192
6173221
6173230
6173258
6173286
6173470
6173562
6173615
6173685
6173977
6174035
6174130
6174215
6174257
6174307
6174337
6174461
6174675
6174780
6174850
6174865
6174971
6174975
6174996
6175325
6175380
6175387
6175393
6175540
6175625
6175672
6175825
6175999
6176148
6176177
6176235
6176239
6176289
6176438
6176462
6176506
6176574
6176616
6176698
6177042
6177044
6177419
6177597
6177606
6177645
6177735
6177975
6178027
6178089
6178098
6178248
6178250
6178319
6178480
6178499
6178534
6178606
6178762
6178835
6178837
6178852
6178860
6179036
6179064
6179080
6179124
6179300
6179525
6179753
6179919
6180018
6180048
6180060
6180073
6180253
6180275
6180277
6180332
6180555
6180641
6180715
6180895
6180925
6181152
6181186
6181227
6181837
6182333
6182444
6182508
6182871
6182911
6183138
6183169
6183198
6183307
6183399
6183401
6183445
6183513
6183568
6183652
6183674
6183722
6183727
6183812
6183841
6183858
6183877
6183949
6184106
6184111
6184113
6184221
6184248
6184350
6184379
6184612
6184743
6184753
6184824
6184958
6185065
6185276
6185403
6185410
6185439
6185535
6185748
6185753
6185910
6185912
6186068
6186297
6186390
6186497
6186712
6186758
6186766
6186827
6186864
6186892
6186918
6187087
6187197
6187310
6187441
6187526
6187806
6187940
6188013
6188026
6188090
6188124
6188296
6188445
6188568
6188610
6188625
6188670
6188771
6188870
6188953
6189034
6189302
6189439
6189494
6189531
6189628
6189684
6189832
6189928
6189931
6190164
6190186
6190215
6190319
6190401
6190456
6190502
6190667
6190676
6191102
6191135
6191540
6191591
6191698
6191871
6191944
6191983
6191986
6192010
6192100
6192139
6192150
6192369
6192456
6192501
6192640
6192647
6192680
6192871
6192968
6193016
6193191
6193256
6193263
6193276
6193343
6193354
6193357
6193369
6193615
6193765
6193786
6193852
6193990
6194004
6194014
6194416
6194486
6194532
6194566
6194624
6194675
6194693
6194890
6195094
6195497
6195501
6195728
6195765
6195781
6195859
6196258
6196363
6196373
6196470
6196790
6196845
6196921
6197117
6197143
6197168
6197524
6197531
6197672
6197907
6198028
6198093
6198152
6198245
6198257
6198276
6198322
6198369
6198425
6198454
6198698
6198743
6198935
6198992
6199246
6199352
6199511
6199535
6199609
6199635
6199669
6199679
6199694
6199749
6199861
6200162
6200203
6200293
6200314
6200434
6200485
6200623
6200711
6200717
6200724
6200756
6200936
6200945
6201126
6201152
6201155
6201361
6201396
6201405
6201470
6201492
6201541
6201575
6201610
6202035
6202069
6202136
6202218
6202368
6202383
6202409
6202411
6202585
6202720
6202735
6202819
6202924
6203072
6203126
6203153
6203235
6203355
6203493
6203657
6203885
6203890
6203905
6203917
6203961
6204078
6204114
6204129
6204198
6204411
6204568
6204577
6204797
6205029
6205060
6205155
6205343
6205358
6205413
6205454
6205462
6205520
6205610
6205661
6205796
6205956
6206088
6206191
6206256
6206350
6206518
6206548
6206564
6206693
6207035
6207051
6207157
6207171
6207218
6207481
6207712
6207788
6207931
6208045
6208099
6208170
6208308
6208359
6208440
6208460
6208506
6208547
6208598
6208639
6208788
6208789
6208876
6209119
6209132
6209387
6209769
6209952
6209986
6210098
6210300
6210394
6210606
6210843
6210898
6210914
6210953
6210962
6211142
6211175
6211232
6211403
6211496
6211574
6211806
6211871
6211902
6212044
6212059
6212110
6212431
6212534
6212657
6213027
6213306
6213684
6213689
6213792
6213813
6213902
6213946
6214173
6214302
6214390
6214435
6214624
6214815
6214920
6215008
6215142
6215175
6215218
6215323
6215428
6215482
6215511
6215633
6215888
6215913
6215927
6215993
6216115
6216232
6216315
6216461
6216501
6216582
6216601
6216632
6216670
6216697
6216832
6216911
6216928
6216931
6217012
6217147
6217223
6217352
6217353
6217607
6217678
6217875
6217916
6217963
6217994
6218217
6218254
6218336
6218362
6218604
6218850
6219265
6219394
6219396
6219425
6219517
6219629
6219761
6219833
6219910
6219958
6220321
6220327
6220486
6220501
6220628
6220664
6220719
6220742
6220778
6220842
6220860
6221393
6221465
6221504
6221563
6221580
6221581
6221849
6221890
6221981
6222040
6222052
6222167
6222283
6222468
6222599
6222689
6222693
6222701
6222910
6222927
6222986
6223110
6223122
6223260
6223284
6223286
6223453
6223492
6223622
6223641
6223705
6223751
6223752
6223814
6223817
6223933
6223984
6224085
6224122
6224142
6224143
6224208
6224224
6224253
6224256
6224257
6224275
6224540
6224660
6224691
6224797
6224807
6225225
6225443
6225499
6225520
6225598
6225647
6225758
6225780
6225996
6226123
6226322
6226350
6226465
6226752
6226900
6226975
6226983
6227257
6227279
6227310
6227336
6227399
6227644
6227782
6227905
6227966
6227987
6228108
6228178
6228183
6228229
6228467
6228508
6228545
6228596
6228619
6228817
6228915
6229054
6229533
6229621
6229733
6229979
6230214
6230376
6230947
6231009
6231035
6231097
6231119
6231355
6231399
6231534
6231633
6231681
6231760
6231899
6232128
6232179
6232188
6232191
6232293
6232360
6232361
6232368
6232395
6232482
6232835
6232866
6233099
6233179
6233232
6233246
6233250
6233301
6233397
6233398
6233674
6233810
6233855
6233861
6233935
6234137
6234171
6234256
6234284
6234310
6234644
6234856
6234874
6234947
6235222
6235329
6235425
6235446
6235594
6235638
6235796
6235826
6235831
6235937
6236005
6236011
6236090
6236158
6236331
6236341
6236364
6236418
6236644
6236805
6236875
6237179
6237430
6237496
6237501
6237584
6237619
6237794
6237801
6237861
6238186
6238439
6238479
6238503
6238751
6238763
6238933
6239001
6239071
6239121
6239173
6239485
6239705
6239773
6239860
6239877
6240198
6240267
6240308
6240352
6240525
6240617
6240708
6240771
6241026
6241224
6241348
6241371
6241415
6241631
6241716
6241785
6241905
6241919
6241990
6242165
6242423
6242438
6242491
6242816
6242867
6242968
6243023
6243070
6243076
6243355
6243511
6243623
6243668
6243759
6243958
6244193
6244234
6244360
6244451
6244565
6244866
6244882
6244901
6244950
6244954
6245146
6245407
6245512
6245694
6245743
6245827
6245868
6245951
6245985
6246064
6246183
6246319
6246692
6246755
6247000
6247093
6247184
6247255
6247357
6247439
6247450
6247640
6247667
6247961
6248077
6248163
6248414
6248445
6248454
6248476
6248518
6248552
6248711
6248712
6248893
6248955
6248964
6249105
6249141
6249225
6249336
6249378
6249547
6249573
6249668
6249716
6249817
6249995
6250140
6250398
6250732
6250758
6250861
6251201
6251399
6251481
6251512
6251562
6251636
6251863
6251897
6251976
6252171
6252387
6252494
6252556
6252932
6253059
6253096
6253171
6253235
6253500
6253590
6253670
6253849
6253992
6254467
6254661
6254683
6254777
6254780
6254859
6254897
6254957
6254970
6255068
6255093
6255103
6255279
6255356
6255358
6255418
6255435
6255504
6255608
6255618
6255647
6255840
6255876
6255992
6256053
6256326
6256474
6256649
6256739
6256814
6257158
6257167
6257233
6257248
6257280
6257365
6257547
6257735
6257888
6257984
6258045
6258099
6258139
6258209
6258302
6258332
6258555
6258702
6258749
6258766
6258857
6259078
6259096
6259197
6259254
6259535
6259580
6259602
6259766
6259886
6259939
6260015
6260091
6260124
6260225
6260226
6260277
6260332
6260367
6260565
6260583
6260587
6260863
6260990
6261135
6261161
6261229
6261268
6261294
6261424
6261430
6261504
6261552
6261796
6261813
6261890
6261966
6262088
6262102
6262215
6262350
6262388
6262429
6262524
6262604
6262608
6262661
6262685
6262932
6262974
6262997
6263018
6263022
6263036
6263149
6263217
6263305
6263351
6263627
6263852
6264112
6264416
6264483
6264533
6264584
6264587
6264888
6264942
6264956
6265160
6265420
6265486
6265646
6265745
6265860
6265873
6265958
6265980
6266039
6266238
6266307
6266344
6266564
6266568
6266653
6266663
6266664
6266775
6266920
6266924
6266933
6266942
6267076
6267268
6267337
6267435
6267618
6267637
6267813
6267920
6268098
6268157
6268303
6268318
6268360
6268384
6268542
6268550
6268676
6268678
6268704
6268742
6268960
6269002
6269057
6269122
6269172
6269241
6269263
6269340
6269347
6269362
6269381
6269648
6269723
6269768
6269871
6269881
6270134
6270144
6270287
6270343
6270493
6270697
6270714
6270790
6271085
6271147
6271178
6271232
6271234
6271311
6271320
6271399
6271590
6271597
6271632
6271672
6271891
6272125
6272355
6272364
6272391
6272644
6272664
6272755
6272800
6272839
6272971
6273002
6273103
6273172
6273186
6273233
6273313
6273455
6273543
6273588
6273997
6274015
6274032
6274180
6274250
6274275
6274327
6274667
6274737
6274822
6274866
6275004
6275108
6275258
6275276
6275416
6275474
6275503
6275509
6275621
6275637
6275720
6275789
6275832
6275883
6276037
6276231
6276341
6276479
6276558
6276684
6276842
6276875
6276958
6277105
6277116
6277263
6277372
6277502
6277517
6277618
6277774
6277883
6277892
6278041
6278132
6278190
6278243
6278297
6278419
6278446
6278457
6278533
6278617
6278644
6278696
6278697
6278962
6279004
6279055
6279062
6279129
6279143
6279386
6279427
6279721
6279729
6279755
6279778
6279849
6279870
6280082
6280153
6280157
6280211
6280212
6280234
6280278
6280337
6280361
6280747
6280761
6280832
6280919
6280947
6281324
6281373
6281437
6281485
6281558
6281873
6282376
6282392
6282411
6282599
6282668
6282786
6282883
6282897
6282947
6283192
6283462
6283463
6283482
6283491
6283559
6283563
6283665
6283936
6284146
6284422
6284497
6284551
6284632
6284703
6285193
6285316
6285479
6285488
6285495
6285607
6285647
6285689
6285704
6285716
6285899
6286425
6286474
6286506
6286546
6286598
6286646
6286684
6286706
6286891
6287061
6287192
6287223
6287422
6287562
6287608
6287635
6287806
6287843
6288048
6288070
6288084
6288085
6288172
6288309
6288379
6288670
6288704
6288713
6288789
6289147
6289148
6289270
6289342
6289374
6289602
6289739
6289874
6289990
6290045
6290180
6290235
6290303
6290592
6290722
6290752
6290929
6291004
6291032
6291049
6291101
6291137
6291293
6291299
6291432
6291438
6291466
6291729
6291767
6291774
6291943
6291957
6291982
6292094
6292205
6292297
6292330
6292493
6292514
6292605
6292628
6292635
6292708
6292775
6293243
6293269
6293367
6293403
6293814
6293837
6293912
6293920
6293951
6294185
6294207
6294218
6294233
6294264
6294347
6294416
6294613
6294667
6294684
6294737
6294914
6294934
6295454
6295495
6295723
6295733
6295779
6296010
6296226
6296438
6296444
6296527
6296605
6296792
6296870
6296879
6296906
6296917
6296953
6297080
6297110
6297154
6297251
6297252
6297287
6297521
6297691
6297767
6297852
6297881
6297928
6298077
6298616
6298619
6298633
6298710
6298714
6298799
6298858
6298916
6299138
6299307
6299359
6299373
6299406
6299455
6299691
6299854
6299855
6300007
6300065
6300282
6300387
6300458
6300525
6300854
6300951
6301078
6301090
6301135
6301289
6301305
6301384
6301591
6301661
6301912
6302010
6302026
6302031
6302286
6302397
6302602
6302611
6302626
6302872
6302879
6302966
6303084
6303337
6303479
6303886
6303939
6304004
6304047
6304087
6304131
6304194
6304249
6304283
6304414
6304611
6304758
6304883
6305020
6305203
6305241
6305252
6305300
6305341
6305370
6305408
6305455
6305474
6305492
6305661
6305729
6305824
6305914
6306018
6306118
6306423
6306432
6306548
6306753
6306776
6306811
6306850
6306896
6306911
6306970
6306972
6307007
6307181
6307297
6307344
6307445
6307535
6307579
6307615
6307628
6307661
6307818
6307846
6307903
6307916
6307977
6308086
6308286
6308382
6308542
6308630
6308635
6308675
6308956
6309035
6309110
6309161
6309229
6309274
6309417
6309454
6309525
6309611
6309851
6309908
6310175
6310193
6310216
6310219
6310431
6310724
6310809
6310992
6311253
6311494
6311558
6311570
6311721
6311740
6311795
6311892
6311982
6312377
6312402
6312427
6312675
6312770
6312844
6312904
6313004
6313009
6313125
6313320
6313365
6313395
6313396
6313511
6313718
6313749
6313786
6313862
6313879
6314134
6314251
6314480
6314488
6314509
6314548
6314617
6314805
6314811
6314882
6314884
6314916
6314951
6314960
6315065
6315388
6315576
6315578
6315663
6315764
6315953
6316209
6316280
6316891
6317003
6317126
6317154
6317356
6317373
6317557
6317662
6317699
6317803
6317845
6317976
6318210
6318331
6318342
6318365
6318370
6318377
6318411
6318541
6318657
6318729
6318864
6319128
6319220
6319261
6319298
6319483
6319531
6319579
6319630
6320094
6320122
6320127
6320275
6320306
6320310
6320355
6320381
6320399
6320468
6320566
6320706
6320713
6320815
6321006
6321185
6321367
6321437
6321483
6321499
6321700
6321954
6322030
6322070
6322154
6322292
6322362
6322401
6322454
6322835
6322945
6323053
6323067
6323194
6323223
6323234
6323342
6323344
6323389
6323419
6323799
6323816
6324154
6324261
6324287
6324530
6324612
6324623
6324728
6324779
6324817
6324847
6324856
6324951
6325070
6325130
6325135
6325183
6325190
6325240
6325248
6325297
6325312
6325356
6325462
6325508
6325627
6325633
6325925
6325966
6326133
6326146
6326357
6326402
6326723
6326816
6326882
6327029
6327063
6327202
6327218
6327221
6327245
6327358
6327376
6327471
6327479
6327549
6327602
6327627
6327633
6327806
6327828
6327855
6328180
6328186
6328262
6328336
6328534
6328572
6328641
6328832
6329153
6329227
6329390
6329409
6329559
6329770
6329805
6329894
6329897
6330009
6330138
6330167
6330203
6330309
6330379
6330451
6330500
6330542
6330702
6330982
6331260
6331415
6331500
6331506
6331611
6331639
6331646
6331790
6331796
6332021
6332082
6332141
6332142
6332193
6332250
6332270
6332321
6332428
6332741
6332874
6332982
6333260
6333261
6333284
6333286
6333337
6333508
6333733
6333787
6333956
6334004
6334110
6334196
6334239
6334298
6334303
6334348
6334410
6334530
6334737
6334741
6334944
6335021
6335257
6335331
6335410
6335420
6335498
6335531
6335540
6335562
6335595
6335734
6335761
6335846
6335901
6336002
6336071
6336088
6336155
6336176
6336179
6336195
6336233
6336625
6336655
6336938
6336963
6337047
6337109
6337227
6337233
6337385
6337469
6337813
6337844
6337911
6337976
6337981
6338029
6338067
6338108
6338119
6338242
6338393
6338467
6338801
6338872
6338932
6338960
6338996
6339004
6339129
6339201
6339309
6339320
6339384
6339446
6339474
6339540
6339650
6339667
6339692
6339854
6340038
6340147
6340176
6340256
6340280
6340306
6340456
6340520
6340529
6340571
6340702
6341115
6341168
6341293
6341428
6341430
6341455
6341769
6341872
6342010
6342088
6342112
6342163
6342234
6342344
6342631
6342783
6342966
6342985
6343003
6343013
6343187
6343227
6343232
6343243
6343262
6343371
6343582
6343802
6344068
6344242
6344296
6344538
6344775
6344946
6345068
6345240
6345255
6345316
6345333
6345372
6345439
6345793
6346732
6346755
6347360
6347458
6347513
6347525
6347537
6347779
6347794
6347837
6347868
6347912
6348231
6348238
6348524
6348560
6348778
6348900
6348953
6348974
6348982
6349041
6349097
6349262
6349373
6349462
6349533
6349535
6349612
6349822
6349961
6350010
6350028
6350072
6350181
6350195
6350213
6350292
6350486
6350490
6350648
6350662
6350753
6350776
6350865
6350959
6351028
6351241
6351273
6351284
6351367
6351389
6351578
6351596
6351705
6351799
6351855
6351873
6352014
6352040
6352145
6352396
6352469
6352484
6352744
6352947
6353173
6353303
6353339
6353384
6353487
6353506
6353742
6353766
6353851
6353945
6354062
6354119
6354204
6354402
6354532
6354561
6354661
6354738
6354954
6355220
6355263
6355306
6355605
6355608
6355628
6355753
6355875
6356036
6356126
6356217
6356257
6356276
6356279
6356509
6356738
6356772
6356832
6356885
6356973
6356998
6357048
6357071
6357150
6357191
6357268
6357332
6357346
6357496
6357547
6357590
6357739
6357817
6357828
6358113
6358147
6358253
6358258
6358278
6358385
6358657
6358879
6359278
6359295
6359320
6359342
6359787
6359799
6359802
6359882
6359971
6359994
6360115
6360154
6360307
6360488
6360505
6360612
6360682
6360916
6361002
6361272
6361302
6361598
6361721
6361742
6362407
6362449
6362513
6362618
6362669
6362674
6362728
6362994
6363099
6363186
6363203
6363277
6363453
6363595
6363654
6363660
6363717
6363773
6363823
6363941
6364050
6364181
6364302
6364430
6364528
6364758
6364768
6364849
6365009
6365065
6365080
6365099
6365272
6365294
6365316
6365551
6365745
6365847
6365892
6366014
6366035
6366205
6366280
6366667
6367070
6367100
6367425
6367501
6367529
6367617
6367719
6367900
6368142
6368194
6368207
6368273
6368315
6368620
6368664
6368681
6368799
6368860
6368883
6369059
6369126
6369395
6369764
6369969
6370043
6370045
6370071
6370134
6370156
6370211
6370363
6370462
6370484
6370719
6370776
6370804
6370893
6371071
6371105
6371160
6371193
6371211
6371286
6371466
6371543
6371564
6371588
6371718
6371764
6371808
6371872
6371999
6372054
6372250
6372359
6372482
6372504
6372506
6372516
6372584
6372604
6372642
6372653
6372714
6372736
6372760
6372844
6372890
6373024
6373169
6373200
6373283
6373294
6373432
6373470
6373495
6373498
6373549
6373723
6373745
6374018
6374025
6374122
6374328
6374368
6374377
6374408
6374461
6374774
6374793
6374992
6375164
6375305
6375341
6375362
6375499
6375566
6375626
6375698
6375783
6375830
6375918
6376004
6376175
6376195
6376219
6376268
6376280
6376377
6376562
6376612
6376999
6377075
6377248
6377445
6377459
6377698
6377891
6377917
6377974
6378008
6378041
6378070
6378077
6378184
6378199
6378365
6378394
6378535
6378588
6378615
6378822
6379126
6379467
6379534
6379599
6379687
6379766
6379809
6379812
6379983
6380100
6380120
6380211
6380217
6380222
6380431
6380445
6380575
6380578
6380757
6381032
6381170
6381253
6381258
6381376
6381427
6381619
6381643
6381684
6381734
6381740
6381891
6381902
6381928
6381979
6382139
6382212
6382323
6382330
6382374
6382546
6382600
6382707
6382716
6382863
6382872
6382895
6383228
6383657
6383766
6383812
6383901
6384051
6384071
6384223
6384261
6384306
6384319
6384324
6384396
6384534
6384599
6384786
6384811
6384961
6385057
6385148
6385420
6385526
6385773
6385864
6385952
6385955
6385983
6386107
6386140
6386221
6386241
6386372
6386441
6386444
6386484
6386601
6386662
6386758
6386761
6386788
6386839
6386921
6387097
6387106
6387372
6387534
6387623
6387639
6388026
6388109
6388120
6388424
6388440
6388675
6388811
6388896
6388952
6389052
6389110
6389161
6389506
6389664
6389783
6389943
6390033
6390162
6390203
6390274
6390281
6390345
6390415
6390515
6390573
6390726
6391063
6391073
6391099
6391239
6391266
6391303
6391319
6391357
6391631
6391642
6391804
6391873
6391943
6392220
6392491
6392547
6392549
6392583
6392603
6392647
6392661
6392708
6393026
6393040
6393128
6393310
6393458
6393623
6393751
6393753
6393799
6394020
6394311
6394350
6394361
6394364
6394370
6394508
6394513
6394540
6394609
6394713
6394729
6394795
6394844
6394969
6395282
6395316
6395434
6395596
6395628
6395699
6395704
6395906
6395921
6395967
6395968
6395997
6396013
6396087
6396192
6396295
6396308
6396488
6396535
6396615
6396770
6396931
6396940
6396996
6397002
6397463
6397582
6397600
6397601
6397706
6397754
6397798
6397920
6398092
6398231
6398370
6398513
6398652
6398678
6398699
6399057
6399105
6399154
6399171
6399181
6399318
6399386
6399465
6399569
6399588
6399761
6399792
6399812
6399848
6399903
6400073
6400075
6400214
6400252
6400259
6400271
6400318
6400338
6400389
6400532
6400536
6400775
6400855
6400904
6400945
6401253
6401281
6401384
6401407
6401570
6401597
6401599
6401628
6401689
6401735
6401792
6401806
6401894
6401920
6402018
6402046
6402264
6402477
6402509
6402777
6403032
6403243
6403346
6403574
6403910
6403916
6404194
6404591
6404736
6404883
6404907
6405029
6405052
6405244
6405309
6405376
6405403
6405566
6405699
6405854
6405955
6405974
6406040
6406114
6406139
6406191
6406326
6406464
6406514
6406537
6406756
6406870
6407068
6407174
6407283
6407436
6407716
6407821
6407940
6408078
6408115
6408146
6408248
6408321
6408386
6408577
6408641
6408675
6408682
6408817
6408875
6408927
6408963
6408965
6409029
6409080
6409110
6409215
6409222
6409390
6409493
6409677
6409686
6410129
6410192
6410198
6410292
6410479
6410589
6410651
6410728
6410771
6410836
6410978
6411187
6411266
6411316
6411364
6411442
6411540
6411641
6411675
6411843
6411985
6412065
6412093
6412210
6412315
6412371
6412395
6412608
6412772
6412776
6412862
6412950
6413170
6413328
6413341
6414059
6414223
6414290
6414431
6414434
6414532
6414620
6414875
6415119
6415127
6415482
6415565
6415571
6415688
6415713
6415719
6415747
6415821
6415850
6416034
6416055
6416175
6416333
6416366
6416441
6416570
6416943
6417066
6417106
6417252
6417287
6417663
6417889
6417892
6417959
6417985
6418012
6418028
6418070
6418118
6418178
6418490
6418491
6418497
6418513
6418526
6418661
6418748
6418764
6419206
6419209
6419280
6419285
6419383
6419390
6419416
6419516
6419771
6419797
6419877
6419914
6419930
6420097
6420191
6420206
6420285
6420346
6420486
6420553
6420561
6420579
6420993
6421043
6421134
6421500
6421516
6421766
6421774
6422009
6422127
6422144
6422301
6422303
6422334
6422468
6422554
6422642
6423024
6423230
6423250
6423283
6423342
6423351
6423431
6423471
6423481
6423584
6423587
6423710
6423817
6423907
6424095
6424230
6424378
6424539
6424693
6424735
6424762
6424776
6424918
6425166
6425184
6425209
6425329
6425576
6425822
6425891
6425930
6425972
6425993
6426091
6426092
6426184
6426265
6426403
6426414
6426442
6426575
6426678
6426795
6426807
6426846
6426873
6426911
6426954
6426974
6427196
6427265
6427269
6427336
6427340
6427368
6427480
6427511
6427808
6427998
6428282
6428437
6428475
6428679
6428739
6428774
6428781
6428836
6428879
6428895
6429180
6429192
6429297
6429312
6429324
6429612
6429655
6429908
6430050
6430165
6430237
6430404
6430407
6430736
6430982
6431021
6431032
6431063
6431086
6431123
6431224
6431269
6431513
6431574
6431585
6431603
6431928
6432093
6432117
6432383
6432459
6432505
6432514
6432692
6433011
6433058
6433210
6433283
6433432
6433565
6433589
6433745
6433840
6433863
6433891
6433986
6434032
6434069
6434509
6434854
6434899
6434909
6435137
6435201
6435310
6435368
6435505
6435563
6435623
6435731
6435734
6436129
6436241
6436397
6436550
6436672
6436752
6437369
6437543
6437563
6437584
6437678
6437684
6437737
6437809
6437922
6437932
6438095
6438163
6438213
6438345
6438511
6438547
6438905
6439314
6439371
6439562
6439626
6439666
6439684
6439687
6439870
6440403
6440528
6440586
6440597
6440627
6440692
6440791
6441109
6441211
6441237
6441255
6441289
6441316
6441381
6441440
6441514
6441596
6441613
6441755
6441777
6442031
6442089
6442142
6442258
6442287
6442292
6442318
6442366
6442419
6442431
6442823
6442857
6442888
6442986
6443037
6443078
6443160
6443279
6443297
6443407
6443567
6443587
6443851
6443916
6444012
6444081
6444104
6444109
6444535
6444684
6444855
6444917
6444964
6444974
6445196
6445334
6445348
6445354
6445367
6445414
6445428
6445481
6445514
6445656
6445760
6445880
6445905
6446088
6446117
6446169
6446187
6446200
6446253
6446622
6446732
6446883
6447049
6447059
6447246
6447324
6447495
6447658
6447696
6447830
6447872
6447920
6447922
6448069
6448104
6448284
6448286
6448293
6448481
6448559
6448613
6448833
6449110
6449180
6449227
6449270
6449491
6449562
6449614
6449727
6449809
6449845
6449862
6449962
6450030
6450103
6450128
6450155
6450350
6450373
6450389
6450393
6450410
6450428
6450485
6450545
6450555
6450577
6450655
6450666
6450866
6450932
6450998
6451094
6451329
6451873
6452073
6452084
6452198
6452209
6452247
6452298
6452317
6452318
6452337
6452349
6452382
6452386
6452434
6452504
6452539
6452860
6452974
6453261
6453360
6453568
6453578
6453607
6453759
6454030
6454081
6454441
6454644
6454700
6454779
6454929
6454975
6455071
6455092
6455317
6455324
6455399
6455555
6455564
6455569
6455684
6455713
6455823
6455837
6455872
6455879
6455931
6455972
6455997
6456219
6456309
6456351
6456375
6456436
6456504
6456703
6456854
6456921
6456965
6456971
6456988
6456994
6457133
6457158
6457170
6457188
6457202
6457209
6457236
6457343
6457461
6457573
6457581
6457672
6457697
6457716
6457717
6457905
6458007
6458184
6458322
6458432
6458435
6458591
6458698
6458788
6458843
6459138
6459159
6459249
6459410
6459441
6459520
6459609
6459731
6459762
6459816
6459817
6459935
6459965
6460044
6460076
6460155
6460191
6460213
6460238
6460365
6460415
6460741
6460848
6461354
6462043
6462182
6462239
6462311
6462329
6462367
6462418
6462439
6462506
6462701
6462736
6462842
6462851
6463041
6463181
6463219
6463257
6463337
6463604
6463692
6463778
6463881
6464136
6464401
6464522
6464616
6464782
6464817
6464938
6464952
6465009
6465043
6465215
6465311
6465343
6465346
6465371
6465381
6465456
6465486
6465524
6465579
6465605
6465654
6465727
6465763
6465991
6466084
6466145
6466170
6466176
6466266
6466712
6466809
6466838
6466977
6467172
6467175
6467195
6467261
6467475
6467572
6467733
6467737
6467813
6468051
6468084
6468117
6468242
6468346
6468424
6468552
6468608
6468693
6468742
6468886
6468887
6469044
6469141
6469317
6469425
6469612
6469617
6469859
6469913
6470005
6470011
6470157
6470249
6470354
6470382
6470544
6470648
6470693
6470924
6471091
6471109
6471232
6471240
6471262
6471553
6471716
6471735
6471749
6471936
6471939
6471985
6472175
6472835
6472998
6473080
6473220
6473225
6473301
6473304
6473373
6473703
6473815
6473833
6473863
6473886
6473923
6473940
6474085
6474228
6474375
6474609
6474647
6474909
6474918
6474924
6474950
6474995
6475109
6475140
6475513
6475662
6475947
6475963
6476122
6476388
6476407
6476505
6476726
6476923
6477113
6477274
6477326
6477466
6477579
6477665
6477773
6477884
6477894
6477907
6477956
6478034
6478357
6478451
6478587
6478712
6478733
6478785
6478792
6478827
6478871
6478874
6478885
6479037
6479257
6479277
6479416
6479468
6479909
6479928
6479964
6480045
6480098
6480304
6480374
6480621
6480658
6480687
6480701
6480721
6480772
6480854
6480901
6480905
6480966
6481173
6481329
6481431
6481438
6481529
6481628
6481689
6481857
6481954
6482122
6482149
6482172
6482306
6482414
6482577
6482581
6482587
6482728
6482885
6482899
6482964
6483037
6483284
6483496
6483783
6484187
6484755
6484762
6484783
6484932
6484973
6485016
6485296
6485347
6485471
6485495
6485518
6485646
6485823
6485867
6485876
6486012
6486029
6486094
6486138
6486152
6486289
6486307
6486442
6486449
6486551
6486618
6486810
6486816
6486822
6487003
6487065
6487164
6487635
6487804
6487851
6487919
6487924
6488035
6488130
6488177
6488236
6488297
6488346
6488421
6488471
6488605
6488618
6488642
6488875
6489259
6489382
6489529
6489687
6489751
6489772
6489819
6490064
6490068
6490106
6490167
6490389
6490534
6490683
6490791
6490800
6490848
6490932
6490950
6491026
6491091
6491120
6491132
6491156
6491166
6491167
6491880
6491970
6491985
6492009
6492179
6492221
6492241
6492570
6492583
6492673
6492889
6492968
6493063
6493199
6493330
6493408
6493411
6493440
6493529
6493607
6493864
6493894
6494032
6494342
6494449
6494481
6494523
6494535
6494562
6494725
6494787
6494840
6494876
6494894
6495116
6495256
6495644
6495790
6495927
6496013
6496043
6496103
6496198
6496207
6496231
6496259
6496311
6496319
6496520
6496727
6496834
6496849
6496851
6496909
6497042
6497406
6497460
6497466
6497502
6497624
6497669
6497877
6497988
6498137
6498271
6498324
6498463
6498746
6498751
6498849
6498969
6499075
6499172
6499412
6499457
6499478
6499512
6499536
6499587
6499771
6499837
6499943
6499949
6500246
6500351
6500353
6500366
6500504
6500548
6500795
6500931
6500935
6501017
6501110
6501157
6501279
6501327
6501434
6501494
6501502
6501595
6501626
6501628
6501644
6501701
6501830
6502047
6502088
6502214
6502314
6502411
6502651
6502802
6502824
6502921
6502933
6503129
6503221
6503423
6503446
6503458
6503527
6503663
6503782
6503823
6503961
6504201
6504354
6504371
6504477
6504485
6504497
6504517
6504595
6504632
6504661
6504691
6504808
6504917
6505169
6505320
6505344
6505763
6505803
6506074
6506196
6506254
6506379
6506383
6506526
6506753
6506795
6507061
6507169
6507377
6507381
6507387
6507512
6507515
6507557
6507635
6507652
6507767
6507820
6507886
6507893
6507952
6508112
6508255
6508257
6508376
6508433
6508485
6508664
6508717
6508783
6508900
6508964
6509017
6509514
6509604
6509708
6509721
6509768
6509780
6509895
6509900
6509961
6510050
6510106
6510631
6510699
6510977
6511061
6511121
6511133
6511223
6511251
6511257
6511296
6511414
6511474
6511503
6511518
6511643
6511684
6511820
6511920
6512001
6512286
6512337
6512363
6512418
6512547
6512733
6512742
6512867
6512992
6513054
6513279
6513301
6513336
6513429
6513668
6513719
6513876
6513948
6514041
6514052
6514171
6514172
6514281
6514421
6514541
6514561
6514659
6514702
6514821
6514864
6515035
6515059
6515091
6515198
6515297
6515318
6515471
6515599
6515624
6515728
6515730
6515937
6515956
6516148
6516190
6516196
6516222
6516363
6516378
6516510
6516590
6516602
6516648
6516960
6516989
6517139
6517276
6517332
6517389
6517462
6517605
6517835
6517905
6517997
6518070
6518080
6518089
6518117
6518154
6518184
6518553
6518783
6518978
6519046
6519151
6519287
6519310
6519324
6519465
6519606
6519633
6519642
6519709
6519769
6519818
6519977
6520197
6520284
6520383
6520395
6520513
6520573
6520630
6520666
6520687
6520960
6520987
6521275
6521659
6521763
6521962
6522341
6522436
6522537
6522582
6522585
6522861
6522941
6522958
6523028
6523032
6523126
6523484
6523487
6523581
6523613
6523637
6523652
6523666
6523727
6523750
6523754
6523795
6523861
6523941
6524013
6524034
6524104
6524142
6524153
6524206
6524216
6524254
6524300
6524315
6524435
6524471
6524502
6524855
6525014
6525053
6525141
6525222
6525273
6525330
6525521
6525628
6525711
6525831
6525972
6526122
6526187
6526203
6526217
6526404
6526630
6526781
6526883
6526999
6527194
6527253
6527289
6527356
6527363
6527366
6527429
6527569
6527621
6527627
6527687
6527837
6527846
6528025
6528076
6528301
6528363
6528399
6528651
6528706
6528913
6528964
6529145
6529468
6529506
6529545
6529675
6529752
6529877
6530115
6530165
6530252
6530263
6530373
6530639
6530662
6530736
6530811
6530972
6531004
6531140
6531196
6531259
6531416
6531691
6531812
6532030
6532052
6532256
6532326
6532363
6532564
6532646
6532672
6532765
6532816
6532872
6532916
6533105
6533381
6533541
6533553
6533697
6533764
6534111
6534155
6534181
6534265
6534276
6534336
6534417
6534464
6534479
6534491
6534756
6534867
6534892
6534935
6535264
6535309
6535539
6535714
6535716
6535759
6535774
6535788
6535837
6535951
6535971
6535996
6536008
6536220
6536255
6536593
6536601
6536655
6536772
6536839
6536896
6536971
6537807
6537849
6538222
6538354
6538471
6538472
6538508
6538552
6538591
6538758
6538789
6538856
6538939
6539023
6539295
6539332
6539483
6539524
6539673
6539718
6539808
6539817
6539889
6540167
6540209
6540294
6540295
6540439
6540534
6540556
6540638
6540760
6540806
6540904
6540926
6541014
6541092
6541109
6541115
6541149
6541425
6541701
6541886
6541956
6541975
6542007
6542015
6542039
6542071
6542102
6542143
6542233
6542278
6542286
6542320
6542362
6542420
6542448
6542705
6542823
6542871
6542879
6542890
6542917
6542924
6543005
6543193
6543479
6543549
6543721
6543827
6543842
6543922
6544001
6544141
6544171
6544261
6544296
6544569
6544713
6544871
6545014
6545106
6545345
6545520
6545522
6545528
6545531
6545617
6545622
6545705
6545743
6545959
6546000
6546024
6546041
6546043
6546202
6546329
6546369
6546378
6546411
6546430
6546922
6546967
6547012
6547256
6547460
6547513
6547585
6547761
6547783
6548160
6548199
6548583
6548822
6548852
6548876
6548922
6548936
6549171
6549298
6549342
6549395
6549426
6549444
6549472
6549524
6549575
6549845
6549850
6549897
6550017
6550021
6550091
6550190
6550268
6550273
6550312
6550346
6550423
6550543
6550716
6550726
6550974
6551047
6551085
6551104
6551142
6551149
6551170
6551231
6551232
6551438
6551786
6551810
6551840
6551864
6551927
6551963
6551995
6552013
6552080
6552125
6552183
6552360
6552696
6552698
6552808
6552825
6552975
6553008
6553095
6553173
6553290
6553489
6553588
6553608
6553787
6553798
6553873
6554290
6554404
6554564
6554624
6554693
6554726
6554866
6554909
6554961
6555022
6555032
6555091
6555152
6555354
6555386
6555467
6555495
6555499
6555515
6555526
6555581
6555625
6555631
6555766
6555770
6555955
6556137
6556216
6556307
6556355
6556394
6556440
6556539
6556663
6556784
6556981
6557150
6557196
6557216
6557264
6557342
6557366
6557475
6557594
6557612
6557770
6557976
6558022
6558348
6558388
6558389
6558391
6558588
6558611
6558963
6558976
6559079
6559157
6559166
6559259
6559282
6559372
6559458
6559594
6559647
6559723
6559766
6559878
6559885
6559950
6559954
6560021
6560143
6560144
6560331
6560365
6560455
6560543
6560621
6560699
6560787
6560826
6560950
6561237
6561238
6561267
6561388
6561407
6561431
6561459
6561483
6561657
6561748
6561846
6561946
6561954
6561970
6562044
6562142
6562376
6562442
6562471
6562626
6562960
6563066
6563086
6563184
6563364
6563418
6563559
6563570
6563588
6563825
6563853
6563888
6563948
6563983
6564125
6564250
6564279
6564423
6564602
6564783
6564784
6564884
6564964
6565041
6565096
6565123
6565206
6565405
6565434
6565483
6565546
6565630
6565775
6565878
6565964
6565971
6565976
6566006
6566177
6566239
6566347
6566356
6566729
6566854
6566873
6566971
6567022
6567171
6567222
6567482
6567526
6567925
6567940
6568211
6568295
6568354
6568444
6568507
6568552
6568709
6568721
6568889
6568931
6569338
6569752
6569838
6569895
6569981
6570063
6570426
6570465
6570557
6570579
6570691
6571030
6571242
6571272
6571526
6571567
6571727
6571778
6572081
6572101
6572119
6572195
6572309
6572342
6572491
6572496
6572503
6572601
6572665
6572700
6572721
6573108
6573147
6573218
6573256
6573409
6573445
6573456
6573554
6573600
6573963
6574123
6574301
6574379
6574522
6574587
6574665
6574689
6574693
6574779
6574943
6575126
6575211
6575272
6575459
6575568
6575596
6575674
6575769
6575957
6575963
6576062
6576333
6576337
6576410
6576872
6576929
6576978
6577057
6577072
6577127
6577177
6577325
6577626
6577670
6577771
6577795
6577854
6577959
6578006
6578375
6578422
6578533
6578537
6578658
6578882
6578907
6579060
6579146
6579359
6579467
6579503
6579527
6579571
6579577
6579637
6579839
6580103
6580192
6580214
6580398
6580491
6580559
6580894
6580946
6580973
6581042
6581369
6581414
6581459
6581550
6581596
6581634
6581732
6581810
6581869
6581988
6582112
6582167
6582179
6582236
6582395
6582465
6582566
6582722
6582746
6582797
6582882
6582928
6582982
6583183
6583286
6583389
6583563
6583602
6583688
6583744
6583763
6583768
6583958
6584018
6584194
6584398
6584430
6584555
6584654
6584757
6584860
6584950
6584982
6584988
6585003
6585029
6585795
6585847
6585981
6585997
6586014
6586056
6586121
6586181
6586434
6586532
6586667
6586725
6587246
6587279
6587296
6587312
6587336
6587563
6587730
6587846
6587916
6588016
6588178
6588335
6588425
6588469
6589135
6589177
6589369
6589407
6589461
6589508
6589582
6589940
6590020
6590072
6590085
6590298
6590409
6590456
6590525
6590586
6590633
6590653
6590750
6590851
6590872
6591101
6591281
6591382
6591477
6591523
6591537
6591543
6591556
6591681
6591709
6591745
6591805
6591997
6592081
6592092
6592246
6592298
6592319
6592357
6592520
6592622
6592651
6592683
6592730
6592738
6592966
6592973
6593035
6593077
6593184
6593187
6593234
6593372
6593458
6593906
6593911
6593922
6593926
6594058
6594085
6594296
6594318
6594414
6594429
6594547
6594565
6594804
6594813
6594818
6594948
6595100
6595424
6595505
6595555
6595572
6595828
6595877
6595903
6596077
6596350
6596354
6596382
6596470
6596539
6596732
6596781
6596826
6597130
6597313
6597388
6597509
6597538
6597544
6597584
6597618
6597744
6597913
6597931
6597943
6597980
6598164
6598168
6598220
6598227
6598255
6598418
6598523
6598577
6598728
6598734
6598776
6598821
6598855
6598881
6598940
6599055
6599212
6599224
6599252
6599278
6599302
6599431
6599452
6599496
6599665
6599770
6599893
6599975
6600047
6600067
6600153
6600172
6600502
6600625
6600644
6600991
6601069
6601083
6601188
6601346
6601390
6601537
6601736
6601881
6601906
6601967
6602046
6602174
6602311
6602536
6602542
6602571
6602610
6602626
6602695
6602815
6602991
6603102
6603196
6603239
6603324
6603630
6603776
6603872
6603916
6604270
6604374
6604391
6604426
6604455
6604560
6604903
6605017
6605325
6605430
6605464
6605473
6605487
6605831
6605885
6605946
6606031
6606074
6606163
6606164
6606171
6606282
6606382
6606405
6606532
6606809
6606962
6606979
6607063
6607124
6607130
6607592
6607712
6607798
6607808
6607820
6607968
6607995
6608108
6608109
6608160
6608383
6608466
6608570
6608607
6608681
6608750
6608771
6608809
6608890
6608960
6609027
6609338
6609344
6609617
6609895
6610017
6610213
6610243
6610562
6610835
6610946
6610947
6611016
6611043
6611053
6611326
6611347
6611432
6611522
6611593
6611747
6611828
6612139
6612287
6612415
6612429
6612543
6612558
6612691
6612695
6612751
6612770
6612845
6612861
6613071
6613325
6613533
6613627
6613632
6614267
6614280
6614667
6614681
6614724
6614931
6615119
6615160
6615214
6615498
6615594
6615632
6615719
6615726
6615925
6616024
6616116
6616183
6616222
6616328
6616496
6616537
6616706
6616924
6616992
6617162
6617252
6617263
6617330
6617390
6617391
6617430
6617866
6617979
6617987
6618118
6618231
6618234
6618353
6618397
6618586
6618681
6618903
6618941
6619009
6619076
6619127
6619156
6619171
6619216
6619383
6619502
6619682
6619743
6619755
6619862
6619869
6620002
6620309
6620382
6620407
6620441
6620469
6620605
6620773
6620824
6621123
6621210
6621224
6621262
6621332
6621393
6621429
6621695
6621799
6621854
6621913
6622093
6622163
6622278
6622282
6622302
6622328
6622513
6622837
6622840
6622841
6622979
6623146
6623350
6623361
6623371
6623394
6623640
6623718
6623806
6623835
6623837
6623855
6623955
6624007
6624140
6624655
6625083
6625199
6625236
6625367
6625427
6625767
6625836
6625890
6625931
6625935
6626104
6626246
6626337
6626456
6626521
6626630
6626953
6626978
6626984
6627003
6627284
6627385
6627455
6627495
6627695
6627705
6628011
6628072
6628166
6628197
6628219
6628349
6628472
6628475
6628520
6628557
6628649
6628708
6628886
6628900
6628935
6628941
6629008
6629132
6629218
6629229
6629251
6629282
6629333
6629401
6629483
6629710
6629768
6629805
6629911
6630130
6630163
6630194
6630558
6630696
6630728
6630871
6630888
6631049
6631317
6631334
6631385
6631419
6631493
6631526
6631585
6631687
6631693
6631793
6631893
6632115
6632217
6632241
6632348
6632804
6633020
6633395
6633441
6633620
6633663
6633787
6633885
6633905
6634011
6634113
6634116
6634179
6634258
6634507
6634598
6634639
6634775
6634815
6634821
6634860
6634880
6635331
6635648
6635703
6635756
6635763
6635778
6635829
6636021
6636054
6636108
6636360
6636394
6636635
6636771
6636874
6636992
6637050
6637064
6637161
6637180
6637254
6637290
6637429
6637601
6637657
6637791
6638035
6638075
6638078
6638191
6638408
6638551
6638578
6638609
6639054
6639087
6639188
6639235
6639578
6639677
6639846
6639863
6640148
6640184
6640205
6640300
6640518
6640522
6640561
6640565
6640569
6640578
6640585
6640636
6640884
6640897
6640993
6641354
6641644
6641819
6641898
6641981
6642066
6642099
6642494
6642498
6642531
6642551
6642708
6642851
6642917
6642962
6643577
6643612
6643674
6643689
6643704
6643727
6643772
6643802
6643810
6643820
6644021
6644056
6644079
6644275
6644418
6644433
6644601
6644605
6644631
6644679
6644683
6644742
6645132
6645135
6645185
6645223
6645270
6645336
6645417
6645541
6645746
6645833
6645922
6645925
6645996
6645999
6646012
6646542
6646550
6646689
6646698
6646785
6647196
6647377
6647386
6647496
6647579
6647738
6647803
6647844
6647855
6647856
6647878
6647888
6647905
6648068
6648252
6648550
6648830
6648837
6648944
6648995
6649008
6649069
6649137
6649286
6649320
6649465
6649508
6649529
6649560
6649652
6649712
6649771
6649784
6649830
6649902
6649981
6650044
6650140
6650223
6650332
6650401
6650409
6650436
6650822
6650866
6650920
6650945
6651021
6651065
6651289
6651317
6651324
6651381
6651393
6651858
6651859
6651985
6652004
6652021
6652146
6652282
6652371
6652511
6652566
6652580
6652611
6652613
6652668
6652820
6652937
6652984
6652999
6653129
6653230
6653240
6653299
6653465
6653694
6653732
6653857
6653968
6653992
6654275
6654381
6654464
6654502
6654595
6654631
6654670
6654757
6655090
6655572
6655649
6655691
6655707
6655847
6655994
6656103
6656175
6656188
6656217
6656363
6656473
6656538
6656588
6656661
6656720
6656723
6656851
6656899
6656950
6657118
6657369
6657530
6657632
6657744
6657818
6657819
6657967
6658078
6658106
6658215
6658219
6658259
6658307
6658653
6658665
6658793
6658794
6658817
6658890
6658917
6658955
6658962
6659019
6659076
6659213
6659346
6659380
6659586
6659629
6659839
6659900
6659974
6660168
6660217
6660222
6660401
6660463
6660559
6660590
6660721
6660764
6660842
6660850
6660896
6661277
6661288
6661319
6661390
6661660
6661716
6661717
6661732
6661748
6661811
6661851
6661931
6662074
6662108
6662165
6662199
6662333
6662464
6662693
6662761
6662764
6662884
6662963
6663007
6663113
6663458
6663503
6663542
6663599
6663942
6664093
6664130
6664249
6664300
6664320
6664388
6664583
6664647
6664797
6664822
6664855
6664896
6664903
6664932
6665062
6665124
6665160
6665233
6665472
6665541
6665601
6665651
6665715
6665779
6665861
6666231
6666332
6666403
6666510
6666800
6666954
6667005
6667386
6667408
6667458
6667545
6667745
6667788
6667822
6668174
6668192
6668242
6668395
6668640
6668663
6668769
6668783
6668839
6669032
6669042
6669290
6669367
6669492
6669496
6669589
6669596
6669861
6669916
6669918
6669974
6670013
6670074
6670296
6670331
6670387
6670460
6670490
6670507
6670709
6670828
6670926
6671212
6671280
6671361
6671449
6671710
6671743
6672159
6672198
6672250
6672274
6672450
6672485
6672565
6672627
6672705
6673032
6673264
6673326
6673467
6673699
6673860
6674004
6674043
6674106
6674214
6674289
6674303
6674340
6674448
6674485
6674515
6674572
6674593
6674596
6674976
6675002
6675018
6675049
6675111
6675125
6675150
6675191
6675247
6675310
6675380
6675460
6675580
6675594
6675630
6675981
6676035
6676164
6676251
6676281
6676335
6676475
6676720
6676741
6676832
6676849
6676881
6676886
6676912
6676990
6677216
6677227
6677244
6677265
6677331
6677551
6677578
6677616
6677903
6678001
6678099
6678202
6678335
6678660
6678663
6678830
6678937
6679063
6679136
6679487
6679506
6679508
6679581
6679598
6679620
6679628
6679674
6679687
6679738
6679747
6679834
6679934
6679985
6680009
6680015
6680364
6680682
6680763
6680958
6680974
6681030
6681090
6681153
6681222
6681276
6681300
6681351
6681408
6681433
6681725
6681990
6682264
6682298
6682361
6682477
6682615
6682705
6682829
6683184
6683219
6683282
6683331
6683349
6683364
6683435
6683567
6683619
6683988
6684074
6684112
6684223
6684322
6684355
6684475
6684512
6684553
6684561
6684729
6685130
6685135
6685149
6685188
6685239
6685243
6685258
6685346
6685394
6685443
6685461
6685573
6685752
6685832
6685924
6686174
6686365
6686685
6686793
6687161
6687291
6687292
6687298
6687351
6687395
6687469
6687529
6687752
6687795
6688041
6688099
6688140
6688309
6688539
6688580
6688583
6688663
6688721
6688732
6688948
6688954
6689354
6689438
6689530
6689571
6689582
6689626
6689827
6689828
6689960
6690098
6690449
6690539
6690564
6690724
6690936
6691081
6691126
6691144
6691200
6691407
6691642
6691694
6691735
6692147
6692188
6692367
6692416
6692437
6692591
6692594
6692721
6692906
6692945
6693029
6693058
6693073
6693125
6693227
6693251
6693534
6693721
6693776
6693779
6693979
6694136
6694179
6694402
6694551
6694861
6695058
6695136
6695250
6695268
6695337
6695407
6695465
6695628
6695802
6695824
6695885
6695928
6695940
6695964
6695977
6696015
6696068
6696086
6696159
6696236
6696322
6696447
6696571
6696594
6696734
6696927
6697098
6697241
6697318
6697794
6697861
6697932
6698007
6698083
6698112
6698122
6698366
6698531
6698551
6698813
6698840
6698946
6699071
6699081
6699083
6699108
6699116
6699171
6699199
6699314
6699648
6699704
6699766
6699816
6699825
6699844
6700086
6700149
6700194
6700253
6700274
6700499
6700599
6700727
6700828
6700831
6700848
6700915
6701018
6701043
6701126
6701265
6701313
6701384
6701385
6701392
6701498
6701739
6701834
6702408
6702473
6702476
6702515
6702519
6702552
6702693
6703095
6703346
6704386
6704427
6704454
6704457
6704473
6704777
6704802
6705062
6705079
6705101
6705326
6705340
6705490
6705523
6705787
6705999
6706016
6706041
6706055
6706094
6706275
6706319
6706354
6706371
6706452
6706676
6706722
6706861
6706878
6706895
6706944
6707035
6707156
6707249
6707353
6707458
6707484
6707501
6707533
6707613
6707666
6707820
6708179
6708381
6708598
6708806
6708865
6708932
6708964
6708976
6709129
6709155
6709484
6709492
6709774
6709915
6709927
6710193
6710289
6710323
6710347
6710454
6710567
6710925
6710982
6711232
6711240
6711251
6711316
6711703
6711721
6711797
6711798
6711882
6711928
6711947
6711989
6712180
6712272
6712494
6712695
6712925
6713076
6713202
6713531
6713641
6713657
6713676
6713859
6713901
6714063
6714259
6714324
6714423
6714432
6714470
6714489
6714513
6714541
6714590
6714616
6714734
6714800
6714837
6714998
6715005
6715012
6715027
6715041
6715084
6715147
6715181
6715244
6715305
6715454
6715547
6715568
6715684
6716003
6716043
6716059
6716111
6716130
6716301
6716334
6716445
6716483
6716629
6716663
6716725
6716751
6716948
6717215
6717309
6717365
6717366
6717412
6717452
6717637
6717783
6717826
6718121
6718285
6718388
6718433
6718473
6718495
6718548
6718605
6718619
6718915
6718930
6719001
6719344
6719415
6720099
6720115
6720153
6720279
6720285
6720296
6720426
6720644
6720647
6720648
6720828
6720838
6720849
6720891
6721048
6721091
6721201
6721240
6721286
6721360
6721563
6721692
6721697
6721705
6721793
6721990
6721995
6722086
6722154
6722264
6722274
6722356
6722574
6722666
6722708
6722728
6722743
6722755
6722781
6722820
6722887
6722897
6723094
6723265
6723267
6723294
6723471
6723485
6723767
6723906
6723930
6723971
6724010
6724045
6724088
6724174
6724268
6724393
6724474
6724543
6724555
6724584
6724816
6724865
6724942
6725129
6725217
6725253
6725374
6725470
6725494
6725530
6725715
6725762
6725763
6725840
6725869
6725958
6726120
6726215
6726402
6726580
6726643
6726645
6726711
6726758
6726873
6727219
6727640
6727914
6727959
6728139
6728185
6728249
6728339
6728405
6728564
6728615
6728797
6728926
6729056
6729218
6729241
6729425
6729577
6729582
6729618
6729938
6730206
6730232
6730325
6730428
6730521
6730539
6730547
6730799
6730892
6731518
6731559
6731624
6731672
6731718
6731842
6732109
6732163
6732204
6732238
6732328
6732414
6732424
6732441
6732543
6732573
6732590
6732732
6732903
6733046
6733128
6733149
6733179
6733299
6733365
6733562
6733570
6733805
6733952
6733959
6733982
6733992
6733998
6734035
6734040
6734157
6734359
6734673
6734698
6734712
6734840
6734899
6734958
6735046
6735054
6735114
6735172
6735189
6735271
6735301
6735407
6735438
6735478
6735482
6735594
6735650
6735817
6735859
6735943
6735954
6736055
6736333
6736356
6736395
6736540
6736682
6736712
6736806
6736978
6737011
6737070
6737135
6737206
6737350
6737549
6737738
6737944
6737955
6738019
6738221
6738231
6738583
6738589
6738624
6738777
6739043
6739123
6739218
6739238
6739464
6739511
6739613
6739741
6739797
6739804
6739827
6739854
6740487
6740584
6740736
6740917
6740968
6741007
6741049
6741156
6741225
6741237
6741381
6741393
6741584
6741622
6741632
6741657
6741773
6741842
6741889
6741923
6741951
6741966
6742165
6742191
6742231
6742249
6742368
6742509
6742602
6742662
6742773
6742794
6742809
6742849
6742976
6743003
6743147
6743386
6743661
6743663
6743748
6743822
6743856
6743887
6744287
6744379
6744450
6744488
6744585
6744622
6744629
6744743
6744823
6744883
6744899
6745098
6745396
6745496
6745515
6745527
6745563
6745583
6745641
6745958
6746066
6746136
6746225
6746260
6746305
6746390
6746405
6746596
6746654
6746677
6746781
6746902
6747021
6747304
6747423
6747471
6747689
6747887
6747993
6748053
6748076
6748117
6748185
6748315
6748450
6748633
6748660
6748678
6748892
6749095
6749260
6749348
6749412
6749444
6749490
6749689
6749707
6749763
6749767
6749788
6750095
6750171
6750203
6750216
6750356
6750414
6750500
6750687
6750765
6751088
6751152
6751158
6751276
6751464
6751520
6751546
6751549
6751605
6751629
6751734
6751842
6752006
6752023
6752090
6752094
6752148
6752336
6752615
6752669
6752786
6752901
6752972
6753014
6753373
6753453
6753551
6753616
6753943
6754056
6754119
6754169
6754240
6754401
6754452
6754651
6754735
6754864
6755109
6755161
6755214
6755367
6755441
6755502
6755509
6755714
6755785
6755913
6755917
6756005
6756052
6756091
6756122
6756244
6756284
6756586
6756696
6756851
6757023
6757085
6757198
6757363
6757462
6757493
6757550
6757681
6757842
6757953
6758002
6758043
6758049
6758079
6758111
6758294
6758309
6758620
6758714
6758738
6758764
6758786
6758787
6758869
6759065
6759111
6759175
6759222
6759305
6759385
6759547
6759550
6759673
6759768
6759865
6759870
6759996
6760001
6760012
6760098
6760181
6760247
6760303
6760312
6760347
6760475
6760653
6760781
6760834
6760850
6760943
6760955
6760977
6761083
6761231
6761672
6761854
6762108
6762610
6762932
6763032
6763214
6763252
6763528
6763622
6763755
6764021
6764121
6764189
6764490
6764688
6764881
6764896
6764913
6765068
6765092
6765112
6765272
6765277
6765338
6765396
6765480
6765500
6765712
6765720
6765788
6765860
6765865
6765880
6765901
6765944
6766020
6766062
6766201
6766294
6766353
6766474
6766484
6766517
6766536
6766698
6766911
6767244
6767370
6767389
6767404
6767515
6767679
6767680
6767788
6767819
6768120
6768131
6768215
6768328
6768461
6768528
6768594
6768597
6768766
6768958
6769118
6769150
6769182
6769212
6769305
6769399
6769436
6769570
6769701
6769798
6769867
6770015
6770048
6770068
6770171
6770176
6770277
6770519
6770534
6770605
6770944
6771054
6771181
6771374
6771417
6771826
6772119
6772146
6772195
6772243
6772356
6772365
6772462
6772602
6772664
6772946
6772965
6773016
6773017
6773160
6773209
6773227
6773685
6773761
6773770
6773873
6774052
6774201
6774229
6774254
6774314
6774517
6774518
6774729
6774826
6774888
6775112
6775255
6775286
6775604
6775712
6775717
6775721
6775901
6775976
6776255
6776291
6776450
6776506
6776531
6776720
6776956
6776989
6777044
6777099
6777264
6777360
6777424
6777457
6777527
6777591
6777894
6778101
6778198
6778269
6778420
6778441
6778469
6778538
6778579
6778745
6778895
6778933
6779356
6779519
6779646
6779881
6779942
6780179
6780212
6780446
6780483
6780526
6780665
6780777
6780932
6780951
6780983
6781026
6781053
6781106
6781239
6781307
6781319
6781322
6781324
6781473
6781554
6781556
6781660
6781693
6781989
6782095
6782183
6782288
6782345
6782411
6782489
6782654
6782690
6782763
6782771
6782834
6782841
6782844
6782971
6783308
6783360
6783608
6783660
6783672
6783712
6783787
6784289
6784306
6784358
6784405
6784429
6784575
6784614
6784725
6784751
6784782
6784845
6785074
6785090
6785155
6785319
6785422
6785437
6785511
6785551
6785588
6785598
6785720
6785754
6785772
6785940
6786078
6786207
6786282
6786347
6786416
6786479
6786727
6786729
6786754
6786802
6786847
6786900
6787087
6787248
6787310
6787345
6787380
6787413
6787429
6787455
6787824
6787831
6787866
6787925
6788043
6788057
6788076
6788118
6788325
6788478
6788510
6788561
6788683
6788687
6789095
6789138
6789170
6789220
6789604
6789606
6789789
6789809
6789891
6790079
6790161
6790186
6790254
6790407
6790705
6790764
6790770
6790844
6790959
6791186
6791323
6791390
6791722
6791734
6791754
6791789
6792054
6792261
6792383
6792445
6792537
6792575
6792633
6792672
6792680
6792742
6792821
6792839
6792993
6793112
6793284
6793351
6793468
6793549
6793630
6793676
6793903
6794261
6794554
6794601
6794680
6794850
6794867
6794956
6795017
6795198
6795231
6795314
6795332
6795371
6795568
6795786
6795888
6795914
6795921
6795930
6796060
6796193
6796309
6796343
6796448
6796488
6796489
6796697
6796744
6796761
6796850
6797028
6797316
6797319
6797704
6797745
6797834
6797848
6797936
6798093
6798104
6798286
6798369
6798475
6798481
6798482
6798549
6798558
6798635
6798900
6798969
6799058
6799074
6799153
6799154
6799441
6799464
6799596
6799732
6799748
6800102
6800179
6800304
6800317
6800445
6800818
6800921
6801039
6801205
6801235
6801301
6801480
6801744
6801762
6801832
6801839
6801991
6802250
6802298
6802338
6802428
6802446
6802481
6802511
6802682
6802685
6802871
6802999
6803090
6803155
6803218
6803256
6803292
6803325
6803401
6803455
6803585
6803765
6803785
6803797
6803814
6803832
6803915
6804564
6804631
6804944
6805181
6805310
6805368
6805373
6805620
6805792
6805871
6805884
6805910
6805960
6805976
6806206
6806281
6806348
6806360
6806362
6806387
6806522
6806608
6806764
6806778
6807103
6807418
6807448
6807462
6807497
6807650
6807847
6808005
6808038
6808048
6808066
6808088
6808283
6808375
6808402
6808463
6808465
6808486
6808890
6808902
6808931
6808943
6809247
6809300
6809306
6809358
6809452
6809608
6809740
6809789
6809825
6810016
6810156
6810286
6810338
6810404
6810513
6810547
6810602
6810625
6810797
6810847
6811008
6811097
6811271
6811339
6811357
6811359
6811376
6811410
6811446
6811704
6811781
6811910
6812009
6812097
6812225
6812259
6812327
6812489
6812566
6812644
6812678
6812810
6812895
6813102
6813112
6813237
6813283
6813299
6813311
6813520
6813530
6813556
6813560
6813566
6813611
6813778
6813841
6813853
6813860
6813972
6813974
6814419
6814460
6814472
6814551
6814800
6814885
6815071
6815076
6815179
6815254
6815292
6815319
6815424
6815484
6815515
6815620
6815765
6815897
6816044
6816274
6816276
6816287
6816337
6816358
6816369
6816383
6816395
6816414
6816598
6816788
6816954
6817082
6817098
6817110
6817265
6817302
6817366
6817454
6817455
6817518
6817782
6817881
6817963
6818024
6818029
6818036
6818051
6818054
6818117
6818297
6818299
6818496
6818594
6818644
6818732
6818750
6818796
6818880
6818900
6818989
6819007
6819036
6819294
6819352
6819466
6819533
6819810
6820148
6820186
6820246
6820273
6820472
6820513
6820540
6820586
6820587
6820635
6820712
6820946
6821056
6821069
6821151
6821238
6821267
6821340
6821453
6821603
6821777
6821919
6822135
6822225
6822227
6822341
6822357
6822403
6822631
6822657
6822718
6822759
6822839
6822907
6823292
6823395
6823455
6823525
6823623
6823703
6823829
6823925
6824064
6824273
6824387
6824457
6824589
6824626
6824657
6824904
6824907
6824940
6825534
6825688
6825855
6826089
6826160
6826210
6826219
6826244
6826585
6826774
6827000
6827067
6827104
6827264
6827483
6827605
6827731
6827850
6827997
6828083
6828255
6828262
6828354
6828388
6828396
6828441
6828557
6828762
6828918
6829127
6829220
6829332
6829372
6829432
6829497
6829591
6829602
6829609
6829663
6829696
6829698
6829709
6829974
6830217
6830301
6830317
6830376
6830399
6830585
6830591
6830709
6830771
6830776
6830920
6830962
6830977
6831016
6831109
6831141
6831160
6831185
6831393
6831478
6831599
6831640
6831720
6831747
6831964
6832049
6832145
6832185
6832219
6832393
6832415
6832421
6832486
6832489
6832506
6832762
6832808
6832871
6832964
6833008
6833061
6833134
6833272
6833312
6833399
6833627
6833802
6833899
6833969
6834202
6834509
6834603
6834693
6834768
6834771
6834853
6834905
6834919
6834965
6834989
6835058
6835098
6835243
6835305
6835490
6835795
6835998
6836162
6836247
6836248
6836389
6836611
6836851
6836867
6836874
6836928
6837038
6837298
6837506
6837571
6837579
6837650
6837673
6837776
6837787
6837960
6838021
6838023
6838159
6838195
6838382
6838570
6838582
6838648
6838675
6838685
6838871
6838926
6838938
6838943
6839010
6839048
6839062
6839080
6839084
6839128
6839304
6839536
6839559
6839706
6839968
6840120
6840159
6840254
6840442
6840467
6840519
6840535
6840733
6840815
6840953
6841065
6841207
6841281
6841463
6841586
6841598
6841670
6841722
6841747
6841752
6842043
6842069
6842115
6842176
6842181
6842410
6842439
6842490
6842541
6842672
6842846
6842930
6843136
6843172
6843257
6843405
6843602
6843613
6843963
6844007
6844123
6844188
6844698
6844725
6844809
6844895
6844931
6844947
6845018
6845054
6845078
6845108
6845217
6845443
6845563
6845625
6845679
6845707
6845725
6845748
6845833
6845845
6846138
6846153
6846350
6846562
6846597
6846791
6846812
6846972
6847046
6847048
6847168
6847411
6847437
6847487
6847739
6847764
6847889
6848024
6848147
6848158
6848323
6848369
6848577
6848595
6848614
6848620
6848653
6848957
6849038
6849158
6849349
6849359
6849452
6849627
6849905
6849994
6850067
6850198
6850358
6850567
6850772
6850856
6850943
6850944
6851007
6851018
6851032
6851188
6851404
6851615
6851627
6851696
6851714
6851790
6851813
6851828
6852061
6852147
6852215
6852237
6852811
6852820
6853018
6853022
6853068
6853325
6853344
6853357
6853533
6853539
6853589
6853612
6853662
6853714
6853764
6853787
6853897
6853970
6853980
6854073
6854187
6854309
6854341
6854371
6854654
6854859
6854885
6854949
6854969
6854988
6855064
6855263
6855353
6855503
6855522
6855673
6855954
6855993
6856093
6856188
6856227
6856311
6856605
6856711
6856905
6857031
6857215
6857332
6857619
6857622
6857683
6857755
6857870
6857886
6857925
6857989
6857996
6858012
6858018
6858028
6858110
6858111
6858260
6858317
6858319
6858320
6858398
6858412
6858529
6858674
6858733
6858904
6859186
6859282
6859329
6859428
6859446
6859479
6859493
6859648
6859692
6859778
6859779
6859882
6859932
6860097
6860151
6860175
6860195
6860209
6860312
6860824
6860828
6861089
6861222
6861466
6861709
6861835
6861979
6862028
6862042
6862224
6862438
6862475
6862506
6862554
6862572
6862673
6862881
6862890
6863066
6863083
6863494
6863551
6863705
6863718
6863756
6864135
6864199
6864256
6864274
6864658
6864683
6864868
6864980
6865099
6865176
6865242
6865252
6865293
6865353
6865417
6865459
6865555
6865567
6865702
6865710
6865845
6865867
6865965
6866101
6866156
6866269
6866338
6866413
6866565
6866576
6866608
6866648
6866803
6866902
6867070
6867130
6867197
6867409
6867500
6867523
6867650
6867732
6867873
6867903
6868021
6868274
6868469
6868525
6868690
6869010
6869034
6869101
6869111
6869137
6869154
6869283
6869497
6869545
6869578
6869609
6869672
6870066
6870122
6870164
6870250
6870258
6870336
6870340
6870389
6870390
6870484
6870505
6870695
6870852
6870925
6870966
6871605
6871682
6871771
6871815
6871859
6871926
6872202
6872422
6872491
6872579
6872792
6872944
6873081
6873088
6873288
6873447
6873454
6873526
6873761
6873836
6873987
6874034
6874168
6874313
6874391
6874436
6874490
6874568
6874579
6874584
6874661
6874675
6874750
6875118
6875190
6875330
6875379
6875441
6875474
6875496
6875552
6875661
6875845
6875860
6875897
6876060
6876072
6876130
6876289
6876293
6876296
6876428
6876430
6876527
6876654
6876799
6876886
6877060
6877137
6877169
6877280
6877386
6877393
6877413
6877664
6877694
6877727
6877799
6878296
6878299
6878497
6878625
6878666
6878805
6879264
6879353
6879402
6879865
6879910
6880007
6880113
6880157
6880270
6880369
6880444
6880447
6880466
6880529
6880557
6880605
6880964
6881141
6881198
6881397
6881404
6881460
6881680
6881736
6881965
6882178
6882197
6882216
6882323
6882444
6882517
6882752
6882947
6882997
6883025
6883212
6883460
6883587
6883649
6883718
6883873
6883903
6883963
6884009
6884052
6884095
6884260
6884631
6884672
6884809
6884890
6884958
6884990
6885148
6885335
6885376
6885417
6885681
6885824
6885953
6886012
6886335
6886344
6886381
6886605
6886640
6886706
6886739
6887260
6887282
6887337
6887394
6887443
6887503
6887636
6887693
6887753
6887769
6887795
6887826
6887875
6887887
6888141
6888358
6888373
6888543
6888732
6888747
6888843
6889052
6889246
6889428
6889628
6889743
6889787
6889897
6890162
6890520
6890681
6890722
6890755
6890772
6890781
6890888
6890907
6890951
6890994
6891105
6891352
6891498
6891524
6891572
6891662
6891675
6891727
6891821
6891905
6891909
6891998
6892172
6892225
6892243
6892269
6892391
6892487
6892648
6892714
6892725
6892776
6892824
6892887
6892943
6893063
6893107
6893381
6893466
6893528
6893538
6893543
6893544
6893590
6893744
6893818
6893913
6893947
6894001
6894129
6894149
6894297
6894356
6894655
6894842
6894856
6895036
6895109
6895185
6895326
6895412
6895468
6895529
6895627
6895853
6895887
6896019
6896234
6896246
6896266
6896441
6896665
6896668
6896688
6896707
6896892
6896961
6897060
6897151
6897167
6897247
6897346
6897378
6897388
6897421
6897517
6897563
6897618
6897654
6897700
6897980
6898079
6898120
6898128
6898158
6898250
6898295
6898390
6898609
6898650
6898651
6898699
6898726
6898744
6898833
6898996
6899007
6899226
6899259
6899262
6899279
6899353
6899490
6899601
6899609
6899631
6899659
6899732
6899829
6900000
6900102
6900127
6900204
6900296
6900360
6900591
6900857
6900909
6900962
6901115
6901254
6901353
6901449
6901481
6901602
6901654
6901714
6901843
6901963
6902627
6902630
6902725
6903232
6903282
6903306
6903426
6903583
6903641
6903653
6903721
6903772
6903896
6903981
6904201
6904482
6904546
6904654
6904673
6904731
6904895
6905160
6905264
6905343
6905365
6905410
6905438
6905522
6905648
6905652
6905801
6905888
6906075
6906258
6906275
6906417
6906443
6906613
6906695
6906796
6907041
6907077
6907115
6907164
6907309
6907345
6907400
6907522
6907567
6907630
6907767
6907781
6907822
6908201
6908210
6908228
6908305
6908406
6908484
6908592
6908768
6908871
6908877
6908985
6909008
6909270
6909455
6909546
6909697
6909745
6909840
6909848
6909918
6910092
6910229
6910492
6910517
6910741
6910787
6910876
6910911
6910968
6911031
6911063
6911118
6911210
6911266
6911329
6911431
6911622
6911791
6912027
6912082
6912120
6912261
6912309
6912442
6912453
6912521
6912713
6912738
6912820
6912952
6912974
6913028
6913049
6913081
6913101
6913356
6913370
6913835
6914028
6914123
6914190
6914310
6914388
6914448
6914627
6915041
6915367
6915632
6915666
6915713
6915805
6915923
6915956
6915960
6916016
6916239
6916351
6916451
6916656
6916680
6916726
6916730
6916907
6916943
6916975
6917152
6917271
6917285
6917564
6917641
6917892
6917936
6917972
6917981
6918154
6918250
6918255
6918480
6918492
6918573
6918636
6918725
6918793
6918912
6918933
6919067
6919142
6919182
6919245
6919330
6919359
6919567
6919812
6919868
6919905
6919933
6920676
6920776
6920832
6921239
6921487
6921658
6921821
6921950
6922123
6922134
6922203
6922319
6922415
6922509
6922980
6923034
6923085
6923105
6923193
6923579
6923648
6923746
6923821
6923925
6923927
6923934
6924056
6924329
6924429
6924466
6924536
6924597
6924617
6924618
6924719
6924746
6924790
6925211
6925233
6925241
6925315
6925354
6925610
6925771
6925932
6926017
6926141
6926159
6926389
6926410
6926488
6926532
6926622
6926648
6926679
6926688
6926757
6926788
6926800
6926858
6926878
6926901
6927055
6927065
6927155
6927195
6927377
6927507
6927827
6927895
6927911
6928115
6928298
6928320
6928341
6928527
6928542
6928756
6929061
6929084
6929162
6929238
6929315
6929467
6929491
6929728
6929749
6929798
6929818
6929943
6929950
6930068
6930077
6930088
6930154
6930285
6930312
6930451
6930670
6930789
6930801
6930811
6930821
6931114
6931535
6931573
6931638
6931725
6931802
6932005
6932142
6932248
6932270
6932407
6932418
6932482
6932491
6932509
6932558
6932687
6932695
6932701
6932815
6932818
6932842
6932872
6933143
6933155
6933281
6933308
6933500
6933553
6933616
6933678
6933921
6933936
6933943
6934046
6934202
6934229
6934281
6934319
6934335
6934370
6934463
6934865
6934867
6934958
6934960
6934973
6935096
6935247
6935265
6935286
6935621
6935667
6935774
6935836
6935859
6935903
6936029
6936404
6936565
6936707
6936884
6936983
6937523
6937618
6937806
6937827
6938030
6938276
6938327
6938354
6938373
6938388
6938409
6938434
6938497
6938553
6938675
6938706
6938718
6938755
6938830
6938840
6939005
6939086
6939147
6939248
6939388
6939415
6939457
6939495
6939682
6939725
6939773
6939777
6939815
6939994
6940049
6940102
6940178
6940293
6940318
6940333
6940546
6940725
6940865
6940881
6940883
6940926
6941261
6941491
6941705
6941786
6941798
6941836
6941871
6942032
6942075
6942125
6942580
6942639
6942724
6942783
6942801
6942866
6943043
6943256
6943357
6943467
6943579
6943611
6944046
6944175
6944273
6944332
6944424
6944595
6944608
6944618
6944666
6944833
6944886
6944979
6945279
6945478
6945543
6945545
6945567
6945583
6945699
6945742
6945843
6946088
6946251
6946254
6946441
6946457
6946496
6946545
6946564
6946577
6946659
6946668
6946679
6946682
6946820
6946950
6946964
6947108
6947124
6947194
6947234
6947256
6947341
6947521
6947528
6947694
6948103
6948107
6948213
6948286
6948352
6948577
6948597
6948604
6948826
6948850
6948929
6948965
6949018
6949242
6949260
6949344
6949371
6949507
6949543
6949644
6949809
6949934
6949942
6949975
6949990
6950122
6950212
6950364
6950553
6950788
6951039
6951103
6951127
6951201
6951217
6951646
6952050
6952109
6952281
6952409
6952516
6952544
6952674
6952775
6952780
6952949
6953088
6953090
6953166
6953189
6953239
6953290
6953658
6953724
6954091
6954096
6954240
6954317
6954389
6954391
6954507
6954560
6954589
6954771
6954859
6954870
6954879
6955010
6955088
6955095
6955106
6955130
6955223
6955364
6955435
6955524
6955548
6955891
6956025
6956040
6956063
6956154
6956372
6956373
6956533
6956569
6956579
6956580
6956639
6956852
6957011
6957407
6957606
6957672
6957679
6957788
6957821
6957900
6958039
6958171
6958218
6958486
6958538
6958825
6958898
6958968
6959103
6959200
6959256
6959316
6959753
6959879
6959946
6960039
6960074
6960076
6960328
6960417
6960470
6960607
6960624
6960756
6960815
6960967
6961284
6961478
6961516
6961552
6961563
6961578
6961755
6961771
6961835
6961896
6962153
6962262
6962689
6962714
6962762
6962906
6962913
6962925
6962980
6963003
6963046
6963066
6963200
6963399
6963424
6963429
6963431
6963515
6963691
6963833
6963855
6963867
6963896
6964355
6964371
6964393
6964467
6964536
6964682
6964689
6964719
6965110
6965133
6965219
6965359
6965486
6965613
6965641
6965663
6965674
6965880
6965894
6965999
6966042
6966165
6966211
6966661
6966843
6966849
6966942
6967136
6967211
6967233
6967251
6967320
6967516
6967630
6967667
6967741
6967787
6967824
6967827
6967927
6967967
6967996
6968015
6968180
6968217
6968462
6968718
6968920
6968985
6969110
6969137
6969139
6969162
6969185
6969340
6969387
6969667
6969792
6969901
6970179
6970196
6970355
6970377
6970437
6970532
6970615
6970722
6970729
6970771
6970962
6970964
6970985
6971003
6971116
6971145
6971328
6971437
6971498
6971652
6971657
6971712
6971976
6972079
6972091
6972202
6972349
6972358
6972427
6972504
6972620
6972650
6972774
6972878
6972881
6972975
6973012
6973045
6973121
6973244
6973256
6973332
6973464
6973587
6973599
6973780
6973953
6974007
6974010
6974040
6974052
6974116
6974327
6974466
6974472
6974518
6974570
6974620
6974716
6974844
6975014
6975124
6975304
6975340
6975402
6975534
6975668
6975770
6975966
6975983
6976106
6976146
6976152
6976268
6976304
6976731
6976896
6976936
6977146
6977286
6977306
6977374
6977432
6977519
6977522
6977617
6977882
6978121
6978124
6978168
6978463
6978536
6978604
6978758
6978779
6978813
6978909
6979013
6979033
6979051
6979059
6979111
6979118
6979148
6979221
6979330
6979426
6979502
6979571
6979786
6979925
6979955
6980008
6980079
6980127
6980239
6980418
6980598
6980716
6980765
6980823
6980877
6980880
6980931
6981056
6981806
6981815
6981836
6982186
6982241
6982248
6982468
6982507
6982517
6982617
6982671
6982960
6982983
6983050
6983051
6983110
6983334
6983351
6983542
6983615
6983626
6983679
6983824
6983874
6983969
6984089
6984140
6984293
6984311
6984341
6984404
6984488
6984540
6984561
6984575
6984588
6984768
6984811
6985011
6985065
6985116
6985165
6985242
6985246
6985675
6985879
6986018
6986034
6986253
6986311
6986351
6986840
6986911
6986994
6987186
6987328
6987471
6987527
6987558
6987605
6987615
6987624
6987842
6987851
6987997
6988074
6988077
6988135
6988187
6988235
6988274
6988325
6988386
6988540
6988637
6988644
6988821
6988844
6988955
6988976
6989010
6989052
6989076
6989159
6989166
6989183
6989275
6989714
6990054
6990181
6990186
6990350
6990540
6990607
6990632
6990635
6990660
6990695
6990776
6990905
6990951
6991088
6991212
6991386
6991565
6991678
6991741
6991935
6991989
6992286
6992333
6992456
6992491
6992930
6992964
6992988
6993008
6993227
6993284
6993427
6993453
6993516
6993671
6993768
6993789
6993854
6994002
6994033
6994351
6994362
6994575
6994671
6994758
6994796
6994917
6995191
6995308
6995360
6995376
6995438
6995591
6995697
6995771
6995820
6995994
6996108
6996283
6996292
6996556
6996666
6996803
6996935
6997029
6997109
6997123
6997140
6997314
6997408
6997437
6997468
6997574
6997602
6998094
6998122
6998173
6998405
6998435
6998518
6998722
6998729
6998767
6998973
6999097
6999133
6999142
6999383
6999669
6999705
6999903
6999942
6999967
7000037
7000050
7000169
7000211
7000344
7000399
7000731
7001036
7001145
7001320
7001408
7001691
7001907
7001908
7002064
7002077
7002259
7002393
7002686
7002762
7002864
7003120
7003146
7003166
7003344
7003407
7003629
7003747
7003838
7003954
7004090
7004117
7004181
7004222
7004264
7004270
7004427
7004519
7004576
7004579
7004637
7004709
7004724
7004843
7004884
7004986
7005082
7005284
7005329
7005345
7005383
7005479
7005644
7005648
7005748
7005797
7005842
7005851
7005981
7006128
7006151
7006237
7006239
7006376
7006491
7006519
7006576
7006882
7006932
7007158
7007219
7007232
7007305
7007435
7007520
7007553
7007575
7007639
7007671
7007729
7007741
7007904
7007933
7008179
7008203
7008273
7008336
7008491
7008772
7008895
7009048
7009121
7009187
7009328
7009346
7009375
7009424
7009707
7009750
7009891
7009893
7009961
7009995
7010183
7010185
7010465
7010543
7010591
7010698
7010785
7010846
7010946
7011041
7011044
7011084
7011249
7011398
7011551
7011679
7011699
7011935
7011951
7012005
7012039
7012316
7012366
7012455
7012629
7012655
7012738
7012822
7012827
7013146
7013206
7013238
7013753
7013917
7013919
7013969
7014121
7014220
7014328
7014394
7014407
7014497
7014552
7014578
7014890
7014902
7014938
7015023
7015126
7015136
7015148
7015348
7015407
7015549
7015606
7015649
7015826
7015839
7015877
7015891
7015896
7015920
7015928
7016180
7016442
7016574
7016631
7016731
7016745
7016887
7016965
7016978
7017149
7017290
7017320
7017376
7017389
7017399
7017480
7017900
7017921
7018002
7018056
7018099
7018149
7018320
7018372
7018426
7018429
7018607
7018622
7018710
7018802
7018930
7019080
7019182
7019398
7019404
7019462
7019577
7019596
7019616
7019638
7019723
7019808
7019922
7020153
7020184
7020233
7020412
7020527
7020666
7020676
7020709
7020843
7020861
7020985
7021200
7021416
7021599
7021886
7021964
7022049
7022105
7022144
7022195
7022301
7022336
7022366
7022413
7022446
7022569
7022676
7022793
7022814
7022899
7023000
7023062
7023303
7023347
7023355
7023372
7023480
7023502
7023866
7023943
7023963
7024028
7024165
7024192
7024277
7024278
7024507
7024530
7024541
7024550
7024853
7024861
7025061
7025142
7025190
7025219
7025225
7025252
7025404
7025421
7025480
7025655
7025729
7025845
7025902
7025967
7025984
7025992
7026024
7026032
7026061
7026089
7026283
7026343
7026409
7026434
7026518
7026730
7026757
7026800
7026823
7026853
7026952
7027140
7027617
7027733
7027769
7027851
7028059
7028067
7028112
7028120
7028142
7028183
7028299
7028483
7028787
7028818
7028824
7028830
7029014
7029017
7029189
7029251
7029258
7029317
7029410
7029501
7029512
7029640
7029667
7029723
7029809
7029838
7030010
7030086
7030153
7030258
7030386
7030450
7030643
7030765
7031000
7031100
7031173
7031212
7031289
7031349
7031362
7031780
7031853
7032065
7032124
7032125
7032188
7032337
7032538
7032747
7032912
7032922
7032942
7033036
7033069
7033076
7033122
7033277
7033412
7033426
7033433
7033593
7033665
7033690
7033786
7033863
7033901
7034031
7034050
7034211
7034234
7034286
7034368
7034536
7034544
7034721
7034775
7034795
7034829
7034832
7035057
7035098
7035288
7035440
7035542
7035570
7035637
7035682
7035689
7035849
7035884
7035890
7035892
7035915
7036005
7036235
7036335
7036470
7036525
7036705
7036799
7036922
7037060
7037085
7037243
7037287
7037458
7037611
7037768
7038012
7038158
7038250
7038277
7038368
7038374
7038615
7038873
7038964
7039066
7039142
7039212
7039259
7039269
7039371
7039372
7039412
7039442
7039540
7039553
7039606
7039616
7039619
7039672
7039841
7039846
7039853
7039939
7040067
7040196
7040309
7040377
7040480
7040579
7040580
7040612
7040745
7041150
7041170
7041236
7041260
7041371
7041593
7041714
7041764
7041836
7041928
7042097
7042146
7042167
7042351
7042425
7042504
7042505
7042663
7042673
7042683
7042761
7042764
7042900
7042961
7042971
7042991
7043067
7043070
7043228
7043341
7043503
7043532
7043544
7043553
7043565
7043620
7044211
7044262
7044283
7044419
7044465
7044575
7044611
7044724
7044872
7044912
7044976
7045105
7045438
7045482
7045581
7045768
7045966
7045968
7045971
7046010
7046016
7046041
7046262
7046412
7046413
7046415
7046431
7046664
7046825
7046882
7046913
7047176
7047219
7047368
7047372
7047416
7047457
7047472
7047530
7047559
7047690
7047801
7048125
7048252
7048312
7048505
7048555
7048582
7048611
7048785
7048838
7049302
7049385
7049612
7049636
7049767
7049798
7050176
7050191
7050267
7050356
7050427
7050441
7050508
7050591
7050615
7051206
7051394
7051464
7051465
7051727
7051747
7051963
7052193
7052413
7052414
7052503
7052622
7052663
7052782
7053280
7053283
7053366
7053690
7053808
7053877
7053918
7054145
7054152
7054188
7054216
7054230
7054268
7054359
7054406
7054418
7054426
7054705
7054731
7054914
7054923
7055137
7055228
7055273
7055279
7055321
7055575
7055583
7056018
7056124
7056455
7056596
7056599
7056664
7056683
7056762
7056912
7056995
7057182
7057244
7057585
7057608
7057770
7057786
7057906
7058048
7058155
7058237
7058285
7058391
7058467
7058482
7058490
7058498
7058513
7058562
7058810
7059261
7059326
7059548
7059996
7059997
7060013
7060322
7060365
7060463
7060563
7060750
7060795
7060878
7060918
7060941
7061035
7061051
7061209
7061332
7061616
7061842
7061948
7061955
7062017
7062094
7062175
7062439
7062486
7062546
7062591
7062645
7062735
7062805
7062860
7062924
7062972
7062979
7063144
7063272
7063276
7063325
7063338
7063473
7063478
7063536
7063586
7063708
7063855
7064143
7064203
7064344
7064451
7064499
7064506
7064627
7064745
7064757
7064807
7064824
7064851
7064924
7064955
7065031
7065559
7065567
7065653
7065848
7065883
7065933
7066104
7066118
7066293
7066570
7066780
7066975
7067188
7067322
7067382
7067402
7067409
7067596
7067639
7067644
7067677
7067701
7067892
7067994
7068258
7068673
7068735
7068802
7069049
7069151
7069381
7069423
7069428
7069567
7069596
7069611
7069724
7069865
7070014
7070022
7070049
7070174
7070294
7070308
7070396
7070416
7070769
7070928
7071009
7071143
7071560
7071566
7071751
7071758
7071943
7072097
7072258
7072337
7072522
7072652
7072684
7072959
7072994
7073107
7073134
7073263
7073434
7073819
7073964
7074242
7074418
7074495
7074517
7074551
7074598
7074662
7074975
7075014
7075121
7075179
7075186
7075239
7075324
7075570
7075620
7075689
7075720
7075793
7075872
7075907
7076185
7076426
7076666
7076738
7076798
7076875
7076906
7077035
7077121
7077140
7077221
7077313
7077339
7077565
7077662
7077825
7077958
7077999
7078093
7078147
7078176
7078300
7078325
7078445
7078489
7078601
7078650
7078673
7078680
7078739
7078849
7078871
7078969
7079136
7079173
7079251
7079274
7079391
7079437
7079629
7079676
7079683
7079725
7079814
7079854
7080010
7080061
7080131
7080237
7080306
7080336
7080408
7080411
7080435
7080467
7080618
7080854
7080915
7081010
7081013
7081244
7081357
7081377
7081494
7081714
7082038
7082070
7082399
7082635
7082668
7082763
7082909
7083090
7083107
7083185
7083215
7083538
7083573
7083687
7083793
7083934
7083993
7083995
7084001
7084025
7084151
7084267
7084363
7084539
7084540
7084548
7084607
7084609
7084846
7084993
7085066
7085252
7085538
7085575
7085830
7085892
7085974
7086002
7086125
7086164
7086193
7086195
7086318
7086358
7086467
7086614
7086730
7086785
7087059
7087171
7087224
7087312
7087324
7087653
7087672
7087699
7087736
7087739
7087834
7087844
7087865
7087921
7087946
7087954
7088074
7088238
7088269
7088302
7088331
7088498
7088706
7088875
7088937
7088965
7088983
7089210
7089424
7089435
7089455
7089539
7089819
7089838
7089840
7089856
7090029
7090293
7090326
7090437
7090592
7090795
7090915
7090920
7091002
7091166
7091284
7091495
7091560
7091596
7091683
7091757
7091957
7092004
7092015
7092102
7092219
7092250
7092281
7092498
7092502
7092579
7092627
7092773
7092834
7093048
7093553
7093626
7093754
7093820
7093863
7094015
7094088
7094270
7094406
7094462
7094531
7094564
7094649
7094894
7095167
7095419
7095426
7095573
7095661
7095702
7095784
7095837
7096052
7096065
7096428
7096466
7096521
7096616
7096688
7096887
7096928
7096932
7097114
7097119
7097413
7097555
7097623
7097624
7097721
7097946
7097969
7097975
7097992
7098188
7098241
7098339
7098358
7098383
7098450
7098614
7098634
7098661
7098800
7098844
7098909
7098959
7099076
7099077
7099188
7099285
7099360
7099454
7099466
7099541
7099551
7099712
7099755
7099935
7100040
7100065
7100127
7100153
7100211
7100485
7100563
7100568
7100728
7100799
7100867
7100902
7100994
7101036
7101098
7101178
7101189
7101191
7101257
7101291
7101330
7101457
7101503
7101540
7101643
7102034
7102223
7102580
7102622
7102681
7102763
7102980
7103048
7103052
7103082
7103217
7103463
7103488
7103580
7103798
7103845
7103847
7103918
7103997
7103999
7104107
7104204
7104266
7104387
7104465
7104634
7104723
7104785
7105112
7105443
7105470
7105475
7105533
7105581
7105688
7105699
7105807
7105832
7106025
7106026
7106119
7106159
7106167
7106183
7106413
7106422
7106470
7106560
7106573
7106626
7106672
7106717
7106935
7106959
7107010
7107034
7107132
7107177
7107342
7107394
7107822
7107988
7108007
7108020
7108100
7108304
7108462
7108481
7108505
7108532
7108583
7108762
7108775
7108948
7109132
7109323
7109386
7109602
7109782
7109870
7109901
7110042
7110052
7110133
7110241
7110272
7110298
7110421
7110449
7110523
7110541
7110574
7110714
7110722
7110724
7110771
7110893
7110959
7110991
7110998
7111156
7111168
7111226
7111464
7111541
7111592
7111752
7111802
7111840
7111894
7112060
7112153
7112157
7112413
7112581
7112670
7112829
7112913
7112937
7113194
7113264
7113328
7113394
7113716
7113739
7113787
7113803
7113821
7113834
7114013
7114035
7114120
7114189
7114216
7114395
7114428
7114632
7114745
7114847
7115030
7115080
7115230
7115247
7115297
7115428
7115458
7115554
7115631
7115666
7115687
7115696
7115760
7115841
7115851
7115872
7116066
7116159
7116204
7116471
7116487
7116588
7116596
7116859
7117053
7117129
7117210
7117239
7117242
7117262
7117318
7117642
7117654
7117748
7117876
7117934
7117950
7118156
7118181
7118298
7118419
7118456
7118459
7118502
7118514
7118523
7118545
7118604
7118673
7118722
7118762
7118789
7118823
7118899
7119054
7119299
7119368
7119396
7119452
7119617
7119698
7119711
7119886
7119889
7120033
7120070
7120263
7120320
7120323
7120480
7120500
7120514
7120587
7121361
7121454
7121484
7121578
7121698
7121818
7121922
7121936
7121938
7122166
7122240
7122356
7122435
7122655
7122778
7122921
7123072
7123479
7123598
7123611
7123784
7123804
7123913
7123996
7124274
7124288
7124424
7124739
7124975
7125045
7125083
7125196
7125242
7125354
7125430
7125573
7125575
7125708
7125965
7126042
7126142
7126162
7126421
7126489
7126833
7127046
7127058
7127214
7127267
7127451
7127471
7127485
7127514
7127697
7127778
7127835
7127884
7127897
7127925
7128056
7128195
7128409
7128416
7128781
7128865
7128878
7128881
7129030
7129073
7129463
7129809
7129856
7129913
7129940
7129962
7130001
7130059
7130066
7130091
7130118
7130169
7130299
7130328
7130700
7130701
7131159
7131185
7131254
7131766
7131796
7132043
7132090
7132233
7132243
7132648
7132723
7132755
7132769
7132857
7132878
7132912
7132922
7133034
7133170
7133628
7133660
7133835
7134086
7134099
7134214
7134275
7134419
7134465
7134466
7134580
7134635
7134807
7135061
7135214
7135215
7135314
7135542
7135725
7135778
7135863
7136077
7136095
7136273
7136368
7136669
7136853
7137060
7137123
7137407
7137510
7137914
7137934
7137977
7138021
7138039
7138057
7138153
7138196
7138205
7138527
7138632
7138708
7138769
7139290
7139382
7139475
7139701
7139771
7139826
7139845
7139879
7139948
7140130
7140361
7140562
7140608
7140845
7140896
7141025
7141033
7141064
7141088
7141115
7141186
7141261
7141336
7141340
7141365
7141390
7141523
7141587
7141691
7141772
7141807
7141830
7141864
7141928
7142002
7142021
7142039
7142072
7142094
7142103
7142130
7142179
7142250
7142385
7142454
7142520
7142539
7142635
7142813
7143178
7143199
7143228
7143297
7143499
7143530
7143565
7143682
7143748
7143932
7144308
7144318
7144337
7144563
7144659
7144753
7144800
7145054
7145187
7145214
7145319
7145454
7145557
7145593
7145596
7145732
7145812
7145858
7146016
7146289
7146319
7146329
7146858
7146984
7147013
7147084
7147178
7147259
7147323
7147334
7147355
7147380
7147400
7147437
7147442
7147584
7147664
7147819
7147970
7148217
7148295
7148320
7148323
7148366
7148420
7148512
7148531
7148629
7148694
7148807
7148811
7148834
7149015
7149041
7149648
7149698
7149873
7149922
7149941
7149950
7150182
7150226
7150285
7150290
7150427
7150430
7150594
7150641
7150662
7150870
7150871
7150925
7151117
7151198
7151286
7151287
7151289
7151320
7151482
7151555
7151665
7151684
7151772
7151779
7152177
7152244
7152401
7152449
7152773
7152792
7152830
7152868
7152934
7152994
7153068
7153174
7153215
7153291
7153327
7153348
7153452
7153495
7153557
7153588
7153608
7153613
7153673
7153721
7153736
7154015
7154368
7154422
7154596
7154633
7154779
7154895
7154907
7154964
7154988
7155068
7155135
7155309
7155462
7155525
7155545
7155726
7155750
7155856
7155873
7155908
7155971
7156108
7156247
7156587
7156597
7156678
7156941
7157024
7157196
7157265
7157504
7157573
7157599
7157610
7157618
7157670
7157702
7157847
7157891
7158121
7158184
7158195
7158234
7158662
7158712
7158788
7159170
7159234
7159274
7159348
7159357
7159368
7159521
7159710
7159756
7159771
7159792
7159830
7159911
7159969
7159977
7159988
7160016
7160055
7160068
7160223
7160556
7160840
7160876
7161015
7161079
7161659
7161714
7161806
7162059
7162115
7162227
7162264
7162386
7162529
7162586
7162697
7163046
7163068
7163377
7163470
7163592
7163695
7163730
7163921
7164147
7164308
7164562
7164770
7165002
7165054
7165093
7165129
7165282
7165410
7165446
7165540
7165549
7165597
7165644
7165647
7165721
7165734
7165779
7165791
7165820
7165915
7165951
7166143
7166186
7166197
7166233
7166271
7166344
7166381
7166382
7166533
7166621
7166665
7166784
7166851
7167112
7167189
7167236
7167376
7167490
7167565
7167742
7167914
7167942
7167966
7168028
7168054
7168348
7168450
7168469
7169169
7169279
7169304
7169370
7169423
7169561
7169593
7169650
7169805
7169923
7169929
7170058
7170059
7170242
7170536
7170569
7170621
7170643
7170693
7170792
7170943
7170946
7170991
7171161
7171221
7171264
7171473
7171649
7171675
7171790
7171853
7171938
7172078
7172217
7172232
7172234
7172263
7172456
7172578
7172626
7172642
7172651
7172725
7172943
7173010
7173085
7173194
7173228
7173351
7173466
7173547
7173568
7173832
7174037
7174083
7174193
7174230
7174281
7174616
7174654
7174725
7174752
7175098
7175107
7175158
7175206
7175334
7175378
7175395
7175488
7175669
7175737
7175962
7176064
7176141
7176148
7176197
7176372
7176399
7176571
7176621
7176707
7176709
7176846
7176895
7177059
7177240
7177281
7177344
7177414
7177523
7177544
7177639
7177711
7177754
7177839
7178022
7178250
7178257
7178301
7178360
7178388
7178453
7178460
7178627
7178640
7178695
7178761
7178836
7178873
7178874
7179052
7179108
7179180
7179243
7179349
7179576
7179741
7179914
7179975
7180005
7180149
7180492
7180515
7180682
7180776
7180831
7180834
7180864
7180898
7180944
7181028
7181094
7181112
7181117
7181123
7181262
7181497
7181520
7181573
7182405
7182422
7182438
7182446
7182448
7182500
7182645
7182662
7182666
7182699
7183134
7183194
7183235
7183296
7183451
7183483
7183660
7183701
7183705
7183935
7183950
7183982
7183986
7184075
7184146
7184234
7184406
7184472
7184597
7185097
7185172
7185222
7185805
7186119
7186134
7186377
7186447
7186704
7186781
7186847
7186990
7187046
7187084
7187143
7187315
7187353
7187370
7187407
7187437
7187472
7187497
7187538
7187539
7187582
7187708
7187746
7187926
7187968
7188097
7188303
7188393
7188511
7188543
7188586
7188602
7188853
7188969
7189001
7189094
7189168
7189268
7189410
7189437
7189458
7189501
7189549
7189612
7189747
7189752
7189831
7190073
7190079
7190144
7190159
7190237
7190294
7190479
7190499
7190522
7190636
7190647
7190888
7190895
7190911
7190929
7191104
7191191
7191214
7191536
7191775
7191881
7191912
7191998
7192100
7192211
7192447
7192458
7192496
7192983
7193067
7193086
7193303
7193315
7193722
7193857
7193891
7193927
7193941
7193952
7194052
7194073
7194130
7194179
7194375
7194387
7194417
7194453
7194570
7194576
7194732
7195220
7195248
7195342
7195547
7195736
7195804
7195910
7196045
7196063
7196166
7196225
7196256
7196331
7196466
7196582
7196619
7196632
7196691
7196746
7196818
7197271
7197317
7197382
7197673
7197852
7197978
7197990
7198004
7198055
7198110
7198225
7198364
7198504
7198625
7198810
7198884
7198924
7199045
7199086
7199144
7199250
7199270
7199311
7199565
7199730
7199919
7199955
7200072
7200092
7200180
7200209
7200314
7200339
7200481
7200630
7200668
7200846
7200858
7201001
7201016
7201024
7201300
7201406
7201418
7201424
7201433
7201514
7201595
7201680
7201829
7201903
7201913
7201997
7202029
7202067
7202116
7202123
7202195
7202395
7202597
7202676
7202703
7202822
7202871
7202898
7203020
7203074
7203238
7203250
7203403
7203481
7203514
7203700
7203753
7203783
7203855
7203915
7203947
7204115
7204131
7204204
7204206
7204299
7204386
7204418
7204492
7204591
7204634
7204875
7205036
7205421
7205561
7205572
7205617
7205785
7205822
7205865
7206299
7206394
7206488
7206562
7206700
7207017
7207257
7207381
7207436
7207636
7207749
7207855
7207885
7208065
7208106
7208206
7208215
7208225
7208259
7208341
7208400
7208441
7208583
7208642
7208729
7208921
7208994
7209161
7209168
7209291
7209482
7209557
7209897
7210036
7210103
7210450
7210510
7210513
7210624
7210737
7210866
7210891
7210971
7211066
7211265
7211270
7211473
7211567
7211617
7211809
7211972
7211998
7212076
7212098
7212222
7212278
7212326
7212380
7212466
7212753
7212951
7213476
7213549
7213653
7213757
7213774
7213778
7213913
7214143
7214160
7214175
7214383
7214397
7214533
7214754
7214865
7215015
7215186
7215281
7215305
7215376
7215607
7215646
7215732
7215793
7215836
7215975
7216043
7216069
7216108
7216557
7216688
7216893
7216958
7216959
7216962
7217003
7217009
7217039
7217076
7217146
7217356
7217547
7217588
7217628
7217658
7217851
7218081
7218269
7218298
7218386
7218461
7218634
7218846
7218857
7219016
7219072
7219167
7219354
7219379
7219447
7219619
7219817
7220257
7220429
7220540
7220628
7220984
7221021
7221073
7221119
7221154
7221267
7221280
7221310
7221506
7221633
7221703
7221732
7221801
7221845
7221938
7221964
7222168
7222302
7222699
7223004
7223096
7223223
7223422
7223578
7223791
7223819
7223824
7223906
7223952
7223988
7224069
7224190
7224202
7224373
7224389
7224494
7224541
7224612
7224664
7224804
7224819
7224860
7225005
7225155
7225192
7225574
7225598
7225630
7225725
7226291
7226409
7226445
7226586
7226646
7226710
7226768
7226904
7226908
7227025
7227052
7227161
7227406
7227480
7227662
7227688
7227694
7227710
7227715
7227991
7228013
7228128
7228132
7228325
7228437
7228459
7228516
7228742
7229060
7229109
7229112
7229118
7229326
7229363
7229428
7229435
7229436
7229484
7229496
7229734
7229768
7229804
7230000
7230063
7230086
7230134
7230198
7230533
7230636
7230898
7230902
7231044
7231077
7231524
7231581
7231619
7231636
7231663
7231664
7231742
7231838
7231916
7232000
7232155
7232156
7232256
7232296
7232325
7232365
7232405
7232467
7232531
7232565
7232591
7232666
7232759
7232780
7232803
7232833
7232901
7232933
7233072
7233083
7233184
7233471
7233660
7233666
7233905
7233930
7234061
7234092
7234120
7234325
7234501
7234607
7234702
7234820
7234911
7234962
7234988
7235132
7235162
7235206
7235234
7235509
7235614
7235722
7235858
7235874
7235908
7235969
7236157
7236259
7236321
7236344
7236383
7236404
7236469
7236684
7236768
7236960
7237032
7237076
7237315
7237367
7237386
7237504
7237945
7238024
7238061
7238152
7238187
7238505
7238514
7238601
7238645
7238772
7238926
7239017
7239120
7239156
7239257
7239314
7239315
7239393
7239408
7239495
7239629
7239669
7239802
7239828
7239882
7239885
7239919
7239932
7239979
7240054
7240459
7240722
7240725
7240880
7240881
7241030
7241248
7241263
7241266
7241284
7241401
7241409
7241693
7241911
7241989
7242152
7242292
7242573
7242614
7242914
7242984
7243202
7243337
7243348
7243600
7243621
7243641
7243838
7243907
7244082
7244130
7244164
7244199
7244209
7244240
7244272
7244288
7244310
7244357
7244426
7244654
7244656
7244760
7244779
7244917
7245008
7245056
7245076
7245206
7245345
7245469
7245593
7245643
7245685
7245765
7245804
7245920
7246236
7246340
7246577
7246609
7246678
7246762
7246791
7246900
7246941
7247080
7247127
7247353
7247362
7247501
7247504
7247557
7247574
7247587
7247598
7247606
7247643
7247800
7247864
7248007
7248077
7248083
7248196
7248238
7248481
7248488
7248561
7248609
7249036
7249042
7249109
7249485
7249594
7249719
7249824
7249840
7250013
7250024
7250039
7250077
7250234
7250423
7250442
7250473
7250519
7250521
7250525
7250571
7250602
7250721
7251038
7251046
7251052
7251085
7251124
7251261
7251335
7251427
7251473
7251621
7251661
7251792
7251829
7252042
7252109
7252129
7252205
7252219
7252273
7252329
7252403
7252546
7252662
7252962
7253192
7253325
7253602
7253664
7253680
7253691
7253757
7253770
7254139
7254317
7254420
7254446
7254494
7254557
7254796
7254905
7255176
7255322
7255354
7255445
7255460
7255648
7255745
7255765
7255851
7255921
7255936
7255986
7256078
7256092
7256240
7256302
7256440
7256446
7256519
7256528
7256550
7256642
7256658
7256728
7256873
7256906
7256954
7256992
7257040
7257135
7257408
7257466
7257604
7257668
7257700
7257976
7258130
7258208
7258224
7258299
7258345
7258374
7258434
7258596
7258611
7258669
7258688
7258964
7258973
7259174
7259232
7259264
7259302
7259630
7259722
7259724
7259861
7260032
7260072
7260096
7260198
7260260
7260307
7260405
7260487
7260597
7260853
7260880
7261032
7261120
7261219
7261353
7261575
7261804
7261810
7261982
7261986
7261993
7262031
7262122
7262177
7262193
7262318
7262674
7262829
7262883
7263032
7263083
7263184
7263354
7263621
7263690
7263798
7263865
7263884
7264020
7264153
7264310
7264484
7264596
7264641
7264675
7264716
7264884
7264930
7264954
7265501
7265605
7265694
7266199
7266203
7266333
7266453
7266618
7266785
7266839
7266950
7266995
7267042
7267065
7267095
7267136
7267158
7267193
7267366
7267445
7267826
7267899
7267921
7268177
7268178
7268205
7268236
7268397
7268414
7268579
7268680
7268849
7268869
7269036
7269081
7269416
7269456
7269615
7269737
7269809
7269844
7270109
7270248
7270280
7270479
7270512
7270752
7270789
7270826
7270859
7270870
7270902
7270949
7271133
7271210
7271292
7271307
7271382
7271396
7271642
7271666
7271733
7271756
7271837
7272068
7272117
7272164
7272185
7272245
7272288
7272305
7272338
7272369
7272396
7272402
7272447
7272576
7272631
7272759
7272810
7272916
7273084
7273137
7273296
7273315
7273442
7273455
7273471
7273621
7273791
7273871
7273922
7273946
7274019
7274084
7274146
7274282
7274447
7274773
7274898
7274910
7275056
7275092
7275126
7275139
7275165
7275243
7275317
7275392
7275450
7275539
7275548
7275695
7275951
7275992
7275996
7276031
7276107
7276269
7276305
7276465
7276470
7276581
7276632
7276689
7276736
7276863
7277117
7277226
7277403
7277586
7277912
7277938
7278024
7278033
7278271
7278315
7278407
7278412
7278431
7278516
7278528
7278561
7278625
7278746
7278852
7278860
7278910
7279029
7279185
7279187
7279188
7279290
7279415
7279453
7279463
7279594
7279693
7279717
7279795
7279934
7279973
7280143
7280297
7280452
7280502
7280643
7280817
7280833
7280853
7280914
7281109
7281114
7281246
7281317
7281372
7281375
7281548
7281563
7281595
7281628
7281790
7282041
7282208
7282218
7282368
7282419
7282435
7282524
7282586
7282690
7282798
7282887
7282893
7283053
7283088
7283108
7283199
7283201
7283466
7283511
7283527
7283664
7283754
7283798
7283809
7284002
7284009
7284023
7284100
7284168
7284204
7284233
7284274
7284413
7284673
7284827
7284865
7284877
7285393
7285413
7285474
7285484
7285535
7285548
7285667
7285838
7285865
7285923
7285926
7286026
7286141
7286382
7286401
7286418
7286567
7286660
7286799
7286823
7286828
7286894
7286948
7287075
7287492
7287570
7287708
7287762
7287790
7287859
7287906
7288048
7288055
7288168
7288313
7288314
7288460
7288489
7288968
7289061
7289089
7289289
7289419
7289425
7289551
7289713
7289718
7289742
7289875
7290007
7290012
7290444
7290462
7290486
7290500
7290513
7290677
7290687
7290741
7290749
7290770
7290874
7290984
7291324
7291432
7291450
7291521
7291687
7291756
7291789
7291853
7291940
7292109
7292146
7292346
7292352
7292542
7292580
7292647
7292657
7292674
7292796
7292886
7293039
7293062
7293151
7293217
7293324
7293482
7293509
7293512
7293571
7293590
7293631
7293658
7293710
7293757
7293903
7294022
7294070
7294079
7294150
7294195
7294227
7294265
7294376
7294378
7294423
7294478
7294492
7294607
7294648
7295010
7295175
7295267
7295371
7295504
7295556
7295837
7295839
7295855
7295976
7296210
7296300
7296545
7296590
7297037
7297043
7297090
7297449
7297488
7297498
7297560
7297709
7297775
7297801
7298095
7298194
7298232
7298381
7298691
7299160
7299367
7299487
7299701
7299893
7300062
7300078
7300156
7300298
7300418
7300449
7300462
7300465
7300574
7300591
7300596
7300694
7300752
7300787
7300889
7301089
7301277
7301331
7301344
7301355
7301508
7301537
7301564
7301730
7301766
7301883
7301921
7302025
7302054
7302077
7302145
7302196
7302250
7302424
7302611
7302666
7302815
7302818
7303487
7303609
7303634
7303706
7303867
7303868
7303945
7304023
7304041
7304064
7304182
7304303
7304317
7304420
7304421
7304464
7304569
7304611
7304686
7304698
7304719
7304806
7304810
7304832
7304930
7305024
7305164
7305250
7305392
7305474
7305514
7305583
7305603
7305697
7305700
7305884
7305942
7306061
7306130
7306131
7306137
7306177
7306261
7306319
7306601
7306646
7306755
7306836
7306884
7306985
7307107
7307427
7307496
7307571
7307727
7307826
7307873
7307888
7307932
7308005
7308037
7308041
7308399
7308548
7308661
7308693
7308778
7308829
7308842
7309020
7309172
7309242
7309439
7309538
7309667
7309683
7309962
7310037
7310064
7310364
7310391
7310426
7310545
7310607
7310867
7311065
7311097
7311317
7311348
7311399
7311577
7311712
7311783
7311819
7311937
7311956
7312018
7312114
7312129
7312133
7312178
7312219
7312318
7312602
7312627
7312772
7312788
7312830
7312936
7312983
7313012
7313048
7313083
7313086
7313089
7313326
7313361
7313384
7313387
7313632
7313716
7314004
7314054
7314330
7314338
7314358
7314477
7314717
7314751
7314773
7314824
7314955
7315274
7315457
7315831
7315833
7315906
7315991
7316015
7316061
7316197
7316475
7316482
7316711
7316857
7316922
7316947
7316976
7317039
7317091
7317096
7317211
7317344
7317548
7317616
7317619
7317637
7317744
7317885
7317957
7318019
7318039
7318057
7318098
7318221
7318400
7318550
7318637
7318725
7318752
7318900
7318904
7319190
7319211
7319318
7319750
7319762
7319830
7319839
7319864
7319936
7320151
7320155
7320190
7320472
7320592
7320845
7320871
7320938
7321076
7321122
7321189
7321450
7321474
7321870
7321917
7321970
7321973
7322078
7322660
7322750
7322898
7322991
7323143
7323144
7323222
7323389
7323566
7323671
7323766
7324016
7324074
7324231
7324699
7324777
7325324
7325380
7325619
7325776
7325806
7325821
7325844
7325895
7325920
7325988
7326007
7326064
7326069
7326202
7326285
7326379
7326619
7326795
7326807
7326823
7326996
7327043
7327108
7327199
7327215
7327235
7327334
7327352
7327513
7327521
7327570
7327990
7328019
7328059
7328113
7328128
7328302
7328436
7328477
7328570
7328604
7328806
7329122
7329186
7329211
7329397
7329428
7329435
7329798
7329845
7329860
7329918
7330050
7330099
7330303
7330359
7330458
7330480
7330592
7330694
7330731
7330752
7330827
7330853
7330900
7331010
7331105
7331203
7331225
7331298
7331359
7331453
7331536
7331729
7331935
7331938
7332001
7332013
7332121
7332314
7332369
7332419
7332563
7332591
7332656
7332793
7332874
7333090
7333124
7333153
7333233
7333403
7333427
7333569
7333769
7333995
7334037
7334367
7334532
7334579
7334649
7334717
7335114
7335215
7335333
7335610
7335715
7335722
7335724
7336096
7336288
7336372
7336574
7337083
7337169
7337424
7337427
7337440
7337578
7337608
7337722
7337735
7337804
7337996
7338380
7338568
7338663
7338707
7339021
7339206
7339251
7339272
7339416
7339444
7339539
7339571
7339610
7339797
7339925
7340032
7340263
7340281
7340295
7340422
7340537
7340613
7340617
7340696
7340805
7340817
7340862
7341224
7341311
7341327
7341498
7341566
7341700
7341708
7341730
7341750
7341765
7341899
7342126
7342238
7342329
7342481
7342597
7342641
7342660
7342753
7342847
7342900
7342941
7342958
7342987
7343085
7343100
7343174
7343442
7343464
7343616
7343622
7343630
7343691
7343706
7343784
7344014
7344026
7344039
7344141
7344365
7344375
7344490
7344495
7344546
7344573
7344731
7344782
7344815
7345063
7345111
7345146
7345212
7345376
7345513
7345554
7345661
7345724
7345845
7345865
7345889
7345910
7345960
7345974
7346090
7346255
7346285
7346318
7346426
7346846
7346920
7347078
7347137
7347263
7347352
7347503
7347537
7347629
7347630
7347655
7347741
7348027
7348078
7348147
7348268
7348655
7348792
7348880
7348994
7349098
7349399
7349455
7349730
7350005
7350052
7350099
7350241
7350265
7350266
7350277
7350291
7350368
7350507
7350533
7350589
7350939
7351007
7351011
7351078
7351152
7351204
7351320
7351517
7351538
7351759
7351862
7351882
7351914
7352113
7352238
7352300
7352317
7352412
7352681
7352697
7352802
7352983
7353032
7353073
7353284
7353336
7353482
7353542
7353657
7353738
7353740
7353822
7353902
7353947
7354140
7354404
7354458
7354467
7354547
7354627
7354796
7354936
7355015
7355095
7355184
7355289
7355410
7355764
7356053
7356629
7356856
7356914
7357022
7357034
7357146
7357163
7357215
7357283
7357303
7357476
7357492
7357595
7357626
7357664
7357716
7357746
7357800
7358018
7358269
7358289
7358291
7358316
7358516
7358951
7358999
7359050
7359109
7359146
7359466
7359513
7359626
7359681
7359688
7359743
7359842
7359875
7359938
7360358
7360481
7360563
7360754
7361170
7361457
7361510
7361659
7361775
7362074
7362080
7362096
7362240
7362302
7362307
7362356
7362374
7362511
7362559
7362611
7362726
7362740
7362911
7363017
7363043
7363070
7363124
7363152
7363199
7363289
7363347
7363399
7363445
7363632
7363801
7363924
7364105
7364154
7364159
7364161
7364279
7364315
7364357
7364526
7364573
7364577
7364631
7364644
7364726
7364728
7364790
7364799
7364830
7364846
7364847
7365007
7365064
7365068
7365170
7365271
7365291
7365343
7365488
7365634
7365663
7365677
7365749
7365917
7366080
7366370
7366478
7366515
7366538
7366602
7366639
7366644
7366683
7366950
7367017
7367229
7367250
7367323
7367376
7367521
7367543
7367607
7367639
7367645
7367772
7367839
7367949
7368072
7368075
7368094
7368182
7368255
7368372
7368398
7368425
7368426
7368441
7368490
7368702
7368703
7368771
7368859
7369037
7369093
7369095
7369304
7369561
7369722
7369785
7369810
7369889
7369982
7370013
7370032
7370164
7370231
7370514
7370587
7370707
7370767
7370929
7370940
7371012
7371182
7371274
7371524
7371624
7371765
7371931
7372116
7372234
7372274
7372316
7372601
7372728
7372919
7373026
7373029
7373068
7373160
7373173
7373187
7373458
7373517
7374026
7374042
7374192
7374199
7374490
7374709
7374875
7374919
7374942
7374979
7375003
7375236
7375271
7375356
7375373
7375413
7375522
7375617
7375620
7375752
7375775
7375791
7375951
7375955
7376102
7376165
7376368
7376727
7376757
7376768
7376778
7377270
7377472
7377556
7377596
7377620
7377687
7377995
7378480
7378720
7378814
7378846
7378987
7379028
7379085
7379087
7379369
7379384
7379392
7379650
7379657
7379665
7379676
7379807
7379837
7379885
7380098
7380145
7380220
7380275
7380276
7380453
7380854
7380855
7381173
7381308
7381315
7381355
7381477
7381548
7381552
7381610
7381683
7381754
7381778
7381800
7381842
7381851
7382095
7382225
7382249
7382263
7382285
7382505
7382607
7382709
7382743
7382749
7382867
7383200
7383316
7383326
7383618
7383643
7383705
7383770
7383865
7383884
7383968
7384273
7384352
7384567
7384619
7384774
7384828
7384847
7384874
7384987
7385078
7385086
7385584
7385587
7385631
7385715
7385957
7386086
7386304
7386580
7386629
7387014
7387065
7387112
7387142
7387157
7387255
7387317
7387539
7387616
7387790
7387871
7387907
7387946
7388018
7388081
7388129
7388144
7388391
7388616
7388822
7388951
7389041
7389152
7389153
7389265
7389348
7389391
7389535
7389750
7389762
7389791
7389817
7389840
7390027
7390152
7390212
7390299
7390359
7390435
7390451
7390727
7390875
7390876
7390886
7391061
7391531
7391557
7391619
7391855
7391885
7391997
7392036
7392042
7392183
7392244
7392365
7392585
7392752
7392872
7392919
7392934
7393014
7393069
7393161
7393282
7393348
7393475
7393515
7393678
7393823
7393840
7393877
7393940
7394027
7394051
7394229
7394561
7394735
7394812
7395486
7395538
7395602
7395603
7395677
7395785
7395861
7395954
7395961
7395966
7395979
7396001
7396003
7396229
7396642
7396880
7396883
7396961
7396985
7397515
7397529
7397562
7397687
7397841
7397880
7397931
7398218
7398302
7398337
7398350
7398385
7398616
7398943
7399044
7399048
7399129
7399131
7399218
7399220
7399399
7399472
7399551
7399746
7399823
7399934
7400265
7400298
7400509
7400553
7400662
7400692
7400744
7400859
7401036
7401143
7401253
7401384
7401391
7401559
7401593
7401672
7401767
7401874
7401926
7401946
7401951
7402044
7402195
7402427
7402448
7402519
7402675
7402708
7403077
7403178
7403469
7403532
7403549
7403564
7403573
7403599
7403720
7403760
7403913
7403972
7404006
7404093
7404109
7404320
7404466
7404565
7404588
7404596
7404902
7404917
7404992
7405045
7405061
7405073
7405118
7405132
7405140
7405418
7405464
7405483
7405556
7405736
7405762
7406076
7406078
7406188
7406470
7406663
7406748
7406915
7406969
7406982
7407088
7407441
7407456
7407469
7407471
7407618
7407668
7407810
7407861
7408115
7408151
7408190
7408204
7408349
7408511
7408600
7408677
7408824
7408891
7409026
7409097
7409099
7409150
7409202
7409312
7409519
7409604
7409706
7409846
7409915
7410290
7410303
7410440
7410501
7410558
7410774
7410785
7410823
7410995
7411010
7411275
7411389
7411592
7411607
7411835
7411923
7411939
7412007
7412157
7412502
7412525
7412594
7412666
7412762
7412769
7412854
7412885
7412900
7413185
7413280
7413438
7413578
7413724
7413769
7413819
7413874
7413878
7413916
7414160
7414162
7414298
7414332
7414351
7414368
7414487
7414488
7414716
7414740
7414748
7414753
7414949
7415196
7415350
7415493
7415746
7415891
7415929
7415945
7416031
7416066
7416190
7416216
7416270
7416290
7416444
7416504
7416543
7416719
7416795
7416816
7416881
7417179
7417272
7417300
7417451
7417762
7417780
7417942
7418078
7418204
7418210
7418392
7418417
7418493
7418609
7418622
7418631
7418708
7418843
7418909
7419020
7419054
7419185
7419309
7419335
7419378
7419419
7419560
7419625
7419752
7419818
7419877
7419922
7419947
7419974
7420036
7420395
7420437
7420570
7420581
7420738
7420831
7420861
7420964
7421033
7421194
7421244
7421289
7421362
7421397
7421458
7421553
7421584
7421587
7421655
7421771
7421839
7421905
7421969
7422287
7422318
7422443
7422546
7422596
7422634
7422782
7422827
7422942
7422967
7422984
7423032
7423038
7423155
7423159
7423449
7423638
7423649
7423695
7423952
7423991
7424023
7424060
7424088
7424122
7424152
7424192
7424270
7424295
7424332
7424380
7424384
7424522
7424633
7424718
7424743
7424860
7425018
7425126
7425149
7425238
7425350
7425424
7425501
7425744
7425867
7425909
7425962
7426033
7426133
7426175
7426208
7426297
7426494
7426572
7426675
7426997
7427035
7427120
7427157
7427171
7427188
7427204
7427353
7427395
7427453
7427582
7427625
7427751
7428120
7428352
7428425
7428535
7428631
7428647
7428736
7428909
7429149
7429157
7429263
7429273
7429326
7429370
7429567
7429582
7429598
7429648
7429672
7429684
7429806
7429903
7429935
7429946
7430054
7430106
7430203
7430216
7430506
7430600
7430851
7430895
7430904
7430970
7431064
7431175
7431314
7431337
7431465
7431546
7431651
7431763
7431885
7431975
7431976
7432244
7432381
7432510
7432654
7432690
7432790
7432917
7433069
7433073
7433102
7433216
7433356
7433377
7433399
7433425
7433595
7433649
7433838
7433918
7433920
7434004
7434123
7434159
7434162
7434202
7434211
7434228
7434324
7434360
7434464
7434489
7434500
7434696
7434815
7434883
7434998
7435064
7435411
7435451
7435560
7435634
7435892
7436040
7436084
7436298
7436719
7436816
7436951
7437063
7437155
7437237
7437363
7437568
7437606
7438219
7438301
7438468
7438648
7438704
7438715
7438733
7438749
7438998
7439058
7439100
7439215
7439239
7439447
7439543
7439666
7439765
7439899
7440108
7440111
7440187
7440385
7440412
7440418
7440934
7441169
7441240
7441258
7441397
7441428
7441459
7441703
7441741
7441750
7441821
7441838
7441982
7442005
7442066
7442257
7442288
7442363
7442372
7442394
7442451
7442587
7442622
7442640
7442703
7442808
7442822
7442905
7442935
7443053
7443079
7443172
7443229
7443265
7443532
7443613
7443690
7443854
7443889
7444081
7444082
7444337
7444367
7444472
7444490
7444761
7444834
7444841
7444874
7444913
7445005
7445104
7445119
7445293
7445471
7445472
7445558
7445611
7445639
7445699
7445740
7445840
7445869
7445874
7445900
7445941
7445948
7445994
7446110
7446197
7446203
7446263
7446401
7446566
7446596
7446621
7446735
7446786
7446794
7447214
7447225
7447244
7447286
7447413
7447499
7447546
7447582
7447590
7447704
7447706
7447759
7447933
7447954
7448041
7448065
7448077
7448185
7448219
7448286
7448343
7448376
7448428
7448573
7448641
7448686
7448689
7448736
7448860
7449100
7449415
7449428
7449568
7449742
7449748
7449959
7450060
7450065
7450197
7450288
7450565
7450817
7450994
7451141
7451228
7451316
7451408
7451420
7451604
7451620
7451739
7451757
7451865
7452252
7452417
7452467
7452557
7452585
7452671
7452696
7452705
7452780
7452783
7452933
7452935
7453103
7453130
7453174
7453196
7453410
7453494
7453710
7453719
7453738
7453802
7454168
7454220
7454356
7454556
7454637
7454679
7454717
7454748
7455160
7455182
7455384
7455450
7455510
7455543
7455589
7455871
7455879
7456000
7456297
7456326
7456432
7456493
7456591
7456630
7456747
7456993
7457019
7457079
7457118
7457126
7457273
7457291
7457408
7457561
7457582
7457737
7457880
7458025
7458267
7458465
7458488
7458524
7458555
7458693
7458753
7458775
7458938
7458954
7459060
7459221
7459252
7459412
7459421
7459428
7459431
7459558
7459647
7459700
7459747
7459779
7459894
7459906
7460017
7460053
7460078
7460098
7460179
7460264
7460359
7460381
7460426
7460444
7460662
7460708
7460758
7460803
7460813
7460944
7460951
7460988
7461227
7461324
7461429
7461460
7462069
7462219
7462306
7462640
7462700
7462719
7462774
7462856
7462889
7462902
7462919
7463197
7463259
7463684
7463717
7463862
7463884
7463984
7464009
7464077
7464156
7464162
7464194
7464236
7464248
7464258
7464319
7464392
7464409
7464474
7464479
7464509
7464517
7464523
7464691
7464758
7464787
7464821
7464849
7464876
7464950
7464996
7465123
7465211
7465653
7465751
7465886
7465986
7466141
7466197
7466209
7466521
7466730
7466761
7466847
7466877
7466878
7466983
7467132
7467134
7467198
7467317
7467477
7467631
7467647
7467726
7467814
7467845
7467940
7468068
7468205
7468246
7468413
7468644
7468670
7468706
7468713
7468718
7468785
7468826
7468968
7468986
7469105
7469217
7469406
7469488
7469588
7469790
7470094
7470161
7470241
7470249
7470290
7470322
7470341
7470645
7470808
7470832
7470869
7470878
7470975
7471112
7471222
7471253
7471356
7471444
7471450
7471578
7471824
7471866
7472344
7472359
7472447
7472581
7472615
7472669
7472820
7472951
7473090
7473146
7473203
7473283
7473407
7473546
7473590
7473910
7473959
7474069
7474270
7474519
7474638
7474842
7474972
7474978
7475204
7475453
7475469
7475525
7475912
7476057
7476117
7476135
7476172
7476180
7476199
7476736
7477055
7477088
7477247
7477565
7477568
7477648
7477665
7478058
7478135
7478349
7478390
7478399
7478464
7478529
7478537
7478566
7478726
7478776
7478794
7478826
7478867
7478868
7478923
7478935
7479196
7479306
7479467
7479701
7479801
7479891
7479934
7479960
7480147
7480154
7480250
7480359
7480480
7480522
7480659
7480864
7480902
7480982
7481045
7481049
7481188
7481225
7481226
7481469
7481497
7481533
7481647
7481668
7481705
7481717
7481721
7482146
7482180
7482240
7482302
7482340
7482476
7482523
7482755
7482830
7482877
7483155
7483160
7483265
7483535
7483550
7483576
7483742
7483746
7483762
7483768
7483778
7483900
7483940
7483943
7484166
7484196
7484351
7484373
7484445
7484469
7484573
7484616
7484737
7484757
7484794
7484986
7485006
7485108
7485284
7485391
7485410
7485474
7485810
7486128
7486273
7486336
7486449
7486656
7486802
7486970
7487110
7487220
7487253
7487348
7487408
7487448
7487744
7487780
7487802
7488227
7488318
7488495
7488510
7488618
7488736
7488794
7488900
7489069
7489277
7489452
7489470
7489494
7489530
7489551
7489936
7490037
7490038
7490272
7490291
7490319
7490356
7490408
7490504
7490505
7490652
7490876
7491037
7491253
7491339
7491511
7491643
7491822
7491875
7492385
7492424
7492547
7492618
7492687
7492769
7492912
7492990
7493032
7493100
7493177
7493206
7493210
7493255
7493277
7493320
7493524
7493596
7493732
7493894
7493945
7493968
7494118
7494132
7494289
7494305
7494353
7494748
7494959
7494977
7494978
7494985
7495025
7495143
7495155
7495187
7495197
7495246
7495316
7495335
7495559
7495677
7495720
7495721
7495915
7496267
7496301
7496385
7496392
7496464
7496508
7496547
7496553
7496673
7496969
7496999
7497007
7497012
7497246
7497265
7497712
7497948
7498243
7498264
7498516
7498667
7498835
7499156
7499166
7499179
7499274
7499287
7499605
7499706
7499717
7499766
7499836
7499887
7500007
7500362
7500558
7500604
7500656
7500665
7500727
7500839
7500846
7501128
7501367
7501590
7501981
7502046
7502096
7502316
7502474
7502556
7502700
7502867
7503048
7503113
7503142
7503228
7503275
7503322
7503404
7503560
7503644
7503815
7503822
7504013
7504146
7504152
7504159
7504258
7504617
7504725
7504839
7504899
7505009
7505043
7505086
7505228
7505394
7505406
7505433
7505694
7505746
7505768
7505850
7505948
7505984
7506125
7506272
7506310
7506325
7506394
7506416
7506589
7506599
7506606
7506629
7506652
7506704
7506741
7506751
7506789
7506863
7506955
7507206
7507305
7507472
7507625
7507629
7507729
7507798
7507800
7507869
7507936
7507956
7508328
7508497
7508579
7508580
7508711
7508800
7508945
7509132
7509268
7509317
7509469
7509743
7509798
7510091
7510145
7510174
7510228
7510236
7510459
7510477
7510671
7510863
7510968
7511052
7511101
7511176
7511215
7511278
7511427
7511812
7511820
7511870
7511910
7511936
7511955
7512186
7512187
7512305
7512335
7512454
7512601
7512655
7512711
7512751
7512792
7512800
7512880
7512901
7512913
7512915
7513116
7513124
7513206
7513274
7513357
7513406
7513598
7513851
7513921
7514188
7514510
7514553
7514572
7514591
7514949
7514965
7515059
7515111
7515303
7515372
7515649
7516010
7516112
7516172
7516391
7516440
7516480
7516489
7516545
7516710
7516837
7516926
7516942
7517036
7517170
7517425
7517846
7517924
7518469
7518486
7518914
7519056
7519121
7519194
7519356
7519457
7519465
7519541
7519654
7519778
7519839
7519850
7519880
7519887
7520094
7520166
7520440
7520468
7520572
7520742
7520810
7521015
7521042
7521080
7521130
7521195
7521236
7521383
7521636
7521651
7521749
7521781
7522052
7522208
7522210
7522228
7522343
7522486
7522864
7522917
7523312
7523329
7523348
7523391
7523479
7523601
7523837
7523841
7523893
7523936
7524049
7524090
7524104
7524120
7524258
7524283
7524391
7524467
7524550
7524656
7525204
7525251
7525469
7525486
7525521
7525560
7525692
7525736
7525754
7525927
7525987
7526197
7526263
7526283
7526397
7526486
7526502
7526684
7526706
7526784
7526838
7526850
7526914
7526994
7527111
7527132
7527498
7527555
7527584
7527626
7527850
7528017
7528175
7528341
7528555
7528697
7528998
7529042
7529082
7529239
7529323
7529542
7529571
7529594
7529778
7529864
7529900
7529937
7529960
7529971
7529972
7530009
7530039
7530042
7530043
7530184
7530215
7530279
7530347
7530609
7530646
7530876
7530924
7531023
7531214
7531277
7531332
7531380
7531455
7531486
7531631
7531761
7531813
7531979
7531985
7532010
7532094
7532148
7532204
7532396
7532433
7532522
7532729
7533031
7533043
7533096
7533318
7533390
7533636
7533642
7533738
7533764
7533789
7533952
7533979
7534062
7534089
7534223
7534251
7534286
7534325
7534332
7534539
7534609
7534652
7534860
7534959
7535120
7535168
7535192
7535305
7535441
7535808
7536142
7536373
7536381
7536477
7536542
7536563
7536632
7536696
7536945
7536999
7537051
7537163
7537210
7537219
7537227
7537488
7537522
7537577
7537652
7537680
7537810
7537871
7538125
7538146
7538302
7538325
7538411
7538435
7538483
7538725
7538936
7538939
7539008
7539211
7539350
7539399
7539415
7539654
7539686
7539730
7539737
7539918
7540012
7540161
7540358
7540619
7540786
7540805
7541105
7541250
7541309
7541460
7541478
7541520
7541537
7541631
7541750
7541827
7541869
7541891
7542475
7542478
7542608
7542616
7542617
7542637
7542668
7542751
7542815
7542836
7542881
7542969
7543005
7543059
7543241
7543246
7543348
7543368
7543453
7543570
7543684
7543726
7543762
7543911
7543962
7544170
7544230
7544263
7544389
7544413
7544521
7544846
7544940
7545004
7545240
7545252
7545256
7545277
7545279
7545298
7545429
7545527
7545615
7545743
7545834
7546015
7546032
7546050
7546060
7546170
7546203
7546253
7546302
7546317
7546391
7546440
7546867
7547010
7547050
7547138
7547238
7547255
7547260
7547311
7547412
7547535
7547604
7547611
7547636
7547724
7547930
7547974
7547984
7548108
7548251
7548382
7548389
7548442
7548448
7548494
7548562
7548747
7548846
7548873
7548945
7548982
7549092
7549131
7549276
7549308
7549319
7550026
7550048
7550085
7550372
7550515
7550519
7550756
7550780
7550917
7551041
7551289
7551295
7551310
7551480
7551495
7551538
7551685
7551752
7551975
7552077
7552180
7552187
7552545
7552575
7552693
7552726
7552733
7552794
7552842
7552850
7553157
7553210
7553274
7553406
7553487
7553515
7553636
7553770
7553962
7554269
7554276
7554468
7554590
7554613
7554718
7554817
7554881
7554947
7554987
7555147
7555310
7555354
7555391
7555482
7555640
7555692
7555833
7556056
7556058
7556223
7556292
7556465
7556467
7556475
7556510
7556779
7556852
7556865
7556961
7557061
7557120
7557246
7557381
7557386
7557576
7557580
7557587
7557614
7557629
7557680
7557715
7557818
7557941
7557973
7558016
7558100
7558182
7558197
7558212
7558378
7558417
7558436
7558523
7558524
7558675
7558810
7558977
7558992
7559125
7559426
7559538
7559612
7559668
7559713
7560110
7560170
7560292
7560446
7560464
7560584
7560820
7560833
7560955
7560977
7561088
7561164
7561193
7561221
7561614
7561822
7561975
7561977
7562050
7562087
7562226
7562241
7562252
7562332
7562535
7562644
7562688
7562788
7562847
7562950
7563202
7563218
7563530
7563582
7563760
7563793
7563799
7563935
7564163
7564313
7564314
7564424
7564486
7564609
7564635
7564677
7564685
7564732
7564793
7565186
7565242
7565450
7565487
7565514
7565632
7565802
7565826
7565949
7565997
7566133
7566213
7566440
7566458
7566540
7566552
7566594
7566716
7566726
7566817
7566889
7567005
7567205
7567354
7567384
7567612
7567652
7568233
7568262
7568399
7568632
7568652
7568671
7569000
7569061
7569100
7569127
7569219
7569265
7569691
7569809
7569862
7569963
7569968
7570230
7570421
7570478
7570524
7570538
7570823
7570879
7571128
7571346
7571366
7571412
7571416
7571422
7571591
7571641
7571673
7571738
7571806
7572382
7572438
7572517
7572545
7572560
7572650
7572723
7572769
7572886
7573110
7573502
7573532
7573535
7573586
7573588
7573622
7573686
7573769
7573835
7573866
7573889
7573934
7574294
7574376
7574412
7574426
7574454
7574470
7574654
7574680
7574743
7574876
7574899
7574995
7575005
7575349
7575481
7575505
7575738
7575740
7575749
7575766
7575777
7575797
7575834
7575914
7576215
7576424
7576462
7576583
7576723
7576751
7576760
7576990
7577003
7577059
7577425
7577477
7577572
7577588
7577638
7577641
7577649
7577767
7577991
7578037
7578236
7578270
7578334
7578703
7578729
7578916
7578973
7579106
7579243
7579256
7579433
7579608
7579640
7579872
7579892
7580069
7580099
7580213
7580402
7580426
7580787
7580820
7580838
7581014
7581028
7581106
7581177
7581333
7581485
7581547
7581615
7581617
7581644
7581658
7581730
7581822
7581856
7581866
7581910
7581924
7581927
7581944
7582033
7582036
7582065
7582208
7582557
7582579
7582938
7582977
7583106
7583162
7583205
7583281
7583303
7583310
7583392
7583409
7583596
7583681
7583737
7583911
7583984
7584017
7584130
7584172
7584194
7584268
7584378
7584381
7584481
7584593
7584644
7584708
7584715
7584748
7584821
7585015
7585048
7585149
7585176
7585217
7585250
7585303
7585307
7585347
7585558
7585869
7586002
7586073
7586250
7586256
7586261
7586294
7586522
7586575
7586591
7586676
7586728
7586767
7587041
7587161
7587173
7587241
7587425
7587594
7587634
7587734
7587744
7587837
7588019
7588068
7588184
7588253
7588532
7588542
7588646
7588663
7588667
7588799
7588965
7588997
7589023
7589032
7589033
7589125
7589182
7589271
7589294
7589528
7589578
7589583
7589873
7589943
7589950
7590070
7590104
7590191
7590346
7590457
7590487
7590547
7590566
7590674
7590686
7590706
7590729
7590804
7590969
7591255
7591272
7591505
7591564
7591620
7591830
7591832
7591839
7592192
7592231
7592234
7592370
7592459
7592511
7592738
7592777
7592868
7592889
7592909
7593184
7593207
7593275
7593357
7593433
7593494
7593544
7593550
7593639
7593642
7593694
7593770
7593774
7593960
7594054
7594098
7594104
7594351
7594467
7594629
7594765
7595349
7595484
7595538
7595562
7595571
7595946
7595956
7596016
7596083
7596125
7596136
7596173
7596339
7596447
7596473
7596505
7596605
7596721
7596810
7596820
7596914
7596915
7597064
7597071
7597080
7597098
7597181
7597268
7597490
7597882
7598149
7598177
7598221
7598226
7598416
7598526
7598559
7598671
7598922
7598954
7598983
7599460
7599471
7599514
7599649
7599696
7599881
7599901
7600003
7600108
7600145
7600179
7600185
7600240
7600275
7600295
7600503
7600614
7600824
7600884
7600893
7600936
7601004
7601081
7601139
7601198
7601469
7601488
7601497
7601770
7601790
7601889
7601909
7602063
7602159
7602235
7602276
7602375
7602378
7602498
7602547
7602555
7602613
7602690
7602709
7602748
7602836
7602862
7603031
7603326
7603439
7603674
7603914
7604021
7604027
7604077
7604470
7604820
7604827
7604904
7605062
7605673
7605804
7605974
7606119
7606317
7606376
7606401
7606414
7606442
7606527
7606962
7606978
7607011
7607265
7607287
7607331
7607411
7607440
7607512
7607523
7607664
7607813
7607864
7607966
7607998
7608039
7608139
7608176
7608408
7608449
7608620
7608681
7608700
7608795
7608923
7608933
7608994
7609042
7609207
7609231
7609301
7609358
7609404
7609466
7609649
7609696
7609704
7609763
7610176
7610197
7610341
7610402
7610430
7610435
7610680
7610816
7610879
7610906
7610913
7611033
7611052
7611069
7611270
7611395
7611432
7611461
7611499
7611641
7611643
7611798
7611845
7611905
7611907
7611927
7611954
7612071
7612081
7612220
7612398
7612468
7612550
7612582
7612652
7612753
7612834
7612879
7612952
7613197
7613214
7613426
7613430
7613520
7613565
7613784
7613786
7614000
7614018
7614029
7614039
7614329
7614476
7614483
7614576
7614615
7614650
7614726
7614778
7614882
7614915
7614959
7615232
7615569
7615616
7615726
7615811
7615898
7615995
7616027
7616105
7616181
7616416
7616466
7616667
7617079
7617168
7617224
7617289
7617359
7617381
7617414
7617439
7617507
7617645
7617694
7617787
7617806
7617907
7617932
7618003
7618016
7618022
7618037
7618143
7618181
7618399
7618437
7618492
7618515
7618540
7618620
7618668
7618883
7618893
7619031
7619074
7619194
7619230
7619273
7619313
7619465
7620033
7620153
7620212
7620374
7620445
7620528
7620567
7620600
7620736
7620738
7620902
7621036
7621244
7621474
7621520
7621774
7621830
7621889
7621904
7621924
7621945
7622005
7622007
7622050
7622243
7622446
7622505
7622601
7622610
7622639
7622712
7622732
7622896
7623020
7623050
7623472
7623625
7623654
7623790
7623811
7623854
7623883
7623936
7624054
7624069
7624077
7624134
7624482
7624573
7624615
7624752
7624921
7625045
7625153
7625480
7625510
7625580
7625609
7625961
7625963
7626061
7626114
7626119
7626146
7626258
7626291
7626441
7626448
7626550
7626561
7626564
7626616
7626659
7626760
7626859
7626880
7626886
7626923
7627098
7627261
7627280
7627309
7627423
7627505
7627651
7627976
7627990
7628047
7628135
7628212
7628291
7628294
7628318
7628368
7628467
7628509
7628527
7628588
7628624
7628687
7628891
7628991
7629336
7629379
7629549
7629590
7629616
7629666
7629838
7629855
7629866
7630043
7630079
7630409
7630644
7630659
7630704
7630712
7630803
7630962
7631007
7631174
7631186
7631264
7631549
7631671
7631811
7631876
7632003
7632165
7632281
7632287
7632299
7632578
7632638
7632670
7632696
7632836
7632982
7633148
7633275
7633310
7633369
7633454
7633480
7633500
7633502
7633504
7633531
7633566
7633602
7633697
7633773
7633870
7634038
7634046
7634097
7634413
7634785
7634919
7634926
7635002
7635090
7635190
7635347
7635573
7635630
7635668
7635843
7636068
7636079
7636101
7636217
7636719
7636869
7636951
7637105
7637109
7637147
7637240
7637262
7637727
7637736
7637863
7637877
7637939
7637977
7638151
7638614
7638619
7638685
7638851
7638893
7639059
7639062
7639157
7639213
7639301
7639388
7639392
7639407
7639414
7639522
7639755
7639889
7640227
7640307
7640400
7640533
7640615
7640618
7640813
7640852
7640876
7640887
7640902
7641031
7641043
7641100
7641365
7641478
7641531
7641947
7642003
7642215
7642303
7642556
7642608
7642680
7642990
7643056
7643180
7643224
7643434
7643444
7643524
7643755
7643879
7643891
7644015
7644053
7644153
7644161
7644182
7644612
7644646
7644827
7644955
7645121
7645277
7645312
7645316
7645325
7645534
7645617
7645748
7645843
7645874
7645920
7645933
7646186
7646241
7646405
7646419
7646522
7646597
7646625
7646759
7646795
7646918
7646951
7647043
7647239
7647410
7647819
7648146
7648272
7648406
7648613
7648952
7649012
7649014
7649174
7649177
7649392
7649447
7649458
7649557
7649591
7649592
7649795
7649973
7649992
7650019
7650185
7650199
7650209
7650324
7650368
7650429
7650572
7650871
7650891
7650898
7650956
7651076
7651209
7651242
7651315
7651383
7651440
7651494
7651518
7651547
7651561
7651593
7651681
7651774
7651833
7651863
7651924
7651987
7652001
7652091
7652152
7652158
7652159
7652182
7652215
7652710
7652763
7652851
7653296
7653484
7653507
7653539
7653560
7653803
7653827
7653898
7653920
7653943
7654021
7654288
7654294
7654445
7654520
7654568
7654679
7654730
7654746
7654830
7654898
7655050
7655056
7655086
7655267
7655347
7655475
7655536
7655554
7655556
7655702
7655712
7655948
7656125
7656190
7656193
7656484
7656584
7656601
7656683
7656707
7656774
7656799
7656968
7656986
7657036
7657065
7657302
7657436
7657547
7657731
7657749
7657887
7657937
7658158
7658263
7658321
7658524
7658617
7658638
7658687
7658790
7658887
7659103
7659211
7659445
7659448
7659494
7659527
7659624
7659666
7659696
7659755
7659944
7659945
7660203
7660425
7660429
7660475
7660615
7660759
7660787
7660865
7660925
7661030
7661071
7661118
7661711
7661719
7661818
7661944
7662287
7662433
7662559
7662586
7662717
7662724
7662907
7662929
7662931
7663014
7663027
7663029
7663139
7663175
7663192
7663266
7663365
7663461
7663557
7663605
7663691
7663806
7663942
7664070
7664085
7664356
7664433
7664500
7665103
7665337
7665417
7665453
7665517
7665557
7665564
7665642
7665727
7665790
7665812
7665814
7665833
7665949
7665973
7665981
7666056
7666109
7666277
7666411
7666471
7666531
7666574
7666779
7666825
7666938
7666951
7666995
7667353
7667361
7667453
7667572
7667763
7667777
7667798
7667811
7667813
7667844
7667926
7667959
7667978
7668216
7668230
7668232
7668271
7668322
7668509
7668568
7668735
7668795
7669093
7669179
7669463
7669656
7669764
7669778
7669985
7670074
7670126
7670231
7670232
7670428
7670476
7670834
7670911
7670913
7670955
7671057
7671065
7671109
7671192
7671583
7671634
7671667
7671679
7671844
7671895
7671930
7671957
7672579
7672953
7673087
7673108
7673126
7673205
7673369
7673695
7673707
7674117
7674243
7674310
7674394
7674424
7674459
7674527
7674889
7675055
7675078
7675147
7675182
7675365
7675661
7675769
7675783
7675784
7675900
7676037
7676121
7676266
7676330
7676422
7676423
7676557
7676655
7676690
7676730
7676774
7676803
7676822
7676831
7676852
7677108
7677411
7677416
7677930
7677980
7678167
7678370
7678425
7678579
7678589
7678643
7678683
7678830
7679146
7679161
7679243
7679309
7679345
7679439
7679445
7679451
7679467
7679491
7679553
7679606
7679636
7679647
7679757
7679788
7679826
7679933
7680070
7680087
7680138
7680269
7680319
7680384
7680410
7680545
7680684
7680694
7680853
7680964
7681070
7681081
7681139
7681193
7681241
7681368
7681474
7681501
7681552
7681625
7681643
7681726
7681775
7681853
7681900
7682024
7682043
7682046
7682112
7682227
7682249
7682294
7682401
7682410
7682481
7682643
7683038
7683044
7683125
7683380
7683654
7683706
7683734
7683770
7683875
7683940
7683969
7684083
7684092
7684152
7684273
7684278
7684355
7684373
7684482
7684648
7684661
7684670
7684678
7684897
7685126
7685214
7685283
7685331
7685350
7685433
7685611
7685666
7685711
7685715
7685722
7685736
7685773
7685784
7686088
7686451
7686537
7686593
7686601
7686718
7686812
7686819
7686829
7687063
7687077
7687216
7687292
7687293
7687344
7687397
7687642
7688025
7688029
7688119
7688134
7688360
7688683
7688755
7688846
7688906
7689223
7689361
7689414
7689594
7689634
7689694
7689834
7689839
7690107
7690178
7690206
7690378
7690405
7690410
7690436
7690535
7690702
7690709
7691002
7691004
7691016
7691018
7691206
7691479
7691502
7691506
7691525
7691526
7691552
7691559
7691594
7691643
7691649
7691736
7691955
7692084
7692205
7692313
7692460
7692675
7692845
7692889
7692955
7692972
7693002
7693070
7693233
7693470
7693593
7693651
7693677
7693689
7693795
7693917
7693923
7693998
7694043
7694156
7694491
7694639
7694642
7694706
7694746
7694948
7695022
7695127
7695375
7695389
7695467
7695686
7695713
7695935
7695959
7695966
7696054
7696133
7696504
7696507
7696560
7696599
7696618
7696822
7696905
7696913
7696982
7697014
7697070
7697275
7697356
7697601
7697738
7697782
7697848
7698015
7698024
7698180
7698199
7698256
7698459
7698572
7698835
7698947
7699037
7699159
7699307
7699517
7699613
7699687
7699995
7700001
7700011
7700500
7700519
7700555
7700573
7700704
7700708
7700956
7701056
7701180
7701437
7701456
7701555
7701596
7701676
7701855
7702071
7702095
7702329
7702595
7702631
7702643
7702666
7702718
7702751
7702809
7702884
7702887
7702890
7702951
7703386
7703396
7703962
7703978
7704462
7704520
7704605
7704738
7704879
7705079
7705152
7705487
7705578
7705621
7705972
7706139
7706222
7706440
7706751
7706881
7706923
7706951
7707008
7707020
7707023
7707031
7707059
7707092
7707247
7707250
7707287
7707554
7707655
7707788
7707870
7707910
7707911
7707958
7708155
7708347
7708498
7708517
7708824
7708857
7708970
7709241
7709285
7709401
7709479
7709489
7709751
7709811
7709912
7709984
7710067
7710198
7710204
7710245
7710313
7710502
7710651
7710789
7710832
7710892
7710913
7711175
7711209
7711286
7711468
7711478
7711752
7711777
7711819
7711874
7711923
7712035
7712060
7712098
7712145
7712211
7712239
7712415
7712448
7712699
7712963
7713146
7713157
7713359
7713396
7713605
7713752
7713924
7714152
7714176
7714524
7714571
7714686
7714695
7714700
7714743
7714773
7714899
7715461
7715606
7715677
7715867
7715924
7716000
7716331
7716379
7716399
7716531
7716569
7716630
7717186
7717244
7717274
7717320
7717529
7717621
7717678
7717681
7717719
7717767
7717916
7718088
7718185
7718306
7718627
7718641
7718660
7718703
7719030
7719145
7719445
7719487
7719552
7719584
7719958
7720096
7720254
7720280
7720341
7720353
7720628
7720695
7720744
7720754
7720795
7720838
7720923
7720936
7720951
7721116
7721122
7721192
7721222
7721313
7721398
7721431
7721457
7721462
7721526
7721537
7721573
7721613
7721725
7721780
7721958
7722037
7722075
7722147
7722253
7722401
7722454
7722580
7722606
7722609
7722728
7722921
7723093
7723303
7723305
7723376
7723390
7723444
7723456
7723723
7723807
7723932
7724035
7724059
7724131
7724133
7724193
7724331
7724686
7725049
7725120
7725762
7725801
7725821
7725840
7725884
7725958
7725984
7726065
7726777
7726825
7727073
7727093
7727106
7727235
7727244
7727275
7727289
7727379
7727632
7727687
7727692
7727693
7727784
7727795
7727886
7728009
7728026
7728326
7728329
7728380
7728502
7728746
7729025
7729138
7729158
7729452
7729471
7729524
7729583
7729606
7729652
7729953
7729964
7729984
7729987
7730166
7730250
7730320
7730445
7730483
7730667
7730738
7730963
7731003
7731063
7731100
7731123
7731171
7731427
7731522
7731726
7731770
7731798
7731815
7731865
7731957
7731972
7732036
7732422
7732456
7732605
7732656
7732776
7732870
7733086
7733173
7733225
7733438
7733485
7733526
7733579
7733733
7733752
7733874
7734029
7734053
7734074
7734211
7734220
7734268
7734410
7734467
7734530
7734580
7734702
7734732
7734812
7734832
7734936
7734943
7735034
7735459
7735571
7735749
7735772
7735808
7735892
7735896
7736118
7736146
7736181
7736302
7736569
7736811
7736840
7736886
7737109
7737117
7737144
7737204
7737309
7737414
7737723
7737724
7737763
7737862
7737917
7737920
7737924
7738084
7738195
7738351
7738391
7738519
7738582
7738713
7738745
7738765
7738826
7738889
7738976
7739053
7739061
7739107
7739347
7739352
7739424
7739482
7739560
7739622
7739632
7739805
7739912
7740047
7740121
7740286
7740350
7740365
7740450
7740454
7740538
7740587
7740607
7740629
7740680
7740770
7740921
7741026
7741067
7741107
7741111
7741293
7741447
7741643
7741709
7741787
7741810
7741856
7741995
7742166
7742197
7742296
7742335
7742341
7742414
7742508
7742722
7742766
7742792
7743134
7743298
7743537
7743566
7743662
7743686
7743752
7743775
7743823
7743833
7744313
7744338
7744725
7744735
7745037
7745051
7745312
7745331
7745523
7745532
7745704
7745717
7745812
7745859
7746014
7746138
7746198
7746260
7746334
7746388
7746461
7746605
7746628
7746645
7746677
7746753
7746810
7746958
7747246
7747549
7747697
7747856
7747912
7747979
7748005
7748048
7748057
7748142
7748174
7748259
7748419
7748429
7748475
7748493
7748641
7748721
7748908
7749119
7749161
7749253
7749462
7749473
7749932
7749950
7750129
7750156
7750170
7750193
7750226
7750269
7750297
7750394
7750436
7750491
7750676
7750752
7750804
7751286
7751364
7751377
7751469
7751508
7751668
7751745
7751799
7751800
7751883
7751978
7751982
7752101
7752175
7752317
7752637
7752640
7752700
7752709
7753058
7753086
7753109
7753122
7753126
7753403
7753435
7753549
7753550
7753558
7753576
7753603
7753677
7753777
7753883
7753918
7754212
7754525
7754634
7754812
7754886
7754956
7755060
7755074
7755439
7755463
7755747
7755807
7755834
7756015
7756150
7756451
7756720
7756802
7756839
7757119
7757275
7757307
7757372
7757420
7757507
7757543
7757828
7757872
7758155
7758202
7758316
7758452
7758458
7758476
7758479
7758491
7758616
7758648
7758888
7758960
7759060
7759239
7759291
7759403
7759448
7759588
7759686
7759763
7759816
7759864
7760085
7760216
7760381
7760430
7760601
7760635
7760665
7760737
7760835
7760966
7761037
7761190
7761201
7761337
7761611
7761761
7761925
7761999
7762027
7762043
7762200
7762336
7762357
7762481
7762637
7762657
7762692
7762701
7762741
7762813
7762999
7763013
7763225
7763493
7763781
7763837
7763873
7763965
7763973
7763983
7764480
7764626
7764707
7764895
7764924
7765021
7765153
7765215
7765259
7765307
7765436
7765820
7765833
7765840
7766085
7766089
7766294
7766314
7766361
7766400
7766593
7766616
7766806
7766837
7766942
7766989
7767505
7767880
7767916
7767941
7767965
7767996
7768126
7768138
7768222
7768229
7768273
7768311
7768334
7768407
7768452
7768480
7768568
7768640
7768746
7768782
7768806
7768911
7769142
7769203
7769245
7769303
7769529
7769633
7769657
7769751
7769775
7769951
7770154
7770213
7770482
7770596
7770604
7770695
7770870
7770969
7770973
7771183
7771236
7771288
7771291
7771363
7771418
7771507
7771600
7771608
7771699
7771906
7771943
7772007
7772326
7772420
7772428
7772461
7772813
7772872
7772901
7772927
7773016
7773056
7773073
7773126
7773281
7773438
7773463
7773665
7773741
7773747
7773792
7773875
7773956
7774013
7774044
7774115
7774158
7774369
7774529
7774990
7775228
7775431
7775490
7775711
7775715
7775922
7775925
7775970
7776282
7776305
7776438
7776443
7776527
7776656
7776740
7776848
7776950
7776962
7776963
7777115
7777294
7777370
7777564
7777595
7777623
7777677
7777795
7777905
7777971
7778067
7778136
7778182
7778317
7778495
7778526
7778606
7778758
7778765
7778767
7778776
7779155
7779265
7779334
7779521
7779566
7779685
7779698
7779759
7779870
7780333
7780433
7780468
7780590
7780612
7780681
7780891
7780933
7781124
7781170
7781212
7781265
7781488
7781512
7781639
7781718
7781801
7782032
7782120
7782397
7782576
7782600
7782759
7782854
7783184
7783234
7783257
7783267
7783319
7783389
7783398
7783461
7783741
7783840
7783877
7783942
7783966
7784019
7784027
7784213
7784269
7784315
7784414
7784419
7784482
7784547
7784576
7784630
7784808
7784878
7784988
7785224
7785256
7785268
7785277
7785283
7785500
7785546
7785567
7785625
7785721
7785775
7785871
7786453
7786695
7787002
7787075
7787307
7787323
7787666
7787711
7788009
7788047
7788079
7788136
7788239
7788252
7788293
7788364
7788584
7788747
7788812
7788870
7788907
7789013
7789014
7789111
7789112
7789116
7789179
7789247
7789281
7789412
7789481
7789563
7789590
7789791
7789849
7789960
7790113
7790142
7790167
7790459
7790518
7790689
7790923
7791066
7791161
7791203
7791214
7791256
7791331
7791390
7791765
7791898
7792046
7792050
7792055
7792057
7792111
7792231
7792330
7792960
7793135
7793185
7793212
7793803
7793853
7793907
7794001
7794006
7794203
7794418
7794524
7794570
7794655
7795039
7795067
7795078
7795112
7795152
7795419
7795451
7795495
7795504
7795567
7795573
7795642
7795645
7795686
7795690
7795901
7795920
7796027
7796101
7796136
7796312
7796326
7796388
7796391
7796417
7796514
7796669
7796695
7796743
7796753
7796785
7796840
7796975
7797043
7797187
7797291
7797432
7797486
7797499
7797609
7797825
7797852
7797857
7797904
7798283
7798444
7798447
7798497
7798647
7798796
7798827
7798859
7798939
7798942
7799005
7799096
7799106
7799197
7799205
7799248
7799287
7799486
7799979
7800038
7800091
7800108
7800329
7800332
7800337
7800377
7800384
7800390
7800411
7800479
7800487
7800576
7800620
7800748
7800812
7800942
7800957
7801052
7801142
7801207
7801561
7801640
7801944
7801975
7802377
7802396
7802571
7802657
7802705
7802829
7802905
7802953
7802985
7802993
7803059
7803259
7803264
7803474
7803483
7803499
7803535
7803890
7803962
7804005
7804038
7804420
7804695
7804713
7804749
7804797
7804839
7804996
7805256
7805383
7805468
7805479
7805514
7805641
7805651
7805654
7805780
7806211
7806392
7806519
7806617
7806633
7806844
7806877
7807008
7807021
7807038
7807130
7807178
7807275
7807325
7807328
7807387
7807617
7807639
7807724
7807734
7807795
7807954
7808032
7808058
7808232
7808299
7808300
7808441
7808525
7808554
7808723
7808909
7809076
7809160
7809255
7809344
7809495
7809645
7809822
7809936
7810164
7810173
7810369
7810424
7810454
7810662
7810752
7811073
7811121
7811146
7811301
7811303
7811400
7811414
7811505
7811573
7811741
7811785
7811926
7811985
7812090
7812106
7812124
7812689
7812859
7813010
7813071
7813074
7813111
7813127
7813176
7813211
7813301
7813403
7813668
7813843
7813952
7814225
7814277
7814431
7814445
7814591
7815099
7815384
7815713
7815777
7815940
7816075
7816091
7816129
7816346
7816514
7816533
7816646
7816912
7816922
7817194
7817273
7817371
7817494
7817694
7818250
7818441
7818504
7818534
7818548
7818799
7819107
7819120
7819144
7819165
7819211
7819221
7819372
7819455
7819510
7819719
7820028
7820227
7820228
7820486
7820493
7820568
7820672
7820843
7820859
7821077
7821449
7821473
7821555
7821558
7821572
7821602
7821726
7821741
7822168
7822178
7822207
7822244
7822331
7822343
7822384
7822415
7822423
7822472
7822597
7822851
7822856
7822983
7823142
7823299
7823508
7823552
7823666
7823672
7823741
7823847
7824038
7824063
7824073
7824079
7824080
7824081
7824253
7824531
7824548
7824629
7824996
7825067
7825146
7825556
7825732
7825778
7825980
7826026
7826111
7826136
7826393
7826474
7826533
7826544
7826778
7826799
7826978
7827002
7827187
7827281
7827320
7827322
7827453
7827457
7827496
7827522
7827548
7827641
7827983
7828026
7828184
7828335
7828476
7828588
7828604
7828659
7828798
7828832
7828891
7828982
7829012
7829244
7829270
7829594
7829774
7829893
7829930
7829947
7830137
7830364
7830384
7830681
7830689
7830716
7830949
7831011
7831022
7831085
7831109
7831313
7831655
7831688
7831743
7831756
7831858
7831875
7831951
7831957
7832119
7832120
7832296
7832372
7832596
7832646
7832686
7832789
7832877
7833048
7833093
7833150
7833357
7833367
7833403
7833535
7833631
7833729
7833833
7833923
7833924
7833930
7834019
7834214
7834277
7834285
7834550
7834872
7834946
7835009
7835192
7835373
7835476
7835489
7835537
7835596
7835693
7835834
7836178
7836205
7836250
7836327
7836347
7836350
7836353
7836378
7836418
7836451
7836580
7836690
7836747
7836901
7836906
7836929
7836983
7837135
7837188
7837418
7837729
7837746
7837998
7838048
7838083
7838124
7838194
7838205
7838694
7838718
7838904
7838992
7839085
7839101
7839459
7839464
7839488
7839642
7839798
7839868
7839914
7839944
7840027
7840110
7840207
7840215
7840369
7840537
7840652
7840700
7840841
7840888
7840896
7840976
7840994
7840998
7841134
7841136
7841184
7841285
7841337
7841505
7841535
7841555
7841639
7841710
7841724
7841768
7841789
7841865
7841892
7841929
7842332
7842350
7842351
7842645
7842687
7842707
7842882
7842987
7843082
7843195
7843378
7843682
7843705
7843765
7843793
7843817
7843867
7843946
7843990
7843996
7844203
7844368
7844494
7844505
7844527
7844644
7844678
7844908
7845202
7845217
7845465
7845552
7845695
7846083
7846101
7846102
7846411
7846505
7846515
7846587
7846695
7846751
7846767
7846878
7846898
7847143
7847168
7847206
7847306
7847422
7847442
7847521
7847631
7847677
7847949
7848035
7848119
7848188
7848247
7848503
7848596
7848636
7848727
7848809
7849014
7849130
7849240
7849466
7849572
7849685
7849718
7849748
7849848
7850084
7850178
7850303
7850361
7850598
7850794
7850869
7850887
7851100
7851435
7851470
7851546
7851786
7851806
7851910
7852008
7852067
7852085
7852125
7852250
7852375
7852413
7852522
7852574
7852698
7852729
7852917
7853160
7853339
7853348
7853363
7853377
7853460
7853536
7853667
7853748
7853755
7853810
7853827
7853940
7853953
7854260
7854299
7854354
7854366
7854527
7854657
7854738
7854979
7855381
7855414
7855459
7855512
7855600
7855729
7855868
7856102
7856113
7856156
7856301
7856352
7856360
7856366
7856455
7856696
7856700
7856712
7856743
7856808
7856870
7856881
7857022
7857165
7857193
7857213
7857227
7857296
7857444
7857610
7857733
7858093
7858236
7858359
7858366
7858436
7858451
7858567
7858726
7858829
7858845
7859049
7859053
7859113
7859220
7859233
7859238
7859576
7859645
7859663
7859847
7859936
7860178
7860191
7860244
7860310
7860429
7860695
7860718
7860836
7860923
7861196
7861463
7861751
7861999
7862538
7862814
7862907
7863001
7863218
7863358
7863382
7863412
7863447
7863605
7863674
7863696
7863701
7863868
7863923
7864063
7864090
7864124
7864136
7864216
7864304
7864357
7864423
7864520
7864546
7864697
7864717
7864748
7864780
7864986
7865117
7865185
7865231
7865324
7865380
7865496
7865507
7865527
7865639
7866212
7866235
7866313
7866406
7866409
7866457
7866528
7866667
7866777
7867097
7867104
7867190
7867277
7867577
7867792
7867851
7867865
7868052
7868053
7868075
7868140
7868209
7868449
7868771
7868776
7868920
7868992
7868993
7869035
7869040
7869293
7869378
7869583
7869636
7869651
7869771
7869814
7869895
7870015
7870044
7870121
7870361
7870520
7870530
7870702
7870710
7870858
7870908
7870968
7871214
7871226
7871273
7871550
7871593
7871835
7872045
7872226
7872257
7872275
7872354
7872413
7872548
7872613
7872621
7872850
7872904
7873103
7873203
7873233
7873261
7873361
7873397
7873426
7873496
7873534
7874018
7874087
7874095
7874165
7874287
7874357
7874781
7874782
7874812
7874917
7874947
7875106
7875173
7875354
7875446
7875460
7875566
7875791
7875878
7876380
7876551
7876650
7876684
7876742
7876745
7877080
7877301
7877422
7877614
7877745
7877932
7878038
7878118
7878136
7878148
7878309
7878324
7878397
7878419
7878461
7878500
7878719
7878862
7878917
7878965
7879090
7879342
7879437
7879438
7879460
7879544
7879825
7879851
7879863
7880042
7880116
7880122
7880256
7880304
7880476
7880685
7880731
7880737
7880934
7880985
7881092
7881139
7881344
7881363
7881419
7881547
7881688
7881693
7882149
7882170
7882208
7882244
7882311
7882339
7882386
7882473
7882490
7882503
7882574
7882734
7882874
7882947
7882980
7883082
7883098
7883103
7883139
7883284
7883328
7883444
7883501
7883502
7883680
7883703
7883736
7883813
7883823
7883843
7883937
7884051
7884060
7884119
7884218
7884225
7884237
7884398
7884485
7884625
7884670
7884678
7884747
7884865
7884885
7884983
7885110
7885336
7885465
7885474
7885609
7885648
7885674
7885798
7886066
7886395
7886470
7886588
7886894
7886912
7887067
7887091
7887210
7887227
7887321
7887404
7887449
7887557
7887673
7887754
7887794
7888032
7888034
7888040
7888053
7888386
7888414
7888437
7888469
7888755
7888767
7888801
7888904
7889109
7889191
7889444
7889458
7889607
7889649
7889658
7889712
7889720
7889989
7890050
7890213
7890316
7890439
7890457
7890502
7890532
7890534
7890587
7890729
7890740
7890808
7890879
7890908
7890983
7891502
7891519
7891729
7891731
7891744
7891797
7891816
7891918
7891969
7892275
7892328
7892352
7892606
7892631
7892760
7892762
7892776
7892794
7892839
7893135
7893152
7893192
7893350
7893570
7893638
7893693
7893719
7893786
7893828
7893892
7894020
7894043
7894132
7894184
7894293
7894317
7894449
7894558
7895019
7895057
7895068
7895137
7895262
7895699
7895724
7895776
7895852
7895857
7895980
7895998
7896000
7896174
7896240
7896453
7896486
7896498
7896784
7896858
7896868
7896929
7896939
7897013
7897047
7897261
7897282
7897284
7897464
7897508
7897571
7897632
7897642
7897756
7897811
7897884
7897978
7898026
7898392
7898507
7898536
7898566
7898724
7898854
7898869
7898925
7898927
7898932
7898995
7899026
7899121
7899184
7899199
7899448
7899687
7899713
7899976
7899980
7900098
7900187
7900207
7900241
7900349
7900396
7900527
7900792
7900917
7900934
7901107
7901136
7901178
7901205
7901324
7901410
7901482
7901562
7901711
7901885
7901905
7902061
7902122
7902192
7902206
7902258
7902291
7902314
7902593
7902781
7902812
7902842
7903033
7903065
7903226
7903263
7903294
7903600
7903724
7903834
7903903
7903966
7904036
7904137
7904192
7904283
7904579
7904597
7904661
7904748
7904836
7904921
7904942
7905142
7905164
7905166
7905209
7905261
7905306
7905394
7905403
7905550
7905560
7905709
7905753
7905856
7905860
7905979
7906148
7906186
7906508
7906710
7906784
7906890
7906960
7907024
7907028
7907192
7907240
7907350
7907534
7907588
7907862
7907945
7907996
7908133
7908169
7908267
7908446
7908455
7908508
7908785
7909005
7909011
7909619
7909646
7910054
7910062
7910069
7910085
7910213
7910276
7910331
7910656
7910721
7910899
7910919
7910921
7910966
7911046
7911074
7911221
7911282
7911356
7911563
7911680
7911742
7911974
7912112
7912225
7912226
7912402
7912477
7912527
7912619
7913019
7913154
7913234
7913286
7913298
7913374
7913381
7913550
7913629
7913866
7913938
7914020
7914056
7914130
7914176
7914267
7914296
7914387
7914449
7914667
7914690
7914772
7914866
7914881
7914896
7914958
7915168
7915269
7915306
7915426
7915462
7915657
7915850
7916176
7916205
7916272
7916404
7916565
7916697
7916748
7916759
7917129
7917130
7917162
7917191
7917240
7917395
7917429
7917566
7917589
7917776
7917834
7917866
7917942
7918007
7918087
7918400
7918432
7918537
7918538
7918739
7918868
7918912
7919656
7919821
7920000
7920040
7920136
7920171
7920339
7920466
7920589
7920592
7920692
7920797
7920892
7921050
7921229
7921344
7921423
7921527
7921642
7921679
7921755
7921810
7921849
7921897
7922002
7922119
7922227
7922286
7922382
7922493
7922531
7922532
7922533
7922606
7922654
7922779
7923004
7923099
7923145
7923282
7923401
7923426
7923432
7923598
7923617
7923681
7923827
7923887
7923903
7923957
7923978
7924037
7924105
7924295
7924368
7924432
7924476
7924643
7924691
7924703
7924770
7924820
7924836
7924857
7925293
7925295
7925331
7925498
7925519
7925578
7925622
7925639
7925651
7925687
7925731
7925877
7925880
7925909
7926005
7926013
7926134
7926181
7926360
7926422
7926474
7926478
7926540
7926749
7926809
7926818
7926872
7926914
7927125
7927249
7927481
7927634
7927638
7927753
7927894
7927925
7928036
7928043
7928069
7928125
7928379
7928488
7928643
7928710
7928853
7928874
7928967
7929095
7929147
7929160
7929208
7929430
7929550
7929580
7929638
7929859
7929906
7929924
7929966
7930103
7930700
7930702
7930751
7930803
7930993
7931023
7931135
7931314
7931340
7931448
7931634
7931763
7931847
7931873
7931986
7932181
7932249
7932487
7932521
7932635
7932696
7932987
7933041
7933104
7933485
7933657
7933671
7933739
7934092
7934226
7934254
7934301
7934503
7934731
7935169
7935180
7935201
7935224
7935246
7935311
7935315
7935405
7935481
7935506
7935730
7935850
7936069
7936104
7936168
7936195
7936205
7936261
7936405
7936603
7936786
7936971
7936991
7937591
7937597
7937620
7937840
7937865
7937868
7938211
7938314
7938316
7938544
7938605
7938740
7938746
7939078
7939211
7939365
7939453
7939511
7939548
7939617
7939623
7939697
7939751
7939853
7939860
7939861
7939993
7940001
7940100
7940166
7940241
7940486
7940607
7940739
7941011
7941293
7941394
7941429
7941470
7941588
7941680
7941687
7941725
7941847
7941956
7942023
7942167
7942296
7942323
7942330
7942448
7942495
7942616
7942647
7942696
7942707
7942834
7942987
7942991
7943020
7943071
7943146
7943171
7943215
7943531
7943593
7943693
7943827
7944043
7944240
7944257
7944327
7944398
7944457
7944600
7944751
7944805
7944891
7944908
7944940
7945032
7945036
7945146
7945197
7945220
7945275
7945295
7945297
7945369
7945425
7945647
7945759
7945804
7945916
7946189
7946282
7946390
7946517
7946632
7946662
7946752
7946989
7947055
7947061
7947131
7947199
7947302
7947364
7947402
7947433
7947471
7947611
7947791
7947817
7947871
7947918
7947977
7948078
7948085
7948107
7948124
7948139
7948154
7948248
7948326
7948342
7948386
7948442
7948512
7948628
7948773
7949056
7949066
7949069
7949265
7949442
7949482
7949535
7949550
7949617
7949632
7949650
7949711
7949785
7949803
7949832
7950019
7950071
7950109
7950185
7950226
7950315
7950490
7950534
7950540
7950541
7950545
7950560
7950602
7950603
7950691
7950805
7950828
7950885
7950901
7950910
7950985
7951100
7951164
7951252
7951314
7951448
7951535
7951537
7951554
7951648
7951676
7951687
7951745
7951798
7951821
7952000
7952121
7952128
7952130
7952193
7952217
7952220
7952427
7952439
7952982
7953151
7953202
7953346
7953616
7953722
7953858
7954031
7954281
7954564
7954664
7954738
7954909
7954928
7955116
7955173
7955263
7955522
7955683
7955695
7955730
7955744
7955755
7955769
7955811
7956081
7956136
7956242
7956294
7956695
7956700
7956709
7956711
7956723
7956852
7956894
7957144
7957336
7957421
7957456
7957561
7957610
7957785
7957799
7958248
7958322
7958621
7958633
7959049
7959074
7959075
7959101
7959238
7959248
7959326
7959460
7959686
7959753
7959777
7959988
7960123
7960419
7960467
7960796
7960987
7961083
7961085
7961215
7961262
7961410
7961562
7961607
7961878
7961904
7961905
7961918
7961969
7961984
7962022
7962034
7962116
7962169
7962220
7962247
7962291
7962302
7962478
7962686
7962779
7962835
7962894
7962962
7963040
7963057
7963286
7963316
7963631
7963715
7963782
7964145
7964149
7964165
7964187
7964345
7964397
7964398
7964404
7964456
7964569
7964694
7964761
7964822
7964970
7965027
7965079
7965089
7965143
7965333
7965351
7965353
7965447
7965458
7965487
7965597
7965867
7965878
7965888
7965908
7965935
7966058
7966105
7966153
7966175
7966179
7966212
7966231
7966241
7966256
7966303
7966383
7966477
7966551
7966558
7966612
7966621
7966629
7966699
7966729
7966730
7966733
7966781
7966928
7967020
7967026
7967236
7967328
7967351
7967375
7967438
7967468
7967629
7967669
7968115
7968236
7968505
7968574
7969074
7969234
7969409
7969909
7970034
7970099
7970246
7970422
7970430
7970487
7970642
7970654
7971029
7971036
7971047
7971050
7971120
7971204
7971465
7971702
7971766
7971835
7972035
7972189
7972255
7972423
7972523
7972557
7972616
7972697
7972825
7972832
7972838
7972860
7972898
7972910
7972995
7973433
7973487
7973629
7973646
7973680
7973718
7973915
7973956
7974320
7974328
7974391
7974542
7974639
7974787
7975196
7975252
7975467
7975518
7975715
7975793
7975888
7976045
7976291
7976494
7976768
7976927
7976936
7976960
7976962
7976991
7977005
7977142
7977497
7977556
7977571
7978063
7978136
7978185
7978358
7978437
7978604
7978743
7978779
7978796
7978811
7978927
7979008
7979049
7979193
7979240
7979292
7979548
7979590
7979634
7979702
7979708
7979730
7979753
7979774
7979998
7980134
7980166
7980238
7980532
7980551
7980680
7980695
7980743
7980895
7980915
7981061
7981122
7981140
7981337
7981342
7981367
7981410
7981512
7981554
7981570
7981604
7982069
7982206
7982249
7982486
7982533
7982549
7982584
7982593
7982684
7982772
7982782
7982814
7982855
7983009
7983040
7983125
7983198
7983343
7983499
7983516
7983532
7983535
7983634
7983734
7983752
7983760
7983925
7984075
7984231
7984395
7984462
7984700
7984881
7985156
7985182
7985238
7985261
7985564
7985604
7985663
7985768
7986040
7986163
7986164
7986398
7986555
7986637
7986640
7986694
7986773
7986964
7987484
7987491
7987510
7987516
7987630
7987722
7987732
7987809
7987984
7988000
7988369
7988550
7988612
7988675
7988681
7988683
7989078
7989081
7989103
7989222
7989280
7989292
7989339
7989636
7989673
7989846
7989855
7989948
7989988
7989997
7990039
7990081
7990187
7990200
7990213
7990215
7990239
7990355
7990421
7990504
7990770
7990934
7991026
7991068
7991148
7991340
7991377
7991425
7991485
7991495
7991562
7991958
7992131
7992228
7992443
7992710
7992849
7992883
7992988
7993139
7993163
7993201
7993284
7993331
7993431
7993439
7993779
7993901
7994182
7994424
7994505
7994582
7994627
7994664
7994829
7994929
7994949
7995004
7995112
7995207
7995231
7995273
7995434
7995525
7995791
7995867
7995944
7996007
7996058
7996118
7996142
7996168
7996197
7996249
7996310
7996350
7996376
7996438
7996464
7996479
7996508
7996556
7996632
7996654
7996802
7996844
7996955
7997098
7997133
7997245
7997298
7997462
7997703
7997838
7998033
7998103
7998214
7998249
7998298
7998387
7998464
7998623
7998677
7998815
7998907
7998983
7999003
7999013
7999183
7999184
7999210
7999365
7999482
7999489
7999528
7999579
7999635
7999672
7999678
7999724
7999822
7999829
7999844
7999967
8000116
8000201
8000293
8000330
8000414
8000416
8000422
8000512
8000563
8000608
8000719
8000748
8000833
8000834
8000939
8001177
8001301
8001306
8001320
8001458
8001715
8001915
8001918
8001944
8001949
8001986
8002247
8002301
8002347
8002392
8002678
8002728
8002729
8002936
8003157
8003202
8003753
8003755
8003794
8003810
8003857
8003872
8004082
8004235
8004366
8004435
8004511
8004545
8004743
8004828
8005008
8005101
8005240
8005243
8005422
8005779
8005851
8006059
8006323
8006402
8006416
8006523
8006531
8006787
8006818
8007135
8007383
8007411
8007468
8007564
8007963
8008084
8008248
8008410
8008423
8008451
8008504
8008551
8008571
8008618
8008632
8008678
8008964
8009158
8009447
8009453
8009561
8009715
8010012
8010069
8010135
8010256
8010350
8010436
8010499
8010589
8010644
8010663
8010704
8010723
8011131
8011243
8011321
8011431
8011589
8011739
8012078
8012081
8012088
8012381
8012394
8012444
8012514
8012615
8012674
8012676
8012822
8012950
8012977
8012989
8013030
8013176
8013206
8013234
8013241
8013889
8014254
8014255
8014277
8014281
8014324
8014350
8014480
8014545
8014675
8014739
8014904
8014965
8015156
8015169
8015352
8015427
8015463
8015983
8016100
8016414
8016545
8016589
8016612
8016756
8016781
8016831
8017050
8017167
8017256
8017277
8017408
8017419
8017491
8017533
8017783
8018281
8018984
8019156
8019271
8019324
8019517
8019666
8019741
8019828
8019850
8020195
8020369
8020438
8020705
8020788
8021254
8021333
8021613
8021673
8021674
8021691
8021848
8021899
8021919
8021986
8022132
8022159
8022483
8022516
8022559
8022561
8022702
8022784
8022847
8022880
8023085
8023088
8023184
8023448
8023486
8023548
8023577
8023619
8023657
8023684
8023722
8023806
8023837
8023840
8024017
8024130
8024131
8024252
8024439
8024526
8024653
8024716
8024814
8024868
8024879
8024898
8024903
8025086
8025091
8025163
8025631
8025640
8025652
8025672
8025733
8025993
8026020
8026055
8026129
8026199
8026234
8026242
8026334
8026510
8026531
8026600
8026680
8026743
8026757
8026882
8026910
8026973
8027090
8027092
8027107
8027122
8027153
8027233
8027299
8027459
8027501
8027788
8027995
8028095
8028110
8028183
8028367
8028413
8028420
8028497
8028584
8028604
8028758
8028965
8029176
8029278
8029537
8029939
8030128
8030174
8030283
8030395
8030449
8030630
8030667
8030869
8030884
8031091
8031098
8031139
8031276
8031289
8031491
8031525
8031542
8031570
8031619
8031706
8031829
8031838
8031877
8032054
8032074
8032095
8032100
8032177
8032270
8032348
8032352
8032423
8032452
8032737
8032793
8033113
8033176
8033263
8033296
8033309
8033348
8033520
8033685
8033759
8033774
8033779
8033944
8033962
8033979
8033985
8034213
8034226
8034342
8034474
8034651
8034655
8034741
8034749
8034763
8034787
8034958
8034996
8035099
8035115
8035166
8035216
8035231
8035492
8035581
8035774
8035902
8035909
8035971
8035982
8035984
8036062
8036116
8036334
8036402
8036449
8036641
8036805
8037259
8037332
8037393
8037451
8037487
8037584
8037616
8037659
8038093
8038102
8038452
8038528
8038549
8038695
8038801
8039011
8039044
8039095
8039158
8039184
8039487
8039526
8039562
8039605
8039624
8039674
8039701
8039716
8039790
8039801
8040224
8040489
8040606
8040674
8040805
8040866
8040896
8041180
8041235
8041253
8041495
8041643
8041683
8041861
8042005
8042012
8042031
8042423
8042459
8042500
8042525
8042675
8042809
8042900
8043054
8043135
8043201
8043354
8043571
8043668
8043718
8043979
8044304
8044411
8044441
8044494
8044647
8044833
8044871
8044888
8044980
8044987
8045053
8045071
8045226
8045319
8045436
8045630
8045679
8045864
8045874
8045906
8045915
8046032
8046216
8046308
8046423
8046487
8046590
8046593
8046682
8046842
8046856
8046882
8047145
8047174
8047187
8047291
8047321
8047548
8047627
8047740
8047769
8047872
8047933
8048196
8048449
8048988
8049135
8049251
8049422
8049440
8049583
8049765
8049947
8049977
8050161
8050520
8050586
8050632
8050689
8050738
8050790
8050796
8050976
8050990
8051046
8051117
8051219
8051249
8051475
8051667
8051705
8051761
8051930
8052022
8052291
8052304
8052344
8052430
8052500
8052582
8052944
8053008
8053239
8053339
8053365
8053373
8053519
8053548
8053581
8053705
8053817
8053827
8053885
8053951
8053977
8054196
8054234
8054261
8054398
8054553
8054559
8054858
8054979
8054989
8055100
8055116
8055193
8055259
8055356
8055474
8055583
8055771
8055772
8055907
8055994
8056009
8056135
8056301
8056484
8056551
8056745
8057006
8057027
8057060
8057219
8057391
8057618
8057631
8057843
8057887
8057960
8058007
8058043
8058243
8058330
8058407
8058517
8058519
8058548
8058573
8058714
8058734
8058745
8058813
8058940
8059074
8059269
8059352
8059489
8059505
8059592
8059622
8059768
8059779
8059924
8059928
8059998
8060044
8060110
8060120
8060130
8060157
8060164
8060167
8060199
8060201
8060352
8060455
8060471
8060593
8060755
8060889
8060974
8061012
8061205
8061215
8061226
8061272
8061387
8061412
8061567
8061690
8061707
8061942
8061958
8062053
8062173
8062324
8062331
8062552
8062585
8062734
8062906
8062973
8063092
8063182
8063349
8063808
8063836
8063990
8064003
8064101
8064172
8064202
8064545
8064587
8064677
8064774
8064790
8065091
8065335
8065389
8065534
8065582
8065626
8065837
8065892
8065932
8066017
8066089
8066118
8066147
8066153
8066213
8066248
8066539
8066577
8066585
8066612
8066713
8066726
8066761
8066931
8066933
8066969
8066986
8067194
8067229
8067264
8067338
8067424
8067436
8067579
8067613
8067705
8067841
8067917
8067921
8067986
8068216
8068278
8068393
8068407
8068461
8068540
8068702
8069071
8069153
8069161
8069222
8069369
8069378
8069444
8069859
8070163
8070296
8070367
8070391
8070454
8070512
8070640
8070671
8070795
8070830
8070866
8071084
8071254
8071332
8071524
8071594
8071705
8071807
8071883
8071889
8072113
8072328
8072345
8072356
8072431
8072482
8072695
8072704
8072754
8072800
8072838
8072938
8073202
8073323
8073341
8073415
8073487
8073692
8073715
8073733
8073819
8073881
8073898
8073915
8073947
8074211
8074261
8074347
8074447
8074526
8074562
8074630
8074681
8074770
8074865
8075182
8075273
8075369
8075443
8075854
8075879
8076036
8076234
8076324
8076397
8076482
8076540
8076577
8076583
8076599
8076624
8076699
8076732
8076756
8076940
8076945
8077079
8077219
8077322
8077365
8077474
8077553
8077690
8077731
8077771
8077773
8077825
8077922
8078154
8078327
8078399
8078434
8078508
8078520
8078551
8078595
8078781
8079008
8079430
8079485
8079535
8079631
8079737
8079827
8079852
8079991
8080031
8080202
8080218
8080319
8080330
8080369
8080774
8080911
8081054
8081101
8081136
8081286
8081305
8081516
8081632
8081732
8081810
8081959
8082170
8082208
8082229
8082398
8082611
8082818
8082909
8083179
8083252
8083617
8083750
8083787
8083873
8084065
8084073
8084075
8084116
8084139
8084142
8084430
8084465
8084512
8085031
8085120
8085259
8085281
8085316
8085317
8085428
8085438
8085712
8086117
8086174
8086246
8086516
8086524
8086630
8086952
8087047
8087054
8087114
8087141
8087279
8087498
8087521
8087612
8087731
8087774
8087798
8087816
8087856
8087865
8087971
8088404
8088465
8088479
8088689
8088805
8088863
8089012
8089056
8089070
8089143
8089181
8089333
8089445
8089499
8089526
8089545
8089721
8089743
8089767
8089795
8089823
8089921
8090002
8090204
8090279
8090286
8090434
8090660
8090896
8091290
8091425
8091496
8091518
8091599
8091973
8092258
8092444
8092493
8092503
8092582
8092585
8092765
8092903
8092923
8093015
8093035
8093073
8093085
8093098
8093120
8093231
8093248
8093314
8093392
8093586
8093726
8093956
8094028
8094463
8094465
8094549
8094551
8094586
8094625
8094646
8094780
8094876
8094897
8094999
8095053
8095089
8095139
8095273
8095468
8095558
8095563
8095711
8095724
8095897
8095901
8095916
8095972
8096029
8096101
8096157
8096279
8096291
8096450
8096471
8096480
8096533
8096593
8096651
8096665
8097065
8097091
8097203
8097233
8097331
8097413
8097458
8097459
8097521
8097605
8097744
8097767
8097940
8097950
8097973
8098073
8098383
8098468
8098717
8098787
8098876
8098979
8099134
8099554
8099676
8099709
8099857
8099936
8100012
8100192
8100231
8100290
8100385
8100415
8100571
8100626
8100749
8100810
8100864
8100924
8101098
8101459
8101545
8101622
8101794
8101823
8102141
8102153
8102178
8102207
8102253
8102367
8102462
8102464
8102469
8102578
8102857
8103019
8103075
8103129
8103145
8103244
8103333
8103392
8103407
8103428
8103615
8103656
8103673
8103708
8103785
8103837
8103851
8103945
8104003
8104183
8104583
8104718
8104731
8104782
8104949
8105049
8105115
8105332
8105355
8105360
8105392
8105441
8105482
8105487
8105592
8105615
8105657
8105795
8105931
8106221
8106263
8106463
8106630
8106820
8106854
8106886
8106912
8107046
8107275
8107746
8107893
8107948
8107980
8108000
8108018
8108087
8108135
8108191
8108379
8108386
8108453
8108470
8108476
8108675
8108772
8108785
8108888
8108938
8109052
8109259
8109560
8109631
8109645
8109646
8109867
8109893
8109992
8110013
8110038
8110060
8110107
8110226
8110291
8110374
8110494
8110583
8110980
8111031
8111044
8111066
8111150
8111226
8111313
8111370
8111655
8111723
8111742
8111791
8111841
8111870
8111872
8111952
8112071
8112150
8112297
8112333
8112529
8112753
8112859
8112870
8112893
8113114
8113115
8113207
8113457
8113587
8113908
8113922
8113963
8114171
8114202
8114234
8114279
8114337
8114373
8114383
8114478
8114517
8114518
8114525
8114924
8114925
8114932
8115273
8115305
8115352
8115466
8115668
8115690
8115698
8115772
8115789
8115888
8115935
8115984
8116089
8116148
8116155
8116213
8116267
8116327
8116406
8116485
8116587
8116669
8116780
8116934
8116967
8116991
8117110
8117270
8117376
8117569
8117570
8117939
8118037
8118038
8118064
8118207
8118233
8118561
8118593
8118604
8118655
8118679
8118725
8119153
8119259
8119261
8119299
8119302
8119337
8119463
8119837
8120075
8120146
8120577
8120616
8120691
8120779
8120838
8120950
8120978
8121000
8121047
8121206
8121258
8121323
8121457
8121540
8121780
8121840
8121846
8121925
8122042
8122064
8122132
8122362
8122377
8122495
8122764
8122891
8122900
8123017
8123050
8123062
8123194
8123243
8123384
8123408
8123504
8123697
8123804
8124053
8124082
8124128
8124192
8124251
8124351
8124352
8124385
8124419
8124448
8124696
8124796
8124857
8124863
8124929
8125085
8125158
8125456
8125517
8125581
8125900
8125932
8125941
8125967
8126076
8126109
8126125
8126460
8126473
8126496
8126515
8126554
8126722
8126845
8126955
8126971
8127012
8127291
8127304
8127330
8127369
8127400
8127407
8127774
8127858
8127870
8127889
8127895
8128011
8128100
8128156
8128213
8128681
8128784
8129021
8129112
8129167
8129198
8129206
8129439
8129449
8129457
8129458
8129496
8129618
8129754
8129867
8129884
8129898
8129964
8130066
8130087
8130142
8130146
8130163
8130188
8130270
8130294
8130388
8130904
8131271
8131281
8131384
8131407
8131461
8131572
8131614
8131617
8131702
8131738
8131814
8131851
8131878
8131919
8131959
8132108
8132114
8132167
8132441
8132503
8132648
8132910
8132926
8132997
8133001
8133203
8133442
8133507
8133537
8133666
8133735
8133946
8134139
8134482
8134646
8134702
8134733
8134892
8135032
8135073
8135166
8135255
8135262
8135271
8135323
8135348
8135582
8135589
8135662
8135829
8135842
8135888
8136034
8136197
8136201
8136252
8136303
8136466
8136598
8136727
8136793
8136924
8136999
8137105
8137257
8137308
8137458
8137522
8137553
8137735
8137831
8137955
8137979
8138007
8138534
8138709
8138731
8138854
8138870
8139007
8139241
8139299
8139410
8139474
8139503
8139529
8139540
8139636
8139712
8140060
8140210
8140297
8140375
8140614
8140658
8140810
8140818
8140851
8141073
8141083
8141358
8141364
8141386
8141407
8141468
8141482
8141592
8141621
8141900
8142018
8142203
8142394
8142618
8142673
8142696
8142744
8142760
8142814
8143162
8143191
8143206
8143364
8143412
8143427
8143593
8143595
8143629
8143718
8143872
8143886
8143903
8144052
8144065
8144106
8144209
8144342
8144350
8144414
8144644
8144756
8144797
8144915
8144961
8145126
8145372
8145428
8145474
8145476
8145548
8145722
8145779
8145860
8145863
8146156
8146188
8146317
8146459
8146463
8146760
8146884
8146974
8147493
8147639
8147706
8147720
8147727
8147778
8147822
8147916
8147929
8148051
8148080
8148340
8148389
8148566
8148679
8148714
8148918
8149064
8149359
8149532
8149669
8149675
8149987
8150018
8150035
8150056
8150330
8150397
8150598
8150627
8150684
8150736
8151054
8151064
8151075
8151087
8151101
8151183
8151228
8151269
8151275
8151398
8151402
8151794
8151801
8151859
8152030
8152092
8152177
8152287
8152299
8152344
8152477
8152488
8152539
8152593
8152715
8153019
8153183
8153219
8153230
8153352
8153465
8153566
8153687
8154054
8154374
8154446
8154494
8154579
8154841
8155018
8155137
8155269
8155414
8155420
8155488
8155514
8156065
8156068
8156173
8156216
8156395
8156441
8156512
8156572
8156609
8156889
8156948
8157115
8157211
8157341
8157450
8157533
8157692
8157749
8157807
8157878
8157978
8158040
8158072
8158107
8158212
8158272
8158444
8158535
8158591
8158603
8158613
8158666
8158676
8158850
8158996
8159062
8159212
8159224
8159343
8159371
8159389
8159424
8159492
8159497
8159628
8159638
8159725
8159855
8160275
8160457
8160661
8160796
8161244
8161295
8161343
8161445
8161512
8161633
8161810
8161848
8162003
8162175
8162253
8162300
8162405
8162450
8162551
8162609
8162698
8162761
8162800
8162832
8162882
8163102
8163176
8163182
8163207
8163214
8163411
8163507
8163859
8163900
8163977
8163981
8164132
8164224
8164301
8164342
8164352
8164392
8164434
8164553
8164719
8164764
8164904
8164926
8164971
8164991
8165068
8165172
8165174
8165219
8165299
8165493
8165649
8165807
8165818
8165848
8165940
8166051
8166533
8166648
8166743
8166744
8166890
8166897
8166935
8167023
8167062
8167100
8167227
8167266
8167341
8167350
8167424
8167558
8167564
8167778
8167792
8167952
8168044
8168047
8168141
8168168
8168181
8168229
8168251
8168438
8168466
8168597
8168705
8168729
8168796
8168817
8168899
8169004
8169355
8169472
8169513
8169540
8169823
8169865
8169886
8169958
8169967
8170024
8170146
8170386
8170402
8170414
8170742
8171197
8171265
8171446
8171481
8171858
8172000
8172237
8172376
8172470
8172494
8172605
8172951
8173069
8173093
8173105
8173322
8173465
8173495
8173698
8173748
8173859
8173892
8173907
8174087
8174221
8174374
8174506
8174560
8175112
8175114
8175123
8175345
8175462
8175518
8175606
8175906
8175938
8175995
8176000
8176244
8176265
8176333
8176462
8176697
8176913
8176917
8176996
8177113
8177302
8177419
8177478
8177486
8177519
8177688
8177878
8177892
8178027
8178108
8178110
8178136
8178389
8178451
8178534
8178636
8178649
8178706
8178771
8178787
8178834
8178970
8179005
8179006
8179085
8179125
8179175
8179274
8179455
8179730
8179792
8180182
8180242
8180249
8180451
8180453
8180519
8180640
8180646
8180690
8180731
8180777
8181178
8181238
8181262
8181277
8181291
8181335
8181380
8181418
8181645
8181672
8181678
8181715
8181848
8182081
8182224
8182769
8182885
8182891
8182901
8183361
8183395
8183489
8183712
8183716
8183854
8183869
8183892
8183911
8183998
8184076
8184119
8184389
8184459
8184624
8184627
8184645
8184794
8184838
8184890
8184918
8184951
8184965
8185113
8185362
8185375
8185628
8186027
8186321
8186400
8186633
8186740
8186756
8186848
8186982
8187054
8187120
8187248
8187341
8187378
8187470
8187602
8187608
8187932
8188027
8188046
8188099
8188419
8188536
8188653
8188700
8188995
8189026
8189099
8189129
8189156
8189171
8189188
8189227
8189325
8189341
8189396
8189411
8189559
8189578
8189673
8189697
8189829
8189942
8190245
8190407
8190464
8190509
8190563
8190650
8190651
8190766
8190792
8190835
8190839
8190913
8190921
8191008
8191083
8191131
8191268
8191271
8191471
8191498
8191626
8191751
8191757
8191803
8191811
8191897
8191918
8191939
8191941
8192021
8192109
8192268
8192289
8192437
8192440
8192471
8192522
8192588
8192743
8192824
8192836
8192900
8192908
8192945
8193041
8193128
8193298
8193420
8193429
8193739
8194418
8194445
8194708
8194715
8194837
8194893
8194903
8195010
8195048
8195585
8195662
8195665
8195699
8195860
8195875
8195940
8196105
8196133
8196204
8196287
8196420
8196488
8196591
8196731
8196734
8196832
8196900
8196976
8196994
8197026
8197127
8197145
8197341
8197354
8197443
8197540
8197571
8197594
8197701
8197714
8197782
8198195
8198215
8198303
8198515
8198993
8199017
8199095
8199167
8199241
8199259
8199476
8199507
8199838
8200478
8200480
8200509
8200596
8200633
8200706
8200758
8200796
8200798
8200869
8200964
8201067
8201172
8201213
8201256
8201294
8201706
8201729
8201790
8201859
8202065
8202165
8202221
8202257
8202292
8202550
8202555
8202607
8202610
8202772
8203105
8203143
8203376
8203440
8203667
8203786
8203793
8203827
8203828
8203901
8203917
8204110
8204118
8204208
8204436
8204469
8204517
8204609
8204714
8204792
8204893
8204956
8204999
8205157
8205192
8205196
8205525
8205668
8205669
8205682
8205709
8205718
8205766
8205790
8205797
8205804
8205877
8205956
8206047
8206094
8206336
8206403
8206838
8206940
8206984
8207078
8207184
8207349
8207359
8207371
8207479
8207638
8207646
8207723
8207919
8207948
8207960
8207968
8208001
8208286
8208312
8208363
8208433
8208463
8208666
8208736
8208783
8208821
8208843
8208899
8209064
8209071
8209106
8209140
8209298
8209319
8209448
8209620
8209786
8209880
8209972
8210064
8210320
8210351
8210364
8210500
8210556
8210573
8210920
8211100
8211345
8211510
8211633
8211740
8211754
8211755
8211880
8211903
8211989
8212076
8212178
8212319
8212376
8212388
8212482
8212530
8212763
8213068
8213082
8213136
8213149
8213276
8213304
8213416
8213447
8213537
8213740
8214082
8214221
8214245
8214263
8214276
8214277
8214368
8214397
8214437
8214464
8214484
8214509
8214511
8214572
8214663
8214801
8214830
8215253
8215334
8215392
8215901
8216033
8216089
8216220
8216231
8216521
8216634
8217105
8217142
8217358
8217504
8217550
8217672
8217794
8217863
8218114
8218134
8218260
8218263
8218875
8218917
8218921
8219097
8219270
8219319
8219381
8219461
8219479
8219617
8219629
8219709
8219877
8219917
8220007
8220057
8220106
8220154
8220307
8220334
8220635
8220873
8220960
8220978
8221080
8221175
8221210
8221236
8221239
8221314
8221327
8221363
8221787
8221915
8222030
8222083
8222085
8222089
8222113
8222231
8222291
8222311
8222379
8222380
8222388
8222404
8222442
8222577
8222596
8222666
8222800
8223331
8223388
8223424
8223544
8223750
8223833
8223975
8224022
8224024
8224047
8224056
8224093
8224219
8224553
8224559
8224718
8224795
8224835
8224966
8225036
8225117
8225282
8225346
8225404
8225504
8225877
8225948
8226010
8226184
8226302
8226330
8226407
8226414
8226415
8226484
8226492
8226513
8226619
8226736
8226851
8226877
8226958
8227012
8227018
8227071
8227135
8227143
8227191
8227214
8227271
8227322
8227343
8227413
8227474
8227714
8227717
8227797
8228068
8228111
8228157
8228265
8228269
8228432
8228573
8228643
8229028
8229239
8229263
8229339
8229364
8229532
8229715
8229778
8229779
8229799
8229863
8229962
8230054
8230079
8230095
8230102
8230125
8230270
8230363
8230366
8230607
8230633
8230660
8230828
8230907
8230960
8231094
8231112
8231347
8231395
8231491
8231596
8231620
8231662
8231694
8231939
8232180
8232235
8232251
8232295
8232413
8232431
8232445
8232507
8232897
8232928
8233171
8233181
8233265
8233287
8233449
8233456
8233461
8233470
8233502
8233534
8233723
8233731
8233802
8233816
8233863
8233871
8233976
8234018
8234347
8234400
8234422
8234478
8234577
8234615
8234757
8234787
8234969
8235014
8235041
8235215
8235255
8235528
8235577
8235746
8235753
8235898
8235910
8235977
8236068
8236169
8236189
8236272
8236291
8236395
8236614
8236643
8236732
8236745
8236858
8236899
8236918
8236936
8236941
8237087
8237152
8237223
8237425
8237538
8237573
8237649
8237735
8237805
8238063
8238197
8238233
8238334
8238354
8238355
8238712
8238757
8238767
8238780
8238811
8238901
8239030
8239100
8239186
8239274
8239341
8239363
8239380
8239384
8239400
8239410
8239528
8239529
8239610
8239612
8239745
8239948
8240168
8240218
8240448
8240840
8240861
8240923
8240971
8240986
8241038
8241081
8241188
8241577
8241629
8241865
8242223
8242231
8242309
8242417
8242433
8242527
8242577
8242744
8242791
8242850
8242860
8242959
8243077
8243160
8243207
8243243
8243355
8243485
8243544
8244002
8244043
8244074
8244111
8244136
8244193
8244236
8244281
8244311
8244416
8244717
8244760
8244976
8245006
8245060
8245088
8245217
8245225
8245226
8245306
8245415
8245512
8245549
8245659
8245931
8246174
8246334
8246504
8246557
8246718
8246843
8246985
8247142
8247259
8247265
8247292
8247315
8247321
8247344
8247445
8247466
8247506
8247688
8247712
8247788
8247984
8248001
8248012
8248076
8248388
8248454
8248484
8248490
8248632
8248754
8248809
8248817
8248819
8248935
8248977
8249059
8249090
8249220
8249276
8249291
8249296
8249351
8249489
8249629
8249669
8249696
8249722
8249747
8249789
8249791
8249902
8249994
8250138
8250307
8250449
8250481
8250551
8250596
8250605
8250637
8250720
8250807
8251199
8251282
8251338
8251367
8251380
8251411
8251645
8251938
8252054
8252241
8252486
8252541
8252632
8252661
8252675
8252788
8253208
8253243
8253267
8253362
8253371
8253380
8253428
8253667
8253691
8253698
8254125
8254126
8254127
8254305
8254323
8254333
8254374
8254381
8254483
8254549
8254674
8254739
8254835
8254874
8254946
8255025
8255164
8255351
8255362
8255463
8255467
8255659
8255695
8255737
8255836
8255969
8256097
8256248
8256566
8256688
8256696
8256789
8256848
8256850
8256927
8256986
8257238
8257506
8257536
8257578
8257580
8257645
8257653
8257704
8257875
8258010
8258021
8258134
8258194
8258203
8258239
8258248
8258597
8258655
8258780
8259031
8259061
8259287
8259636
8259959
8260100
8260105
8260109
8260144
8260220
8260286
8260612
8260690
8260843
8260937
8261250
8261313
8261459
8261472
8261733
8261831
8261859
8261862
8261904
8261967
8262026
8262035
8262295
8262315
8262399
8262486
8262707
8262760
8262820
8262853
8262997
8263047
8263181
8263440
8263584
8263710
8263879
8263901
8264111
8264138
8264173
8264470
8264480
8264542
8264613
8264681
8264869
8264941
8264946
8265097
8265247
8265257
8265269
8265342
8265367
8265544
8265786
8265930
8265993
8266103
8266135
8266286
8266290
8266333
8266335
8266513
8266766
8266863
8266916
8267067
8267193
8267414
8267508
8267697
8267722
8267840
8267881
8268030
8268221
8268249
8268444
8268447
8268462
8268480
8268512
8268641
8268659
8268682
8268716
8268922
8268942
8269119
8269258
8269280
8269327
8269398
8269511
8269681
8269834
8270021
8270118
8270201
8270231
8270275
8270370
8270500
8270565
8270586
8270591
8270649
8270719
8270756
8270822
8270842
8270928
8270945
8270975
8271038
8271085
8271111
8271232
8271307
8271348
8271360
8271382
8271499
8271554
8271576
8271664
8271666
8271947
8271993
8272003
8272010
8272102
8272134
8272291
8272317
8272433
8272475
8272543
8272723
8272832
8272875
8273027
8273081
8273129
8273246
8273344
8273533
8273693
8273722
8273855
8273884
8274007
8274081
8274258
8274502
8274547
8274593
8274967
8274985
8275030
8275242
8275354
8275454
8275467
8276015
8276082
8276091
8276201
8276464
8276594
8276815
8276883
8276921
8276968
8277057
8277218
8277293
8277474
8277581
8277618
8277711
8277714
8277832
8277905
8278006
8278067
8278136
8278139
8278147
8278174
8278176
8278180
8278287
8278343
8278528
8278631
8278661
8278722
8278743
8278881
8278904
8278956
8278963
8278999
8279258
8279271
8279347
8279443
8279488
8279493
8279628
8279821
8280076
8280100
8280270
8280290
8280480
8280543
8280710
8280890
8280909
8281097
8281241
8281401
8281506
8281519
8281598
8281631
8281633
8281651
8281820
8281822
8282005
8282355
8282453
8282635
8282662
8282866
8283023
8283087
8283126
8283265
8283332
8283402
8283420
8283598
8283618
8283731
8283777
8283877
8284288
8284425
8284509
8284534
8284600
8284628
8284676
8284734
8284773
8284783
8284901
8285003
8285103
8285173
8285191
8285320
8285497
8285772
8285784
8285807
8285870
8286175
8286387
8286433
8286475
8286653
8286712
8286770
8286841
8286849
8287266
8287334
8287569
8287783
8287797
8287806
8288026
8288134
8288171
8288263
8288312
8288535
8288667
8288764
8288974
8289141
8289149
8289190
8289267
8289405
8289419
8289523
8289621
8289630
8289690
8289747
8289832
8289884
8289908
8289924
8290143
8290379
8290435
8290443
8290445
8290653
8290765
8290908
8290990
8291304
8291346
8291408
8291506
8291554
8291670
8291830
8291955
8291970
8292055
8292142
8292259
8292319
8292406
8292416
8292783
8292785
8292896
8293086
8293180
8293202
8293212
8293219
8293338
8293461
8293469
8293505
8293528
8293538
8293596
8293616
8293739
8293832
8293908
8294106
8294125
8294156
8294239
8294271
8294272
8294566
8294616
8294894
8294972
8295063
8295087
8295292
8295325
8295417
8295548
8295609
8295865
8295924
8296010
8296032
8296136
8296164
8296214
8296231
8296512
8296565
8296601
8296726
8296866
8296907
8296929
8297407
8297661
8298107
8298114
8298242
8298261
8298405
8298547
8298638
8298749
8298908
8299028
8299116
8299133
8299483
8299539
8299570
8299933
8299939
8300007
8300010
8300462
8300492
8300525
8300648
8300746
8300967
8300975
8301075
8301109
8301110
8301178
8301232
8301494
8301658
8301664
8301669
8301670
8301923
8302080
8302107
8302292
8302324
8302586
8302637
8302717
8302796
8302838
8302946
8302966
8302979
8303014
8303122
8303123
8303207
8303225
8303345
8303529
8303534
8303563
8303594
8303632
8303636
8303799
8303860
8303867
8303888
8303945
8304084
8304138
8304216
8304244
8304303
8304320
8304601
8304605
8304849
8304918
8305102
8305150
8305156
8305301
8305419
8305425
8305654
8306069
8306463
8306532
8306887
8307005
8307136
8307178
8307309
8307322
8307373
8307434
8307601
8307720
8307792
8307817
8307947
8308126
8308201
8308229
8308741
8308795
8308847
8308858
8309059
8309131
8309231
8309249
8309339
8309414
8309478
8309504
8309537
8309586
8309706
8309733
8309761
8309796
8309833
8309921
8309978
8310085
8310113
8310128
8310235
8310274
8310277
8310389
8310409
8310427
8310719
8310722
8310797
8310844
8310913
8310934
8311038
8311162
8311462
8311532
8311556
8311563
8311598
8311920
8311967
8311973
8312041
8312160
8312337
8312364
8312366
8312426
8312583
8312590
8312640
8312726
8312731
8312742
8312745
8313232
8313240
8313242
8313318
8313362
8313704
8313900
8314030
8314154
8314204
8314244
8314289
8314364
8314378
8314387
8314402
8314410
8314428
8314541
8314610
8314653
8314708
8314939
8315027
8315094
8315137
8315410
8315607
8315707
8315781
8316051
8316090
8316170
8316502
8316519
8316569
8316675
8316823
8316962
8316976
8317175
8317176
8317199
8317272
8317329
8317451
8317538
8317548
8317634
8317680
8317684
8317747
8317850
8317909
8317941
8318064
8318172
8318184
8318317
8318398
8318401
8318412
8318436
8318729
8318770
8318849
8318855
8319285
8319786
8319851
8319873
8319884
8319992
8320242
8320247
8320312
8320336
8320349
8320382
8320520
8320631
8320698
8320794
8320847
8320949
8321087
8321129
8321239
8321316
8321332
8321461
8321592
8321648
8321677
8321707
8321939
8321947
8321956
8322041
8322070
8322101
8322133
8322488
8322546
8322929
8323619
8323687
8323692
8323837
8323942
8323962
8323974
8324080
8324414
8324420
8324443
8324479
8324584
8324589
8324603
8324675
8324691
8324825
8324833
8324865
8324908
8325026
8325132
8325145
8325224
8325415
8325485
8325622
8325666
8325698
8325722
8325736
8325940
8326217
8326220
8326235
8326550
8326593
8326680
8326807
8327014
8327019
8327080
8327109
8327136
8327199
8327241
8327388
8327395
8327450
8327575
8327645
8327698
8327867
8327907
8327992
8328118
8328158
8328202
8328285
8328292
8328408
8328426
8328427
8328470
8328535
8328605
8328682
8328820
8328853
8328905
8329067
8329090
8329290
8329365
8329746
8329833
8329871
8329991
8330055
8330112
8330161
8330403
8330422
8330551
8330609
8330638
8330861
8330961
8331051
8331118
8331436
8331510
8331590
8331928
8332027
8332162
8332170
8332195
8332423
8332433
8332452
8332489
8332554
8332604
8332679
8332761
8332762
8332765
8332850
8332945
8332962
8333254
8333417
8333483
8333551
8333686
8333700
8333734
8333769
8334547
8334553
8334594
8334603
8334775
8334926
8334963
8335005
8335208
8335292
8335511
8335542
8335576
8335728
8335838
8335847
8336013
8336158
8336250
8336274
8336345
8336491
8336540
8336608
8336696
8336737
8336770
8336813
8336870
8337140
8337336
8337352
8337407
8337466
8337521
8337532
8337759
8337918
8337922
8338196
8338314
8338316
8338470
8338861
8338891
8338922
8338975
8339038
8339122
8339189
8339211
8339221
8339333
8339523
8339749
8339785
8339992
8340000
8340174
8340360
8340414
8340506
8340515
8340516
8340683
8341076
8341399
8341509
8341522
8341542
8341608
8341626
8341775
8341839
8341968
8342002
8342066
8342069
8342262
8342308
8342479
8342623
8342869
8342928
8342975
8343182
8343405
8343685
8343712
8343829
8343978
8344176
8344199
8344488
8344531
8344540
8344549
8344741
8345226
8345380
8345489
8345806
8345849
8346043
8346046
8346305
8346599
8346674
8346722
8346730
8346913
8346947
8346998
8347047
8347057
8347139
8347270
8347387
8347397
8347489
8347514
8347594
8347757
8347849
8347977
8348156
8348574
8348587
8348626
8348768
8348805
8348957
8349199
8349470
8349638
8349712
8349795
8350035
8350043
8350126
8350149
8350158
8350187
8350305
8350344
8350387
8350455
8350646
8350655
8350661
8350675
8350710
8350862
8350868
8350925
8351001
8351128
8351548
8351753
8351785
8351789
8351880
8351973
8352022
8352129
8352168
8352192
8352238
8352271
8352299
8352351
8352587
8352661
8352683
8352762
8352791
8352857
8352884
8353000
8353110
8353319
8353325
8353359
8353796
8354013
8354037
8354077
8354230
8354366
8354503
8354517
8354710
8354721
8354958
8355065
8355190
8355240
8355260
8355308
8355351
8355373
8355506
8355565
8355692
8355787
8355922
8355981
8356059
8356186
8356693
8356698
8356707
8356829
8356838
8356859
8356912
8357022
8357201
8357316
8357614
8357666
8357686
8357717
8357853
8357931
8357942
8358074
8358431
8358485
8358724
8358735
8358902
8359373
8359501
8359505
8359508
8359687
8359869
8359905
8360044
8360241
8360456
8360674
8360751
8360963
8361142
8361247
8361251
8361353
8361356
8361447
8361522
8361551
8361613
8361693
8361772
8361963
8361969
8361982
8362007
8362083
8362178
8362556
8362586
8362695
8362706
8362732
8362839
8363019
8363326
8363715
8363994
8364034
8364152
8364268
8364502
8364866
8364914
8364957
8364984
8365272
8365589
8365643
8365741
8365788
8365802
8365828
8365839
8365895
8365912
8365931
8365973
8365975
8366064
8366182
8366198
8366276
8366306
8366506
8366516
8366796
8366880
8366973
8367001
8367003
8367127
8367241
8367412
8367470
8367568
8367764
8367770
8367799
8367857
8367893
8367947
8367972
8368046
8368307
8368311
8368459
8368480
8368507
8368760
8368800
8368831
8368933
8368955
8368971
8368976
8368984
8369033
8369093
8369329
8369442
8369723
8369922
8370012
8370105
8370162
8370219
8370278
8370358
8370362
8370606
8370705
8370860
8370928
8371046
8371339
8371405
8371621
8371623
8371796
8371812
8371819
8371903
8372120
8372160
8372243
8372370
8372443
8372452
8372568
8372619
8372926
8373087
8373297
8373437
8373552
8373678
8373946
8374022
8374084
8374127
8374137
8374143
8374197
8374201
8374728
8375247
8375299
8375364
8375456
8375507
8375531
8375544
8375570
8375710
8375889
8375958
8376023
8376038
8376230
8376239
8376459
8376888
8376917
8376925
8377094
8377149
8377280
8377405
8377568
8377761
8377871
8378051
8378130
8378197
8378396
8378766
8378822
8378825
8378834
8378850
8378883
8378909
8378940
8379110
8379128
8379236
8379307
8379565
8379592
8379661
8379696
8379755
8379959
8379998
8380053
8380278
8380285
8380357
8380362
8380432
8380486
8380527
8380541
8380665
8380781
8380971
8381029
8381279
8381287
8381354
8381416
8381447
8381452
8381455
8381494
8381523
8381531
8381555
8381604
8381632
8381636
8381747
8381774
8381798
8381836
8381860
8382060
8382064
8382165
8382222
8382354
8382373
8382466
8382579
8382645
8382754
8382875
8383049
8383050
8383141
8383269
8383275
8383308
8383312
8383318
8383354
8383489
8383533
8383571
8383671
8383946
8383950
8383999
8384022
8384102
8384264
8384342
8384504
8384512
8384720
8384820
8384853
8384905
8385256
8385277
8385388
8385412
8385444
8385512
8385742
8385787
8385800
8385863
8385997
8386050
8386232
8386291
8386347
8386469
8386489
8386514
8386722
8386993
8387110
8387252
8387289
8387348
8387638
8387763
8387837
8388090
8388132
8388359
8388504
8388521
8388546
8388623
8388789
8388906
8389256
8389283
8389302
8389382
8389396
8389519
8389870
8389915
8389951
8390092
8390169
8390303
8390330
8390421
8390442
8390481
8390543
8390674
8390699
8390745
8390855
8391420
8391443
8391822
8391956
8391961
8392098
8392113
8392150
8392152
8392214
8392233
8392256
8392268
8392347
8392378
8392388
8392397
8392508
8392633
8392724
8392777
8392913
8392961
8393009
8393022
8393189
8393373
8393530
8393686
8393926
8394046
8394071
8394171
8394357
8394631
8394690
8394759
8394901
8395212
8395362
8395376
8395465
8395855
8395862
8395925
8395962
8396000
8396036
8396191
8396350
8396377
8396422
8396529
8396592
8396617
8396686
8396749
8396770
8396824
8396952
8397018
8397068
8397114
8397161
8397357
8397400
8397424
8397518
8397547
8397576
8397813
8397875
8397901
8398004
8398169
8398177
8398315
8398323
8398403
8398426
8398441
8398554
8398566
8398629
8398649
8398677
8398689
8398699
8398704
8398826
8398834
8398927
8399071
8399251
8399308
8399318
8399459
8399497
8399526
8399557
8399559
8399643
8400075
8400348
8400423
8400547
8400727
8400848
8400907
8401149
8401209
8401533
8401630
8401868
8401909
8401981
8402026
8402047
8402052
8402269
8402368
8402591
8402643
8402694
8402873
8402883
8402884
8403033
8403040
8403406
8403487
8403831
8403859
8403927
8404313
8404401
8404610
8404621
8404704
8404780
8404879
8404963
8405102
8405163
8405210
8405268
8405347
8405394
8405396
8405450
8405715
8405818
8406127
8406206
8406212
8406571
8406574
8406675
8406813
8406828
8406848
8406943
8406983
8407060
8407064
8407200
8407451
8407491
8407689
8407754
8407816
8408225
8408266
8408295
8408308
8408413
8408522
8408860
8409249
8409267
8409280
8409303
8409382
8409415
8409554
8409580
8409604
8409792
8409933
8409954
8410070
8410115
8410136
8410273
8410576
8410611
8410841
8411435
8411466
8411547
8411652
8411717
8411747
8411821
8412028
8412238
8412240
8412315
8412354
8412537
8412591
8412818
8412936
8412938
8413034
8413338
8413472
8413511
8413587
8413762
8413799
8413810
8413811
8414204
8414216
8414307
8414386
8414443
8414625
8414734
8414780
8414832
8415001
8415201
8415336
8415337
8415379
8415474
8415479
8415659
8415785
8415830
8416564
8416644
8416915
8416946
8417056
8417090
8417113
8417159
8417213
8417285
8417387
8417437
8417605
8417612
8417684
8417962
8417998
8418218
8418261
8418465
8418563
8418573
8418630
8418719
8418809
8418816
8418822
8418916
8418940
8418954
8419134
8419144
8419194
8419411
8419427
8419789
8419810
8419884
8420022
8420083
8420118
8420505
8420514
8420608
8420720
8420900
8420906
8421225
8421226
8421521
8421543
8421664
8421916
8421949
8421981
8422001
8422048
8422127
8422139
8422238
8422281
8422469
8422685
8422687
8422732
8422774
8422787
8422821
8422849
8422975
8423195
8423253
8423304
8423380
8423402
8423515
8423535
8423591
8423783
8423864
8423948
8424046
8424121
8424134
8424230
8424336
8424597
8424645
8424687
8424737
8424968
8425063
8425133
8425278
8425353
8425356
8425407
8425502
8425549
8425559
8425574
8425599
8425658
8425665
8425689
8425786
8425789
8425833
8425877
8425966
8425989
8426008
8426190
8426327
8426535
8426669
8426889
8427002
8427047
8427131
8427235
8427273
8427295
8427442
8427533
8427608
8427618
8427666
8427668
8427765
8427853
8427858
8427898
8428044
8428153
8428254
8428286
8428451
8428504
8428560
8428568
8428578
8428760
8428900
8428973
8429033
8429136
8429195
8429293
8429467
8429516
8429716
8429827
8429853
8430103
8430131
8430135
8430150
8430388
8430521
8430564
8430829
8430894
8430989
8431075
8431102
8431436
8431778
8431822
8432009
8432060
8432458
8432459
8432528
8432629
8432638
8432642
8432879
8432891
8432941
8432958
8433128
8433156
8433213
8433279
8433511
8433601
8433651
8433742
8433858
8434048
8434352
8434374
8434612
8434835
8434963
8434975
8435056
8435206
8435215
8435331
8435345
8435412
8435423
8435472
8435523
8435536
8435538
8435617
8435925
8436123
8436204
8436220
8436425
8436429
8436588
8436654
8436676
8436911
8437149
8437334
8437374
8437596
8437716
8437892
8437914
8437936
8437990
8438039
8438190
8438333
8438412
8438783
8438803
8438921
8438922
8439429
8439552
8439632
8439984
8439985
8440273
8440339
8440595
8440838
8440853
8440969
8441169
8441226
8441247
8441248
8441397
8441498
8441499
8441646
8441757
8441777
8441796
8441827
8442065
8442066
8442176
8442235
8442389
8442535
8442639
8442696
8442701
8442876
8442926
8442934
8442968
8443028
8443046
8443215
8443429
8443459
8443756
8443896
8444015
8444030
8444062
8444181
8444237
8444258
8444272
8444405
8444452
8444462
8444567
8444584
8444612
8444897
8444987
8445000
8445004
8445045
8445197
8445208
8445234
8445311
8445312
8445341
8445363
8445469
8445531
8445981
8445986
8446042
8446067
8446110
8446237
8446398
8446410
8446412
8446439
8446593
8446601
8446620
8446669
8446702
8446750
8446974
8446978
8447016
8447054
8447086
8447145
8447259
8447471
8447564
8447699
8447822
8447851
8448353
8448435
8448477
8448484
8448643
8448676
8448678
8448755
8448784
8448809
8449101
8449202
8449329
8449836
8449915
8449976
8450043
8450051
8450054
8450691
8450802
8450813
8450935
8450936
8451057
8451237
8451253
8451400
8451408
8451447
8451467
8451778
8451843
8451894
8451903
8451925
8451978
8451997
8452006
8452037
8452071
8452208
8452364
8452471
8452615
8452659
8452781
8452839
8453001
8453010
8453083
8453151
8453166
8453211
8453252
8453342
8453512
8453526
8453537
8453649
8453852
8453929
8453969
8454027
8454062
8454364
8454587
8454622
8454794
8454823
8454872
8454950
8455066
8455148
8455177
8455188
8455389
8455471
8455568
8455621
8455704
8455779
8455798
8455906
8455980
8456021
8456053
8456305
8456637
8456863
8457179
8457448
8457564
8457628
8457812
8457885
8458269
8458563
8458607
8458670
8458736
8458750
8458992
8459027
8459031
8459045
8459049
8459186
8459200
8459266
8459284
8459346
8459389
8459747
8459852
8459866
8459872
8460003
8460029
8460150
8460563
8460643
8460790
8460810
8460961
8460984
8461032
8461103
8461206
8461274
8461441
8461481
8461557
8461660
8461723
8461748
8461931
8461955
8462161
8462187
8462257
8462341
8462383
8462475
8462493
8462784
8462834
8462844
8463009
8463079
8463153
8463229
8463247
8463380
8463790
8463989
8464149
8464153
8464267
8464268
8464291
8464296
8464621
8464810
8464916
8464927
8465020
8465259
8465301
8465516
8465634
8465658
8465840
8465901
8465946
8466222
8466235
8466315
8466346
8466348
8466397
8466446
8466470
8466886
8466916
8467138
8467237
8467258
8467339
8467363
8467586
8467858
8467918
8467953
8468212
8468355
8468532
8468772
8469050
8469165
8469478
8469712
8469764
8469860
8470179
8470242
8470353
8470365
8470366
8470588
8470620
8470648
8470736
8470820
8470971
8470972
8471151
8471318
8471402
8471506
8472177
8472303
8472314
8472321
8472362
8472602
8472672
8472695
8472758
8472825
8472875
8472901
8472929
8472953
8473283
8473331
8473491
8473543
8473644
8473649
8473773
8473850
8473913
8473942
8473978
8474196
8474404
8474449
8474572
8474585
8474614
8474640
8474848
8474876
8475119
8475130
8475540
8475567
8475621
8475662
8476123
8476188
8476217
8476318
8476381
8476460
8476771
8477021
8477100
8477185
8477292
8477402
8477413
8477641
8477692
8477757
8477838
8477971
8478059
8478345
8478371
8478454
8478488
8478608
8479101
8479191
8479318
8479356
8479670
8479788
8479842
8479861
8479950
8480002
8480065
8480309
8480425
8480589
8480646
8480654
8480665
8480696
8480850
8481033
8481156
8481232
8481351
8481497
8481554
8481739
8481872
8481883
8481945
8481962
8482016
8482034
8482154
8482371
8482377
8482469
8482495
8482758
8482997
8483015
8483147
8483280
8483289
8483296
8483345
8483368
8483505
8483536
8483616
8483623
8483659
8483674
8483686
8483809
8483898
8484000
8484111
8484558
8484576
8484757
8484790
8484834
8484861
8484886
8484901
8484919
8485403
8485444
8485453
8485578
8485679
8485735
8485875
8485991
8486008
8486180
8486234
8486390
8486611
8486648
8486726
8486784
8486798
8486921
8487215
8487336
8487446
8487536
8487669
8487745
8487851
8487937
8488117
8488201
8488305
8488389
8488394
8488471
8488488
8488499
8488562
8488613
8488653
8488686
8488843
8488960
8489021
8489052
8489176
8489182
8489213
8489219
8489320
8489618
8489642
8489734
8489767
8489806
8489920
8490059
8490111
8490193
8490354
8490514
8490715
8490760
8490824
8491006
8491229
8491272
8491540
8491583
8491586
8491616
8491759
8491800
8491857
8492009
8492077
8492251
8492314
8492425
8492764
8492781
8492828
8492907
8493164
8493265
8493289
8493297
8493308
8493323
8493338
8493462
8493484
8493615
8493648
8493682
8493721
8493741
8493995
8494212
8494246
8494314
8494509
8494689
8494883
8494914
8494968
8495115
8495147
8495191
8495193
8495379
8496029
8496152
8496208
8496348
8496397
8496409
8496418
8496433
8496585
8496643
8496733
8496736
8496767
8496880
8497062
8497121
8497175
8497333
8497362
8497592
8497690
8498003
8498370
8498556
8498619
8498639
8498705
8498780
8498791
8498848
8498893
8499000
8499020
8499141
8499166
8499228
8499231
8499489
8499515
8499536
8499549
8500006
8500148
8500251
8500371
8500621
8500660
8500739
8500764
8500841
8500934
8500998
8501071
8501309
8501337
8501404
8501539
8501552
8501664
8501735
8501737
8501831
8501847
8501949
8502419
8502454
8502613
8502645
8503038
8503058
8503123
8503169
8503319
8503380
8503405
8503496
8503498
8503512
8503859
8504033
8504138
8504239
8504315
8504394
8504433
8504500
8504537
8504541
8504682
8504811
8504862
8505007
8505046
8505071
8505331
8505371
8505390
8505402
8505552
8505716
8505747
8505975
8506176
8506193
8506249
8506253
8506255
8506299
8506522
8506567
8506659
8506700
8506803
8506822
8507002
8507029
8507058
8507120
8507167
8507186
8507268
8507289
8507473
8507520
8507582
8507707
8507729
8507767
8507858
8507953
8508004
8508032
8508044
8508103
8508197
8508283
8508440
8508443
8508459
8508997
8509040
8509111
8509124
8509372
8509411
8509420
8509427
8509533
8509685
8509689
8509707
8509886
8509903
8510197
8510289
8510300
8510308
8510362
8510415
8510444
8510518
8510593
8510635
8510655
8510677
8510750
8510759
8510921
8510963
8511008
8511177
8511303
8511330
8511333
8511416
8511530
8511546
8511563
8511700
8511701
8511901
8512097
8512108
8512219
8512289
8512372
8512476
8512750
8512760
8512764
8512852
8512910
8512969
8513036
8513171
8513459
8513479
8513503
8513662
8513851
8513896
8513944
8514183
8514216
8514225
8514273
8514356
8514417
8514426
8514537
8514601
8514611
8514620
8514732
8515022
8515120
8515122
8515317
8515432
8515457
8515614
8515671
8515685
8515853
8515901
8515904
8515926
8515932
8515934
8516004
8516068
8516094
8516113
8516116
8516186
8516437
8516493
8516597
8516717
8516763
8516793
8516825
8516874
8517056
8517169
8517431
8517441
8517485
8517601
8517619
8517873
8517884
8518221
8518262
8518301
8518318
8518424
8518563
8518649
8518671
8518685
8518783
8519020
8519290
8519295
8519629
8519762
8519865
8519948
8520195
8520494
8520510
8520537
8520610
8520732
8521022
8521406
8521443
8521536
8521598
8521620
8521795
8521864
8521981
8522024
8522069
8522152
8522296
8522430
8522547
8522699
8522882
8522911
8522915
8522983
8523217
8523590
8523683
8523692
8523800
8523888
8524064
8524255
8524340
8524370
8524533
8524691
8524729
8524873
8524921
8524995
8525240
8525435
8525480
8525521
8525568
8525647
8525757
8525883
8525928
8526168
8526211
8526370
8526454
8526474
8526554
8526572
8526649
8526660
8526867
8526945
8526979
8527110
8527123
8527181
8527260
8527277
8527346
8527515
8527548
8527684
8527718
8527812
8527853
8527917
8527935
8528030
8528041
8528130
8528410
8528492
8528533
8528580
8528589
8528624
8528809
8528836
8528900
8528917
8529035
8529114
8529303
8529387
8529482
8529804
8529858
8529921
8530217
8530441
8530537
8530594
8530615
8530616
8530883
8531021
8531088
8531435
8531474
8531555
8531715
8531890
8532232
8532366
8532403
8532465
8532655
8532665
8532750
8532856
8533099
8533123
8533248
8533627
8533877
8533883
8533934
8534019
8534067
8534156
8534237
8534273
8534501
8534529
8534539
8534641
8534819
8534820
8534871
8534904
8534966
8535058
8535145
8535161
8535166
8535203
8535334
8535367
8535436
8535442
8535465
8535505
8535670
8535692
8535800
8535823
8535834
8536067
8536101
8536277
8536393
8536450
8536665
8536738
8536835
8537019
8537175
8537279
8537378
8537455
8537520
8537648
8537777
8537891
8538213
8538313
8538333
8538335
8538403
8538507
8538591
8538704
8538742
8538823
8538829
8538905
8538946
8539040
8539102
8539119
8539125
8539168
8539177
8539673
8539787
8539788
8539806
8540056
8540127
8540212
8540340
8540463
8540488
8540534
8540591
8540685
8540811
8540874
8541064
8541294
8541450
8541597
8541658
8541950
8542043
8542077
8542096
8542262
8542620
8542686
8542892
8542977
8543081
8543316
8543522
8543696
8543768
8543792
8544023
8544085
8544092
8544261
8544273
8544283
8544352
8544583
8544822
8544879
8544906
8545034
8545201
8545212
8545295
8545555
8545637
8545843
8545877
8545970
8546111
8546326
8546409
8546564
8546839
8546884
8546923
8546975
8546989
8547198
8547254
8547610
8547694
8547928
8548104
8548139
8548325
8548370
8548432
8548434
8548476
8548574
8548613
8548784
8548795
8548872
8548889
8549183
8549184
8549513
8549535
8549537
8549809
8549983
8550084
8550140
8550145
8550381
8550625
8550693
8550845
8550847
8551035
8551086
8551172
8551288
8551305
8551308
8551534
8551583
8551602
8551893
8552017
8552155
8552160
8552185
8552371
8552600
8553014
8553124
8553179
8553548
8553607
8553827
8554056
8554076
8554093
8554146
8554163
8554362
8554409
8554543
8554631
8554634
8554680
8554735
8554815
8555113
8555168
8555281
8555321
8555363
8555476
8555575
8555587
8555595
8556048
8556101
8556164
8556207
8556319
8556359
8556412
8556457
8556458
8556506
8556729
8557108
8557119
8557352
8557535
8557633
8557662
8557804
8557910
8557944
8558084
8558117
8558134
8558649
8558686
8558697
8558698
8558808
8558900
8558933
8559027
8559074
8559183
8559393
8559610
8559624
8559668
8559705
8559725
8559743
8559832
8559875
8559986
8559989
8560051
8560164
8560225
8560482
8560523
8560554
8560740
8560832
8560886
8560968
8560995
8561085
8561089
8561286
8561592
8561631
8561661
8561890
8561996
8562069
8562117
8562185
8562219
8562221
8562496
8562516
8562624
8562677
8562823
8562873
8562948
8563224
8563292
8563386
8563443
8563491
8563572
8563652
8563661
8563707
8563838
8563936
8564350
8564488
8564714
8564921
8565000
8565124
8565146
8565213
8565222
8565290
8565320
8565329
8565416
8565425
8565495
8565525
8565571
8565669
8565796
8565993
8566103
8566110
8566187
8566284
8566620
8566882
8566919
8567062
8567196
8567253
8567258
8567311
8567403
8567454
8567630
8567657
8567725
8567798
8567842
8567845
8567985
8568069
8568444
8568507
8568572
8568586
8568604
8568652
8568846
8568854
8569018
8569022
8569127
8569129
8569406
8569459
8569460
8569497
8569540
8569737
8569884
8569902
8569924
8569985
8570152
8570219
8570507
8570508
8570854
8570902
8570997
8571137
8571219
8571250
8571304
8571397
8571429
8571450
8571481
8571523
8571557
8571601
8571611
8571617
8571853
8571905
8571952
8571954
8572106
8572172
8572211
8572276
8572486
8572494
8573123
8573194
8573371
8573379
8573595
8573604
8573702
8573729
8573753
8573775
8573818
8573888
8573938
8573957
8574016
8574058
8574168
8574497
8574640
8574824
8575042
8575135
8575143
8575199
8575204
8575229
8575399
8575479
8575491
8575539
8575670
8575796
8575800
8575908
8575988
8576040
8576075
8576076
8576088
8576111
8576179
8576188
8576230
8576466
8576556
8576670
8576687
8576736
8576779
8576867
8577002
8577098
8577181
8577261
8577333
8577341
8577371
8577406
8577427
8577677
8577712
8577717
8577754
8577793
8578010
8578269
8578346
8578578
8578600
8578627
8578679
8578785
8578840
8579143
8579175
8579192
8579227
8579547
8579549
8579602
8579726
8579755
8579928
8580111
8580143
8580255
8580264
8580328
8580441
8580472
8580496
8580538
8580571
8580574
8580581
8580608
8580685
8580709
8580718
8580813
8580834
8581126
8581441
8581460
8581462
8581494
8581612
8581776
8581790
8581797
8581801
8581868
8581878
8582257
8582445
8582482
8582534
8582547
8582817
8582833
8582943
8582968
8582992
8583057
8583071
8583174
8583249
8583345
8583530
8583594
8583656
8583662
8583665
8583736
8583739
8583780
8583879
8584099
8584189
8584338
8584425
8584502
8584542
8584556
8584609
8584724
8584911
8584989
8584991
8585041
8585139
8585231
8585250
8585271
8585325
8585344
8585413
8585494
8585506
8585598
8585613
8585651
8585673
8586060
8586109
8586282
8586346
8586369
8586543
8586664
8586708
8586816
8587333
8587514
8587550
8587706
8587835
8587962
8587989
8588067
8588198
8588269
8588514
8588582
8588990
8589117
8589252
8589387
8589419
8589677
8589684
8589694
8589731
8589795
8589828
8589830
8589909
8589914
8589974
8590231
8590345
8590408
8590543
8590551
8590553
8590583
8591023
8591066
8591125
8591365
8591451
8591459
8591585
8591642
8591777
8591793
8591879
8591896
8592176
8592195
8592219
8592367
8592429
8592433
8592928
8593363
8593384
8593404
8593510
8593658
8593739
8593745
8593800
8593813
8593837
8594037
8594068
8594110
8594226
8594294
8594324
8594331
8594695
8594805
8594812
8594836
8594877
8595138
8595568
8595638
8595744
8595901
8596022
8596116
8596156
8596189
8596196
8596239
8596267
8596278
8596361
8596381
8596432
8596753
8596976
8597295
8597300
8597330
8597349
8597402
8597596
8597854
8597934
8597975
8598194
8598225
8598291
8598302
8598314
8598324
8598383
8598448
8598476
8598691
8598757
8598818
8598844
8598872
8598884
8598888
8598958
8599140
8599168
8599207
8599307
8599355
8599412
8599430
8599599
8599688
8599735
8599736
8599878
8599988
8600012
8600094
8600132
8600192
8600230
8600354
8600483
8600498
8600542
8600719
8600756
8600788
8600831
8600857
8600893
8600949
8600964
8601013
8601059
8601062
8601069
8601209
8601514
8601587
8601599
8601612
8601971
8602031
8602108
8602253
8602280
8602466
8602547
8602769
8602889
8603094
8603170
8603205
8603212
8603283
8603349
8603356
8603430
8603564
8603604
8603633
8603843
8603878
8604018
8604096
8604097
8604328
8604428
8604476
8604547
8604555
8604731
8604876
8604880
8604978
8605132
8605261
8605284
8605394
8605718
8605904
8605960
8605962
8606018
8606126
8606240
8606285
8606344
8606373
8606378
8606561
8606624
8606728
8606735
8606736
8606924
8607157
8607469
8607710
8607815
8607922
8608154
8608182
8608271
8608523
8608560
8608649
8608821
8609009
8609150
8609689
8609757
8609823
8609849
8610099
8610152
8610301
8610394
8610437
8610523
8610536
8610560
8610685
8610704
8610706
8610718
8610824
8610837
8610869
8611085
8611152
8611200
8611282
8611430
8611521
8611651
8611778
8612083
8612132
8612368
8612398
8612440
8612629
8612679
8612818
8612936
8612986
8613005
8613028
8613060
8613156
8613164
8613180
8613268
8613285
8613330
8613666
8613805
8613827
8613865
8613964
8614160
8614165
8614423
8614497
8614665
8614751
8614853
8614893
8614928
8615046
8615090
8615106
8615109
8615233
8615238
8615280
8615314
8615347
8615400
8615617
8615674
8615681
8615900
8615904
8615925
8616157
8616173
8616197
8616595
8616733
8616768
8617118
8617348
8617527
8617781
8617883
8617888
8618008
8618147
8618195
8618242
8618324
8618327
8618374
8618379
8619152
8619245
8619394
8619436
8619472
8619735
8619759
8620008
8620044
8620082
8620116
8620221
8620504
8620553
8620683
8620821
8620884
8620919
8621249
8621340
8621702
8621722
8621787
8621816
8621895
8622039
8622040
8622063
8622148
8622176
8622178
8622269
8622363
8622584
8622635
8622682
8622743
8622940
8622958
8623013
8623372
8623480
8623628
8623789
8623852
8623980
8624057
8624145
8624152
8624312
8624430
8624506
8624709
8624780
8625109
8625133
8625189
8625348
8625375
8625390
8625394
8625447
8625454
8625471
8625548
8625582
8625782
8625810
8625997
8626105
8626108
8626117
8626210
8626235
8626398
8626559
8626648
8626652
8626761
8626840
8626848
8626921
8627034
8627266
8627289
8627484
8627502
8627700
8627780
8627825
8627848
8627892
8627967
8628019
8628054
8628092
8628571
8628674
8628763
8628834
8628927
8628957
8629101
8629228
8629603
8629731
8629841
8629901
8629982
8630184
8630451
8630520
8630534
8630721
8630792
8630811
8630863
8630930
8630941
8631070
8631208
8631505
8631524
8631725
8631726
8631751
8631856
8632210
8632570
8632601
8632677
8633280
8633411
8633477
8633492
8633551
8634200
8634251
8634341
8634467
8634692
8634713
8634736
8634788
8634916
8634934
8634963
8635016
8635151
8635270
8635276
8635324
8635368
8635622
8635649
8635804
8635845
8635947
8636027
8636136
8636236
8636371
8636401
8636449
8636526
8636545
8636865
8637178
8637302
8637655
8637743
8637783
8637916
8638203
8638231
8638445
8638470
8638499
8638526
8638539
8638542
8638576
8638650
8638709
8638813
8638823
8638925
8639008
8639110
8639154
8639267
8639328
8639553
8639556
8639564
8639724
8639747
8639821
8639932
8639997
8640015
8640071
8640441
8640458
8640608
8640682
8640862
8640891
8640901
8640983
8641104
8641131
8641292
8641409
8641898
8641980
8642054
8642115
8642117
8642144
8642148
8642403
8642470
8642473
8642662
8643030
8643153
8643351
8643418
8643663
8643740
8643844
8643954
8644296
8644379
8644455
8644523
8644780
8644791
8644866
8644940
8644974
8644997
8645261
8645304
8645484
8645532
8645534
8645742
8646009
8646023
8646149
8646249
8646375
8646460
8646569
8646611
8646691
8646701
8646766
8646777
8646852
8646922
8646994
8647023
8647339
8647343
8647564
8647567
8647622
8647735
8647746
8647849
8647970
8648175
8648510
8648751
8648790
8649039
8649141
8649389
8649605
8649668
8649690
8649773
8649801
8649816
8649850
8650027
8650043
8650126
8650244
8650253
8650325
8650433
8650558
8650583
8650608
8650623
8650750
8650943
8651004
8651395
8651405
8651484
8651555
8651579
8651607
8651684
8651910
8652230
8652279
8652307
8652313
8652344
8652374
8652418
8652424
8652607
8652711
8652861
8653101
8653199
8653253
8653359
8653473
8653852
8653916
8654080
8654113
8654286
8654310
8654363
8654532
8654768
8654785
8655078
8655173
8655206
8655209
8655232
8655236
8655255
8655419
8655427
8655515
8655523
8655844
8655897
8655910
8656136
8656164
8656166
8656279
8656294
8656320
8656587
8656941
8657075
8657185
8657187
8657313
8657780
8658051
8658092
8658113
8658236
8658399
8658455
8658470
8658626
8658736
8659004
8659168
8659192
8659351
8659362
8659461
8659485
8659503
8659536
8659648
8659685
8659693
8659974
8660068
8660305
8660407
8660477
8660487
8660586
8660651
8660725
8660803
8660904
8661473
8661485
8661501
8661579
8661618
8661645
8661731
8661739
8661779
8661828
8661983
8662020
8662089
8662101
8662181
8662280
8662313
8662405
8662552
8662613
8662688
8662750
8662755
8662797
8662828
8662882
8662938
8662978
8663182
8663280
8663516
8663704
8663838
8663986
8664391
8664540
8664623
8664866
8665105
8665194
8665254
8665285
8665319
8665368
8665413
8665455
8665502
8665536
8665673
8665768
8665856
8665953
8665974
8666422
8666474
8666745
8666819
8666820
8666878
8666891
8666895
8667024
8667226
8667278
8667463
8667566
8667792
8668028
8668165
8668174
8668249
8668353
8668834
8668835
8668957
8669218
8669225
8669396
8669549
8669597
8669760
8669796
8669844
8669861
8669869
8669883
8670120
8670140
8670192
8670359
8670489
8670657
8670745
8670753
8670757
8670766
8670951
8671043
8671336
8671603
8671620
8671681
8671721
8671904
8672017
8672020
8672148
8672216
8672756
8672969
8672974
8673311
8673344
8673362
8673493
8673728
8673775
8673779
8673780
8673937
8674029
8674131
8674146
8674201
8674209
8674216
8674320
8674426
8674498
8674519
8674525
8674575
8674788
8674804
8674953
8674959
8674986
8674990
8675099
8675181
8675208
8675717
8675882
8676026
8676095
8676186
8676385
8676443
8676669
8676821
8676860
8676997
8677079
8677348
8677392
8677444
8677559
8677614
8677899
8677962
8678130
8678135
8678193
8678303
8678343
8678469
8678746
8678771
8678884
8678962
8679086
8679109
8679404
8679470
8679668
8679670
8679680
8679690
8679845
8679856
8679860
8679960
8680235
8680402
8680521
8680545
8680668
8680760
8680938
8680946
8680996
8681121
8681537
8681682
8681706
8681773
8681779
8681841
8681943
8682223
8682468
8682685
8682699
8682722
8682767
8682775
8682957
8683223
8683231
8683371
8683426
8683477
8683481
8683574
8683604
8683638
8683812
8684044
8684076
8684144
8684189
8684768
8684781
8684844
8684923
8684999
8685090
8685189
8685239
8685662
8685686
8685699
8685896
8685929
8685956
8685967
8685978
8685981
8686037
8686124
8686281
8686324
8686375
8686388
8686433
8686486
8686567
8686751
8687071
8687172
8687308
8687356
8687374
8687511
8687617
8687763
8688231
8688391
8688409
8688443
8688588
8688611
8688624
8688650
8688672
8688728
8688820
8688877
8689307
8689833
8689844
8689889
8689978
8690383
8690435
8690455
8690469
8690490
8690512
8690736
8690806
8691162
8691277
8691391
8691427
8691499
8691637
8691649
8691909
8692233
8692311
8692404
8692618
8692794
8693008
8693054
8693169
8693313
8693462
8693792
8693823
8693979
8694039
8694087
8694175
8694184
8694240
8694328
8694335
8694382
8694667
8694882
8695017
8695105
8695148
8695251
8695338
8695348
8695551
8695844
8695972
8696152
8696221
8696295
8696425
8696512
8696602
8696653
8696694
8696799
8697203
8697211
8697546
8697555
8697797
8697808
8697849
8697969
8698049
8698108
8698316
8698353
8698356
8698423
8698451
8698482
8698576
8698799
8698838
8699014
8699312
8699391
8699445
8699518
8699607
8699877
8699955
8699967
8700066
8700075
8700184
8700196
8700326
8700499
8700561
8700658
8700973
8701033
8701066
8701071
8701233
8701474
8701486
8701622
8701641
8701929
8702028
8702060
8702247
8702278
8702298
8702334
8702386
8702447
8702862
8703128
8703214
8703225
8703348
8703393
8703578
8703758
8703947
8703982
8704055
8704181
8704235
8704338
8704346
8704367
8704445
8704510
8704539
8704564
8704696
8704776
8704804
8704966
8705013
8705125
8705139
8705239
8705337
8705386
8705390
8705392
8705451
8705509
8705563
8705569
8705621
8705626
8705660
8705716
8705789
8705913
8706136
8706156
8706284
8706450
8706452
8706622
8706758
8706768
8706817
8706832
8707087
8707166
8707171
8707237
8707327
8707481
8707734
8707803
8708183
8708196
8708257
8708368
8708390
8708483
8708598
8708731
8708755
8708891
8708897
8709047
8709107
8709592
8709639
8709790
8709844
8709888
8709937
8709959
8710053
8710258
8710374
8710385
8711378
8711453
8711523
8711693
8711919
8712003
8712038
8712305
8712448
8712522
8712557
8712715
8712772
8712858
8712957
8712982
8713015
8713066
8713144
8713283
8713426
8713446
8713451
8713501
8713517
8713538
8713687
8713746
8713754
8713948
8713995
8714040
8714135
8714211
8714251
8714312
8714496
8714517
8714542
8714709
8714776
8714808
8714816
8714828
8714850
8715207
8715213
8715234
8715459
8715516
8715659
8715695
8715749
8715809
8716016
8716513
8716578
8716644
8716692
8716918
8717186
8717283
8717308
8717342
8717694
8717733
8717785
8717867
8718012
8718036
8718155
8718314
8718383
8718443
8718517
8718551
8718559
8718561
8718692
8718700
8718787
8718918
8718920
8718931
8719001
8719101
8719107
8719216
8719325
8719581
8719674
8719744
8719981
8719998
8720112
8720152
8720156
8720215
8720234
8720251
8720327
8720418
8720433
8720604
8720836
8720856
8720948
8720968
8721009
8721090
8721164
8721174
8721175
8721216
8721410
8721525
8721531
8721816
8722028
8722462
8722474
8722689
8722758
8722815
8722823
8722870
8722896
8722996
8723129
8723295
8723352
8723358
8723371
8723653
8723936
8724047
8724060
8724147
8724378
8724513
8724649
8724806
8724962
8725065
8725224
8725395
8725456
8725550
8725552
8725796
8726042
8726075
8726209
8726387
8726488
8726525
8726657
8726837
8726862
8726921
8726969
8727015
8727172
8727291
8727523
8727556
8727650
8727717
8727784
8727843
8727917
8728114
8728436
8728456
8728545
8728879
8728885
8728952
8728991
8729104
8729109
8729180
8729200
8729201
8729340
8729419
8729635
8729701
8729715
8729789
8729801
8729878
8729882
8730358
8730468
8730568
8730631
8730874
8730962
8730981
8731339
8731347
8731393
8731704
8731882
8731903
8731984
8732010
8732032
8732312
8732572
8732674
8732698
8732778
8732779
8732993
8732997
8733019
8733236
8733259
8733424
8733477
8733666
8733740
8733748
8733844
8733916
8733958
8733981
8734129
8734158
8734312
8734324
8734381
8734384
8734521
8734558
8734581
8734649
8734772
8734805
8734854
8734879
8734885
8734951
8734983
8735033
8735042
8735237
8735271
8735289
8735307
8735313
8735513
8735529
8735688
8735721
8735757
8735785
8736002
8736027
8736072
8736106
8736134
8736180
8736195
8736208
8736244
8736259
8736317
8736348
8736407
8736415
8736510
8736618
8736811
8736817
8737102
8737136
8737254
8737296
8737359
8737631
8737748
8738020
8738199
8738473
8738483
8738492
8738638
8738758
8738796
8738852
8738905
8739008
8739149
8739231
8739359
8739429
8739432
8739508
8739518
8739520
8739541
8739692
8739850
8739917
8740137
8740342
8740376
8740624
8740781
8740807
8740844
8740910
8741022
8741037
8741118
8741256
8741277
8741384
8741545
8741619
8741787
8741829
8741858
8741906
8742009
8742043
8742064
8742081
8742145
8742158
8742365
8742456
8742477
8742674
8742683
8742820
8742825
8742856
8742977
8743019
8743174
8743189
8743248
8743263
8743708
8743709
8743710
8743967
8744144
8744159
8744196
8744211
8744379
8744411
8744435
8744451
8744546
8744886
8744956
8745124
8745141
8745266
8745275
8745409
8745617
8745874
8745891
8745909
8745959
8746103
8746235
8746238
8746410
8746564
8746588
8746659
8746798
8747166
8747185
8747187
8747304
8747693
8747886
8747893
8747945
8748096
8748103
8748379
8748457
8748499
8748705
8748714
8748847
8748914
8749335
8749457
8749598
8749939
8750032
8750446
8750555
8750567
8750893
8751348
8752020
8752109
8752217
8752301
8752411
8752470
8752714
8752724
8752729
8752754
8752853
8752995
8753067
8753154
8753274
8753354
8753366
8753457
8753488
8753576
8753742
8753827
8753974
8754003
8754004
8754131
8754416
8754420
8754480
8754630
8754653
8754678
8754811
8755234
8755242
8755463
8755508
8755640
8755738
8755973
8756078
8756127
8756341
8756356
8756375
8756388
8756427
8756449
8756583
8756612
8756614
8756690
8756724
8756805
8756994
8757147
8757292
8757314
8757408
8757456
8757466
8757598
8757615
8757771
8757809
8757955
8758068
8758180
8758295
8758429
8758437
8758442
8758448
8758834
8758841
8759021
8759161
8759273
8759285
8759443
8759456
8759621
8759786
8759943
8760220
8760228
8760284
8760333
8760372
8760423
8760585
8760624
8760957
8760988
8761179
8761244
8761270
8761271
8761383
8761433
8761443
8761524
8761648
8761738
8761759
8761803
8761958
8761967
8762186
8762194
8762229
8762535
8762731
8762763
8762770
8762826
8762852
8762895
8762997
8763038
8763251
8763319
8763336
8763492
8763534
8763834
8763941
8764021
8764165
8764191
8764194
8764329
8764452
8764698
8764892
8765062
8765100
8765200
8765229
8765301
8765399
8765761
8765768
8765834
8765958
8766030
8766037
8766118
8766292
8766296
8766338
8766411
8766634
8766777
8766802
8766934
8766939
8767063
8767135
8767278
8767312
8767358
8767475
8767542
8767553
8767564
8767637
8768152
8768170
8768275
8768380
8768429
8768434
8768556
8768768
8768819
8768884
8768914
8769089
8769129
8769144
8769167
8769633
8769641
8769676
8769743
8769763
8769803
8769823
8769953
8770031
8770069
8770096
8770256
8770547
8770616
8770751
8770802
8770818
8770838
8770842
8770924
8771006
8771194
8771457
8771531
8771756
8771788
8771814
8771920
8771972
8772017
8772076
8772191
8772377
8772537
8772560
8772577
8772782
8773057
8773163
8773325
8773624
8773717
8774012
8774025
8774066
8774122
8774164
8774395
8774429
8774432
8774529
8774573
8774640
8774651
8774665
8774746
8774845
8774950
8775049
8775171
8775200
8775274
8775341
8775374
8775477
8775520
8775628
8775661
8775696
8775825
8775941
8775993
8776028
8776214
8776345
8776491
8776514
8776515
8776858
8776935
8777333
8777421
8777584
8777607
8777745
8777848
8777869
8778172
8778223
8778395
8778399
8778506
8778524
8778699
8778800
8778871
8778875
8778944
8778955
8778987
8779054
8779114
8779222
8779234
8779264
8779300
8779711
8779777
8779789
8779833
8779870
8780144
8780313
8780327
8780336
8780469
8780505
8780692
8780697
8780707
8780708
8780934
8781050
8781093
8781136
8781141
8781289
8781620
8781688
8781792
8781793
8782090
8782198
8782376
8782377
8782613
8782632
8782675
8782753
8782849
8782909
8782968
8783076
8783147
8783258
8783673
8783755
8783858
8783925
8784090
8784157
8784207
8784273
8784296
8784352
8784456
8784464
8784487
8784541
8784603
8784734
8784918
8785019
8785189
8785821
8785983
8786173
8786333
8786418
8786448
8786532
8786538
8786580
8786606
8786731
8786768
8786991
8787251
8787280
8787315
8787484
8787486
8787671
8787786
8787938
8787997
8788196
8788426
8788625
8788770
8788804
8788815
8788838
8788848
8789034
8789075
8789147
8789204
8789234
8789295
8789306
8789342
8789345
8789442
8789963
8790175
8790177
8790306
8790328
8790632
8790803
8790885
8790949
8790972
8791000
8791029
8791351
8791397
8791416
8791443
8791452
8791515
8791547
8791561
8791623
8791689
8791898
8791997
8792042
8792177
8792411
8792431
8792694
8793064
8793234
8793246
8793516
8793825
8793970
8794016
8794036
8794154
8794295
8794463
8794628
8794774
8794880
8794913
8794921
8794923
8795159
8795303
8795400
8795418
8795876
8795885
8795944
8795992
8796012
8796063
8796167
8796451
8796467
8796605
8796722
8796781
8797040
8797239
8797465
8797486
8797503
8797610
8797692
8797727
8797750
8797771
8797899
8798264
8798502
8798524
8798556
8798582
8798727
8798778
8798945
8798981
8799028
8799030
8799095
8799102
8799137
8799204
8799214
8799252
8799282
8799363
8799372
8799498
8799515
8799517
8799535
8799664
8799742
8799801
8799856
8799989
8800033
8800065
8800067
8800406
8800708
8800849
8800899
8800925
8801001
8801111
8801144
8801309
8801494
8801594
8801628
8801756
8801939
8801944
8801946
8802102
8802287
8802308
8802311
8802371
8802392
8802514
8802632
8802646
8802654
8802658
8802768
8803149
8803220
8803243
8803553
8803619
8803627
8803793
8803873
8803892
8804078
8804178
8804220
8804312
8804372
8804442
8804457
8804546
8804642
8804786
8804886
8804916
8804957
8804983
8805124
8805208
8805217
8805598
8805717
8805934
8806207
8806217
8806249
8806329
8806371
8806745
8806858
8807052
8807118
8807125
8807272
8807276
8807400
8807554
8807570
8807653
8807780
8808038
8808268
8808350
8808450
8808650
8808667
8808728
8808797
8808890
8808938
8808972
8809225
8809266
8809311
8809611
8809643
8809723
8809759
8810101
8810112
8810276
8810409
8810442
8810617
8810622
8810687
8810978
8811107
8811257
8811287
8811471
8811570
8811573
8811747
8811906
8811907
8811960
8812012
8812089
8812256
8812297
8812355
8812402
8812447
8812472
8812554
8812584
8812589
8812621
8812666
8812817
8812858
8813043
8813073
8813089
8813250
8813280
8813565
8813637
8813654
8813708
8813729
8813842
8813864
8814085
8814090
8814180
8814417
8814602
8814666
8814782
8815065
8815231
8815263
8815318
8815340
8815661
8815813
8815947
8816018
8816043
8816136
8816182
8816195
8816238
8816250
8816287
8816477
8816538
8816623
8816670
8816744
8816781
8816870
8816957
8817050
8817102
8817361
8817404
8817405
8817680
8817719
8817804
8817825
8817964
8818011
8818014
8818090
8818262
8818345
8818405
8818580
8818663
8818817
8818969
8818990
8819027
8819187
8819458
8819611
8819706
8819709
8819756
8819892
8819980
8820003
8820102
8820144
8820250
8820377
8820456
8820687
8820700
8820735
8820751
8820778
8821037
8821609
8821696
8821726
8821800
8821818
8821826
8821855
8821871
8821924
8821945
8822092
8822139
8822233
8822394
8822408
8822459
8822484
8822616
8822849
8822878
8822899
8822949
8823302
8823846
8823952
8823976
8823994
8824026
8824047
8824168
8824182
8824221
8824348
8824472
8824513
8824532
8824859
8824963
8825074
8825169
8825267
8825320
8825382
8825690
8825812
8826044
8826194
8826250
8826283
8826342
8826869
8826928
8827042
8827228
8827364
8827485
8827514
8827647
8827703
8827718
8827798
8827945
8827968
8828022
8828037
8828041
8828081
8828250
8828362
8828367
8828381
8828397
8828582
8828712
8828783
8828970
8828977
8829103
8829253
8829290
8829333
8829517
8829572
8829708
8829762
8829861
8829898
8829992
8830165
8830240
8830319
8830379
8830442
8830675
8830779
8830874
8830892
8830894
8831121
8831150
8831172
8831201
8831302
8831303
8831414
8831440
8831475
8831661
8831784
8831867
8831969
8831987
8832061
8832094
8832135
8832244
8832270
8832340
8832465
8832569
8832645
8832760
8832776
8832796
8833078
8833191
8833419
8833734
8833788
8833974
8833999
8834133
8834199
8834263
8834267
8834329
8834338
8834402
8834501
8835040
8835235
8835331
8835547
8835572
8835677
8835919
8836020
8836108
8836267
8836713
8836828
8837018
8837050
8837078
8837269
8837278
8837330
8837437
8837466
8837877
8837896
8837903
8837953
8838055
8838096
8838222
8838389
8838407
8838452
8838978
8839008
8839163
8839210
8839217
8839521
8839595
8839636
8839713
8839898
8840030
8840140
8840308
8840341
8840363
8840372
8840402
8840487
8840488
8840625
8840685
8841068
8841295
8841317
8841593
8841684
8842078
8842356
8842409
8842468
8842475
8842477
8842479
8842520
8842536
8842539
8842756
8842784
8843194
8843377
8843394
8843526
8843639
8843908
8844162
8844198
8844462
8844471
8844538
8844719
8844749
8845022
8845083
8845104
8845108
8845117
8845273
8845292
8845421
8845524
8845810
8845890
8845994
8846078
8846268
8846335
8846477
8846486
8846527
8846661
8846758
8846910
8847215
8847254
8847503
8847791
8847825
8847954
8847996
8848116
8848242
8848324
8848332
8849012
8849106
8849121
8849143
8849154
8849171
8849207
8849280
8849306
8849783
8849832
8849887
8849978
8850030
8850211
8850314
8850361
8850628
8850663
8850822
8850834
8850972
8851057
8851124
8851473
8851956
8852387
8852408
8852530
8852659
8852797
8852839
8852897
8853023
8853171
8853196
8853232
8853402
8853438
8853500
8853509
8853571
8853588
8853706
8853730
8853836
8853937
8853960
8854017
8854274
8854283
8854470
8854497
8854502
8854536
8854698
8854747
8854763
8854765
8854875
8855100
8855180
8855222
8855241
8855264
8855424
8855482
8855537
8855624
8855760
8855824
8855976
8855984
8856130
8856244
8856305
8856360
8856463
8856507
8856567
8856721
8856870
8856895
8856973
8856992
8857069
8857229
8857352
8857404
8857606
8857904
8858132
8858145
8858366
8858425
8858588
8858797
8858938
8858968
8859165
8859667
8859758
8859786
8859906
8859934
8859976
8860055
8860130
8860239
8860422
8860676
8860683
8860764
8860782
8860912
8860962
8861040
8861106
8861111
8861163
8861210
8861274
8861348
8861374
8861477
8861949
8862295
8862314
8862399
8862419
8862424
8862584
8862650
8862858
8863176
8863259
8863265
8863271
8863277
8863551
8863607
8863748
8863756
8863759
8863760
8863771
8863866
8863869
8863969
8864015
8864053
8864139
8864166
8864325
8864335
8864442
8864463
8864468
8864908
8865037
8865441
8865466
8865495
8865505
8865602
8866166
8866475
8866499
8866775
8866836
8866850
8866857
8866902
8866930
8867053
8867252
8867257
8867538
8867700
8867708
8867777
8867906
8868030
8868069
8868236
8868269
8868411
8868415
8868569
8868731
8868814
8868896
8868936
8868971
8869241
8869529
8869600
8869677
8869694
8869719
8869982
8870081
8870261
8870326
8870442
8870458
8870460
8870655
8870703
8870853
8870866
8871152
8871167
8871204
8871376
8871482
8871649
8871870
8871895
8871967
8871989
8872064
8872441
8872495
8872505
8872667
8872833
8872917
8872941
8873077
8873340
8873341
8873352
8873376
8873425
8873511
8873546
8873675
8873699
8873824
8873878
8873881
8874002
8874054
8874133
8874152
8874251
8874259
8874478
8874569
8874745
8875004
8875054
8875126
8875180
8875182
8875207
8875379
8875419
8875496
8875511
8875599
8875603
8875688
8875764
8875949
8876458
8876550
8876595
8876598
8876600
8876707
8876767
8876956
8876974
8877065
8877175
8877176
8877351
8877364
8877446
8877472
8877512
8877514
8877751
8877752
8878019
8878185
8878202
8878221
8878239
8878269
8878299
8878501
8878544
8878705
8878828
8878831
8878833
8878927
8878978
8879099
8879403
8879441
8879857
8879906
8880006
8880008
8880148
8880273
8880342
8880506
8880529
8880604
8880742
8880992
8881232
8881290
8881311
8881480
8881663
8881665
8881732
8881787
8881980
8882026
8882113
8882115
8882151
8882154
8882365
8882399
8882586
8882862
8882867
8882913
8882945
8883101
8883346
8883375
8883402
8883433
8883500
8883788
8883812
8884520
8884588
8885075
8885085
8885104
8885199
8885323
8885387
8885419
8885420
8885482
8885504
8885729
8885734
8885735
8885829
8885831
8885964
8886051
8886057
8886144
8886335
8886403
8886887
8887167
8887313
8887577
8887605
8887635
8888027
8888098
8888179
8888234
8888385
8888404
8888812
8888846
8888935
8889005
8889026
8889042
8889099
8889191
8889215
8889339
8889427
8889493
8889650
8889794
8889826
8889960
8890054
8890197
8890227
8890266
8890511
8890570
8890625
8890703
8890806
8890863
8890911
8890912
8890913
8891049
8891124
8891207
8891259
8891383
8891481
8891787
8892186
8892402
8892494
8892508
8892515
8892701
8892907
8893066
8893110
8893204
8893242
8893323
8893395
8893455
8893692
8893755
8893796
8893829
8893855
8893981
8894429
8894444
8894631
8894649
8894713
8895187
8895230
8895263
8895472
8895786
8895831
8895876
8896176
8896309
8896471
8896497
8896662
8896872
8897063
8897218
8897355
8897700
8897782
8897844
8897858
8897879
8897984
8898037
8898085
8898121
8898160
8898248
8898363
8898627
8898646
8898656
8898683
8898716
8898887
8898935
8899034
8899185
8899342
8899410
8899416
8899422
8899505
8899661
8899743
8899988
8900022
8900275
8900282
8900294
8900345
8900376
8900451
8900483
8900502
8900636
8900638
8900639
8900657
8900907
8901106
8901166
8901266
8901345
8901686
8901758
8901791
8901867
8901929
8901963
8902071
8902106
8902202
8902483
8902508
8902621
8902658
8902719
8902720
8902773
8902776
8902792
8902889
8903099
8903384
8903425
8903444
8903454
8903570
8903582
8903769
8903794
8903930
8904033
8904322
8904348
8904386
8904574
8904588
8904625
8904645
8904849
8904979
8905163
8905370
8905434
8905465
8905504
8905673
8905796
8905853
8905932
8905988
8906069
8906182
8906224
8906237
8906282
8906415
8906450
8906505
8906521
8906577
8906662
8906766
8906779
8906787
8907054
8907075
8907085
8907159
8907289
8907365
8907391
8907521
8907542
8907637
8907653
8907817
8907938
8908069
8908108
8908160
8908278
8908331
8908346
8908496
8908688
8908966
8909162
8909189
8909268
8909326
8909397
8909493
8909589
8909616
8909669
8909750
8909769
8909894
8909937
8910140
8910141
8910192
8910403
8910427
8910540
8910694
8910743
8910817
8910869
8910897
8910914
8911007
8911039
8911240
8911243
8911432
8911449
8911492
8911596
8911650
8911661
8911884
8911997
8912127
8912129
8912319
8912455
8912789
8912808
8912820
8912949
8912993
8913032
8913206
8913226
8913252
8913539
8913595
8913623
8913691
8913812
8913838
8914029
8914771
8915142
8915144
8915254
8915405
8915844
8915892
8915915
8916196
8916420
8916532
8916589
8916686
8916731
8917153
8917377
8917489
8917496
8917500
8917509
8917623
8917745
8917855
8918074
8918107
8918153
8918177
8918259
8918309
8918811
8918850
8919250
8919340
8919418
8919419
8919549
8919559
8919792
8920041
8920129
8920146
8920306
8920353
8920446
8920486
8920580
8920584
8920640
8920642
8920937
8921066
8921493
8921738
8921768
8921872
8921884
8921943
8922202
8922483
8922502
8922855
8922954
8923107
8923120
8923121
8923201
8923353
8923401
8923561
8923618
8923659
8923671
8923721
8923750
8923759
8923876
8924096
8924232
8924347
8924365
8924373
8924386
8924429
8924543
8924857
8925071
8925148
8925341
8925405
8925456
8925486
8925574
8925674
8925796
8926023
8926445
8926699
8926748
8926776
8926831
8927083
8927085
8927241
8927414
8927442
8927678
8927688
8927838
8928667
8928789
8928852
8929043
8929073
8929109
8929112
8929182
8929511
8929532
8929567
8929604
8929753
8929804
8929941
8930106
8930124
8930166
8930189
8930343
8930441
8930492
8930547
8930595
8930598
8930901
8930905
8931180
8931372
8931377
8931413
8931590
8931677
8931760
8932076
8932207
8932346
8932362
8932446
8932461
8932494
8932581
8932871
8932971
8932997
8933032
8933036
8933361
8933438
8933536
8933563
8933632
8933732
8933758
8934008
8934087
8934217
8934281
8934326
8934490
8934505
8934588
8934644
8934658
8934726
8934785
8935077
8935085
8935249
8935384
8935441
8935807
8935935
8936092
8936102
8936138
8936187
8936315
8936520
8936647
8936887
8937275
8937280
8937326
8937416
8937426
8937547
8937879
8937909
8937962
8937982
8937987
8938471
8938545
8938707
8938729
8938736
8938815
8938866
8939046
8939302
8939366
8939702
8939831
8939888
8939891
8939908
8940066
8940083
8940126
8940189
8940213
8940552
8940614
8940779
8940850
8941032
8941274
8941391
8941405
8941407
8941534
8941565
8941610
8941635
8941651
8941701
8941881
8941974
8942059
8942483
8942753
8942777
8942905
8942931
8942933
8942958
8943029
8943143
8943189
8943229
8943302
8943323
8943465
8943606
8943762
8943983
8944116
8944216
8944319
8944385
8944387
8944436
8944486
8944505
8944668
8944746
8944801
8944877
8945065
8945231
8945252
8945384
8945500
8945633
8945677
8945709
8945837
8945913
8945972
8946136
8946220
8946235
8946299
8946620
8946716
8946886
8947014
8947098
8947158
8947358
8947561
8947623
8947780
8948227
8948337
8948353
8948550
8948817
8948948
8949005
8949043
8949116
8949333
8949336
8949656
8949723
8949741
8949757
8949770
8949784
8950091
8950095
8950103
8950140
8950167
8950276
8950282
8950294
8950391
8950585
8950826
8950854
8951123
8951197
8951249
8951272
8951364
8951380
8951405
8951610
8951748
8951809
8951872
8951891
8952070
8952378
8952619
8952662
8952696
8952834
8953043
8953106
8953163
8953228
8953284
8953334
8953454
8953630
8953698
8953825
8954070
8954133
8954259
8954344
8954345
8954589
8954627
8954747
8954891
8955185
8955283
8955355
8955386
8955411
8955449
8955503
8955543
8955675
8955693
8955855
8955929
8955936
8956007
8956212
8956278
8956321
8956588
8956643
8956688
8956794
8957067
8957097
8957139
8957245
8957363
8957402
8957452
8957800
8957973
8958000
8958027
8958042
8958162
8958250
8958480
8958483
8958536
8958672
8958729
8958741
8958767
8959029
8959080
8959149
8959191
8959220
8959229
8959503
8959663
8959757
8959880
8959993
8960074
8960279
8960400
8960531
8960543
8960569
8960716
8960750
8960751
8960874
8960925
8960965
8961009
8961107
8961240
8961241
8961254
8961299
8961349
8961380
8961387
8961407
8961423
8961517
8961525
8961608
8961682
8961692
8961776
8961811
8961820
8961899
8962023
8962083
8962138
8962151
8962237
8962361
8962505
8962772
8962857
8962896
8962927
8962989
8963000
8963257
8963387
8963392
8963399
8963413
8963426
8963430
8963584
8963616
8963626
8963640
8963829
8963909
8963934
8963953
8963980
8963981
8963996
8964240
8964328
8964332
8964425
8964482
8964596
8964991
8965162
8965197
8965341
8965343
8965367
8965458
8965462
8965503
8965922
8966085
8966088
8966143
8966154
8966292
8966422
8966793
8966982
8966992
8966996
8967263
8967310
8967438
8967618
8967702
8967944
8968045
8968056
8968148
8968178
8968318
8968320
8968324
8968331
8968671
8968716
8968963
8969014
8969124
8969200
8969360
8969444
8969470
8969540
8969683
8969688
8969792
8969806
8970002
8970090
8970343
8970467
8970640
8970808
8970943
8971269
8971271
8971283
8971338
8971384
8971467
8971681
8971751
8971807
8971870
8971928
8972089
8972306
8972311
8972350
8972390
8972395
8972483
8972513
8972609
8972698
8972740
8972771
8972819
8972887
8972905
8973030
8973031
8973177
8973258
8973473
8973521
8973709
8973716
8974028
8974216
8974256
8974267
8974278
8974312
8974426
8974617
8974814
8974842
8974936
8974992
8975173
8975319
8975441
8975486
8975504
8975562
8975609
8975635
8975865
8975884
8976003
8976190
8976215
8976312
8976368
8976440
8976460
8976465
8976806
8977029
8977074
8977141
8977156
8977294
8977459
8977469
8977495
8977554
8977736
8977752
8977814
8978031
8978241
8978269
8978365
8978447
8978677
8978714
8978794
8978954
8978975
8978990
8979177
8979203
8979400
8979502
8979545
8979905
8980054
8980132
8980222
8980249
8980277
8980423
8980691
8980734
8980864
8980912
8981056
8981097
8981123
8981350
8981436
8981623
8981710
8981819
8981848
8982009
8982062
8982151
8982196
8982200
8982220
8982510
8982743
8982764
8982809
8982810
8982950
8982969
8983016
8983037
8983191
8983213
8983322
8983324
8983409
8983538
8983616
8983668
8983740
8983760
8983818
8983942
8983954
8983971
8984005
8984022
8984186
8984221
8984304
8984348
8984409
8984440
8984639
8984680
8984711
8984991
8985243
8985406
8985862
8985903
8985927
8985978
8986173
8986330
8986438
8986473
8986507
8986534
8986596
8986747
8986829
8986932
8987148
8987324
8987333
8987404
8987490
8987523
8987534
8987580
8987745
8987834
8987936
8987941
8988061
8988189
8988193
8988298
8988320
8988386
8988463
8988810
8988861
8988921
8988956
8988965
8988988
8989406
8989514
8989803
8989808
8989875
8989918
8989926
8990128
8990249
8990305
8990307
8990370
8990517
8990666
8990857
8990878
8990982
8991137
8991149
8991244
8991321
8991355
8991524
8991642
8991819
8991823
8992225
8992323
8992327
8992481
8992807
8992831
8992901
8993135
8993160
8993251
8993271
8993427
8993490
8993522
8993698
8993771
8993790
8993814
8993983
8994347
8994349
8994351
8994358
8994380
8994679
8994717
8994992
8995078
8995230
8995235
8995236
8995261
8995320
8995633
8995637
8996106
8996153
8996207
8996219
8996238
8996414
8996446
8996504
8996681
8996685
8996695
8996728
8996821
8996951
8997083
8997381
8997491
8997598
8997668
8997712
8997784
8997791
8997793
8997804
8997916
8998108
8998196
8998338
8998431
8998472
8998493
8998515
8998667
8998696
8998839
8998850
8998897
8999133
8999150
8999201
8999279
8999365
8999410
8999526
8999580
8999605
8999734
8999758
8999882
9000064
9000082
9000159
9000188
9000215
9000291
9000461
9000464
9000532
9000643
9000731
9001106
9001308
9001331
9001334
9001468
9001592
9001650
9001747
9001766
9001976
9001992
9002006
9002008
9002063
9002189
9002336
9002560
9002610
9002655
9003172
9003472
9003506
9003569
9003625
9003663
9004000
9004176
9004182
9004533
9004556
9004710
9004788
9004865
9004881
9005187
9005575
9005620
9005685
9005728
9005879
9006394
9006686
9006855
9006900
9006963
9007013
9007080
9007158
9007381
9007426
9007502
9007537
9007615
9007625
9007635
9007787
9007820
9007972
9008190
9008248
9008251
9008353
9008425
9008820
9008859
9008867
9008876
9009450
9009531
9009582
9009646
9009660
9009768
9009814
9009968
9009974
9010094
9010116
9010153
9010252
9010335
9010361
9010647
9010698
9010732
9011024
9011162
9011202
9011215
9011260
9011275
9011487
9011499
9011915
9012071
9012175
9012418
9012468
9012579
9012681
9012690
9013005
9013050
9013286
9013373
9013410
9013414
9013572
9013701
9013718
9013792
9013842
9013854
9013879
9013904
9014141
9014168
9014272
9014315
9014381
9014501
9014561
9014834
9014947
9015033
9015093
9015327
9015333
9015341
9015396
9015415
9015457
9015589
9015599
9015630
9015728
9015886
9015990
9016136
9016179
9016220
9016266
9016325
9016356
9016459
9016497
9016551
9016599
9016637
9016697
9016775
9016806
9016898
9017133
9017267
9017412
9017476
9017496
9017694
9017784
9017815
9017939
9018050
9018054
9018134
9018351
9018494
9018535
9018732
9018737
9018868
9019015
9019131
9019134
9019190
9019260
9019309
9019496
9019498
9019575
9019698
9019974
9020008
9020061
9020194
9020352
9020360
9020869
9020879
9020982
9021481
9021532
9021559
9021597
9021637
9021738
9021830
9021874
9021986
9022018
9022177
9022216
9022219
9022264
9022333
9022358
9022364
9022378
9022401
9022724
9023079
9023128
9023167
9023233
9023442
9023490
9023522
9023633
9023638
9023740
9023792
9023902
9023946
9024028
9024320
9024392
9024521
9024731
9024938
9024989
9025096
9025252
9025282
9025501
9025544
9025587
9025631
9025719
9025723
9025884
9026233
9026246
9026432
9026450
9026472
9026609
9026623
9026693
9026761
9026924
9026928
9027180
9027325
9027399
9027475
9027704
9027743
9027836
9027924
9028137
9028347
9028711
9028833
9028868
9028999
9029043
9029208
9029216
9029390
9029639
9029656
9029714
9029842
9029878
9029938
9029954
9029981
9030080
9030131
9030171
9030310
9030409
9030500
9030599
9030763
9030768
9030885
9031056
9031120
9031189
9031200
9031224
9031262
9031339
9031425
9031618
9031693
9031879
9031898
9031929
9032279
9032324
9032409
9032423
9032506
9032521
9032780
9032851
9032880
9032916
9033059
9033066
9033135
9033185
9033235
9033338
9033494
9033725
9033729
9033833
9033859
9033877
9033903
9033904
9033993
9034374
9034397
9034480
9034654
9034815
9034897
9035368
9035385
9035468
9035580
9035639
9035838
9035882
9035915
9035953
9035958
9036009
9036038
9036042
9036346
9036365
9036511
9036700
9037010
9037036
9037180
9037248
9037497
9037511
9037624
9037795
9037953
9038052
9038323
9038337
9038439
9038451
9038612
9038678
9038994
9039036
9039070
9039098
9039150
9039181
9039193
9039433
9039484
9039529
9039721
9039752
9039770
9039784
9039871
9039885
9040054
9040086
9040305
9040332
9040505
9040577
9040682
9040780
9040805
9040865
9040937
9040938
9040994
9041042
9041139
9041173
9041367
9041385
9041394
9041491
9041531
9041543
9041795
9041804
9042011
9042129
9042189
9042294
9042361
9042372
9042471
9042538
9042544
9042613
9042770
9042897
9042946
9042963
9042967
9043170
9043209
9043274
9043311
9043331
9043345
9043376
9043445
9043689
9043914
9043944
9044083
9044169
9044175
9044208
9044210
9044272
9044593
9044678
9044907
9044926
9045260
9045454
9045464
9045541
9045563
9045579
9045655
9045857
9046042
9046228
9046242
9046472
9046507
9046738
9046766
9046792
9046844
9046968
9047328
9047450
9047717
9047744
9047886
9047957
9047967
9048149
9048506
9048579
9048657
9048659
9048786
9048831
9048957
9049014
9049151
9049278
9049284
9049340
9049374
9049502
9049514
9049689
9049695
9049760
9049949
9049959
9049986
9050064
9050081
9050096
9050187
9050250
9050357
9050420
9050528
9050590
9050604
9050651
9050887
9051248
9051299
9051317
9051343
9051785
9051934
9052114
9052346
9052454
9052587
9052624
9052755
9052886
9053103
9053197
9053288
9053333
9053356
9053387
9053394
9053449
9053553
9053643
9053645
9053860
9054034
9054107
9054112
9054128
9054230
9054279
9054363
9054377
9054386
9054506
9054673
9054725
9054876
9054949
9054982
9055044
9055046
9055374
9055433
9055666
9055792
9055850
9055894
9056147
9056148
9056490
9056800
9056839
9056840
9056873
9056884
9056960
9057043
9057087
9057200
9057228
9057403
9057456
9057458
9057494
9057581
9057598
9057599
9057621
9057693
9057734
9057769
9057794
9057930
9058130
9058233
9058500
9058517
9058543
9058566
9058589
9058616
9058694
9058702
9058727
9058728
9058783
9058817
9059121
9059171
9059319
9059385
9059387
9059463
9059599
9059668
9059920
9059940
9060004
9060038
9060141
9060414
9060481
9060533
9060604
9060732
9060804
9060842
9060846
9060975
9061087
9061133
9061290
9061800
9061801
9061856
9062086
9062100
9062149
9062250
9062440
9062539
9062611
9062661
9062779
9062819
9062919
9062926
9063182
9063237
9063299
9063311
9063409
9063594
9063678
9063732
9063813
9063977
9064014
9064046
9064264
9064516
9064637
9064641
9064683
9064773
9064833
9064866
9064935
9065125
9065274
9065325
9065327
9065573
9065631
9065788
9065808
9065844
9065889
9065911
9065942
9066134
9066135
9066307
9066308
9066525
9066759
9066874
9066971
9067074
9067101
9067196
9067211
9067231
9067236
9067320
9067348
9067751
9067831
9067961
9068293
9068312
9068342
9068571
9068686
9068723
9068785
9068929
9068938
9068958
9069047
9069132
9069163
9069240
9069378
9069419
9069497
9069560
9069595
9069725
9069871
9069906
9069964
9070109
9070166
9070302
9070708
9070740
9070902
9071040
9071105
9071131
9071370
9071674
9071822
9072020
9072063
9072216
9072565
9072580
9072600
9072760
9072832
9072898
9072954
9073356
9073480
9073536
9073588
9073719
9073757
9073778
9073825
9073882
9073980
9074029
9074051
9074076
9074094
9074303
9074359
9074376
9074446
9074447
9074500
9074504
9074599
9074684
9074817
9074840
9075100
9075169
9075289
9075294
9075369
9075515
9075731
9075759
9075835
9075872
9075972
9076011
9076082
9076100
9076116
9076380
9076384
9076392
9076422
9076526
9076581
9076609
9076706
9076742
9076758
9076772
9076815
9077175
9077378
9077396
9077407
9077728
9077734
9077746
9077852
9078077
9078220
9078326
9078409
9078416
9078459
9078545
9078714
9078866
9078884
9079216
9079281
9079361
9079492
9079537
9079558
9079728
9079925
9079992
9080034
9080074
9080190
9080325
9080397
9080506
9080827
9080913
9080963
9081015
9081099
9081233
9081500
9081514
9081613
9081805
9081872
9081876
9081955
9082051
9082176
9082336
9082410
9082423
9082552
9082634
9082741
9082799
9083206
9083232
9083352
9083506
9083515
9083547
9083762
9083768
9083770
9083771
9083980
9084006
9084026
9084149
9084156
9084327
9084341
9084421
9084425
9084625
9084779
9084784
9084823
9084837
9084847
9084896
9084936
9085026
9085502
9085620
9085664
9085687
9085774
9085937
9086001
9086105
9086148
9086180
9086318
9086640
9086942
9086948
9087164
9087186
9087262
9087416
9087443
9087576
9087665
9087774
9087940
9088009
9088183
9088255
9088262
9088277
9088407
9088408
9088801
9088876
9088949
9089082
9089110
9089193
9089237
9089324
9089367
9089386
9089393
9089453
9089510
9089512
9089547
9089676
9089764
9090022
9090074
9090076
9090261
9090277
9090323
9090332
9090387
9090471
9090564
9090592
9090708
9090862
9091066
9091363
9091376
9091479
9091606
9092055
9092085
9092184
9092231
9092278
9092305
9092639
9092654
9092695
9092738
9092754
9092834
9092861
9092868
9092948
9093224
9093226
9093251
9093285
9093363
9093376
9093587
9093808
9093918
9093962
9093978
9094250
9094272
9094284
9094463
9094478
9094823
9094833
9095195
9095341
9095408
9095547
9095595
9095815
9095845
9095876
9095920
9095956
9096055
9096126
9096296
9096405
9096446
9096526
9096545
9096664
9096762
9096839
9096858
9097097
9097146
9097172
9097301
9097317
9097360
9097511
9097669
9097696
9097757
9097987
9098184
9098201
9098612
9098625
9098632
9098804
9098821
9098989
9099256
9099439
9099461
9099565
9099636
9099640
9099849
9099901
9099954
9100108
9100308
9100419
9100420
9100526
9100550
9100601
9100624
9101011
9101086
9101394
9101420
9101440
9101496
9102121
9102226
9103083
9103209
9103430
9103470
9103504
9103633
9103647
9103656
9103902
9103944
9104340
9104651
9104716
9104874
9104965
9105072
9105075
9105144
9105187
9105319
9105398
9105524
9105566
9105615
9105629
9105764
9105808
9105811
9105812
9105836
9105841
9106019
9106050
9106100
9106171
9106185
9106225
9106268
9106408
9106455
9106523
9106643
9106720
9106731
9106749
9107000
9107154
9107249
9107340
9107394
9107430
9107560
9108094
9108294
9108317
9108379
9108383
9108750
9108794
9108820
9108964
9109026
9109397
9109431
9109588
9109794
9109916
9109936
9109961
9109987
9110082
9110443
9110512
9110537
9110543
9110568
9110683
9110707
9110858
9111113
9111367
9111373
9111380
9111509
9111729
9111809
9111952
9111982
9112029
9112136
9112327
9112449
9112616
9112844
9112919
9112933
9113032
9113038
9113230
9113248
9113305
9113382
9113422
9113438
9113653
9113664
9113685
9113690
9113696
9113750
9113907
9114098
9114183
9114455
9114550
9114589
9114703
9114955
9115025
9115069
9115075
9115146
9115376
9115387
9115429
9115498
9115508
9115625
9115786
9116030
9116071
9116147
9116469
9116597
9116663
9116698
9116700
9116745
9116829
9116913
9116962
9116989
9117075
9117113
9117125
9117243
9117408
9117512
9117611
9117665
9117683
9117685
9117797
9117900
9117902
9117910
9117965
9117971
9118159
9118390
9118436
9118614
9118860
9119028
9119175
9119436
9119460
9119467
9119491
9119560
9119567
9119568
9119735
9120024
9120109
9120201
9120311
9120318
9120366
9120439
9120522
9120565
9120853
9120869
9120921
9120981
9121045
9121277
9121303
9121310
9121396
9121431
9121534
9121588
9121795
9121813
9121836
9121907
9121979
9122003
9122130
9122270
9122292
9122323
9122358
9122497
9122608
9122697
9122764
9122832
9123390
9123411
9123454
9123585
9123722
9123994
9124184
9124342
9124394
9124400
9124758
9124868
9124915
9124983
9125156
9125174
9125395
9125585
9125635
9125689
9125740
9125794
9126263
9126283
9126332
9126358
9126545
9126567
9126572
9126606
9126663
9126705
9126750
9127004
9127262
9127340
9127366
9127420
9127472
9127583
9127646
9127952
9128030
9128180
9128193
9128206
9128252
9128282
9128376
9128384
9128454
9128613
9128662
9128811
9128907
9128919
9129013
9129037
9129276
9129398
9129509
9129610
9129782
9129802
9129853
9129920
9130042
9130054
9130460
9130493
9130635
9130742
9131209
9131362
9131471
9131691
9131810
9131868
9132350
9132614
9132635
9132678
9132785
9132896
9132915
9132932
9132951
9132987
9133057
9133064
9133066
9133095
9133145
9133402
9133581
9133760
9133788
9133853
9133933
9133940
9133971
9134036
9134214
9134237
9134250
9134277
9134304
9134447
9134552
9134578
9134599
9134621
9134658
9134700
9134786
9135029
9135164
9135201
9135370
9135471
9135481
9135492
9135645
9135710
9135838
9135913
9136077
9136240
9136362
9136422
9136716
9136807
9136844
9136960
9137023
9137095
9137155
9137278
9137288
9137329
9137397
9137576
9137578
9137644
9137924
9137974
9138304
9138492
9138587
9138870
9138937
9139073
9139115
9139156
9139337
9139357
9139481
9139536
9139597
9139636
9139699
9139713
9139723
9139834
9140182
9140471
9140564
9140579
9140581
9140621
9140716
9140927
9141039
9141167
9141616
9141857
9142175
9142180
9142600
9142714
9142762
9142973
9143263
9143375
9143457
9143491
9143539
9143715
9143895
9143911
9143933
9143966
9144182
9144596
9144621
9144642
9144643
9144673
9144809
9144945
9145038
9145237
9145362
9145389
9145443
9145451
9145575
9145650
9145805
9145810
9145816
9145932
9146124
9146143
9146750
9146921
9147133
9147363
9147463
9147515
9147548
9147760
9147880
9148252
9148257
9148312
9148364
9148462
9148690
9148854
9148884
9148929
9149061
9149233
9149292
9149343
9149345
9149410
9149509
9149592
9149732
9149741
9150265
9150521
9150613
9150630
9150836
9150921
9151021
9151031
9151160
9151281
9151289
9151296
9151330
9151484
9151541
9151838
9151892
9152034
9152037
9152170
9152191
9152282
9152428
9152647
9152689
9152726
9152879
9153206
9153271
9153276
9153356
9153436
9153460
9153486
9153641
9153651
9153662
9154052
9154089
9154137
9154325
9154365
9154767
9154823
9154942
9155048
9155140
9155167
9155199
9155232
9155284
9155337
9155463
9155579
9155670
9155674
9155737
9155757
9155781
9156002
9156082
9156126
9156264
9156485
9156500
9156588
9156628
9156881
9156973
9156979
9157062
9157295
9157485
9157519
9157643
9157887
9158035
9158150
9158234
9158337
9158392
9158427
9158703
9158709
9158762
9158934
9158965
9158999
9159078
9159211
9159214
9159380
9159534
9159572
9160057
9160185
9160349
9160505
9160590
9160709
9160719
9160762
9160797
9160885
9160921
9160927
9160967
9161007
9161282
9161288
9161444
9161485
9161507
9161579
9161671
9161806
9161938
9162007
9162110
9162252
9162458
9162567
9162579
9162680
9162761
9162802
9162857
9162954
9162966
9163090
9163094
9163119
9163149
9163281
9163386
9163414
9163461
9163495
9163529
9163631
9163681
9163834
9164674
9164710
9164715
9164800
9164881
9164943
9165075
9165145
9165147
9165367
9165385
9165409
9165432
9165445
9165449
9165620
9165655
9165756
9165911
9165913
9165922
9165925
9166008
9166095
9166274
9166286
9166336
9166489
9166499
9166520
9166660
9166718
9166754
9166769
9166810
9166952
9166963
9167181
9167190
9167279
9167448
9167477
9167847
9168083
9168153
9168239
9168459
9168518
9168538
9168741
9168849
9169057
9169129
9169236
9169352
9169519
9169525
9169594
9169658
9169708
9169742
9169861
9169954
9170074
9170104
9170114
9170121
9170177
9170351
9170395
9170680
9170730
9170762
9170763
9170781
9170988
9171053
9171197
9171247
9171296
9171333
9171358
9171492
9171707
9171785
9172034
9172137
9172177
9172303
9172409
9172426
9172542
9172544
9172690
9172696
9173111
9173278
9173414
9173482
9173519
9173524
9173608
9173706
9173755
9173963
9174077
9174164
9174263
9174296
9174302
9174352
9174357
9174422
9174432
9174558
9174837
9174867
9175111
9175259
9175354
9175541
9175780
9175882
9176096
9176107
9176117
9176217
9176304
9176772
9176840
9177082
9177199
9177269
9177357
9177638
9177684
9177913
9177944
9177973
9178014
9178076
9178165
9178434
9178474
9178564
9178602
9178722
9179080
9179089
9179179
9179203
9179206
9179261
9179419
9179513
9179544
9179609
9179682
9179758
9179782
9179842
9179862
9179896
9179957
9180094
9180138
9180175
9180191
9180220
9180295
9180321
9180389
9180760
9180909
9180936
9181113
9181171
9181338
9181339
9181796
9181874
9181880
9181895
9182135
9182252
9182332
9182347
9182676
9182868
9183036
9183095
9183170
9183809
9183850
9184079
9184169
9184270
9184449
9184462
9184487
9184518
9184770
9185151
9185290
9185339
9185492
9185560
9185625
9185659
9185683
9185769
9185791
9185923
9185952
9186151
9186226
9186251
9186268
9186319
9186381
9186429
9186487
9186533
9186574
9186577
9186595
9186622
9186666
9186749
9186752
9186884
9186986
9187186
9187226
9187262
9187414
9187424
9187464
9187515
9187800
9187854
9187930
9188029
9188081
9188086
9188297
9188534
9188608
9188723
9188959
9189087
9189105
9189199
9189314
9189346
9189412
9189556
9189569
9189695
9189854
9190322
9190628
9190659
9190830
9191076
9191118
9191262
9191425
9191495
9191588
9191691
9191766
9191917
9192467
9192503
9192662
9192723
9192831
9192860
9192883
9192956
9192962
9193059
9193137
9193365
9193441
9193527
9193570
9193586
9193602
9193665
9193699
9193742
9193807
9193841
9193846
9194007
9194082
9194174
9194250
9194317
9194641
9194797
9194803
9194808
9194858
9194904
9194908
9194935
9194991
9195089
9195326
9195475
9195550
9195834
9195970
9196023
9196242
9196471
9196483
9196487
9196577
9196625
9196687
9196904
9197024
9197159
9197174
9197206
9197217
9197362
9197397
9197473
9197474
9197823
9197853
9198077
9198141
9198405
9198568
9198622
9198689
9198737
9199038
9199054
9199086
9199126
9199367
9199409
9199762
9199824
9199894
9200101
9200234
9200286
9200365
9200484
9200604
9200629
9200658
9201089
9201104
9201126
9201156
9201191
9201232
9201475
9201709
9201778
9201920
9201967
9201969
9202129
9202132
9202146
9202267
9202285
9202348
9202359
9202417
9202785
9203036
9203062
9203217
9203355
9203366
9203444
9203510
9203838
9203952
9204113
9204215
9204256
9204329
9204395
9204529
9204587
9204642
9204815
9204908
9204956
9205084
9205105
9205334
9205500
9205552
9205738
9205918
9205943
9206105
9206213
9206441
9206654
9206685
9206789
9206882
9207004
9207212
9207228
9207310
9207337
9207407
9207567
9207604
9207609
9207652
9208126
9208193
9208332
9208352
9208488
9208512
9208581
9208764
9208819
9208971
9208983
9209027
9209077
9209138
9209263
9209361
9209399
9209470
9209547
9209626
9209645
9209648
9209650
9209887
9210218
9210239
9210402
9210487
9210777
9211007
9211069
9211087
9211187
9211379
9211439
9211440
9211488
9211645
9212011
9212251
9212346
9212349
9212408
9212495
9212536
9212620
9212707
9212915
9213090
9213116
9213183
9213375
9213449
9213684
9213804
9214327
9214376
9214625
9214662
9214709
9214922
9214986
9215123
9215246
9215293
9215306
9215400
9215536
9215956
9215986
9216013
9216169
9216205
9216317
9216383
9216419
9216465
9216691
9216751
9216811
9216826
9216854
9216967
9217214
9217223
9217253
9217391
9217657
9217673
9217859
9217945
9217977
9218206
9218249
9218384
9218418
9218419
9218454
9218950
9219150
9219294
9219346
9219833
9219838
9219954
9219965
9220090
9220331
9220418
9220421
9220514
9220634
9220641
9220722
9220734
9220879
9220932
9220943
9221069
9221073
9221165
9221332
9221445
9221808
9221841
9221867
9222053
9222201
9222205
9222351
9222530
9222581
9222587
9222636
9222735
9222834
9222857
9222874
9223015
9223114
9223297
9223436
9223494
9223743
9223795
9223826
9224021
9224055
9224173
9224333
9224601
9224672
9224740
9224782
9224880
9224928
9225049
9225071
9225105
9225126
9225188
9225299
9225500
9225672
9225800
9226179
9226262
9226544
9226550
9226554
9226601
9226632
9226640
9226832
9226889
9227059
9227304
9227361
9227372
9227420
9227438
9227680
9227990
9228168
9228299
9228453
9228577
9228649
9228699
9228833
9228901
9229028
9229089
9229093
9229105
9229132
9229211
9229239
9229352
9229369
9229497
9229543
9229557
9229601
9229621
9229644
9229756
9229769
9229775
9229828
9229926
9229956
9229980
9230032
9230156
9230192
9230375
9230855
9230964
9231236
9231463
9231473
9231593
9231821
9231869
9231961
9232104
9232304
9232357
9232418
9232450
9232451
9232516
9232533
9232573
9232749
9232766
9232776
9232859
9232926
9233029
9233157
9233184
9233271
9233383
9233478
9233799
9233957
9233986
9234164
9234229
9234241
9234314
9234341
9234396
9234400
9234438
9234559
9234616
9234703
9234994
9235000
9235266
9235372
9235501
9235505
9235628
9235757
9235783
9235784
9236038
9236209
9236263
9236346
9236440
9236468
9236729
9236888
9237004
9237117
9237136
9237152
9237209
9237391
9237553
9237558
9237580
9237724
9237769
9237876
9237882
9238005
9238093
9238100
9238248
9238258
9238276
9238349
9238401
9238450
9238523
9238588
9238667
9238729
9238934
9239022
9239028
9239099
9239278
9239305
9239315
9239507
9239634
9239717
9239729
9239757
9239817
9239960
9240066
9240163
9240199
9240350
9240507
9240739
9240862
9240937
9241047
9241069
9241324
9241402
9241481
9241533
9241545
9241567
9241585
9241780
9242195
9242516
9242642
9242701
9242796
9242801
9242806
9242964
9243095
9243404
9243518
9243574
9243699
9243832
9243870
9243916
9243917
9243952
9244087
9244090
9244150
9244191
9244210
9244452
9244649
9244822
9244970
9245077
9245188
9245263
9245309
9245340
9245874
9246138
9246160
9246342
9246350
9246383
9246516
9246550
9246688
9246812
9247451
9247598
9247619
9247710
9247782
9247876
9247884
9248018
9248040
9248055
9248123
9248155
9248425
9248579
9248597
9248618
9248693
9248745
9248844
9248851
9249170
9249191
9249336
9249350
9249558
9249593
9249609
9249662
9249815
9249844
9249870
9250281
9250296
9250343
9250416
9250960
9251054
9251064
9251074
9251140
9251179
9251337
9251366
9251380
9251390
9251418
9251561
9251616
9251699
9251760
9251763
9252094
9252174
9252257
9252400
9252586
9252641
9252847
9253105
9253118
9253283
9253311
9253343
9253447
9253470
9253579
9253715
9253749
9253910
9253953
9254109
9254163
9254171
9254211
9254256
9254372
9254389
9254425
9254500
9254523
9254633
9254682
9254819
9254851
9254862
9255036
9255043
9255055
9255099
9255240
9255256
9255299
9255326
9255387
9255481
9255515
9255517
9255604
9255609
9255661
9255826
9255845
9255857
9255873
9255993
9256041
9256121
9256178
9256464
9256526
9256680
9256771
9257051
9257083
9257134
9257159
9257288
9257381
9257419
9257430
9257602
9257656
9257827
9257830
9257849
9257859
9258053
9258081
9258115
9258122
9258139
9258289
9258473
9258578
9258652
9258807
9258910
9258955
9258965
9259132
9259162
9259279
9259473
9259518
9259637
9259736
9259769
9259841
9260214
9260250
9260335
9260541
9260614
9260714
9260893
9260954
9261042
9261053
9261535
9261604
9261704
9261805
9261821
9261862
9261932
9261943
9261985
9262020
9262208
9262323
9262353
9262355
9262380
9262783
9262801
9262957
9263040
9263113
9263290
9263520
9263539
9263555
9263697
9263762
9263765
9263774
9263817
9263851
9263857
9263935
9264064
9264123
9264197
9264290
9264390
9264403
9264457
9264572
9264616
9264637
9264776
9264929
9265241
9265487
9265523
9265529
9265588
9265599
9265675
9265686
9266132
9266247
9266375
9266412
9266537
9266662
9266809
9267050
9267136
9267176
9267209
9267255
9267336
9267343
9267443
9267788
9267831
9267898
9268037
9268261
9268488
9268565
9268610
9268742
9268784
9268790
9268903
9268919
9268926
9269157
9269196
9269245
9269334
9269344
9269347
9269828
9269832
9270076
9270092
9270138
9270243
9270247
9270258
9270275
9270368
9270529
9270672
9270820
9271060
9271345
9271354
9271372
9271435
9271521
9271544
9271609
9271622
9271864
9271975
9272073
9272293
9272307
9272339
9272430
9272560
9272711
9272743
9272791
9273235
9273276
9273438
9273538
9273554
9273666
9273700
9273710
9274049
9274111
9274288
9274365
9274374
9274426
9274597
9274725
9274738
9274812
9274845
9274848
9274928
9275217
9275246
9275319
9275391
9275401
9275413
9275516
9275531
9275555
9275735
9275987
9276025
9276088
9276164
9276176
9276215
9276236
9276257
9276444
9276450
9276740
9276962
9276981
9277051
9277127
9277209
9277224
9277415
9277485
9277733
9277888
9278126
9278251
9278346
9278396
9278423
9278433
9278544
9278647
9278690
9278748
9278938
9279036
9279333
9279639
9279831
9279911
9279945
9280011
9280088
9280329
9280633
9280657
9280661
9281065
9281291
9281320
9281346
9281423
9281540
9281552
9281590
9281597
9281610
9281721
9281738
9281880
9281924
9282090
9282485
9282573
9282577
9282613
9282735
9282766
9282786
9282798
9282809
9282840
9283023
9283027
9283054
9283115
9283255
9283257
9283374
9283396
9283471
9283498
9283822
9284073
9284339
9284454
9284616
9284640
9284641
9284647
9284917
9285159
9285222
9285283
9285335
9285374
9285395
9285500
9285735
9285778
9285943
9286029
9286068
9286478
9286558
9286586
9286594
9286638
9286804
9286836
9286874
9286941
9286943
9286947
9287007
9287063
9287067
9287307
9287430
9287557
9287616
9287816
9287898
9287990
9287991
9288016
9288041
9288131
9288236
9288300
9288421
9288597
9288914
9288926
9289083
9289118
9289232
9289292
9289306
9289343
9289345
9289484
9289576
9289589
9289665
9289704
9289716
9289814
9289978
9289993
9290030
9290061
9290168
9290286
9290321
9290764
9290791
9290871
9290952
9291188
9291218
9291277
9291430
9291579
9291861
9291949
9291995
9292345
9292436
9292501
9292739
9292750
9292753
9292784
9292877
9292887
9292950
9293162
9293166
9293261
9293516
9293800
9293827
9293924
9294001
9294170
9294587
9294698
9294754
9294895
9294922
9294937
9294944
9295009
9295038
9295060
9295294
9295643
9295772
9295799
9295840
9295913
9295937
9296073
9296169
9296315
9296383
9296385
9296409
9296463
9296629
9296725
9296726
9296742
9296991
9297007
9297109
9297113
9297127
9297193
9297258
9297450
9297667
9298063
9298092
9298101
9298160
9298198
9298242
9298247
9298265
9298296
9298337
9298359
9298527
9298684
9299073
9299338
9299686
9299838
9299873
9299885
9300040
9300050
9300269
9300399
9300515
9300539
9300740
9300805
9300834
9300975
9301020
9301026
9301397
9301456
9301497
9301643
9301681
9301684
9301954
9302037
9302139
9302326
9302420
9302500
9302554
9302602
9302715
9302942
9303049
9303307
9303481
9303533
9303649
9303751
9303812
9303830
9303986
9304001
9304272
9304277
9304287
9304407
9304682
9304718
9304833
9305231
9305305
9305340
9305895
9305932
9306035
9306180
9306446
9306677
9306686
9306970
9306992
9307006
9307024
9307160
9307172
9307180
9307217
9307358
9307471
9307507
9307547
9307594
9307727
9307818
9307916
9307945
9308087
9308120
9308157
9308246
9308316
9308414
9308619
9308691
9308870
9308984
9309049
9309112
9309132
9309333
9309393
9309396
9309867
9309888
9310022
9310133
9310184
9310337
9310371
9310542
9310568
9310593
9310823
9310876
9311071
9311101
9311171
9311283
9311310
9311363
9311417
9311490
9311591
9312525
9312707
9312826
9312845
9312988
9313201
9313251
9313348
9313700
9313909
9314015
9314047
9314311
9314327
9314499
9314828
9314969
9315219
9315227
9315320
9315359
9315371
9315449
9315627
9315640
9315761
9315790
9315820
9315840
9315953
9315964
9316062
9316320
9316397
9316441
9316628
9316747
9316766
9316790
9316940
9317059
9317197
9317612
9317654
9317683
9317712
9317910
9317919
9318029
9318055
9318167
9318414
9318427
9318655
9318797
9318825
9318826
9318886
9318890
9318983
9319147
9319165
9319524
9319532
9319539
9319687
9319753
9320067
9320088
9320146
9320293
9320439
9320490
9320516
9320545
9320600
9320690
9320739
9320915
9321011
9321025
9321308
9321318
9321370
9321564
9321605
9321668
9321721
9321904
9321953
9322111
9322182
9322598
9322617
9322674
9322685
9322777
9322784
9322836
9322848
9322872
9322923
9322988
9323262
9323437
9323454
9323762
9323880
9323890
9323962
9324000
9324060
9324061
9324069
9324095
9324245
9324464
9324479
9324539
9324619
9324626
9324666
9324837
9324944
9324956
9324963
9325008
9325342
9325589
9325597
9325626
9325661
9326015
9326248
9326263
9326277
9326324
9326336
9326668
9326986
9326990
9327121
9327194
9327306
9327356
9327431
9327495
9327645
9327700
9327761
9327930
9327932
9328041
9328111
9328175
9328340
9328343
9328349
9328377
9328822
9329028
9329105
9329118
9329141
9329246
9329326
9329647
9329686
9329737
9329849
9329883
9330041
9330232
9330248
9330259
9330289
9330305
9330470
9330602
9330646
9330659
9330670
9330720
9330774
9330799
9330801
9330891
9330899
9331247
9331419
9331709
9331733
9331813
9332526
9332539
9332586
9332661
9332695
9332758
9332862
9332912
9332944
9332974
9333060
9333259
9333333
9333359
9333436
9333540
9333552
9333572
9333692
9333723
9333781
9333812
9334148
9334242
9334263
9334287
9334352
9334374
9334437
9334929
9335000
9335123
9335334
9335342
9335505
9335685
9335748
9335819
9335987
9336008
9336059
9336169
9336191
9336218
9336244
9336318
9336460
9336491
9336539
9336675
9336876
9336932
9337185
9337225
9337242
9337258
9337433
9337465
9337513
9337556
9337612
9338004
9338049
9338084
9338104
9338175
9338249
9338278
9338333
9338339
9338420
9338506
9338619
9338943
9338964
9339035
9339141
9339168
9339247
9339314
9339406
9339431
9339447
9339448
9339559
9339585
9339964
9340008
9340180
9340372
9340543
9340647
9340665
9340678
9340754
9340755
9340886
9341102
9341166
9341174
9341212
9341375
9341418
9341511
9341626
9341734
9341744
9341828
9341852
9342065
9342172
9342185
9342445
9342566
9342775
9342792
9343000
9343058
9343309
9343435
9343466
9343498
9343633
9343915
9344066
9344070
9344111
9344597
9344622
9344650
9344658
9344684
9344773
9344805
9344908
9344999
9345057
9345168
9345266
9345284
9345329
9345575
9345642
9345678
9345681
9345988
9346124
9346298
9346306
9346414
9346482
9346558
9346565
9346737
9346797
9346921
9347000
9347063
9347071
9347104
9347107
9347125
9347477
9347675
9347929
9347971
9347998
9348119
9348374
9348424
9348678
9348774
9348881
9349308
9349407
9349469
9349473
9349633
9349720
9349736
9349812
9349903
9350113
9350154
9350366
9350450
9350475
9350608
9350618
9350823
9350952
9351001
9351091
9351143
9351717
9351730
9351828
9351883
9351893
9352092
9352161
9352211
9352256
9352372
9352418
9352438
9352442
9352580
9352589
9352783
9353134
9353155
9353165
9353210
9353329
9353363
9353369
9353586
9353699
9353741
9353774
9353819
9353850
9353873
9353965
9354114
9354191
9354242
9354298
9354349
9354391
9354516
9354804
9354966
9354986
9355044
9355136
9355319
9355385
9355656
9355700
9355749
9355839
9355867
9355934
9355999
9356394
9356438
9356645
9356669
9356735
9356739
9356827
9356918
9356920
9356948
9356974
9356999
9357069
9357276
9357381
9357537
9357657
9357805
9357914
9358080
9358411
9358483
9358586
9358609
9358701
9358773
9358838
9358865
9359020
9359101
9359712
9359806
9359981
9360094
9360152
9360303
9360375
9360378
9360380
9360381
9360440
9360611
9360849
9360984
9361069
9361176
9361267
9361350
9361483
9361511
9361576
9361591
9361638
9361675
9361715
9361780
9361962
9362020
9362037
9362083
9362094
9362190
9362271
9362407
9362436
9362500
9362529
9362601
9362703
9362788
9362821
9362830
9362911
9362946
9363099
9363140
9363177
9363338
9363412
9363452
9363505
9363560
9363895
9364049
9364062
9364233
9364543
9364834
9364874
9364983
9365037
9365404
9365773
9365798
9365801
9365848
9366059
9366088
9366145
9366314
9366550
9366562
9366714
9366722
9366906
9366915
9366925
9367022
9367204
9367294
9367356
9367407
9367461
9367464
9367565
9367574
9367576
9367617
9367646
9367657
9367755
9367894
9367935
9367969
9368162
9368172
9368215
9368335
9368344
9368405
9368639
9368663
9368791
9368794
9368836
9368930
9369182
9369223
9369333
9369350
9369372
9369610
9369615
9369702
9369856
9369965
9370068
9370102
9370188
9370269
9370271
9370330
9370394
9370578
9370587
9370717
9370720
9370808
9370844
9370909
9371139
9371180
9371225
9371294
9371410
9371522
9371581
9371832
9371855
9371894
9372014
9372034
9372079
9372190
9372268
9372452
9372470
9372646
9372679
9372827
9373135
9373141
9373146
9373177
9373296
9373306
9373385
9373387
9373409
9373419
9373825
9373978
9374106
9374345
9374515
9374948
9375039
9375061
9375196
9375294
9375601
9375604
9375875
9375955
9375967
9376014
9376060
9376182
9376443
9376459
9376625
9376626
9376876
9376938
9377114
9377156
9377210
9377399
9377483
9377530
9377588
9377738
9377934
9378397
9378453
9378478
9378622
9378797
9378879
9378880
9378911
9378926
9378932
9378965
9378994
9378998
9379073
9379265
9379496
9379601
9379614
9379872
9379882
9380007
9380037
9380050
9380312
9380328
9380341
9380374
9380383
9380498
9380622
9380687
9380763
9380973
9380979
9380993
9380999
9381031
9381040
9381071
9381082
9381117
9381217
9381247
9381302
9381336
9381597
9381722
9381996
9382071
9382248
9382274
9382301
9382497
9382580
9382793
9382948
9383179
9383235
9383290
9383401
9383432
9383534
9383579
9383625
9383667
9384156
9384378
9384383
9384510
9384607
9384786
9384917
9384926
9385374
9385544
9385715
9385729
9385799
9385885
9385942
9386012
9386488
9386498
9386597
9386648
9386688
9386725
9386733
9386785
9386939
9387085
9387163
9387465
9387580
9387670
9387816
9387826
9387837
9387838
9387863
9387864
9387865
9387938
9387943
9387962
9387990
9388334
9388380
9388491
9388579
9388747
9388962
9388967
9389084
9389143
9389254
9389506
9389533
9389647
9389746
9389773
9389837
9390021
9390093
9390302
9390365
9390382
9390621
9390949
9390987
9391320
9391592
9391710
9391785
9391837
9391864
9391991
9392121
9392179
9392183
9392210
9392305
9392371
9392396
9392411
9392609
9392703
9392706
9393256
9393286
9393442
9393919
9394113
9394125
9394259
9394413
9394489
9394548
9394775
9395073
9395232
9395470
9395665
9395748
9395881
9396137
9396138
9396237
9396328
9396380
9396523
9396715
9396737
9396747
9396767
9396834
9396890
9397186
9397245
9397435
9397476
9397569
9397593
9397601
9397675
9397755
9397770
9397771
9397883
9397918
9398128
9398187
9398301
9398305
9398343
9398389
9398448
9398578
9398611
9398816
9398873
9398943
9399200
9399310
9399508
9399587
9399591
9399638
9399710
9399761
9399781
9399838
9399857
9400038
9400068
9400143
9400330
9400367
9400407
9400463
9400492
9400516
9400526
9400567
9401046
9401111
9401113
9401147
9401199
9401201
9401312
9401369
9401408
9401631
9401951
9401952
9401973
9402026
9402211
9402721
9402798
9402910
9402930
9402980
9403279
9403352
9403382
9403392
9403421
9403473
9403598
9403705
9403720
9403790
9403902
9404049
9404203
9404269
9404304
9404309
9404347
9404402
9404403
9404437
9404530
9404541
9404625
9405171
9405282
9405315
9405348
9405589
9405787
9405924
9405951
9405956
9406174
9406320
9406471
9406494
9406498
9406538
9406571
9406687
9406695
9406775
9407148
9407170
9407208
9407317
9407324
9407371
9407388
9407432
9407529
9407598
9407809
9407853
9407902
9407961
9408244
9408553
9408557
9408566
9408654
9408669
9408697
9408780
9408890
9408936
9409023
9409109
9409163
9409218
9409240
9409275
9409546
9409577
9409747
9409911
9409928
9409944
9409958
9410095
9410118
9410277
9410295
9410455
9410482
9410578
9410596
9410665
9410983
9411010
9411053
9411131
9411147
9411188
9411325
9411352
9411403
9411423
9411442
9411450
9411689
9411790
9411844
9411851
9411876
9411883
9411955
9412088
9412111
9412217
9412286
9412415
9412419
9412572
9412595
9412657
9412689
9412749
9412762
9412793
9412987
9413021
9413319
9413402
9413902
9413914
9414178
9414492
9414589
9414598
9414734
9414830
9414998
9415006
9415015
9415101
9415151
9415213
9415256
9415629
9415786
9415967
9416101
9416129
9416262
9416344
9416420
9416452
9416557
9416856
9416974
9417071
9417159
9417171
9417326
9417462
9417483
9417633
9417754
9418011
9418024
9418053
9418087
9418090
9418194
9418240
9418458
9418608
9418638
9418852
9418916
9418935
9418991
9419103
9419164
9419243
9419256
9419267
9419500
9419504
9419584
9419629
9419643
9419687
9419719
9419779
9419992
9420010
9420076
9420130
9420165
9420312
9420642
9420801
9421040
9421139
9421219
9421297
9421373
9421414
9421448
9421480
9421486
9421698
9421783
9421856
9421881
9421918
9421967
9422255
9422262
9422461
9422509
9422660
9422706
9422742
9422765
9422837
9422943
9423044
9423085
9423159
9423179
9423304
9423483
9423504
9423538
9423725
9423909
9424051
9424121
9424541
9424691
9424717
9425010
9425143
9425340
9425389
9425634
9425710
9425722
9425796
9426048
9426050
9426115
9426131
9426247
9426317
9426340
9426395
9426746
9426865
9426908
9426941
9427071
9427099
9427116
9427160
9427219
9427465
9427569
9427583
9427597
9427646
9428117
9428126
9428262
9428280
9428304
9428341
9428414
9428441
9428484
9428933
9428987
9428996
9429003
9429097
9429130
9429366
9429430
9429488
9429498
9429534
9429621
9429703
9429829
9429889
9430185
9430294
9430408
9430463
9430908
9430926
9430962
9431118
9431123
9431179
9431182
9431381
9431506
9431768
9431800
9431835
9431848
9432067
9432358
9432428
9432622
9433036
9433080
9433112
9433155
9433271
9433341
9433496
9433681
9433700
9434281
9434375
9434433
9434666
9434685
9434865
9434884
9435082
9435120
9435252
9435270
9435328
9435409
9435556
9435562
9435654
9435665
9435869
9435884
9435914
9436057
9436098
9436108
9436390
9436419
9436422
9436483
9436666
9436714
9436728
9436967
9436969
9437120
9437160
9437221
9437298
9437395
9437598
9437806
9437814
9437920
9437928
9437986
9438126
9438230
9438302
9438405
9438468
9438732
9438838
9438898
9438993
9439185
9439230
9439239
9439369
9439437
9439660
9439778
9439816
9440266
9440281
9440321
9440418
9440567
9440658
9440735
9440744
9440775
9440884
9440928
9440955
9441130
9441673
9441726
9441868
9441972
9441975
9442002
9442052
9442185
9442188
9442291
9442315
9442458
9442580
9442881
9442915
9442947
9443076
9443086
9443198
9443273
9443345
9443596
9443600
9443609
9443942
9444008
9444237
9444243
9444301
9444331
9444353
9444402
9444410
9444417
9444490
9444501
9444749
9444910
9445155
9445337
9445465
9445507
9445513
9445517
9445597
9445611
9445652
9445714
9446058
9446087
9446094
9446204
9446249
9446430
9446530
9446941
9447012
9447040
9447243
9447399
9447442
9447472
9447693
9447996
9448000
9448005
9448020
9448051
9448144
9448239
9448352
9448393
9448401
9448598
9448655
9448673
9448680
9448708
9448863
9448927
9448951
9449019
9449128
9449133
9449268
9449409
9449442
9449723
9449809
9449923
9449949
9450377
9450458
9450560
9450572
9450758
9450774
9450865
9450990
9451172
9451474
9451508
9451518
9451575
9451591
9451635
9451667
9451675
9451679
9451691
9451743
9451788
9451921
9451942
9452185
9452263
9452428
9452504
9452617
9452736
9452738
9452771
9452826
9452922
9452952
9453012
9453069
9453234
9453373
9453627
9453819
9454081
9454111
9454113
9454126
9454319
9454413
9454479
9454570
9454615
9454622
9454645
9454717
9454810
9454858
9455056
9455252
9455329
9455391
9455464
9455613
9455652
9455658
9455717
9455747
9455885
9455926
9455941
9456109
9456289
9456307
9456346
9456428
9456510
9456545
9456641
9456678
9456750
9456785
9456834
9456856
9456906
9456935
9457138
9457152
9457162
9457174
9457200
9457383
9457421
9457576
9457626
9457644
9457696
9457911
9457925
9457976
9457980
9458145
9458217
9458253
9458330
9458481
9458590
9458604
9458659
9459029
9459107
9459168
9459494
9459634
9459685
9459799
9459841
9459918
9459937
9459949
9460034
9460397
9460403
9460438
9460638
9460749
9460796
9460799
9460859
9460926
9460946
9461031
9461033
9461057
9461098
9461109
9461466
9461572
9461648
9461751
9461839
9461920
9461956
9462056
9462089
9462341
9462434
9462497
9462567
9462719
9462735
9462774
9462826
9462827
9462935
9463506
9463624
9463696
9463702
9463958
9463989
9464152
9464393
9464483
9464553
9465180
9465286
9465352
9465456
9465521
9465588
9465857
9466121
9466240
9466271
9466300
9466380
9466486
9466565
9466652
9466672
9467051
9467305
9467360
9467431
9467679
9467732
9467752
9467802
9467897
9467906
9468163
9468404
9468587
9468588
9468810
9468882
9468926
9469051
9469272
9469381
9469535
9469601
9469918
9470064
9470074
9470081
9470097
9470180
9470233
9470484
9470492
9470520
9470551
9470569
9470600
9470643
9471158
9471259
9471313
9471361
9471362
9471477
9471527
9471630
9471663
9471665
9471668
9471732
9471740
9471803
9471930
9472046
9472068
9472238
9472390
9472404
9472444
9472570
9472901
9472951
9472974
9473164
9473267
9473412
9473536
9473594
9474092
9474225
9474379
9474713
9474911
9474913
9475457
9475526
9475572
9475718
9476514
9476528
9477035
9477114
9477322
9477383
9477489
9477656
9477665
9477789
9477971
9478034
9478077
9478164
9478236
9478483
9478541
9478652
9478654
9479064
9479135
9479140
9479163
9479221
9479332
9479565
9479797
9479833
9479877
9479883
9479903
9479965
9480060
9480173
9480259
9480374
9480383
9480690
9480711
9480765
9480813
9480832
9480839
9480877
9480915
9481287
9481328
9481479
9481670
9481718
9481722
9481793
9481984
9482286
9482404
9482428
9482492
9482674
9482745
9482893
9482934
9482945
9483011
9483023
9483026
9483062
9483119
9483492
9483651
9483730
9483791
9483813
9484037
9484274
9484367
9484391
9484624
9484718
9484759
9484829
9484836
9484890
9484932
9484936
9485012
9485096
9485244
9485285
9485392
9485445
9485636
9485653
9485796
9485801
9485877
9485925
9486133
9486196
9486223
9486385
9486459
9486566
9486925
9487083
9487091
9487126
9487271
9487374
9487394
9487410
9487453
9487589
9487629
9487754
9487891
9487956
9488243
9488251
9488358
9488388
9488592
9488608
9488613
9488706
9488767
9488871
9489086
9489146
9489203
9489337
9489351
9489356
9489476
9489530
9489556
9489617
9489786
9489811
9490039
9490050
9490056
9490249
9490420
9490436
9490525
9490530
9490547
9490622
9490989
9491041
9491053
9491078
9491099
9491115
9491282
9491388
9491645
9491706
9491755
9491792
9491944
9492168
9492237
9492379
9492420
9492759
9492878
9493125
9493379
9493498
9493555
9493560
9493653
9493738
9493878
9493915
9494063
9494071
9494294
9494436
9494697
9494713
9494763
9494772
9495005
9495289
9495382
9495443
9495489
9495560
9495602
9495883
9495948
9496154
9496259
9496348
9496508
9496560
9496574
9496997
9497058
9497137
9497167
9497364
9497464
9497469
9497530
9497830
9497857
9498288
9498322
9498350
9498466
9498545
9498836
9498840
9499079
9499117
9499263
9499276
9499290
9499390
9499433
9499590
9499703
9500199
9500259
9500289
9500373
9500397
9500520
9500577
9500635
9500806
9500848
9500969
9501074
9501091
9501260
9501269
9501291
9501349
9501648
9501785
9501820
9501862
9501897
9501919
9502139
9502361
9502363
9502444
9502497
9502506
9502526
9502558
9502803
9502896
9503089
9503093
9503264
9503929
9504509
9504599
9504630
9504651
9504705
9504721
9504777
9504787
9505102
9505117
9505214
9505362
9505408
9505422
9505446
9505486
9505488
9505515
9505526
9505551
9505577
9505655
9505731
9505868
9506012
9506229
9506452
9506628
9506640
9506815
9506946
9507017
9507062
9507154
9507186
9507190
9507214
9507396
9507421
9507579
9507618
9507677
9507684
9507747
9507934
9507943
9507971
9508166
9508317
9508324
9508568
9508704
9508742
9508970
9509040
9509060
9509083
9509129
9509426
9509434
9509455
9509639
9509668
9509690
9509874
9510107
9510286
9510364
9510367
9510514
9510525
9510577
9510707
9510771
9511018
9511507
9511802
9511809
9511851
9511922
9511998
9512065
9512153
9512241
9512245
9512423
9512454
9512694
9512841
9513045
9513404
9513468
9513591
9513741
9513896
9513902
9513993
9514060
9514113
9514168
9514227
9514456
9514483
9514508
9514700
9514714
9514845
9515064
9515106
9515199
9515296
9515314
9515493
9515608
9515702
9515885
9516038
9516224
9516361
9516395
9516494
9516578
9516669
9516686
9516715
9516756
9516773
9516785
9516832
9516903
9516939
9516997
9517156
9517296
9517457
9517522
9517588
9517591
9517607
9517611
9517674
9517709
9518126
9518306
9518571
9518619
9518669
9518709
9518739
9518872
9518920
9519123
9519157
9519219
9519273
9519321
9519327
9519625
9519724
9519834
9519845
9519874
9519921
9520106
9520141
9520156
9520261
9520292
9520534
9520554
9520778
9520780
9520851
9520887
9520926
9520939
9521016
9521209
9521317
9521444
9521857
9521957
9522089
9522265
9522280
9522350
9522369
9522639
9522713
9522721
9522894
9522908
9522932
9522943
9522979
9523153
9523235
9523389
9523417
9523609
9523619
9523710
9523721
9523731
9523930
9524192
9524198
9524287
9524341
9524342
9524368
9524669
9524717
9524744
9524855
9524900
9525160
9525529
9525665
9525704
9525724
9525788
9525923
9525928
9526007
9526015
9526068
9526073
9526074
9526076
9526438
9526449
9526451
9526682
9526732
9526770
9526941
9527008
9527125
9527227
9527247
9527265
9527311
9527376
9527385
9527430
9527756
9527760
9527807
9528028
9528054
9528200
9528324
9528637
9528698
9528721
9528818
9528830
9529228
9529243
9529261
9529440
9529460
9529679
9529936
9530069
9530214
9530274
9530287
9530399
9530421
9530500
9530747
9530765
9530778
9530780
9530896
9531133
9531319
9531462
9531474
9531574
9531608
9531788
9531809
9531952
9531968
9532035
9532352
9532365
9532443
9532530
9532593
9532636
9532661
9532873
9532887
9532924
9533076
9533337
9533507
9533535
9533557
9533579
9533704
9533808
9533908
9534102
9534225
9534239
9534330
9534408
9534492
9534541
9534543
9534820
9534937
9535238
9535263
9535329
9535340
9535363
9535669
9535710
9535713
9535827
9535840
9535918
9535944
9536012
9536015
9536069
9536096
9536402
9536410
9536474
9536567
9536575
9536842
9536858
9536898
9537027
9537078
9537218
9537378
9537392
9537417
9537426
9537481
9537524
9537549
9537665
9537673
9537955
9538022
9538251
9538314
9538344
9538446
9538780
9538807
9538817
9539266
9539367
9539479
9539664
9539713
9539781
9540019
9540177
9540407
9540597
9540629
9540723
9540738
9540770
9540816
9540886
9540928
9540967
9541069
9541176
9541201
9541254
9541392
9541397
9541490
9541670
9541763
9541860
9541877
9541878
9542045
9542229
9542339
9542847
9542903
9542926
9542959
9542973
9543077
9543217
9543484
9543550
9543584
9543656
9543806
9544013
9544056
9544168
9544178
9544246
9544410
9544586
9544890
9544915
9544919
9545028
9545123
9545199
9545286
9545605
9545615
9545817
9545852
9545932
9545948
9545962
9546029
9546118
9546280
9546360
9546421
9546491
9546850
9547325
9547381
9547479
9547502
9547592
9547609
9547719
9547814
9547951
9548001
9548037
9548381
9548688
9548707
9548793
9548894
9548959
9549008
9549166
9549308
9549397
9549413
9549434
9549482
9549523
9549573
9549610
9549676
9549709
9549743
9549859
9549909
9550079
9550214
9550444
9550611
9550794
9550799
9550816
9550837
9551032
9551183
9551228
9551298
9551372
9551382
9551432
9551574
9551648
9551757
9551760
9551869
9551977
9552102
9552143
9552228
9552424
9552529
9552657
9552698
9552703
9552846
9552854
9552872
9552952
9552989
9553006
9553080
9553139
9553283
9553457
9553480
9553496
9554118
9554279
9554314
9554326
9554390
9554440
9554441
9554475
9554552
9554588
9554676
9554680
9554736
9554764
9554823
9554845
9554876
9554926
9554988
9555258
9555337
9555355
9555468
9555601
9555890
9555916
9556375
9556501
9556558
9556569
9556577
9556591
9557005
9557034
9557275
9557439
9557567
9557617
9557620
9557862
9558004
9558045
9558240
9558335
9558435
9558510
9558590
9558616
9558879
9559481
9559581
9559617
9559649
9559666
9559694
9559819
9560414
9560452
9560484
9560490
9560620
9560807
9560850
9560932
9560936
9561006
9561007
9561390
9561483
9561616
9561645
9561653
9561662
9561674
9561702
9562267
9562533
9562660
9562665
9562737
9562767
9562796
9562923
9562968
9563195
9563224
9563274
9563302
9563368
9563392
9563477
9563605
9563723
9563819
9563967
9564007
9564012
9564166
9564189
9564252
9564260
9564324
9564337
9564428
9564685
9564752
9564804
9564830
9564857
9565002
9565072
9565098
9565105
9565256
9565267
9565399
9565620
9565700
9565832
9565877
9565945
9566159
9566239
9566242
9566414
9566485
9566588
9566833
9566901
9566951
9566961
9567113
9567586
9567601
9567608
9567643
9567650
9567683
9567738
9567744
9568066
9568110
9568329
9568410
9568481
9568515
9568562
9568693
9568885
9568944
9569020
9569072
9569128
9569151
9569221
9569326
9569343
9569401
9569405
9569429
9569565
9569933
9570049
9570058
9570070
9570209
9570397
9570490
9570516
9570517
9570647
9570864
9571027
9571075
9571098
9571186
9571583
9571628
9571672
9571692
9571734
9571739
9572068
9572073
9572095
9572131
9572258
9572266
9572391
9572706
9572814
9572822
9572834
9573264
9573366
9573385
9573388
9573412
9573537
9573626
9573720
9573733
9573891
9573916
9574052
9574100
9574148
9574151
9574204
9574221
9574223
9574242
9574352
9574409
9574429
9574535
9574766
9574816
9574866
9575065
9575069
9575101
9575293
9575302
9575309
9575355
9575437
9575512
9575518
9575822
9576003
9576127
9576230
9576366
9576394
9576523
9577041
9577125
9577510
9577527
9577549
9577700
9577895
9578005
9578030
9578185
9578289
9578299
9578681
9578717
9578771
9578809
9578893
9578906
9579055
9579172
9579182
9579343
9579372
9579377
9579430
9579482
9579818
9579906
9579931
9579994
9580036
9580054
9580090
9580121
9580124
9580423
9580513
9580515
9580523
9580752
9580756
9580767
9580937
9580943
9581066
9581107
9581164
9581176
9581220
9581260
9581314
9581437
9581442
9581462
9581522
9581541
9581588
9581642
9581695
9581758
9581767
9581857
9582059
9582153
9582195
9582228
9582320
9582345
9582561
9582647
9583027
9583096
9583108
9583236
9583316
9583461
9583468
9583480
9583560
9583809
9583821
9583837
9583850
9583940
9583987
9584041
9584209
9584363
9584402
9584444
9584498
9584592
9584854
9585025
9585046
9585120
9585156
9585338
9585527
9585571
9585605
9585735
9585776
9585931
9585944
9585948
9586004
9586035
9586101
9586146
9586279
9586292
9586318
9586338
9586364
9586520
9586650
9586664
9586843
9586888
9586901
9586945
9587023
9587054
9587182
9587238
9587311
9587462
9587500
9587590
9587642
9587934
9587973
9588042
9588104
9588155
9588296
9588551
9588782
9588877
9588929
9589086
9589094
9589226
9589272
9589414
9589485
9589584
9589667
9589813
9589833
9590055
9590060
9590203
9590236
9590249
9590487
9590522
9590681
9590692
9590739
9590754
9590777
9590804
9590807
9590815
9590908
9590960
9591100
9591306
9591555
9591605
9591725
9591793
9592032
9592159
9592161
9592288
9592394
9592490
9592564
9592620
9592705
9592731
9592845
9592898
9592953
9593072
9593108
9593172
9593384
9593428
9593513
9593541
9593557
9593746
9593899
9594113
9594183
9594388
9594402
9594406
9594618
9594672
9594741
9594766
9594850
9594855
9594984
9594988
9595037
9595061
9595079
9595270
9595328
9595367
9595467
9595555
9595786
9595903
9596360
9596480
9596484
9596521
9596591
9596957
9597263
9597279
9597435
9597649
9597660
9597885
9597936
9597962
9598022
9598144
9598218
9598258
9598389
9598768
9598869
9598923
9599027
9599127
9599219
9599336
9599354
9599404
9599460
9599467
9599496
9599519
9599602
9599672
9599712
9599736
9599754
9599824
9600094
9600175
9600183
9600518
9600534
9600539
9600650
9600666
9600677
9600747
9600897
9601076
9601085
9601180
9601221
9601250
9601308
9601309
9601345
9601346
9601429
9601449
9601515
9601531
9601572
9601628
9601632
9601671
9601697
9601813
9601984
9601985
9602115
9602203
9602236
9602347
9602402
9602607
9602658
9602801
9602971
9603074
9603208
9603230
9603275
9603303
9603552
9603652
9603703
9603713
9603787
9603870
9603998
9604202
9604985
9605051
9605288
9605369
9605559
9605594
9605604
9605616
9605637
9605649
9605682
9605858
9606073
9606105
9606135
9606216
9606409
9606446
9606498
9606541
9606625
9606634
9606676
9606785
9606830
9607138
9607146
9607323
9607340
9607595
9607597
9607689
9607739
9607800
9607828
9607845
9607925
9608012
9608085
9608088
9608102
9608123
9608217
9608250
9608339
9608389
9608547
9608551
9608567
9608582
9608623
9608653
9608671
9608690
9608825
9608868
9608908
9609334
9609372
9609414
9609527
9609547
9609620
9609630
9609712
9609777
9610188
9610352
9610573
9610605
9610643
9610801
9610840
9610952
9610973
9610995
9611078
9611287
9611602
9611642
9611728
9611889
9611956
9612146
9612236
9612257
9612365
9612488
9612685
9612845
9612847
9612946
9612983
9613036
9613041
9613182
9613403
9613508
9613511
9613568
9613734
9613930
9613963
9613968
9614180
9614336
9614531
9614759
9614774
9614816
9615200
9615333
9615442
9615482
9615516
9615599
9615690
9615789
9616011
9616104
9616653
9616822
9616848
9616886
9616903
9617130
9617141
9617251
9617280
9617882
9617918
9618048
9618154
9618318
9618513
9618789
9618899
9618903
9618982
9619091
9619124
9619131
9619194
9619225
9619239
9619294
9619308
9619331
9619457
9619590
9619604
9619667
9619729
9619813
9619815
9620016
9620050
9620113
9620135
9620218
9620241
9620318
9620389
9620537
9620653
9620757
9620790
9620810
9621344
9621382
9621507
9621575
9621809
9621811
9621821
9621914
9621987
9622020
9622080
9622112
9622202
9622276
9622355
9622661
9623037
9623188
9623286
9623330
9623474
9623575
9623585
9623694
9623804
9624167
9624219
9624225
9624293
9624322
9624486
9624489
9624574
9624696
9624779
9624874
9624964
9625052
9625101
9625224
9625297
9625300
9625380
9625551
9625609
9625666
9625682
9625692
9625717
9625806
9625980
9626107
9626191
9626402
9626425
9626676
9626905
9627253
9627309
9627334
9627451
9627534
9627644
9627745
9627848
9627910
9627926
9627946
9627974
9627976
9628087
9628117
9628179
9628302
9628377
9628387
9628399
9628614
9628650
9628671
9628809
9628867
9628909
9628910
9628925
9628949
9629154
9629204
9629256
9629275
9629291
9629297
9629421
9629429
9629529
9629539
9629581
9629651
9629672
9629683
9629790
9629795
9629870
9629922
9629940
9630026
9630086
9630163
9630170
9630274
9630364
9630371
9630570
9630649
9630770
9631057
9631199
9631221
9631389
9631492
9631513
9631535
9631589
9631600
9631688
9631704
9631799
9631817
9631932
9632005
9632118
9632135
9632168
9632218
9632336
9632359
9632462
9632507
9632684
9632702
9632703
9632760
9632790
9632954
9632988
9633280
9633330
9633444
9633449
9633516
9633661
9633698
9633774
9633783
9633988
9634035
9634262
9634342
9634459
9634469
9634505
9634568
9634579
9634630
9635203
9635260
9635413
9635417
9635434
9635763
9635767
9635896
9635987
9636069
9636177
9636180
9636217
9636301
9636448
9636746
9637031
9637062
9637166
9637234
9637334
9637378
9637477
9637485
9637491
9637610
9637629
9637651
9637664
9637841
9637926
9638143
9638269
9638305
9638594
9638603
9638695
9638700
9638709
9638835
9638890
9638932
9639049
9639398
9639413
9639471
9639661
9639764
9639871
9640068
9640070
9640229
9640591
9640793
9640863
9640892
9641000
9641016
9641108
9641159
9641494
9641501
9641555
9641567
9641680
9641779
9641855
9641857
9641860
9641970
9642414
9642500
9642640
9642774
9642803
9642947
9643233
9643458
9643645
9643712
9643743
9643759
9643803
9644040
9644081
9644239
9644599
9644658
9644663
9644799
9644857
9645011
9645074
9645107
9645118
9645168
9645192
9645230
9645334
9645406
9645419
9645555
9645570
9645573
9645826
9645845
9646134
9646262
9646266
9646297
9646437
9646569
9646690
9646747
9646748
9646755
9646977
9647155
9647200
9647372
9647499
9647562
9647576
9647632
9647654
9647695
9647816
9648055
9648059
9648258
9648355
9648365
9648432
9648449
9648656
9648797
9648838
9648873
9649125
9649133
9649139
9649150
9649211
9649213
9649293
9649376
9649615
9649678
9649713
9649838
9649883
9650045
9650187
9650239
9650398
9650526
9650626
9650653
9650662
9650747
9650766
9650785
9650848
9650931
9650967
9650988
9651105
9651109
9651131
9651165
9651174
9651191
9651287
9651323
9651624
9651630
9651631
9651775
9651850
9651867
9652000
9652074
9652155
9652212
9652304
9652372
9652412
9652537
9652678
9652756
9652787
9652829
9652869
9653061
9653211
9653277
9653281
9653322
9653338
9654170
9654181
9654209
9654342
9654530
9654536
9654564
9654687
9654693
9654888
9655013
9655062
9655168
9655265
9655303
9655458
9655486
9655634
9655640
9655758
9655847
9655867
9656055
9656099
9656164
9656217
9656313
9656396
9656567
9656609
9656613
9656744
9656827
9656944
9657069
9657086
9657135
9657178
9657191
9657292
9657393
9657469
9657628
9657858
9657900
9658155
9658194
9658220
9658342
9658439
9658481
9658482
9658510
9658662
9658793
9658801
9658886
9658889
9658921
9658967
9659032
9659486
9659544
9659627
9659628
9659635
9659785
9660007
9660266
9660360
9660457
9660477
9660850
9661183
9661267
9661318
9661350
9661387
9661396
9661424
9661571
9661597
9661651
9661669
9661876
9661905
9661993
9662031
9662067
9662209
9662344
9662393
9662404
9662974
9663045
9663092
9663122
9663208
9663256
9663259
9663636
9663737
9663832
9663873
9663982
9664211
9664239
9664329
9664388
9664568
9664785
9664980
9665154
9665392
9665428
9665437
9665475
9665493
9665527
9665703
9665760
9665863
9665878
9665903
9666282
9666451
9666478
9666585
9666696
9666823
9666894
9667041
9667051
9667080
9667227
9667334
9667444
9667480
9667506
9667568
9667576
9667583
9667733
9667820
9667991
9667995
9668084
9668327
9668342
9668355
9668436
9668477
9668722
9668760
9668994
9668999
9669006
9669268
9669319
9669374
9669459
9669587
9669852
9670076
9670120
9670135
9670191
9670414
9670443
9670577
9670619
9670742
9670753
9670883
9671020
9671064
9671168
9671260
9671297
9671399
9671458
9671533
9671577
9671650
9671767
9671855
9672181
9672196
9672260
9672454
9672663
9672710
9672738
9672791
9672890
9672892
9672922
9672951
9673003
9673041
9673044
9673111
9673133
9673247
9673277
9673379
9673391
9673397
9673427
9673520
9673542
9673786
9673818
9673889
9673980
9673997
9674011
9674043
9674074
9674163
9674321
9674549
9674564
9674609
9674634
9674703
9674836
9675012
9675249
9675265
9675280
9675322
9675351
9675369
9675657
9675828
9675928
9676379
9676402
9676438
9676510
9676615
9676631
9676689
9676787
9677077
9677113
9677127
9677147
9677169
9677300
9677309
9677408
9677520
9677597
9677709
9677824
9677911
9677958
9678000
9678018
9678030
9678039
9678066
9678183
9678202
9678356
9678421
9678874
9679058
9679136
9679146
9679342
9679612
9679859
9680030
9680081
9680436
9680492
9680541
9680555
9680779
9680808
9680829
9681182
9681443
9681447
9681525
9681583
9681652
9681746
9682000
9682017
9682143
9682192
9682380
9682405
9682542
9682589
9682995
9683089
9683094
9683156
9683215
9683257
9683300
9683359
9683514
9683615
9683634
9683833
9683877
9684116
9684141
9684154
9684267
9684287
9684456
9684518
9684573
9684587
9684735
9685056
9685310
9685367
9685479
9685511
9685565
9685691
9685756
9686001
9686086
9686096
9686205
9686290
9686361
9686380
9686450
9686524
9686592
9686650
9687077
9687124
9687153
9687251
9687377
9687411
9687464
9687516
9687592
9687792
9687826
9687879
9688037
9688338
9688370
9688419
9688640
9688696
9688912
9688983
9689386
9689413
9689556
9689603
9689668
9689828
9689846
9690051
9690254
9690257
9690408
9690441
9690557
9690579
9690606
9690669
9690671
9690817
9691000
9691004
9691071
9691097
9691159
9691172
9691218
9691219
9691378
9691546
9691607
9691823
9691980
9692121
9692373
9693055
9693070
9693093
9693142
9693160
9693323
9693369
9693592
9694269
9694305
9694487
9694539
9694550
9694551
9694594
9694674
9694774
9694835
9695027
9695157
9695175
9695208
9695224
9695296
9695340
9695516
9695575
9695663
9695673
9695758
9695863
9695878
9695978
9695992
9696054
9696080
9696117
9696199
9696233
9696423
9696451
9696582
9696620
9696676
9696797
9696859
9697015
9697026
9697071
9697087
9697121
9697242
9697315
9697317
9697464
9697843
9697951
9698043
9698161
9698307
9698473
9698636
9698713
9698738
9698775
9698786
9698999
9699002
9699097
9699164
9699225
9699268
9699279
9699281
9699456
9699473
9699565
9699597
9699662
9699731
9699791
9699945
9700039
9700070
9700269
9700352
9700395
9700439
9700473
9700560
9700686
9700849
9700895
9700921
9701024
9701043
9701390
9701480
9701597
9701699
9701771
9701868
9701895
9702033
9702212
9702278
9702323
9702453
9702546
9702588
9702795
9702965
9702967
9703068
9703147
9703426
9703545
9703556
9703633
9703713
9703730
9703869
9703914
9704122
9704337
9704409
9704549
9704731
9704909
9705080
9705099
9705188
9705304
9705440
9705523
9705561
9705660
9705682
9705708
9705889
9706186
9706520
9706531
9706673
9706692
9706712
9706878
9707042
9707204
9707229
9707258
9707332
9707338
9707463
9707587
9707704
9707824
9707863
9707960
9708173
9708258
9708325
9708360
9708392
9708526
9708634
9708688
9708718
9708788
9708910
9708962
9708978
9709052
9709054
9709392
9709628
9710024
9710236
9710310
9710338
9710391
9710401
9710436
9710655
9710669
9710762
9710829
9710860
9710875
9710908
9711022
9711140
9711445
9711752
9711773
9711810
9711903
9712049
9712311
9712318
9712343
9712650
9712663
9712778
9712900
9712908
9712966
9713003
9713041
9713159
9713193
9713242
9713311
9713442
9713475
9713642
9713691
9713836
9713870
9713979
9714104
9714161
9714166
9714194
9714202
9714450
9714451
9714455
9714563
9714588
9714681
9714801
9714881
9715076
9715117
9715253
9715436
9715475
9715847
9715932
9715939
9716125
9716287
9716398
9716405
9716411
9716698
9716917
9717032
9717122
9717405
9717526
9717683
9717686
9717963
9718385
9718462
9718518
9718543
9718563
9718619
9718698
9718701
9718729
9718739
9718749
9718954
9719077
9719089
9719128
9719138
9719440
9719570
9719670
9719808
9719956
9720109
9720167
9720191
9720228
9720280
9720453
9720563
9720683
9720766
9721092
9721483
9721496
9721618
9721648
9721685
9721843
9721861
9722008
9722679
9722685
9722810
9723018
9723089
9723145
9723205
9723228
9723281
9723325
9723326
9723465
9723552
9723576
9723601
9723603
9723634
9723691
9723708
9723714
9723839
9723904
9724050
9724258
9724315
9724450
9724473
9724479
9724551
9724703
9724704
9724736
9724770
9724830
9725154
9725156
9725261
9725561
9725814
9725983
9726069
9726111
9726256
9726320
9726407
9726613
9726788
9726830
9726851
9726853
9727044
9727166
9727220
9727286
9727327
9727463
9727630
9727789
9727856
9727903
9728014
9728191
9728247
9728328
9728435
9728777
9728951
9729080
9729097
9729191
9729224
9729255
9729373
9729499
9729782
9729988
9730009
9730085
9730234
9730281
9730282
9730390
9730393
9730529
9730605
9730741
9730747
9730879
9730939
9730963
9730979
9731147
9731196
9731330
9731336
9731446
9731466
9731567
9731683
9731899
9732367
9732424
9732434
9732577
9732640
9732722
9732788
9732833
9732848
9733203
9733205
9733258
9733433
9733487
9733488
9733639
9733742
9733825
9733907
9734202
9734209
9734328
9734338
9734388
9734419
9734514
9735141
9735152
9735178
9735199
9735281
9735294
9735334
9735354
9735408
9735564
9735794
9735960
9736038
9736068
9736165
9736194
9736280
9736311
9736385
9736437
9736464
9736588
9736625
9736642
9736688
9736870
9736890
9737053
9737140
9737222
9737282
9737308
9737516
9737827
9738261
9738357
9738448
9738516
9738530
9738539
9738638
9738791
9738954
9738968
9738975
9739392
9739403
9739422
9739480
9739659
9739663
9739668
9739673
9739750
9739758
9739812
9740040
9740063
9740133
9740184
9740254
9740266
9740494
9740521
9740532
9740679
9740778
9740843
9740856
9741261
9741328
9741361
9741371
9741393
9741423
9741435
9741574
9741631
9741693
9741828
9741897
9742094
9742303
9742360
9742694
9742738
9742777
9742827
9742944
9743042
9743129
9743140
9743170
9743283
9743441
9743510
9743569
9743668
9743714
9743864
9743874
9743932
9744022
9744360
9744690
9744906
9744938
9745057
9745096
9745234
9745282
9745670
9745805
9745811
9745901
9745929
9746007
9746157
9746199
9746230
9746268
9746303
9746384
9746389
9746460
9746623
9746646
9746662
9746914
9746926
9746957
9747003
9747138
9747140
9747280
9747394
9747464
9747650
9747700
9747796
9748040
9748077
9748080
9748128
9748306
9748316
9748454
9748522
9748595
9748665
9748714
9748740
9748854
9748919
9749011
9749206
9749567
9749729
9749844
9749982
9750091
9750201
9750220
9750622
9750694
9750843
9750857
9751144
9751223
9751481
9751630
9751666
9751797
9751854
9751862
9751936
9751941
9752099
9752100
9752303
9752553
9752634
9752723
9752735
9752870
9753241
9753278
9753336
9753507
9753703
9754313
9754315
9754402
9754568
9754606
9754689
9754707
9754723
9754981
9755013
9755028
9755102
9755193
9755369
9755562
9755620
9755628
9755666
9755715
9755724
9755987
9756017
9756032
9756160
9756306
9756370
9756379
9756415
9756461
9756647
9756807
9756883
9756920
9756945
9757052
9757072
9757169
9757199
9757340
9757347
9757525
9757711
9757747
9757916
9758207
9758220
9758347
9758537
9758543
9758557
9758699
9758895
9758899
9758999
9759247
9759369
9759533
9759571
9759640
9759662
9759735
9759740
9760091
9760129
9760251
9760256
9760434
9760474
9760503
9760807
9760845
9760891
9760920
9761369
9761472
9761524
9761556
9761561
9761572
9761701
9761770
9761837
9761876
9762174
9762188
9762190
9762401
9762438
9762502
9762540
9762717
9762934
9762974
9762999
9763024
9763053
9763239
9763365
9763397
9763593
9763675
9763706
9763764
9763860
9763874
9763953
9764101
9764359
9764377
9764417
9764510
9764563
9764644
9764713
9764806
9764882
9764940
9765015
9765066
9765135
9765258
9765458
9765462
9765564
9765723
9765977
9766150
9766199
9766209
9766234
9766361
9766488
9766512
9766631
9766952
9767172
9767320
9767429
9767613
9767702
9767940
9767944
9768168
9768433
9768517
9768604
9768745
9768798
9768821
9769226
9769241
9769324
9769422
9769704
9769707
9769772
9769974
9770055
9770193
9770216
9770234
9770531
9770671
9770687
9770923
9770932
9771014
9771045
9771353
9771391
9771517
9771603
9771624
9771651
9771718
9771813
9771894
9771985
9772069
9772098
9772681
9772727
9772888
9772905
9773123
9773270
9773319
9773331
9773345
9773381
9773419
9773488
9773641
9773792
9773805
9773820
9773847
9773868
9774090
9774549
9774678
9774696
9774750
9774758
9774782
9774840
9774964
9775025
9775044
9775180
9775208
9775313
9775495
9775509
9775652
9775687
9775699
9775811
9775853
9775933
9775943
9776066
9776208
9776281
9776290
9776312
9776536
9776679
9776691
9776741
9776746
9776915
9777005
9777117
9777300
9777407
9777414
9777499
9777770
9777866
9777922
9778162
9778231
9778236
9778343
9778414
9778514
9778576
9778585
9778748
9778753
9778826
9778834
9779015
9779090
9779315
9779385
9779397
9779424
9779490
9779542
9779551
9779556
9779851
9779983
9780096
9780136
9780204
9780295
9780531
9780559
9780812
9780839
9781026
9781038
9781083
9781134
9781163
9781199
9781219
9781236
9781250
9781337
9781514
9781556
9782083
9782216
9782249
9782266
9782307
9782424
9782440
9782514
9782560
9782676
9782793
9782902
9782935
9782945
9783193
9783336
9783594
9783704
9783753
9783782
9783816
9783841
9783849
9784025
9784229
9784256
9784324
9784684
9784723
9784837
9784843
9784981
9785091
9785174
9785499
9785713
9785805
9786192
9786261
9786265
9786558
9786610
9786688
9786754
9786838
9786875
9786890
9786996
9787099
9787281
9787349
9787366
9787498
9787642
9787671
9787700
9787943
9788045
9788355
9788641
9788698
9788720
9788790
9788815
9788921
9788923
9789153
9789282
9789551
9789861
9789896
9789918
9789995
9790057
9790134
9790196
9790300
9790350
9790461
9790631
9790676
9790677
9790757
9790764
9790908
9791145
9791301
9791341
9791588
9791812
9791953
9791992
9792019
9792178
9792191
9792289
9792346
9792396
9792460
9792655
9792791
9792879
9792896
9792900
9792914
9792962
9793137
9793233
9793305
9793398
9793604
9793691
9793732
9793827
9794023
9794076
9794082
9794147
9794177
9794190
9794210
9794225
9794332
9794467
9794521
9794651
9794655
9795001
9795019
9795109
9795171
9795503
9795504
9795683
9795716
9795790
9795815
9795850
9795910
9796094
9796198
9796413
9796479
9796558
9796588
9796707
9796860
9797049
9797182
9797260
9797340
9797482
9797504
9797553
9797602
9797660
9797697
9797708
9797850
9797888
9797951
9798013
9798082
9798206
9798312
9798429
9798430
9798453
9798552
9798794
9799024
9799217
9799226
9799273
9799329
9799426
9799698
9799907
9799913
9799935
9799942
9799972
9800080
9800082
9800238
9800256
9800346
9800515
9800543
9800745
9800749
9800789
9800860
9800864
9800873
9800893
9801094
9801472
9801474
9801487
9801833
9801955
9802181
9802212
9802473
9802566
9802589
9802869
9802978
9802990
9803041
9803133
9803367
9803383
9803580
9803652
9803701
9803946
9804058
9804131
9804180
9804210
9804629
9804722
9804812
9804938
9805001
9805543
9805561
9805705
9805752
9805786
9805803
9805913
9805933
9806067
9806083
9806165
9806169
9806269
9806300
9806519
9806642
9806656
9806778
9806891
9807064
9807102
9807111
9807134
9807144
9807145
9807230
9807290
9807326
9807725
9807965
9807998
9808253
9808481
9808661
9808846
9808871
9808996
9809041
9809337
9809567
9809585
9809773
9809855
9809999
9810007
9810057
9810199
9810453
9810490
9810566
9810702
9810756
9810819
9810883
9810975
9811006
9811024
9811033
9811113
9811328
9811677
9811722
9812046
9812130
9812151
9812225
9812293
9812361
9812433
9812575
9812690
9812764
9812846
9812916
9812932
9812996
9813233
9813406
9813551
9813612
9813729
9813934
9813984
9814087
9814112
9814187
9814311
9814517
9814872
9814953
9815044
9815066
9815108
9815139
9815178
9815290
9815296
9815320
9815388
9815587
9815841
9815939
9815988
9816002
9816016
9816042
9816219
9816368
9816561
9816578
9816670
9816696
9816793
9816929
9816958
9816983
9817062
9817067
9817140
9817157
9817227
9817330
9817341
9817356
9817369
9817489
9817630
9817636
9817738
9817801
9817891
9818045
9818087
9818089
9818157
9818165
9818412
9818425
9818443
9818467
9818550
9818693
9818822
9818962
9819169
9819232
9819252
9819473
9819625
9819728
9819818
9819824
9819853
9820018
9820116
9820201
9820636
9820709
9820721
9820789
9820882
9820999
9821107
9821408
9821544
9821580
9821616
9821673
9821680
9821714
9821721
9821746
9821919
9822070
9822104
9822135
9822182
9822246
9822312
9822578
9822673
9822793
9822822
9822901
9822908
9822969
9823188
9823611
9823666
9823771
9823933
9823998
9824143
9824153
9824182
9824198
9824246
9824282
9824416
9824510
9824775
9824823
9824872
9824942
9825022
9825081
9825092
9825245
9825272
9825319
9825381
9825516
9825762
9825795
9825854
9826009
9826036
9826187
9826200
9826386
9826483
9826622
9826815
9826855
9827143
9827158
9827439
9827599
9827652
9827678
9827826
9828255
9828279
9828292
9828385
9828684
9828717
9828741
9828773
9829025
9829105
9829265
9829286
9829353
9829371
9829449
9829730
9829926
9829931
9830076
9830180
9830269
9830689
9830724
9831099
9831128
9831391
9831728
9831830
9831936
9832193
9832278
9832315
9832376
9832620
9832786
9832793
9832963
9833017
9833228
9833367
9833386
9833440
9833477
9833518
9833612
9833614
9833648
9833668
9833736
9833951
9834111
9834140
9834248
9834345
9834358
9834368
9834390
9834456
9834500
9834609
9834675
9834707
9834714
9834769
9834823
9835150
9835200
9835282
9835299
9835364
9835451
9835886
9836122
9836149
9836335
9836879
9836915
9836923
9837007
9837207
9837209
9837296
9837395
9837405
9837436
9837458
9837484
9837646
9837711
9837866
9837875
9837893
9838144
9838214
9838328
9838362
9838472
9838477
9838579
9838638
9838645
9838718
9838721
9838758
9838782
9838786
9838829
9839211
9839251
9839507
9839573
9839576
9839684
9839802
9839904
9840002
9840317
9840655
9840716
9840794
9840802
9840868
9840876
9841035
9841073
9841352
9841516
9841596
9841631
9841668
9841736
9842019
9842116
9842200
9842213
9842331
9842840
9842963
9842965
9843134
9843170
9843331
9843373
9843386
9843731
9843928
9844034
9844068
9844188
9844211
9844445
9844511
9844562
9844658
9844780
9844877
9845051
9845218
9845315
9845382
9845460
9845651
9845667
9845717
9845931
9845934
9846032
9846086
9846204
9846216
9846238
9846625
9846628
9846762
9846820
9846863
9846879
9846897
9846990
9847029
9847180
9847472
9847569
9847709
9847735
9847853
9848029
9848111
9848130
9848176
9848237
9848286
9848304
9848332
9848433
9848546
9848658
9848831
9848979
9849477
9849624
9849735
9849908
9849925
9849940
9850007
9850265
9850277
9850288
9850318
9850428
9850497
9850629
9850917
9850926
9851170
9851246
9851270
9851331
9851362
9851404
9851472
9851721
9852049
9852050
9852069
9852107
9852247
9852255
9852317
9852337
9852359
9852542
9852590
9852650
9852710
9853083
9853267
9853279
9853345
9853464
9853545
9853693
9853774
9853925
9853935
9854178
9854324
9854516
9854584
9854629
9854660
9854693
9855028
9855031
9855044
9855183
9855355
9855493
9855532
9855736
9855740
9855795
9855840
9855889
9856086
9856108
9856120
9856277
9856313
9856479
9856584
9856608
9856651
9856689
9857003
9857219
9857232
9857317
9857352
9857423
9857451
9857480
9857624
9857638
9857783
9857792
9857817
9857890
9857937
9858018
9858036
9858230
9858236
9858286
9858343
9858414
9858454
9858468
9858480
9858530
9858591
9858633
9858658
9858689
9858735
9858780
9858877
9858879
9858996
9859087
9859207
9859277
9859301
9859311
9859341
9859479
9859485
9859533
9859554
9859614
9859643
9859686
9859693
9859969
9859986
9860150
9860190
9860210
9860739
9860819
9860840
9860925
9860953
9860967
9861116
9861412
9861446
9861832
9861871
9861905
9861941
9862106
9862187
9862428
9862499
9862798
9862880
9862996
9863076
9863097
9863562
9863701
9863726
9863897
9863981
9864155
9864358
9864438
9864457
9864597
9864796
9864822
9864829
9864891
9864893
9864971
9865002
9865029
9865095
9865161
9865373
9865424
9865677
9865694
9865702
9865739
9865775
9865865
9865890
9865943
9865980
9866050
9866322
9866334
9866359
9866362
9866450
9866883
9867028
9867069
9867142
9867287
9867328
9867764
9867775
9867791
9867883
9868018
9868251
9868287
9868367
9868627
9868631
9868874
9868886
9869020
9869032
9869181
9869192
9869366
9869567
9869801
9870023
9870107
9870150
9870178
9870182
9870187
9870231
9870392
9870437
9870474
9870477
9870496
9870765
9870911
9871046
9871052
9871142
9871247
9871430
9871432
9871467
9871471
9871487
9871559
9871985
9872092
9872103
9872386
9872782
9872851
9873214
9873321
9873413
9873488
9873613
9873631
9873728
9873742
9873793
9873808
9873813
9873816
9873844
9874083
9874504
9874515
9874587
9874862
9874900
9875263
9875362
9875509
9875592
9875812
9876236
9876255
9876352
9876398
9876421
9876585
9876730
9876762
9876773
9876796
9876900
9877154
9877223
9877237
9877394
9877455
9877577
9877801
9877817
9877892
9878151
9878302
9878307
9878460
9878476
9878591
9878611
9878644
9878774
9878799
9878817
9878878
9878884
9879118
9879124
9879269
9879298
9879312
9879398
9879470
9879486
9879620
9879623
9879912
9879956
9879985
9880204
9880288
9880298
9880391
9880732
9880943
9880995
9881041
9881470
9881473
9881484
9881576
9881587
9881664
9882090
9882221
9882223
9882233
9882499
9882586
9882768
9882960
9882961
9883115
9883194
9883227
9883261
9883278
9883399
9883451
9883457
9883513
9883609
9883705
9883815
9883822
9883864
9884260
9884295
9884388
9884521
9884809
9884862
9884913
9885042
9885247
9885491
9885541
9885544
9885610
9885621
9885675
9885676
9885702
9885797
9886135
9886237
9886392
9886432
9886508
9886870
9886874
9887051
9887084
9887153
9887259
9887349
9887365
9887672
9887708
9887919
9887951
9888086
9888165
9888197
9888222
9888238
9888266
9888319
9888557
9888564
9888636
9889101
9889115
9889166
9889352
9889615
9889644
9889705
9889786
9889808
9889811
9889828
9889849
9889941
9889967
9889981
9890297
9890356
9890521
9890583
9890853
9891144
9891193
9891195
9891297
9891305
9891408
9891621
9891626
9891655
9891773
9891859
9891874
9891992
9892066
9892156
9892253
9892303
9892357
9892394
9892608
9892613
9892695
9892784
9892885
9892998
9893193
9893255
9893369
9893404
9893423
9893509
9893532
9893612
9893670
9893710
9893967
9894247
9894315
9894333
9894598
9894644
9894706
9894780
9894859
9894885
9895027
9895134
9895150
9895175
9895341
9895615
9895897
9896055
9896107
9896110
9896120
9896329
9896396
9896438
9896579
9896587
9896594
9896664
9896702
9896890
9896991
9897132
9897262
9897383
9897505
9897544
9897748
9897752
9897953
9897985
9897993
9898178
9898232
9898233
9898325
9898348
9898554
9898655
9898700
9899166
9899263
9899270
9899560
9899569
9899598
9899651
9899667
9899692
9899792
9900054
9900058
9900081
9900096
9900274
9900341
9900426
9900438
9900619
9900629
9900784
9901124
9901238
9901306
9901378
9901382
9901459
9901584
9901860
9902201
9902257
9902432
9902437
9902545
9902595
9902792
9902824
9902830
9902969
9903014
9903255
9903299
9903405
9903431
9903503
9903537
9903573
9903605
9903717
9903764
9903836
9903840
9903850
9903856
9903878
9903883
9903972
9904159
9904219
9904228
9904236
9904266
9904312
9904321
9904367
9904521
9904973
9904978
9905058
9905095
9905428
9905445
9905490
9905770
9905871
9905882
9906036
9906249
9906329
9906332
9906444
9906570
9906613
9906741
9906820
9907049
9907149
9907333
9907518
9907547
9907549
9907585
9907613
9907644
9907805
9907894
9907906
9908171
9908419
9908538
9908556
9908567
9908568
9909002
9909093
9909172
9909352
9909355
9909422
9909679
9909947
9910207
9910211
9910314
9910464
9910699
9910745
9910791
9910815
9910839
9910928
9910939
9911050
9911086
9911138
9911145
9911365
9911478
9911576
9911656
9911659
9911695
9911721
9911749
9911826
9911957
9912172
9912191
9912217
9912498
9912632
9912675
9912768
9912813
9912882
9913083
9913338
9913345
9913420
9913451
9913493
9913550
9913614
9913724
9913789
9913917
9914012
9914015
9914163
9914207
9914237
9914290
9914361
9914467
9914473
9914640
9914750
9914834
9914916
9914917
9915160
9915193
9915424
9915518
9915539
9915640
9915665
9915686
9915898
9915947
9915993
9916022
9916047
9916067
9916070
9916091
9916256
9916261
9916334
9916390
9916529
9916751
9916973
9917019
9917056
9917151
9917322
9917569
9917646
9917731
9917744
9917826
9917896
9917968
9918042
9918045
9918060
9918205
9918234
9918266
9918626
9918688
9918756
9918892
9918928
9919016
9919098
9919150
9919581
9919821
9919912
9920027
9920324
9920325
9920377
9920517
9920648
9920733
9920988
9921347
9921406
9921540
9921728
9921900
9922065
9922253
9922320
9922350
9922377
9922661
9922871
9922887
9923072
9923116
9923178
9923231
9923267
9923354
9923409
9923455
9923577
9924070
9924105
9924128
9924232
9924280
9924298
9924584
9924705
9924719
9924771
9924816
9924887
9925035
9925038
9925041
9925080
9925505
9925517
9925548
9925554
9926202
9926245
9926443
9926482
9926527
9926714
9926778
9926792
9926876
9926926
9926955
9926958
9927040
9927247
9927371
9927432
9927456
9927573
9927662
9927669
9927763
9927764
9927779
9927894
9927933
9928108
9928255
9928280
9928285
9928465
9928473
9928898
9928958
9929158
9929318
9929567
9929801
9929841
9929872
9929890
9929923
9929930
9929947
9929974
9930138
9930203
9930312
9930363
9930419
9930478
9930479
9930545
9930585
9930621
9930733
9930737
9930747
9930765
9931008
9931737
9932124
9932743
9932787
9932873
9932907
9932928
9932995
9933169
9933182
9933187
9933515
9933714
9933753
9933770
9933966
9934003
9934096
9934162
9934166
9934169
9934201
9934452
9934462
9934564
9934596
9934683
9934743
9934848
9934963
9935028
9935048
9935117
9935191
9935280
9935429
9935453
9935475
9935520
9935564
9935641
9935646
9935813
9935914
9935920
9935996
9936186
9936216
9936384
9936419
9936731
9937263
9937282
9937314
9937456
9937640
9937745
9937754
9937854
9937886
9937944
9937977
9938081
9938092
9938161
9938238
9938518
9938543
9938571
9938658
9938664
9938676
9938703
9939052
9939061
9939104
9939130
9939198
9939243
9939388
9939524
9939719
9939739
9939795
9939813
9940009
9940027
9940051
9940054
9940074
9940328
9940330
9940559
9940560
9940684
9940827
9940944
9940952
9940962
9940989
9940997
9941016
9941031
9941141
9941170
9941192
9941394
9941423
9941609
9941616
9941762
9941778
9942037
9942284
9942300
9942357
9942485
9942536
9942637
9942656
9942692
9942834
9942855
9942995
9943166
9943309
9943315
9943628
9943808
9943967
9944162
9944228
9944264
9944307
9944650
9944741
9944789
9944799
9944865
9944885
9945024
9945028
9945030
9945259
9945385
9945598
9945718
9945946
9945965
9946095
9946117
9946242
9946505
9946551
9946842
9946859
9946968
9946984
9947017
9947051
9947198
9947262
9947474
9947834
9947886
9947973
9948144
9948159
9948429
9948453
9948569
9948603
9948814
9948908
9948966
9949002
9949033
9949038
9949231
9949449
9949699
9949720
9949939
9950090
9950165
9950319
9950329
9950390
9950424
9950534
9950768
9950797
9950828
9951024
9951141
9951208
9951220
9951292
9951493
9951515
9951604
9951625
9951717
9951754
9951782
9951844
9951852
9952253
9952451
9952543
9952578
9952613
9952978
9953211
9953220
9953368
9953421
9953664
9953724
9954030
9954072
9954209
9954219
9954274
9954363
9954529
9954734
9954882
9954940
9954988
9955099
9955109
9955290
9955428
9955472
9955759
9955809
9955851
9955920
9955949
9956035
9956082
9956087
9956314
9956372
9956588
9956688
9956871
9956948
9956966
9957025
9957141
9957329
9957343
9957464
9957744
9957948
9957987
9958171
9958174
9958195
9958309
9958359
9958370
9958531
9958535
9958548
9958676
9958725
9958739
9958870
9958899
9959297
9959342
9959365
9959419
9959497
9959607
9959619
9959745
9959768
9959793
9959913
9960021
9960063
9960261
9960289
9960409
9960511
9960519
9960699
9960873
9960887
9960965
9961046
9961077
9961093
9961145
9961157
9961292
9961343
9961366
9961850
9962295
9962408
9962418
9962444
9962498
9962645
9962850
9962896
9963066
9963155
9963215
9963302
9963366
9963381
9963424
9963448
9963605
9963707
9963935
9963954
9963977
9964243
9964286
9964300
9964315
9964387
9964392
9964418
9964488
9964729
9964821
9965064
9965147
9965174
9965335
9965336
9965413
9965462
9965463
9965493
9965659
9965670
9965682
9965752
9965798
9965936
9966029
9966178
9966332
9966366
9966397
9966433
9966491
9966546
9966655
9966697
9966784
9966845
9966873
9966914
9966954
9967005
9967026
9967073
9967273
9967496
9967553
9967635
9967655
9967696
9967892
9967918
9967991
9968038
9968064
9968186
9968216
9968392
9968537
9968581
9968828
9969028
9969087
9969093
9969224
9969390
9969514
9969617
9969624
9969641
9969656
9969814
9969948
9970102
9970189
9970202
9970447
9970491
9970672
9970872
9971118
9971126
9971173
9971251
9971317
9971322
9971335
9971337
9971365
9971428
9971477
9971487
9971563
9971578
9971743
9971804
9971833
9971997
9972073
9972258
9972277
9972442
9972565
9972682
9972691
9972751
9972849
9972944
9973015
9973137
9973232
9973290
9973518
9973717
9973858
9973988
9974077
9974178
9974274
9974276
9974289
9974349
9974352
9974376
9974524
9974679
9974738
9974846
9974983
9975008
9975018
9975231
9975512
9975616
9975982
9976017
9976075
9976170
9976294
9976298
9976324
9976401
9976510
9976525
9976546
9976551
9976707
9976852
9976982
9977030
9977315
9977407
9977437
9977658
9977679
9977980
9978151
9978397
9978536
9978632
9978684
9979097
9979107
9979160
9979303
9979619
9979641
9979864
9979875
9979937
9980041
9980119
9980130
9980172
9980224
9980275
9980416
9980477
9980628
9980859
9980963
9980991
9981065
9981112
9981175
9981292
9981318
9981388
9981446
9981486
9981780
9981786
9981923
9981941
9981993
9982064
9982494
9982517
9982655
9982810
9982812
9983032
9983135
9983182
9983243
9983443
9983504
9983555
9983572
9983619
9983646
9983748
9983812
9983840
9983882
9984028
9984142
9984185
9984334
9984479
9984599
9984661
9984682
9984822
9985114
9985141
9985255
9985335
9985381
9985428
9985431
9985519
9985608
9985662
9985738
9985943
9986092
9986296
9986315
9986322
9986384
9986519
9986584
9986604
9986692
9987003
9987177
9987292
9987387
9987424
9987435
9987480
9987553
9987577
9988123
9988320
9988351
9988391
9988419
9988481
9988557
9988620
9988679
9988797
9988938
9989081
9989084
9989103
9989347
9989374
9989704
9989813
9989969
499501654
499502662
499504147
499505226
499506847
499510373
499510562
499511530
499513852
499514900
499515151
499515674
499516166
499516816
499517153
499517333
499517792
499519593
499519944
499521324
499521737
499521866
499522403
499523579
499524042
499526580
499529678
499529935
499530124
499533363
499533722
499535214
499536907
499538645
499539213
499541216
499542012
499542800
499542980
499543858
499544190
499544528
499545338
499546860
499548128
499548684
499548890
499549808
499553298
499553479
499554481
499555230
499555958
499556276
499556677
499557064
499557221
499558354
499558736
499558771
499559905
499566959
499567639
499567748
499567891
499568014
499568254
499568356
499571179
499571261
499571959
499572697
499572702
499573560
499575927
499575932
499577079
499577902
499578565
499579687
499579817
499581662
499581898
499582093
499582569
499585793
499586135
499586225
499586318
499587221
499587744
499588174
499589974
499590361
499590969
499594731
499595809
499596577
499596837
499597728
