0
2
5
6
11
12
16
17
18
23
26
32
35
37
39
42
44
47
55
56
65
71
75
78
79
83
89
91
95
102
103
104
110
113
117
127
128
134
136
141
142
143
146
160
162
168
175
179
185
187
197
200
201
202
203
205
209
211
212
216
218
224
227
231
232
235
240
242
250
251
264
269
270
272
273
280
281
283
284
291
299
304
305
308
310
316
323
324
328
329
331
332
333
337
338
339
340
341
343
344
346
348
351
358
363
365
367
369
371
376
380
383
386
390
396
400
401
413
416
417
418
420
422
425
427
430
431
432
433
434
436
440
443
444
447
451
452
455
457
466
467
468
471
473
475
477
480
481
486
487
498
503
506
510
512
515
516
517
520
522
526
528
529
530
532
535
537
545
546
551
552
554
555
559
568
576
580
581
583
585
597
598
599
602
606
607
608
609
610
613
615
619
622
623
627
628
629
631
632
633
634
637
638
643
646
648
650
651
658
664
665
670
673
676
681
682
683
684
691
693
694
695
699
700
701
703
705
706
712
714
715
719
722
723
730
734
740
743
746
749
752
756
759
760
763
767
772
774
776
777
779
783
785
786
790
798
799
800
801
803
805
808
810
813
814
817
823
824
826
829
830
834
835
836
837
841
845
847
849
851
857
860
865
869
871
881
884
888
892
893
894
895
896
900
903
909
910
912
914
916
922
923
925
927
928
929
930
931
932
938
940
941
950
954
965
966
967
973
976
979
982
983
987
995
999
1004
1005
1007
1016
1017
1021
1024
1025
1026
1029
1030
1034
1038
1040
1041
1043
1045
1051
1056
1058
1061
1062
1064
1066
1067
1068
1074
1075
1076
1077
1085
1087
1089
1090
1092
1093
1095
1096
1106
1111
1123
1124
1128
1130
1131
1138
1139
1144
1148
1149
1156
1157
1158
1160
1164
1168
1174
1183
1184
1185
1188
1194
1204
1205
1219
1220
1223
1226
1228
1229
1232
1235
1236
1241
1243
1245
1246
1249
1250
1253
1259
1261
1270
1271
1276
1279
1280
1286
1291
1293
1294
1296
1297
1298
1299
1301
1304
1305
1306
1307
1312
1314
1315
1317
1320
1325
1332
1335
1336
1337
1344
1357
1358
1359
1361
1363
1364
1366
1372
1375
1378
1379
1381
1383
1386
1389
1390
1393
1395
1399
1405
1406
1407
1408
1413
1419
1420
1422
1425
1426
1428
1429
1432
1433
1436
1437
1438
1444
1449
1450
1457
1466
1467
1471
1473
1477
1478
1480
1487
1488
1489
1490
1496
1503
1505
1507
1509
1513
1515
1516
1518
1523
1524
1534
1535
1536
1540
1542
1550
1551
1552
1553
1554
1556
1560
1561
1562
1566
1568
1571
1572
1574
1576
1582
1586
1587
1588
1599
1600
1604
1609
1615
1618
1619
1624
1625
1631
1632
1633
1634
1639
1640
1656
1657
1658
1662
1665
1666
1668
1673
1680
1682
1686
1689
1692
1695
1698
1700
1701
1702
1703
1708
1709
1716
1718
1720
1721
1722
1726
1727
1731
1739
1746
1747
1750
1753
1757
1758
1762
1763
1767
1776
1780
1788
1789
1792
1798
1807
1808
1812
1813
1815
1823
1826
1827
1831
1832
1833
1835
1838
1844
1847
1848
1851
1859
1864
1866
1867
1871
1872
1873
1880
1884
1885
1888
1889
1891
1892
1894
1897
1898
1900
1902
1903
1904
1908
1909
1913
1915
1917
1919
1920
1923
1930
1931
1932
1933
1934
1936
1937
1941
1944
1945
1947
1950
1952
1959
1962
1964
1967
1972
1978
1983
1984
1988
1990
1994
2002
2009
2019
2022
2024
2025
2028
2031
2033
2036
2038
2040
2041
2042
2043
2044
2049
2051
2052
2056
2058
2060
2061
2069
2070
2071
2072
2076
2079
2080
2082
2085
2095
2101
2102
2103
2104
2106
2110
2111
2112
2114
2115
2117
2118
2121
2122
2125
2134
2136
2138
2139
2141
2142
2143
2144
2149
2152
2153
2156
2167
2168
2178
2185
2186
2189
2192
2196
2197
2200
2202
2203
2212
2213
2216
2218
2220
2227
2230
2233
2235
2242
2250
2257
2261
2263
2270
2271
2273
2275
2280
2281
2282
2284
2293
2294
2303
2306
2313
2314
2315
2317
2321
2330
2333
2334
2335
2338
2339
2342
2348
2350
2352
2358
2359
2361
2363
2364
2381
2391
2392
2395
2398
2399
2402
2404
2406
2407
2409
2411
2416
2422
2423
2425
2426
2427
2430
2435
2438
2442
2444
2448
2449
2450
2451
2452
2455
2464
2465
2472
2473
2474
2475
2479
2481
2482
2484
2487
2492
2503
2507
2508
2509
2510
2513
2514
2518
2523
2530
2537
2541
2543
2544
2550
2555
2558
2559
2561
2563
2565
2568
2572
2577
2580
2582
2583
2585
2587
2591
2594
2595
2604
2605
2610
2611
2612
2613
2614
2615
2617
2622
2625
2626
2629
2636
2638
2639
2643
2648
2650
2651
2661
2663
2664
2667
2672
2673
2678
2679
2683
2685
2688
2689
2690
2691
2693
2695
2696
2698
2699
2725
2726
2728
2730
2735
2737
2738
2739
2741
2743
2746
2748
2749
2750
2751
2752
2756
2759
2764
2765
2767
2769
2771
2772
2775
2778
2779
2786
2788
2793
2796
2798
2802
2805
2823
2825
2827
2836
2838
2840
2841
2846
2847
2848
2849
2853
2860
2861
2863
2865
2866
2867
2868
2870
2871
2873
2877
2878
2879
2884
2885
2886
2888
2889
2891
2894
2898
2899
2903
2905
2908
2910
2916
2918
2923
2924
2925
2928
2930
2931
2933
2940
2941
2944
2948
2955
2956
2960
2964
2965
2966
2968
2969
2971
2973
2976
2978
2979
2980
2981
2982
2987
2989
2990
2993
2996
2997
2998
3000
3001
3002
3003
3007
3009
3010
3012
3013
3014
3023
3025
3027
3028
3043
3047
3051
3058
3066
3072
3077
3078
3079
3083
3084
3087
3093
3099
3101
3115
3116
3126
3127
3128
3129
3132
3134
3142
3143
3145
3146
3147
3148
3155
3161
3164
3172
3179
3181
3183
3184
3188
3189
3190
3192
3200
3205
3208
3213
3214
3216
3220
3225
3230
3231
3249
3252
3253
3254
3261
3262
3268
3270
3274
3276
3278
3281
3282
3286
3291
3295
3299
3304
3306
3310
3312
3313
3314
3315
3316
3318
3324
3326
3329
3332
3334
3336
3337
3339
3347
3352
3362
3365
3367
3370
3371
3373
3376
3377
3379
3380
3382
3385
3391
3393
3398
3399
3408
3410
3411
3413
3414
3415
3416
3417
3419
3420
3421
3424
3431
3434
3435
3436
3437
3438
3439
3440
3442
3444
3447
3451
3457
3458
3463
3464
3465
3466
3471
3474
3477
3478
3481
3482
3483
3486
3487
3490
3495
3508
3509
3513
3517
3519
3522
3525
3527
3538
3540
3543
3544
3547
3548
3550
3552
3556
3560
3561
3563
3564
3567
3569
3572
3573
3574
3576
3578
3580
3582
3583
3584
3590
3592
3606
3608
3612
3617
3624
3625
3627
3631
3633
3639
3646
3647
3652
3656
3660
3661
3664
3665
3668
3669
3671
3672
3673
3677
3680
3681
3683
3691
3698
3699
3703
3709
3712
3716
3720
3727
3728
3739
3743
3746
3750
3751
3752
3756
3759
3762
3765
3768
3771
3776
3781
3783
3788
3794
3796
3801
3813
3820
3828
3832
3833
3834
3839
3841
3842
3843
3849
3850
3854
3858
3860
3862
3865
3868
3876
3877
3881
3884
3885
3887
3890
3892
3903
3904
3908
3909
3913
3916
3917
3918
3924
3925
3926
3927
3928
3930
3932
3934
3935
3936
3939
3943
3947
3948
3949
3950
3958
3961
3962
3964
3968
3969
3972
3973
3977
3978
3984
3985
3986
3988
3991
3994
3996
4001
4004
4009
4015
4020
4025
4028
4029
4038
4039
4041
4047
4054
4055
4058
4063
4065
4071
4073
4075
4080
4081
4084
4088
4089
4090
4100
4113
4114
4116
4118
4119
4125
4128
4129
4135
4136
4140
4142
4143
4144
4146
4147
4150
4151
4152
4159
4161
4162
4163
4165
4166
4169
4171
4172
4175
4176
4178
4179
4180
4183
4185
4186
4189
4191
4192
4196
4197
4199
4209
4211
4218
4222
4225
4234
4237
4238
4240
4243
4247
4251
4254
4255
4256
4257
4261
4263
4268
4270
4278
4279
4280
4282
4283
4284
4286
4289
4290
4292
4296
4300
4304
4308
4311
4315
4317
4319
4322
4326
4329
4332
4334
4337
4339
4340
4341
4346
4349
4358
4364
4369
4372
4374
4375
4378
4384
4386
4391
4392
4394
4398
4399
4400
4401
4402
4403
4406
4408
4409
4411
4412
4414
4417
4424
4425
4426
4427
4428
4434
4435
4437
4442
4444
4445
4449
4453
4454
4456
4467
4468
4470
4471
4475
4478
4482
4483
4484
4486
4490
4496
4498
4506
4508
4511
4513
4514
4517
4519
4523
4532
4535
4538
4539
4547
4548
4549
4551
4554
4558
4559
4560
4561
4574
4575
4577
4583
4585
4586
4594
4611
4612
4613
4614
4616
4621
4622
4624
4633
4634
4637
4641
4643
4644
4648
4652
4653
4661
4664
4667
4668
4675
4678
4679
4695
4696
4701
4707
4714
4716
4720
4721
4723
4726
4732
4743
4753
4754
4757
4760
4769
4772
4776
4778
4781
4782
4783
4785
4786
4787
4789
4793
4796
4800
4801
4816
4817
4818
4821
4830
4832
4833
4834
4840
4842
4844
4847
4848
4849
4853
4854
4855
4860
4862
4871
4872
4873
4876
4877
4878
4880
4894
4900
4903
4904
4906
4907
4914
4915
4917
4918
4919
4923
4924
4931
4934
4936
4938
4940
4941
4942
4949
4951
4962
4966
4973
4976
4980
4981
4982
4987
4999
5001
5004
5005
5006
5009
5011
5014
5015
5020
5024
5026
5028
5033
5034
5035
5037
5038
5041
5042
5044
5048
5050
5052
5057
5059
5063
5066
5071
5075
5077
5079
5080
5084
5090
5094
5097
5099
5101
5102
5104
5107
5112
5116
5117
5118
5121
5122
5124
5126
5127
5135
5138
5139
5140
5141
5143
5147
5151
5154
5158
5161
5162
5164
5166
5168
5172
5174
5175
5176
5178
5179
5181
5184
5189
5191
5192
5195
5202
5203
5204
5206
5208
5213
5222
5227
5229
5230
5239
5240
5243
5245
5247
5249
5250
5254
5257
5258
5259
5263
5265
5267
5271
5272
5276
5280
5281
5283
5289
5290
5294
5296
5305
5312
5318
5320
5323
5326
5328
5332
5335
5336
5341
5345
5346
5348
5354
5357
5358
5361
5365
5367
5369
5370
5372
5376
5386
5387
5389
5390
5396
5399
5401
5407
5409
5414
5415
5417
5418
5426
5427
5437
5444
5445
5454
5455
5456
5458
5459
5464
5468
5471
5478
5479
5481
5491
5493
5496
5497
5499
5500
5501
5502
5503
5506
5507
5508
5509
5521
5523
5525
5526
5531
5534
5537
5543
5545
5547
5548
5550
5552
5553
5554
5556
5557
5561
5564
5565
5566
5567
5568
5569
5570
5571
5573
5575
5578
5580
5582
5585
5590
5594
5605
5609
5610
5613
5616
5618
5619
5623
5624
5626
5627
5636
5637
5641
5642
5643
5648
5650
5661
5663
5665
5667
5669
5679
5681
5684
5688
5691
5692
5697
5700
5703
5706
5707
5712
5716
5718
5721
5726
5735
5740
5742
5743
5745
5746
5747
5748
5749
5753
5755
5767
5768
5769
5771
5775
5776
5777
5782
5794
5795
5796
5801
5804
5813
5814
5824
5831
5832
5836
5839
5841
5844
5845
5847
5850
5851
5852
5853
5854
5861
5862
5863
5864
5869
5871
5872
5873
5874
5875
5879
5894
5896
5901
5903
5906
5907
5909
5910
5911
5912
5914
5915
5917
5918
5923
5924
5925
5926
5927
5933
5934
5935
5941
5946
5947
5949
5950
5956
5957
5959
5960
5961
5965
5969
5970
5972
5976
5977
5978
5979
5985
5987
5989
5990
5997
6002
6007
6009
6010
6013
6016
6020
6023
6025
6026
6027
6028
6037
6038
6045
6048
6049
6056
6058
6059
6060
6065
6068
6078
6080
6083
6085
6089
6091
6095
6096
6098
6099
6101
6103
6104
6107
6108
6109
6110
6111
6112
6113
6117
6118
6120
6122
6124
6127
6132
6136
6140
6150
6154
6157
6162
6167
6170
6176
6179
6180
6181
6192
6193
6196
6197
6198
6207
6208
6209
6212
6215
6220
6225
6231
6233
6237
6240
6241
6244
6249
6251
6258
6260
6261
6262
6263
6264
6269
6270
6279
6280
6282
6285
6288
6289
6294
6298
6304
6308
6311
6312
6313
6317
6324
6326
6328
6329
6330
6332
6336
6337
6338
6339
6344
6346
6348
6349
6350
6352
6354
6355
6356
6361
6364
6365
6366
6367
6369
6372
6374
6376
6377
6379
6380
6381
6383
6385
6386
6388
6396
6397
6399
6401
6402
6403
6404
6410
6416
6419
6421
6422
6426
6431
6435
6436
6439
6440
6443
6449
6451
6460
6462
6464
6465
6467
6471
6473
6475
6477
6486
6488
6489
6492
6493
6494
6499
6502
6503
6507
6509
6511
6516
6518
6525
6527
6532
6534
6535
6541
6545
6547
6551
6552
6553
6554
6556
6557
6561
6562
6565
6566
6567
6568
6571
6577
6579
6582
6583
6584
6586
6587
6588
6589
6597
6602
6603
6606
6612
6613
6617
6618
6619
6621
6627
6628
6631
6633
6636
6637
6638
6639
6641
6645
6647
6651
6652
6666
6667
6668
6672
6673
6676
6678
6681
6688
6698
6699
6701
6702
6705
6709
6711
6712
6716
6717
6718
6721
6723
6724
6726
6728
6729
6731
6733
6736
6737
6738
6743
6744
6745
6748
6750
6753
6754
6756
6763
6764
6769
6777
6783
6786
6788
6789
6791
6793
6794
6796
6802
6803
6808
6809
6810
6811
6812
6813
6819
6822
6825
6836
6840
6841
6843
6850
6851
6855
6863
6868
6871
6875
6881
6884
6890
6892
6893
6895
6896
6900
6908
6909
6912
6914
6916
6922
6923
6924
6935
6937
6939
6942
6943
6947
6951
6954
6955
6958
6961
6962
6963
6964
6967
6968
6969
6970
6973
6974
6975
6977
6982
6985
6989
6991
6994
6997
7000
7001
7009
7010
7011
7013
7014
7015
7017
7023
7029
7032
7033
7034
7038
7044
7048
7053
7055
7057
7061
7062
7063
7064
7065
7067
7068
7069
7070
7073
7075
7078
7080
7084
7085
7092
7097
7100
7104
7106
7110
7115
7119
7120
7123
7124
7126
7132
7136
7140
7141
7146
7151
7154
7155
7156
7157
7158
7161
7163
7164
7165
7167
7168
7169
7183
7185
7189
7191
7202
7204
7208
7211
7212
7217
7219
7221
7222
7224
7229
7230
7232
7237
7239
7250
7252
7257
7261
7263
7264
7265
7266
7267
7269
7270
7272
7276
7279
7281
7283
7284
7286
7291
7292
7296
7298
7299
7301
7305
7308
7309
7310
7318
7319
7321
7325
7331
7332
7334
7335
7339
7341
7353
7355
7360
7361
7364
7366
7372
7374
7378
7382
7384
7385
7388
7389
7394
7395
7398
7400
7401
7403
7409
7416
7417
7419
7420
7427
7429
7430
7434
7435
7439
7440
7442
7445
7448
7449
7459
7460
7463
7466
7468
7469
7471
7472
7476
7481
7482
7484
7486
7492
7496
7498
7500
7501
7502
7503
7506
7507
7511
7513
7515
7517
7518
7521
7522
7529
7537
7541
7542
7547
7548
7549
7552
7554
7556
7558
7559
7563
7564
7569
7574
7578
7581
7583
7588
7590
7591
7595
7597
7599
7601
7603
7606
7609
7610
7614
7617
7619
7623
7627
7628
7630
7632
7639
7643
7646
7650
7657
7659
7662
7663
7664
7668
7681
7683
7686
7687
7688
7689
7690
7693
7694
7695
7698
7700
7701
7704
7705
7710
7714
7715
7716
7717
7718
7721
7722
7724
7728
7730
7732
7736
7737
7745
7746
7747
7753
7754
7756
7757
7758
7762
7765
7766
7769
7771
7772
7774
7779
7783
7785
7786
7793
7795
7800
7804
7805
7807
7809
7811
7813
7815
7821
7822
7825
7826
7827
7831
7835
7837
7840
7841
7843
7852
7856
7857
7858
7860
7862
7863
7864
7869
7872
7880
7882
7885
7887
7888
7894
7899
7903
7906
7907
7909
7912
7913
7916
7917
7921
7927
7928
7930
7932
7933
7934
7943
7944
7945
7953
7956
7957
7958
7959
7961
7965
7968
7975
7976
7981
7983
7985
7987
7992
7993
7994
7996
7998
8004
8005
8007
8010
8013
8015
8016
8019
8020
8029
8037
8040
8041
8044
8045
8054
8058
8059
8063
8065
8067
8068
8071
8073
8075
8076
8088
8089
8091
8093
8096
8099
8101
8103
8112
8114
8116
8118
8120
8124
8127
8130
8132
8136
8137
8138
8142
8146
8149
8155
8157
8167
8169
8170
8171
8173
8175
8176
8180
8183
8193
8194
8197
8200
8203
8207
8210
8213
8214
8227
8228
8229
8239
8241
8246
8252
8253
8256
8257
8261
8265
8269
8270
8272
8273
8275
8276
8277
8279
8281
8283
8284
8287
8288
8295
8303
8304
8307
8311
8315
8316
8318
8330
8331
8335
8336
8337
8341
8344
8345
8348
8350
8351
8352
8358
8359
8360
8364
8367
8374
8375
8377
8379
8380
8381
8384
8385
8392
8397
8401
8402
8404
8410
8411
8413
8414
8420
8421
8423
8424
8432
8435
8437
8438
8440
8442
8445
8446
8449
8450
8453
8456
8460
8463
8466
8468
8475
8479
8480
8481
8482
8484
8488
8500
8501
8504
8507
8512
8513
8515
8519
8523
8524
8525
8527
8532
8533
8539
8541
8544
8551
8554
8555
8556
8558
8562
8566
8569
8571
8573
8577
8578
8586
8588
8589
8594
8595
8597
8598
8600
8603
8604
8612
8620
8622
8627
8630
8631
8635
8637
8642
8645
8647
8649
8652
8661
8662
8663
8664
8666
8670
8671
8673
8675
8680
8683
8684
8686
8693
8694
8696
8697
8698
8703
8711
8714
8715
8718
8723
8725
8729
8730
8737
8738
8739
8740
8743
8749
8750
8753
8755
8756
8760
8763
8768
8774
8777
8778
8787
8794
8795
8799
8800
8801
8803
8807
8808
8812
8813
8814
8817
8821
8823
8829
8837
8838
8843
8852
8854
8863
8867
8869
8875
8878
8879
8885
8886
8889
8890
8892
8893
8895
8896
8898
8907
8918
8920
8921
8932
8937
8939
8940
8941
8942
8944
8945
8946
8947
8953
8955
8963
8966
8970
8973
8975
8976
8980
8986
8987
8989
8992
8993
8994
8995
8996
8997
8998
9000
9002
9009
9010
9012
9014
9015
9017
9020
9022
9023
9025
9028
9029
9030
9035
9043
9048
9049
9051
9053
9055
9058
9065
9068
9069
9070
9077
9078
9080
9081
9083
9084
9090
9092
9095
9099
9100
9101
9104
9106
9107
9110
9114
9118
9121
9124
9128
9129
9132
9137
9143
9144
9145
9146
9150
9152
9160
9161
9162
9163
9165
9166
9169
9170
9171
9172
9173
9175
9176
9177
9182
9183
9186
9189
9191
9192
9194
9199
9202
9203
9204
9205
9211
9213
9215
9217
9223
9224
9231
9232
9240
9256
9258
9262
9263
9264
9265
9268
9270
9271
9274
9275
9277
9279
9282
9283
9284
9285
9287
9288
9289
9292
9295
9297
9302
9303
9311
9312
9315
9317
9321
9329
9330
9332
9335
9336
9345
9346
9347
9348
9350
9351
9352
9355
9357
9362
9363
9364
9368
9376
9377
9379
9382
9384
9386
9387
9388
9390
9393
9395
9403
9405
9409
9413
9415
9418
9422
9423
9427
9428
9430
9436
9439
9441
9442
9446
9447
9449
9452
9454
9455
9459
9460
9463
9465
9476
9477
9479
9480
9482
9483
9491
9492
9496
9498
9501
9505
9506
9507
9512
9517
9524
9527
9536
9539
9540
9541
9543
9548
9552
9556
9558
9559
9563
9564
9567
9571
9574
9576
9577
9581
9584
9589
9596
9597
9599
9600
9602
9604
9606
9610
9615
9617
9624
9626
9627
9639
9642
9652
9656
9657
9658
9660
9661
9663
9665
9667
9670
9671
9673
9674
9675
9678
9679
9680
9682
9684
9691
9692
9695
9696
9699
9700
9702
9705
9708
9710
9712
9716
9717
9720
9721
9722
9723
9725
9736
9738
9739
9740
9741
9742
9746
9755
9758
9760
9761
9762
9763
9764
9768
9774
9777
9779
9781
9783
9784
9785
9790
9796
9798
9800
9801
9802
9806
9811
9820
9823
9825
9827
9834
9835
9836
9842
9844
9845
9846
9853
9854
9855
9857
9861
9862
9863
9867
9869
9870
9871
9875
9879
9881
9884
9886
9892
9893
9897
9898
9902
9904
9907
9913
9920
9922
9924
9931
9933
9935
9939
9942
9943
9946
9951
9958
9962
9964
9968
9971
9974
9978
9984
9986
9987
9988
9989
9993
10001
10002
10003
10006
10007
10008
10009
10010
10013
10014
10016
10018
10026
10028
10030
10033
10035
10036
10039
10046
10051
10055
10058
10059
10065
10071
10072
10073
10076
10077
10087
10090
10092
10094
10097
10101
10102
10105
10107
10109
10110
10111
10116
10121
10126
10128
10129
10131
10136
10139
10140
10143
10144
10145
10154
10157
10158
10159
10160
10162
10166
10174
10176
10182
10183
10184
10187
10189
10190
10193
10196
10199
10200
10204
10205
10206
10207
10214
10215
10216
10217
10218
10223
10227
10230
10239
10243
10244
10249
10253
10258
10270
10271
10275
10276
10278
10284
10285
10287
10288
10289
10291
10292
10295
10297
10302
10309
10312
10315
10316
10317
10318
10320
10321
10322
10329
10334
10338
10343
10345
10350
10353
10357
10359
10365
10366
10368
10369
10373
10374
10375
10379
10380
10383
10394
10403
10405
10415
10418
10421
10423
10424
10427
10430
10431
10432
10433
10434
10437
10441
10442
10443
10444
10446
10448
10449
10452
10461
10463
10466
10467
10470
10473
10474
10476
10479
10484
10485
10487
10494
10500
10501
10502
10506
10508
10510
10513
10522
10524
10530
10534
10537
10539
10543
10545
10546
10547
10548
10554
10557
10558
10559
10564
10565
10567
10568
10573
10575
10576
10577
10578
10579
10582
10587
10589
10603
10605
10609
10614
10616
10618
10620
10622
10624
10633
10635
10640
10641
10644
10646
10649
10652
10655
10656
10659
10665
10666
10672
10674
10675
10676
10677
10678
10684
10690
10691
10699
10700
10701
10702
10703
10704
10707
10708
10716
10717
10718
10727
10732
10733
10734
10736
10741
10747
10749
10750
10755
10757
10758
10759
10760
10763
10766
10769
10771
10772
10779
10782
10783
10789
10790
10793
10798
10801
10802
10805
10812
10813
10816
10820
10821
10830
10835
10839
10847
10848
10852
10853
10855
10856
10867
10868
10873
10875
10876
10877
10885
10886
10887
10891
10899
10901
10902
10904
10909
10910
10914
10920
10921
10927
10928
10929
10930
10932
10935
10936
10938
10940
10942
10945
10947
10953
10955
10958
10960
10961
10963
10964
10965
10968
10969
10970
10972
10977
10982
10983
10991
10994
10996
11002
11009
11013
11016
11018
11020
11022
11023
11024
11025
11029
11034
11036
11039
11043
11044
11045
11049
11051
11057
11059
11065
11072
11074
11079
11080
11083
11088
11089
11092
11096
11097
11107
11108
11112
11113
11120
11122
11124
11126
11132
11135
11136
11140
11141
11148
11149
11153
11156
11162
11163
11167
11168
11169
11171
11172
11174
11177
11178
11179
11180
11182
11186
11188
11190
11191
11193
11195
11199
11208
11213
11215
11219
11223
11224
11229
11230
11231
11234
11236
11246
11254
11257
11260
11263
11275
11276
11285
11288
11289
11294
11297
11299
11304
11306
11308
11310
11315
11322
11323
11325
11329
11331
11335
11343
11349
11350
11353
11356
11357
11361
11364
11367
11369
11370
11372
11375
11378
11380
11382
11384
11386
11388
11389
11391
11393
11394
11400
11403
11405
11407
11409
11412
11416
11419
11421
11426
11432
11435
11438
11439
11441
11443
11445
11449
11450
11455
11456
11461
11465
11469
11470
11471
11473
11474
11475
11477
11478
11481
11482
11483
11484
11486
11490
11491
11492
11494
11501
11503
11505
11510
11511
11514
11516
11519
11520
11522
11524
11526
11533
11539
11540
11541
11543
11545
11547
11555
11560
11562
11569
11574
11576
11581
11582
11588
11591
11593
11595
11602
11603
11604
11606
11607
11609
11612
11613
11615
11623
11626
11627
11628
11630
11632
11633
11638
11640
11641
11646
11647
11653
11659
11660
11661
11664
11665
11666
11669
11672
11675
11681
11684
11686
11692
11694
11696
11697
11700
11702
11706
11707
11708
11709
11712
11713
11716
11717
11718
11720
11722
11724
11728
11729
11730
11731
11732
11737
11740
11743
11745
11748
11750
11753
11754
11755
11758
11759
11764
11767
11768
11772
11779
11781
11783
11784
11788
11789
11790
11791
11792
11795
11796
11798
11800
11813
11814
11817
11819
11820
11821
11822
11823
11826
11829
11833
11835
11837
11839
11840
11842
11844
11849
11851
11852
11856
11868
11870
11874
11877
11879
11885
11888
11892
11894
11895
11900
11901
11902
11906
11909
11911
11913
11916
11917
11919
11920
11925
11926
11932
11938
11939
11941
11945
11954
11955
11960
11967
11970
11971
11972
11975
11978
11984
11992
11996
11997
11998
11999
12002
12009
12016
12017
12022
12025
12028
12038
12041
12050
12051
12052
12054
12056
12057
12058
12061
12062
12063
12067
12074
12075
12082
12086
12088
12089
12091
12095
12097
12099
12107
12108
12109
12111
12113
12116
12119
12120
12125
12129
12132
12133
12144
12159
12161
12165
12167
12170
12172
12173
12176
12178
12184
12185
12190
12192
12193
12200
12202
12210
12213
12215
12217
12225
12226
12227
12230
12235
12243
12246
12249
12252
12253
12257
12258
12261
12262
12265
12267
12275
12277
12280
12290
12293
12298
12299
12303
12304
12306
12310
12315
12316
12317
12318
12320
12325
12331
12333
12335
12336
12342
12343
12344
12348
12352
12358
12363
12364
12372
12374
12376
12377
12378
12381
12384
12387
12390
12392
12408
12409
12410
12412
12415
12416
12418
12422
12423
12427
12428
12437
12438
12439
12440
12442
12443
12445
12446
12448
12450
12452
12453
12457
12460
12462
12463
12464
12465
12470
12477
12478
12480
12483
12487
12489
12491
12493
12503
12504
12510
12511
12515
12516
12517
12521
12523
12524
12527
12550
12552
12553
12556
12557
12559
12562
12563
12572
12573
12575
12576
12577
12578
12583
12584
12592
12594
12595
12596
12598
12600
12601
12602
12610
12613
12614
12616
12618
12619
12621
12624
12626
12630
12632
12636
12638
12642
12643
12644
12646
12647
12650
12652
12653
12654
12656
12658
12659
12660
12665
12672
12681
12684
12687
12688
12690
12695
12698
12701
12702
12703
12707
12709
12715
12721
12724
12725
12728
12732
12735
12736
12738
12740
12742
12743
12748
12749
12753
12754
12756
12761
12762
12766
12771
12772
12774
12775
12781
12784
12785
12787
12788
12789
12806
12807
12815
12816
12822
12823
12826
12830
12834
12839
12844
12849
12850
12851
12856
12857
12863
12864
12868
12872
12873
12875
12887
12892
12902
12906
12912
12915
12918
12919
12928
12929
12930
12931
12934
12936
12937
12945
12946
12950
12957
12959
12960
12961
12963
12964
12968
12969
12977
12978
12982
12983
12984
12985
12993
12997
13003
13004
13006
13012
13013
13015
13016
13017
13018
13019
13020
13023
13025
13031
13033
13035
13038
13040
13041
13045
13047
13048
13049
13050
13053
13055
13056
13057
13058
13059
13065
13068
13071
13072
13073
13074
13075
13079
13083
13085
13086
13087
13088
13089
13090
13093
13094
13098
13100
13104
13106
13108
13111
13112
13115
13116
13118
13124
13126
13127
13128
13130
13131
13133
13140
13143
13146
13149
13151
13152
13153
13154
13158
13159
13163
13165
13168
13171
13182
13185
13189
13194
13199
13203
13211
13216
13218
13219
13220
13221
13222
13231
13232
13233
13237
13238
13239
13242
13243
13244
13246
13248
13251
13252
13258
13259
13261
13273
13274
13276
13280
13281
13284
13288
13292
13294
13302
13303
13304
13305
13309
13311
13312
13313
13316
13322
13324
13325
13333
13339
13340
13341
13342
13343
13349
13351
13353
13356
13362
13364
13369
13370
13372
13374
13382
13383
13384
13385
13386
13388
13393
13394
13397
13399
13402
13406
13408
13412
13416
13426
13439
13443
13445
13447
13448
13455
13460
13461
13462
13464
13467
13470
13472
13473
13476
13478
13479
13481
13482
13486
13487
13488
13489
13491
13493
13494
13502
13505
13509
13510
13513
13515
13520
13523
13528
13530
13531
13538
13540
13541
13548
13550
13551
13555
13556
13557
13561
13562
13566
13571
13573
13574
13575
13576
13579
13582
13584
13587
13588
13590
13595
13596
13597
13602
13607
13610
13611
13613
13617
13629
13638
13646
13647
13648
13660
13667
13669
13671
13674
13679
13680
13684
13685
13686
13689
13697
13700
13702
13711
13712
13713
13717
13721
13722
13725
13726
13730
13731
13735
13738
13739
13741
13743
13745
13747
13749
13751
13752
13754
13760
13764
13766
13767
13768
13774
13776
13778
13781
13784
13787
13790
13792
13797
13800
13802
13803
13804
13805
13807
13808
13809
13810
13811
13812
13813
13815
13818
13826
13829
13832
13840
13842
13843
13848
13852
13853
13855
13859
13860
13861
13870
13871
13872
13876
13880
13881
13883
13884
13885
13886
13887
13892
13897
13900
13901
13905
13907
13915
13919
13924
13925
13931
13934
13935
13942
13943
13944
13956
13959
13962
13963
13968
13969
13970
13973
13974
13982
13986
13989
13992
14005
14007
14008
14009
14010
14018
14019
14021
14023
14025
14029
14031
14037
14040
14042
14045
14047
14054
14057
14062
14071
14076
14077
14078
14079
14081
14088
14089
14091
14097
14098
14099
14102
14103
14104
14110
14120
14121
14127
14128
14130
14132
14133
14135
14136
14138
14149
14152
14153
14158
14164
14166
14175
14180
14182
14183
14184
14191
14194
14199
14208
14209
14213
14218
14220
14221
14222
14232
14233
14236
14237
14238
14242
14243
14249
14251
14255
14261
14267
14270
14272
14274
14275
14276
14278
14280
14284
14287
14295
14300
14303
14306
14311
14312
14313
14316
14322
14323
14325
14327
14328
14334
14338
14339
14340
14341
14343
14346
14347
14348
14350
14352
14353
14357
14360
14370
14372
14373
14374
14376
14378
14379
14380
14386
14390
14392
14398
14402
14408
14409
14410
14415
14424
14431
14432
14434
14436
14439
14441
14442
14446
14451
14452
14453
14455
14456
14459
14461
14465
14469
14470
14473
14476
14484
14485
14486
14487
14490
14493
14496
14501
14503
14504
14506
14507
14508
14517
14519
14520
14522
14528
14532
14533
14534
14539
14541
14549
14551
14554
14555
14558
14563
14565
14567
14572
14575
14577
14578
14585
14594
14595
14606
14607
14609
14612
14616
14617
14626
14628
14630
14634
14636
14650
14656
14664
14666
14667
14669
14675
14677
14679
14681
14684
14686
14692
14694
14695
14696
14700
14701
14709
14710
14711
14713
14714
14715
14718
14721
14722
14725
14733
14734
14735
14736
14741
14750
14752
14760
14761
14768
14774
14776
14777
14778
14779
14781
14783
14785
14786
14789
14790
14794
14795
14798
14800
14801
14802
14803
14808
14813
14817
14821
14823
14825
14827
14828
14829
14830
14831
14833
14841
14846
14848
14853
14855
14856
14858
14862
14871
14875
14884
14885
14897
14902
14904
14908
14910
14912
14914
14915
14918
14921
14923
14925
14926
14927
14930
14935
14936
14939
14949
14951
14954
14956
14961
14964
14966
14968
14969
14974
14979
14984
14988
14989
14992
15002
15003
15004
15008
15010
15021
15029
15031
15032
15039
15040
15051
15053
15057
15058
15060
15061
15064
15068
15072
15073
15074
15077
15078
15080
15081
15084
15091
15095
15096
15101
15108
15110
15127
15131
15133
15136
15139
15149
15152
15155
15166
15167
15169
15170
15172
15173
15176
15182
15183
15184
15186
15187
15191
15193
15194
15197
15198
15206
15211
15213
15216
15218
15221
15225
15231
15232
15237
15241
15244
15245
15246
15247
15248
15251
15254
15256
15257
15258
15259
15261
15268
15269
15272
15274
15277
15293
15297
15298
15301
15306
15309
15313
15317
15318
15321
15323
15324
15335
15336
15344
15346
15352
15355
15357
15360
15367
15368
15370
15376
15381
15382
15385
15386
15387
15388
15389
15390
15391
15392
15396
15400
15401
15407
15410
15411
15413
15414
15416
15420
15431
15432
15435
15441
15442
15443
15449
15451
15453
15462
15464
15466
15469
15472
15473
15475
15476
15478
15479
15484
15486
15491
15492
15494
15498
15499
15502
15506
15514
15515
15517
15525
15528
15530
15533
15538
15539
15541
15545
15557
15566
15567
15569
15571
15573
15574
15575
15586
15589
15591
15593
15594
15597
15601
15602
15608
15611
15612
15614
15621
15626
15629
15632
15633
15635
15637
15638
15639
15642
15647
15649
15650
15655
15664
15667
15670
15674
15679
15680
15681
15682
15683
15684
15685
15692
15697
15699
15702
15703
15707
15708
15710
15719
15731
15733
15738
15748
15749
15750
15751
15752
15753
15754
15759
15762
15765
15772
15773
15775
15776
15779
15783
15784
15785
15787
15792
15797
15799
15802
15804
15813
15816
15817
15820
15822
15830
15842
15843
15845
15846
15848
15852
15855
15861
15863
15872
15876
15878
15880
15882
15884
15887
15889
15890
15892
15897
15898
15900
15902
15904
15908
15915
15922
15925
15928
15929
15930
15931
15934
15935
15938
15943
15945
15948
15961
15962
15963
15967
15969
15970
15973
15974
15978
15979
15981
15985
15986
15989
15992
15997
16003
16004
16005
16006
16009
16014
16022
16026
16031
16036
16037
16038
16039
16043
16044
16046
16047
16048
16049
16051
16052
16056
16059
16062
16064
16066
16071
16072
16075
16077
16079
16085
16088
16094
16102
16103
16104
16107
16115
16116
16117
16119
16122
16129
16132
16133
16135
16136
16137
16142
16144
16151
16155
16160
16162
16164
16169
16173
16176
16180
16185
16197
16198
16200
16203
16205
16207
16210
16213
16214
16217
16220
16222
16223
16227
16228
16236
16238
16241
16243
16246
16247
16251
16256
16263
16265
16267
16268
16269
16270
16273
16275
16286
16288
16290
16294
16295
16298
16299
16300
16302
16305
16306
16314
16315
16316
16318
16319
16324
16325
16327
16328
16331
16344
16349
16350
16353
16358
16362
16364
16368
16369
16371
16373
16374
16377
16378
16379
16380
16381
16382
16384
16385
16386
16389
16390
16392
16393
16397
16408
16409
16410
16415
16417
16419
16420
16423
16425
16426
16427
16429
16436
16442
16446
16447
16457
16465
16466
16471
16474
16475
16476
16477
16487
16491
16493
16495
16498
16502
16508
16509
16511
16514
16515
16516
16518
16519
16532
16536
16540
16541
16542
16546
16547
16549
16552
16559
16561
16563
16565
16572
16575
16579
16581
16583
16584
16587
16593
16601
16602
16605
16608
16609
16614
16615
16622
16623
16630
16631
16644
16651
16657
16665
16666
16673
16676
16678
16680
16693
16695
16702
16704
16709
16711
16712
16719
16722
16728
16730
16733
16734
16735
16741
16745
16746
16748
16757
16763
16770
16772
16773
16775
16776
16778
16781
16792
16793
16795
16806
16809
16815
16820
16827
16833
16839
16840
16854
16856
16860
16861
16862
16864
16865
16871
16883
16887
16888
16889
16893
16895
16896
16897
16900
16902
16903
16904
16908
16911
16920
16922
16923
16925
16931
16934
16950
16951
16953
16956
16962
16964
16973
16975
16977
16979
16986
16988
16990
16994
16996
16997
17001
17003
17009
17014
17017
17018
17019
17023
17024
17026
17039
17041
17045
17049
17050
17054
17057
17058
17061
17065
17066
17068
17070
17072
17076
17079
17083
17085
17086
17088
17089
17090
17092
17094
17097
17102
17103
17104
17106
17111
17113
17114
17118
17121
17124
17126
17128
17137
17141
17143
17144
17145
17148
17155
17156
17157
17167
17170
17181
17182
17193
17199
17200
17203
17205
17206
17211
17214
17217
17219
17223
17224
17226
17227
17231
17232
17234
17235
17239
17240
17241
17243
17247
17250
17251
17253
17255
17256
17258
17260
17261
17262
17270
17272
17281
17283
17285
17289
17290
17300
17304
17309
17310
17314
17317
17319
17324
17325
17327
17331
17332
17334
17335
17337
17343
17344
17345
17346
17350
17359
17366
17367
17368
17370
17371
17377
17378
17380
17384
17385
17387
17391
17393
17397
17401
17404
17407
17408
17409
17416
17417
17419
17420
17421
17433
17437
17444
17445
17449
17461
17465
17467
17473
17474
17476
17479
17480
17482
17485
17486
17489
17493
17496
17497
17501
17503
17509
17513
17516
17519
17520
17521
17522
17527
17528
17529
17530
17533
17536
17538
17541
17546
17553
17556
17558
17559
17561
17573
17581
17583
17584
17585
17589
17590
17593
17595
17597
17598
17600
17601
17610
17612
17613
17615
17617
17623
17625
17630
17634
17637
17639
17640
17641
17645
17648
17650
17652
17654
17655
17656
17660
17662
17674
17679
17680
17684
17685
17688
17689
17690
17691
17693
17694
17699
17700
17702
17706
17713
17714
17716
17723
17728
17738
17743
17753
17754
17756
17763
17765
17766
17767
17768
17776
17777
17778
17780
17790
17791
17792
17800
17804
17807
17814
17816
17822
17823
17824
17832
17834
17841
17848
17852
17855
17860
17864
17866
17868
17869
17870
17872
17875
17877
17878
17880
17887
17889
17892
17893
17900
17902
17905
17907
17909
17911
17912
17915
17919
17920
17921
17923
17925
17927
17930
17933
17935
17938
17941
17942
17943
17946
17947
17949
17950
17951
17954
17955
17958
17959
17960
17966
17968
17970
17972
17974
17977
17978
17982
17984
17986
17987
17988
17992
17993
17994
17996
18001
18002
18003
18004
18005
18007
18008
18012
18019
18020
18021
18023
18024
18032
18034
18036
18041
18043
18047
18049
18051
18052
18053
18056
18059
18064
18076
18079
18080
18083
18084
18085
18090
18093
18094
18095
18097
18101
18102
18104
18105
18113
18115
18117
18119
18120
18121
18129
18130
18132
18137
18143
18144
18145
18147
18151
18162
18167
18169
18171
18172
18173
18174
18176
18178
18179
18184
18197
18201
18203
18204
18208
18209
18210
18214
18216
18217
18222
18224
18226
18227
18229
18231
18233
18235
18239
18241
18243
18246
18248
18250
18252
18254
18255
18256
18258
18260
18264
18276
18277
18279
18282
18284
18290
18291
18292
18293
18295
18304
18312
18314
18315
18325
18327
18329
18331
18333
18335
18338
18340
18348
18349
18354
18357
18359
18360
18362
18363
18366
18367
18369
18372
18373
18374
18380
18384
18385
18386
18389
18390
18395
18399
18403
18404
18411
18413
18415
18421
18424
18430
18436
18438
18442
18445
18449
18452
18456
18457
18462
18465
18466
18467
18468
18470
18471
18474
18480
18484
18488
18494
18495
18498
18500
18501
18505
18507
18511
18517
18520
18523
18525
18527
18528
18535
18536
18539
18540
18541
18543
18544
18546
18547
18549
18550
18552
18555
18559
18561
18562
18564
18566
18572
18574
18576
18578
18585
18586
18594
18596
18598
18600
18604
18607
18613
18615
18618
18619
18621
18623
18624
18627
18630
18634
18636
18637
18639
18640
18643
18644
18647
18649
18652
18654
18656
18658
18662
18664
18665
18671
18672
18673
18675
18676
18679
18680
18681
18682
18686
18693
18694
18698
18700
18702
18704
18715
18725
18726
18733
18737
18738
18743
18749
18750
18756
18761
18772
18774
18775
18777
18780
18783
18784
18788
18792
18793
18796
18797
18798
18799
18800
18801
18803
18809
18811
18813
18814
18821
18824
18826
18827
18832
18833
18836
18850
18853
18860
18861
18863
18864
18868
18871
18872
18873
18875
18876
18878
18881
18883
18888
18891
18892
18896
18898
18901
18902
18904
18905
18913
18914
18915
18918
18919
18925
18926
18929
18940
18953
18956
18957
18958
18960
18961
18962
18965
18969
18970
18973
18978
18981
18982
18983
18988
18991
18994
18996
18998
18999
19002
19007
19009
19013
19017
19018
19019
19029
19034
19035
19037
19042
19043
19044
19048
19051
19056
19058
19059
19060
19062
19066
19069
19070
19075
19076
19077
19082
19085
19086
19087
19088
19092
19094
19098
19099
19100
19103
19104
19109
19114
19115
19120
19123
19124
19126
19127
19129
19135
19142
19144
19145
19153
19154
19158
19159
19163
19165
19168
19178
19181
19191
19196
19199
19200
19206
19207
19210
19213
19217
19224
19226
19227
19228
19231
19233
19234
19237
19238
19239
19252
19253
19255
19258
19261
19266
19267
19270
19271
19277
19278
19279
19282
19283
19284
19288
19295
19301
19303
19304
19308
19313
19314
19315
19319
19322
19325
19326
19327
19328
19329
19331
19334
19335
19336
19340
19342
19343
19345
19348
19352
19356
19357
19360
19361
19364
19368
19369
19372
19373
19375
19376
19377
19379
19380
19384
19385
19387
19390
19400
19405
19408
19412
19414
19422
19427
19431
19437
19438
19445
19447
19450
19452
19457
19459
19485
19486
19487
19490
19491
19492
19493
19494
19504
19506
19508
19510
19527
19528
19531
19533
19541
19542
19544
19551
19552
19553
19555
19558
19560
19562
19565
19566
19567
19569
19579
19581
19583
19584
19585
19586
19589
19601
19605
19606
19608
19610
19611
19613
19614
19617
19620
19625
19626
19628
19629
19635
19636
19637
19641
19643
19644
19647
19651
19653
19654
19655
19657
19658
19659
19660
19663
19664
19667
19671
19672
19673
19675
19676
19678
19679
19680
19681
19682
19686
19687
19689
19692
19693
19698
19700
19702
19706
19709
19719
19720
19723
19726
19730
19731
19733
19734
19735
19736
19739
19744
19749
19750
19753
19756
19757
19761
19763
19764
19767
19768
19776
19781
19783
19787
19788
19790
19791
19793
19795
19798
19799
19801
19804
19806
19809
19812
19813
19817
19825
19828
19833
19834
19837
19838
19841
19844
19845
19846
19848
19852
19853
19854
19860
19861
19864
19869
19870
19872
19873
19874
19880
19881
19884
19886
19891
19894
19897
19899
19900
19912
19914
19916
19917
19919
19925
19927
19928
19931
19937
19941
19944
19946
19958
19959
19962
19963
19964
19965
19966
19967
19968
19971
19974
19976
19977
19982
19983
19984
19988
19993
19996
19998
19999
20000
20009
20013
20018
20019
20021
20024
20025
20031
20032
20037
20042
20043
20044
20047
20053
20056
20058
20061
20067
20069
20071
20072
20083
20086
20090
20094
20095
20096
20097
20106
20107
20112
20117
20121
20125
20127
20129
20132
20141
20144
20145
20147
20153
20154
20156
20159
20163
20167
20170
20172
20176
20183
20185
20186
20187
20189
20190
20191
20196
20202
20203
20205
20206
20208
20212
20216
20218
20220
20224
20229
20237
20240
20241
20243
20246
20249
20250
20254
20258
20268
20269
20270
20271
20274
20281
20284
20286
20288
20293
20296
20299
20300
20304
20309
20310
20314
20321
20322
20326
20327
20331
20334
20336
20339
20341
20342
20343
20348
20350
20351
20356
20361
20364
20365
20368
20374
20378
20380
20384
20387
20389
20392
20394
20406
20409
20411
20412
20419
20420
20421
20423
20425
20428
20431
20435
20436
20440
20444
20447
20453
20454
20456
20459
20462
20463
20472
20476
20477
20478
20479
20481
20482
20483
20485
20490
20493
20494
20495
20506
20507
20508
20513
20516
20517
20519
20524
20525
20526
20529
20530
20531
20532
20535
20536
20537
20539
20542
20543
20544
20551
20552
20555
20557
20558
20559
20560
20562
20568
20569
20572
20574
20575
20580
20584
20586
20589
20590
20593
20596
20597
20602
20603
20607
20608
20609
20610
20611
20612
20614
20616
20622
20631
20637
20644
20651
20653
20658
20661
20665
20666
20671
20673
20676
20679
20682
20686
20688
20691
20699
20702
20704
20713
20718
20720
20723
20725
20731
20732
20733
20734
20735
20736
20740
20741
20743
20744
20748
20750
20752
20753
20756
20757
20766
20767
20770
20771
20773
20776
20777
20786
20787
20793
20794
20795
20796
20799
20805
20807
20809
20810
20811
20814
20815
20820
20824
20825
20826
20831
20835
20837
20838
20840
20844
20848
20850
20852
20854
20860
20862
20863
20866
20872
20875
20877
20878
20879
20880
20883
20885
20887
20888
20889
20896
20897
20899
20900
20907
20910
20913
20915
20919
20926
20927
20932
20936
20939
20944
20948
20950
20952
20955
20961
20967
20972
20973
20974
20979
20980
20981
20983
20985
20986
20988
20991
20992
20998
20999
21000
21001
21003
21007
21013
21015
21017
21018
21019
21028
21029
21032
21036
21040
21041
21047
21048
21050
21054
21063
21066
21070
21071
21073
21075
21076
21077
21078
21079
21080
21088
21089
21091
21092
21094
21096
21097
21104
21108
21109
21114
21116
21118
21122
21123
21126
21127
21129
21130
21134
21137
21141
21142
21143
21145
21147
21150
21152
21155
21156
21158
21159
21160
21164
21167
21168
21171
21172
21179
21180
21181
21184
21185
21186
21190
21192
21194
21195
21197
21198
21203
21206
21207
21210
21211
21212
21215
21216
21218
21222
21226
21228
21234
21238
21243
21247
21249
21250
21252
21256
21257
21258
21261
21267
21269
21270
21273
21275
21276
21279
21283
21284
21291
21292
21293
21300
21302
21305
21308
21311
21312
21313
21314
21318
21323
21325
21327
21330
21331
21333
21343
21344
21350
21356
21357
21362
21363
21365
21369
21372
21373
21376
21377
21381
21384
21388
21389
21397
21399
21400
21403
21404
21405
21411
21413
21415
21419
21420
21421
21422
21427
21434
21436
21437
21439
21444
21449
21452
21453
21455
21457
21458
21460
21461
21465
21468
21474
21482
21485
21490
21491
21492
21493
21496
21503
21508
21512
21518
21525
21527
21531
21532
21536
21537
21538
21539
21540
21541
21543
21545
21550
21552
21554
21558
21575
21576
21577
21580
21582
21584
21589
21595
21596
21601
21602
21603
21606
21614
21615
21618
21628
21637
21638
21639
21641
21643
21644
21646
21648
21654
21655
21660
21661
21663
21666
21670
21671
21676
21678
21682
21684
21685
21687
21691
21694
21696
21698
21699
21701
21702
21703
21705
21706
21708
21709
21710
21712
21713
21724
21725
21726
21728
21729
21730
21731
21739
21740
21741
21744
21749
21750
21753
21756
21757
21761
21768
21770
21772
21779
21786
21791
21799
21800
21801
21805
21810
21814
21817
21818
21821
21824
21826
21827
21832
21833
21838
21842
21843
21847
21852
21853
21855
21856
21857
21859
21860
21862
21870
21871
21872
21873
21875
21879
21884
21892
21907
21908
21914
21920
21921
21924
21928
21931
21932
21935
21937
21944
21947
21949
21952
21953
21955
21957
21958
21960
21961
21966
21967
21973
21976
21981
21985
21987
21996
21997
21998
22000
22003
22008
22010
22012
22017
22028
22031
22034
22038
22044
22046
22056
22059
22062
22064
22070
22073
22075
22085
22087
22092
22093
22102
22106
22107
22108
22111
22112
22115
22118
22119
22120
22122
22124
22126
22130
22132
22133
22135
22136
22138
22139
22140
22142
22143
22146
22147
22148
22154
22156
22161
22170
22171
22173
22175
22176
22178
22179
22183
22187
22189
22191
22192
22196
22198
22199
22212
22215
22216
22218
22219
22222
22226
22228
22235
22236
22250
22252
22255
22257
22260
22263
22267
22269
22270
22271
22272
22274
22279
22280
22286
22289
22292
22293
22294
22297
22298
22302
22303
22304
22311
22321
22325
22328
22329
22331
22334
22338
22340
22344
22346
22354
22355
22356
22357
22362
22364
22368
22369
22370
22371
22372
22374
22377
22383
22385
22389
22390
22395
22396
22399
22400
22407
22412
22414
22416
22421
22422
22423
22425
22426
22434
22437
22441
22442
22454
22457
22458
22460
22461
22465
22466
22468
22469
22471
22472
22475
22483
22485
22487
22489
22493
22496
22498
22507
22508
22514
22516
22519
22521
22527
22528
22530
22532
22533
22534
22535
22536
22537
22541
22546
22547
22552
22553
22554
22558
22559
22560
22561
22567
22570
22571
22578
22579
22591
22594
22596
22604
22607
22612
22613
22614
22618
22619
22621
22624
22626
22629
22634
22635
22646
22654
22659
22663
22665
22666
22674
22675
22676
22682
22685
22691
22694
22699
22703
22716
22717
22721
22725
22726
22727
22728
22732
22735
22740
22752
22754
22759
22760
22761
22763
22768
22769
22771
22772
22778
22780
22781
22782
22784
22791
22793
22795
22796
22801
22803
22812
22818
22820
22826
22828
22831
22840
22841
22842
22844
22846
22849
22850
22852
22853
22859
22861
22862
22863
22865
22867
22872
22873
22875
22890
22894
22896
22897
22898
22910
22911
22914
22915
22919
22921
22925
22935
22945
22951
22954
22958
22959
22964
22967
22969
22971
22976
22977
22978
22982
22988
22991
23004
23009
23011
23012
23015
23016
23018
23020
23026
23030
23032
23036
23038
23040
23044
23045
23047
23050
23052
23053
23054
23055
23056
23059
23062
23064
23065
23067
23070
23075
23076
23078
23080
23081
23082
23084
23085
23088
23089
23093
23105
23108
23109
23114
23115
23118
23122
23127
23128
23130
23133
23134
23140
23142
23153
23154
23156
23158
23169
23173
23174
23178
23181
23182
23186
23188
23190
23192
23194
23195
23196
23199
23210
23212
23218
23219
23223
23226
23227
23228
23230
23234
23241
23242
23243
23244
23245
23246
23247
23252
23253
23262
23264
23265
23272
23274
23275
23281
23283
23285
23287
23290
23295
23296
23299
23303
23306
23308
23313
23314
23318
23320
23329
23332
23337
23341
23362
23363
23364
23368
23373
23374
23376
23384
23385
23388
23393
23394
23399
23401
23402
23404
23405
23409
23412
23416
23420
23421
23422
23424
23430
23432
23442
23445
23449
23450
23454
23455
23456
23459
23462
23467
23469
23472
23476
23477
23480
23482
23484
23487
23488
23492
23494
23500
23501
23505
23506
23509
23510
23513
23514
23519
23522
23524
23526
23529
23530
23531
23533
23534
23542
23543
23544
23554
23559
23562
23563
23564
23565
23569
23575
23583
23587
23593
23601
23605
23606
23607
23608
23609
23611
23613
23614
23617
23618
23620
23621
23625
23630
23631
23632
23635
23638
23640
23645
23647
23649
23650
23651
23653
23654
23656
23657
23662
23664
23666
23669
23672
23673
23674
23676
23683
23684
23685
23688
23689
23690
23697
23700
23704
23708
23709
23712
23714
23716
23717
23721
23723
23726
23730
23733
23736
23737
23738
23741
23742
23743
23749
23750
23758
23760
23761
23763
23767
23768
23770
23771
23777
23780
23785
23788
23789
23800
23801
23808
23809
23811
23812
23814
23816
23818
23819
23820
23826
23827
23829
23831
23836
23837
23840
23841
23846
23848
23853
23854
23857
23860
23865
23867
23869
23873
23874
23887
23888
23897
23909
23911
23913
23921
23922
23925
23934
23936
23938
23940
23943
23947
23948
23958
23959
23960
23962
23965
23966
23967
23971
23972
23974
23976
23981
23982
23986
24002
24007
24009
24013
24014
24016
24024
24034
24038
24042
24047
24048
24049
24055
24057
24058
24059
24069
24071
24072
24073
24074
24080
24081
24085
24087
24088
24091
24096
24098
24100
24106
24112
24118
24120
24122
24124
24126
24129
24132
24135
24137
24140
24145
24154
24155
24158
24159
24165
24171
24174
24175
24176
24177
24181
24184
24186
24187
24190
24191
24195
24196
24197
24202
24204
24209
24211
24212
24217
24218
24219
24221
24224
24226
24233
24236
24240
24243
24246
24248
24251
24258
24260
24262
24263
24265
24267
24272
24273
24275
24277
24279
24283
24285
24294
24299
24300
24302
24303
24304
24307
24311
24314
24315
24318
24326
24327
24330
24331
24337
24339
24344
24345
24352
24355
24357
24358
24359
24361
24365
24369
24370
24372
24377
24380
24386
24388
24395
24397
24399
24402
24404
24407
24408
24409
24411
24420
24421
24427
24431
24432
24433
24435
24439
24443
24445
24448
24451
24452
24453
24454
24456
24457
24458
24459
24462
24463
24464
24466
24468
24470
24472
24476
24481
24483
24485
24487
24489
24498
24502
24503
24504
24507
24517
24518
24521
24523
24524
24525
24527
24530
24531
24534
24537
24540
24541
24544
24545
24552
24553
24556
24557
24560
24563
24565
24570
24573
24577
24580
24583
24585
24587
24588
24591
24592
24594
24596
24598
24600
24603
24606
24609
24610
24618
24619
24620
24625
24626
24629
24635
24638
24639
24642
24645
24649
24650
24654
24655
24659
24660
24663
24666
24671
24672
24675
24677
24679
24681
24684
24686
24687
24688
24695
24706
24707
24709
24711
24712
24715
24717
24718
24720
24722
24727
24728
24732
24734
24737
24739
24743
24748
24750
24754
24755
24757
24758
24759
24763
24764
24766
24771
24779
24785
24786
24796
24797
24800
24801
24806
24807
24814
24817
24819
24825
24827
24832
24833
24834
24836
24837
24840
24844
24846
24847
24850
24855
24856
24858
24859
24862
24863
24866
24867
24874
24878
24883
24887
24890
24893
24895
24896
24898
24903
24904
24905
24908
24911
24913
24916
24917
24920
24922
24926
24928
24930
24933
24934
24936
24941
24943
24947
24949
24951
24960
24961
24962
24965
24970
24973
24974
24975
24979
24983
24984
24988
24990
24993
24994
24996
24998
24999
25001
25002
25005
25006
25007
25009
25011
25013
25019
25020
25026
25029
25033
25035
25036
25039
25041
25042
25048
25059
25061
25064
25066
25067
25068
25070
25073
25076
25078
25080
25082
25086
25087
25090
25096
25097
25098
25101
25102
25103
25104
25111
25112
25121
25123
25131
25132
25136
25137
25138
25139
25141
25146
25153
25155
25160
25161
25162
25163
25164
25165
25167
25168
25169
25170
25171
25175
25176
25177
25180
25184
25187
25188
25193
25197
25204
25206
25209
25211
25212
25214
25215
25216
25217
25218
25219
25222
25223
25224
25232
25233
25234
25235
25244
25246
25247
25252
25253
25256
25261
25266
25268
25269
25270
25275
25278
25285
25288
25289
25292
25294
25300
25302
25304
25307
25312
25319
25325
25331
25333
25339
25346
25347
25350
25351
25354
25355
25361
25369
25370
25373
25377
25384
25388
25389
25391
25392
25394
25396
25398
25400
25403
25414
25430
25432
25433
25434
25435
25437
25442
25445
25452
25453
25455
25456
25457
25458
25460
25465
25466
25467
25469
25470
25478
25480
25482
25483
25484
25486
25493
25496
25498
25500
25501
25502
25503
25505
25515
25521
25524
25526
25530
25531
25534
25538
25540
25544
25548
25553
25555
25557
25558
25563
25565
25575
25578
25583
25586
25588
25590
25598
25599
25600
25601
25603
25605
25606
25608
25611
25614
25617
25624
25626
25628
25630
25631
25632
25633
25634
25636
25640
25643
25645
25646
25648
25649
25663
25672
25673
25677
25680
25684
25687
25690
25695
25701
25703
25705
25708
25709
25717
25722
25725
25731
25733
25736
25741
25742
25744
25745
25747
25748
25749
25751
25752
25754
25759
25760
25771
25773
25776
25777
25781
25788
25791
25796
25797
25802
25804
25806
25807
25811
25814
25816
25822
25824
25826
25831
25832
25833
25834
25838
25842
25844
25848
25856
25858
25860
25863
25864
25866
25870
25872
25873
25874
25880
25882
25884
25886
25890
25894
25896
25903
25906
25907
25910
25912
25916
25917
25921
25924
25925
25926
25928
25932
25935
25936
25938
25939
25945
25948
25951
25955
25957
25966
25967
25968
25972
25974
25975
25976
25977
25982
25993
25994
25995
25996
25998
26001
26002
26003
26010
26011
26013
26014
26017
26018
26020
26022
26023
26027
26029
26040
26041
26044
26047
26048
26049
26050
26053
26054
26061
26064
26071
26074
26075
26079
26081
26085
26089
26091
26092
26093
26095
26096
26097
26098
26099
26102
26103
26109
26113
26114
26115
26117
26127
26128
26130
26131
26132
26139
26141
26143
26144
26148
26156
26160
26161
26163
26164
26167
26170
26171
26175
26176
26177
26189
26191
26193
26201
26206
26210
26215
26217
26218
26225
26227
26229
26230
26234
26236
26240
26243
26244
26251
26252
26253
26254
26255
26256
26257
26260
26262
26263
26265
26267
26269
26270
26271
26275
26276
26282
26287
26289
26290
26298
26300
26305
26307
26308
26310
26314
26316
26320
26321
26322
26324
26326
26327
26331
26332
26337
26342
26345
26346
26347
26349
26354
26360
26362
26363
26365
26366
26371
26378
26386
26388
26390
26394
26398
26401
26406
26407
26409
26411
26418
26422
26423
26426
26427
26428
26429
26435
26436
26438
26439
26447
26453
26461
26464
26465
26470
26472
26473
26474
26476
26481
26482
26488
26489
26492
26495
26497
26502
26504
26505
26507
26509
26512
26513
26515
26518
26527
26533
26544
26545
26546
26548
26550
26560
26563
26565
26569
26571
26572
26574
26575
26585
26587
26591
26594
26597
26598
26609
26611
26612
26613
26615
26621
26626
26629
26630
26632
26634
26635
26641
26642
26648
26656
26658
26665
26667
26673
26677
26678
26681
26682
26684
26685
26691
26692
26705
26710
26711
26712
26713
26714
26716
26727
26738
26740
26741
26746
26747
26752
26755
26758
26761
26763
26764
26771
26772
26773
26777
26778
26779
26781
26789
26790
26794
26795
26796
26801
26804
26806
26813
26816
26817
26818
26820
26822
26824
26832
26834
26837
26845
26848
26852
26853
26856
26857
26864
26868
26872
26876
26879
26886
26889
26890
26894
26895
26916
26920
26921
26922
26924
26926
26928
26941
26942
26950
26951
26953
26954
26957
26969
26974
26975
26977
26980
26981
26982
26983
26985
26991
26996
27000
27001
27002
27004
27008
27010
27014
27019
27020
27022
27023
27026
27028
27029
27039
27042
27043
27045
27049
27054
27059
27060
27062
27063
27067
27069
27070
27073
27074
27077
27079
27081
27082
27085
27086
27092
27093
27095
27103
27104
27108
27112
27115
27116
27117
27119
27123
27127
27128
27130
27131
27133
27134
27135
27143
27144
27146
27152
27153
27160
27162
27164
27165
27166
27168
27172
27173
27178
27188
27189
27190
27193
27198
27200
27202
27205
27207
27209
27216
27222
27223
27225
27229
27230
27237
27238
27242
27246
27248
27251
27252
27253
27255
27258
27259
27260
27261
27262
27264
27274
27277
27278
27279
27282
27283
27284
27285
27286
27287
27290
27295
27296
27297
27298
27300
27301
27313
27318
27319
27321
27322
27323
27325
27328
27332
27334
27336
27337
27338
27343
27347
27350
27351
27359
27360
27366
27373
27376
27379
27383
27386
27398
27399
27400
27402
27403
27404
27405
27407
27408
27409
27410
27411
27413
27415
27421
27431
27435
27437
27439
27445
27448
27449
27458
27459
27460
27463
27465
27466
27467
27469
27474
27475
27479
27483
27493
27497
27498
27501
27502
27504
27506
27511
27513
27514
27517
27519
27526
27528
27529
27533
27534
27536
27541
27548
27554
27556
27558
27567
27569
27575
27581
27582
27585
27588
27589
27591
27592
27594
27595
27596
27597
27599
27601
27606
27607
27617
27618
27624
27627
27634
27635
27637
27638
27639
27640
27644
27645
27648
27650
27651
27656
27657
27660
27666
27671
27676
27679
27680
27681
27684
27686
27687
27690
27691
27693
27694
27696
27701
27703
27705
27711
27713
27716
27717
27718
27721
27722
27724
27725
27726
27727
27730
27732
27733
27738
27740
27746
27748
27749
27757
27758
27759
27762
27765
27767
27770
27771
27772
27774
27775
27776
27783
27786
27788
27789
27791
27792
27793
27795
27799
27800
27801
27805
27807
27820
27826
27833
27837
27840
27841
27843
27845
27847
27851
27854
27861
27862
27865
27868
27872
27875
27879
27884
27885
27898
27899
27908
27911
27912
27918
27919
27923
27925
27929
27932
27934
27936
27938
27939
27942
27944
27948
27949
27951
27952
27961
27963
27966
27968
27972
27975
27982
27987
27988
27990
27991
27992
27993
27997
28005
28009
28013
28016
28017
28019
28020
28023
28025
28027
28028
28029
28031
28034
28036
28041
28043
28044
28046
28056
28059
28060
28069
28071
28074
28077
28082
28084
28087
28089
28090
28101
28103
28108
28111
28112
28114
28116
28121
28122
28125
28130
28133
28135
28136
28140
28141
28144
28149
28150
28151
28157
28158
28162
28164
28166
28173
28174
28181
28184
28185
28186
28187
28193
28201
28204
28207
28209
28210
28215
28218
28219
28220
28221
28223
28225
28227
28233
28234
28236
28239
28241
28242
28244
28249
28251
28252
28255
28262
28265
28266
28267
28273
28277
28278
28279
28280
28292
28294
28297
28298
28301
28303
28307
28308
28309
28312
28313
28314
28316
28320
28324
28325
28328
28334
28335
28337
28342
28343
28344
28347
28352
28364
28367
28371
28372
28373
28375
28378
28384
28387
28401
28405
28407
28411
28414
28418
28420
28423
28424
28427
28429
28430
28433
28436
28440
28446
28447
28449
28452
28453
28455
28458
28459
28462
28463
28464
28467
28474
28479
28486
28490
28492
28500
28501
28504
28506
28507
28515
28517
28518
28520
28521
28523
28530
28531
28532
28533
28534
28535
28539
28540
28545
28552
28553
28558
28559
28561
28562
28563
28564
28565
28566
28570
28573
28577
28578
28581
28582
28584
28585
28588
28593
28599
28601
28608
28609
28620
28621
28625
28630
28632
28635
28636
28640
28645
28646
28652
28655
28662
28665
28666
28670
28671
28672
28678
28683
28686
28688
28689
28693
28696
28701
28703
28708
28711
28712
28715
28716
28719
28721
28722
28732
28734
28738
28739
28740
28741
28742
28743
28748
28749
28751
28760
28761
28762
28764
28767
28768
28770
28774
28777
28778
28780
28788
28793
28797
28801
28806
28809
28812
28813
28815
28818
28820
28826
28827
28829
28835
28838
28841
28842
28847
28850
28851
28854
28855
28856
28859
28862
28863
28864
28866
28870
28873
28874
28878
28880
28881
28883
28889
28890
28894
28897
28902
28903
28908
28920
28923
28925
28926
28935
28936
28939
28943
28946
28948
28949
28952
28956
28957
28958
28959
28960
28961
28962
28963
28968
28969
28970
28972
28973
28976
28977
28979
28980
28981
28990
28991
28992
28993
28999
29000
29002
29003
29004
29008
29014
29017
29029
29031
29032
29033
29036
29038
29039
29041
29042
29045
29057
29058
29060
29067
29069
29074
29075
29076
29080
29083
29085
29088
29090
29091
29094
29095
29096
29097
29099
29104
29107
29110
29111
29112
29113
29118
29119
29123
29124
29129
29131
29135
29138
29142
29143
29146
29151
29152
29153
29156
29157
29158
29164
29167
29170
29171
29175
29177
29180
29186
29192
29193
29195
29199
29200
29201
29203
29207
29211
29213
29214
29218
29221
29223
29224
29225
29227
29229
29232
29235
29239
29241
29243
29245
29246
29247
29257
29258
29264
29268
29269
29270
29271
29273
29274
29277
29278
29279
29280
29282
29290
29299
29300
29303
29305
29309
29316
29326
29327
29336
29353
29355
29359
29366
29371
29377
29378
29381
29388
29390
29391
29392
29395
29399
29400
29402
29408
29413
29415
29416
29418
29419
29420
29421
29423
29428
29430
29434
29436
29438
29439
29443
29445
29446
29447
29450
29451
29452
29455
29457
29459
29462
29463
29464
29469
29472
29473
29475
29477
29481
29482
29486
29487
29489
29494
29495
29497
29498
29508
29510
29514
29515
29518
29524
29525
29527
29533
29534
29538
29541
29542
29543
29548
29549
29552
29555
29556
29564
29565
29566
29575
29584
29588
29589
29591
29593
29596
29599
29602
29604
29605
29616
29620
29621
29622
29625
29627
29629
29633
29635
29639
29642
29643
29646
29648
29649
29650
29651
29657
29659
29661
29662
29664
29669
29671
29672
29673
29677
29686
29694
29697
29700
29702
29704
29706
29709
29712
29714
29716
29718
29720
29722
29723
29727
29729
29730
29732
29734
29735
29736
29737
29743
29744
29748
29754
29755
29756
29757
29758
29767
29772
29773
29776
29777
29779
29783
29784
29791
29794
29795
29796
29797
29798
29799
29800
29803
29804
29806
29807
29808
29817
29818
29819
29820
29831
29833
29834
29840
29841
29846
29847
29849
29857
29870
29872
29879
29880
29884
29885
29886
29888
29896
29897
29898
29901
29904
29905
29913
29914
29918
29919
29920
29925
29933
29935
29936
29939
29942
29943
29944
29945
29946
29949
29952
29955
29957
29958
29962
29964
29965
29971
29975
29978
29984
29985
29986
29987
29994
29996
29998
29999
30000
30001
30004
30006
30007
30014
30015
30017
30018
30021
30025
30026
30028
30031
30034
30038
30039
30042
30044
30045
30053
30054
30057
30058
30062
30064
30066
30069
30071
30074
30075
30078
30080
30087
30089
30093
30095
30099
30102
30105
30106
30108
30112
30118
30119
30122
30124
30129
30130
30133
30142
30151
30152
30157
30159
30161
30162
30166
30169
30170
30172
30178
30184
30185
30186
30187
30188
30192
30193
30195
30196
30199
30200
30201
30202
30206
30207
30209
30210
30211
30214
30219
30221
30222
30223
30227
30229
30230
30234
30235
30236
30238
30241
30252
30254
30256
30257
30260
30262
30271
30274
30276
30279
30280
30281
30285
30287
30288
30291
30294
30295
30302
30305
30306
30308
30309
30318
30322
30323
30324
30325
30327
30330
30333
30335
30337
30343
30344
30346
30347
30350
30365
30367
30371
30372
30374
30376
30377
30381
30384
30385
30387
30388
30392
30393
30394
30403
30405
30406
30409
30410
30419
30422
30423
30424
30426
30428
30434
30437
30444
30449
30450
30451
30454
30455
30456
30458
30462
30464
30465
30466
30469
30470
30471
30473
30476
30478
30480
30490
30493
30497
30498
30500
30509
30519
30520
30521
30528
30531
30533
30534
30540
30541
30543
30544
30556
30560
30561
30568
30570
30574
30575
30576
30578
30585
30592
30593
30594
30597
30602
30606
30608
30610
30614
30617
30621
30624
30627
30630
30631
30637
30641
30650
30664
30671
30672
30674
30676
30680
30685
30688
30692
30695
30696
30699
30700
30701
30702
30708
30714
30716
30719
30720
30727
30728
30731
30733
30737
30741
30743
30749
30750
30751
30752
30753
30755
30762
30768
30770
30773
30774
30780
30782
30785
30786
30789
30790
30792
30793
30794
30796
30799
30802
30809
30810
30811
30812
30814
30815
30817
30818
30822
30834
30835
30837
30840
30844
30845
30846
30847
30848
30850
30853
30854
30855
30856
30863
30866
30868
30873
30874
30879
30881
30890
30891
30893
30894
30898
30899
30907
30911
30912
30916
30917
30922
30924
30927
30931
30933
30936
30937
30939
30940
30944
30947
30951
30953
30954
30959
30962
30964
30968
30970
30976
30986
30987
30993
30996
30997
31001
31007
31009
31010
31013
31015
31020
31021
31024
31025
31026
31027
31030
31032
31034
31035
31036
31042
31046
31047
31048
31049
31052
31054
31055
31057
31058
31059
31063
31070
31077
31081
31090
31091
31092
31095
31096
31102
31103
31104
31108
31110
31115
31118
31120
31121
31122
31135
31138
31142
31143
31144
31147
31148
31151
31160
31162
31169
31170
31173
31174
31175
31176
31177
31183
31184
31185
31186
31189
31195
31197
31198
31201
31203
31205
31207
31209
31210
31211
31212
31214
31222
31223
31228
31229
31230
31231
31234
31236
31241
31244
31246
31247
31248
31249
31251
31252
31257
31258
31259
31265
31267
31268
31269
31279
31283
31286
31287
31290
31299
31300
31306
31308
31312
31319
31321
31324
31325
31335
31338
31342
31344
31345
31347
31350
31354
31358
31361
31368
31369
31371
31372
31373
31374
31376
31379
31385
31386
31390
31392
31393
31396
31398
31400
31402
31404
31407
31409
31411
31417
31423
31424
31425
31434
31436
31439
31443
31444
31447
31454
31455
31468
31469
31470
31478
31481
31485
31486
31487
31489
31495
31500
31506
31508
31510
31512
31517
31518
31520
31530
31534
31537
31541
31546
31548
31553
31555
31556
31557
31560
31563
31565
31566
31571
31578
31583
31586
31588
31591
31592
31595
31596
31599
31600
31604
31607
31612
31617
31619
31621
31623
31624
31627
31631
31632
31634
31636
31638
31642
31646
31649
31650
31653
31655
31659
31662
31667
31671
31672
31673
31676
31684
31686
31695
31697
31701
31702
31703
31706
31709
31713
31719
31726
31729
31730
31731
31732
31734
31735
31736
31741
31742
31746
31749
31752
31754
31758
31759
31762
31763
31765
31766
31769
31778
31779
31782
31788
31797
31798
31801
31804
31807
31809
31810
31812
31813
31818
31820
31823
31826
31827
31828
31840
31841
31845
31849
31857
31859
31860
31864
31865
31868
31869
31873
31874
31881
31882
31883
31884
31885
31891
31892
31894
31895
31896
31897
31903
31904
31906
31913
31914
31918
31928
31929
31931
31935
31938
31939
31943
31945
31948
31949
31952
31954
31958
31970
31971
31972
31975
31978
31984
31989
31995
31996
31998
31999
32001
32002
32005
32016
32018
32019
32020
32021
32022
32027
32029
32033
32035
32040
32045
32046
32047
32051
32052
32053
32054
32058
32061
32062
32069
32077
32078
32082
32083
32084
32087
32089
32100
32102
32105
32106
32108
32118
32119
32124
32125
32127
32129
32130
32132
32136
32141
32143
32145
32146
32148
32149
32151
32152
32156
32157
32162
32165
32166
32168
32170
32174
32175
32178
32180
32184
32191
32193
32196
32204
32207
32208
32209
32215
32218
32220
32222
32223
32225
32227
32228
32231
32236
32239
32241
32243
32244
32245
32246
32247
32255
32256
32258
32266
32271
32273
32276
32283
32284
32287
32296
32298
32299
32306
32307
32308
32312
32314
32317
32325
32328
32331
32332
32336
32338
32339
32341
32343
32345
32347
32349
32355
32356
32361
32362
32369
32370
32375
32376
32381
32382
32384
32385
32387
32388
32389
32390
32394
32398
32399
32407
32408
32409
32414
32420
32421
32423
32426
32429
32432
32433
32434
32435
32438
32441
32442
32451
32452
32453
32458
32459
32460
32461
32463
32465
32471
32473
32477
32481
32486
32491
32492
32493
32495
32501
32502
32503
32514
32515
32517
32519
32527
32529
32531
32532
32535
32544
32550
32553
32568
32573
32574
32578
32580
32584
32589
32592
32595
32596
32599
32605
32606
32607
32611
32612
32614
32615
32617
32619
32624
32625
32630
32632
32634
32639
32644
32645
32647
32650
32654
32661
32662
32666
32669
32675
32679
32683
32684
32686
32687
32688
32691
32695
32696
32697
32700
32702
32705
32709
32711
32715
32716
32717
32718
32722
32729
32730
32731
32740
32741
32742
32747
32748
32754
32755
32756
32757
32758
32760
32762
32764
32768
32771
32773
32782
32784
32785
32789
32792
32796
32798
32799
32806
32809
32810
32811
32813
32819
32823
32836
32839
32841
32850
32857
32858
32863
32866
32867
32870
32874
32881
32883
32884
32885
32887
32888
32889
32890
32898
32899
32901
32903
32904
32905
32910
32911
32913
32914
32918
32919
32920
32923
32924
32925
32930
32933
32936
32939
32940
32949
32951
32953
32954
32955
32958
32960
32968
32974
32975
32978
32980
32983
32986
32988
32989
32992
32993
32995
32997
33001
33002
33005
33013
33014
33018
33019
33021
33023
33037
33038
33042
33043
33044
33046
33053
33056
33057
33063
33065
33066
33071
33072
33075
33077
33080
33081
33082
33083
33089
33097
33103
33104
33113
33114
33118
33122
33123
33124
33126
33127
33131
33132
33134
33137
33143
33147
33148
33153
33154
33157
33158
33160
33165
33169
33170
33176
33183
33184
33200
33201
33204
33206
33207
33208
33213
33220
33222
33224
33225
33230
33231
33233
33234
33238
33245
33246
33247
33248
33253
33254
33256
33258
33259
33262
33263
33265
33266
33267
33268
33270
33271
33275
33280
33281
33287
33288
33289
33304
33307
33308
33309
33314
33316
33324
33327
33331
33332
33333
33336
33337
33338
33340
33341
33344
33346
33349
33351
33365
33367
33368
33376
33382
33384
33385
33392
33393
33397
33404
33406
33414
33420
33439
33444
33447
33450
33451
33452
33455
33459
33462
33466
33467
33474
33475
33476
33477
33481
33482
33483
33486
33490
33491
33495
33497
33500
33504
33506
33508
33510
33512
33516
33522
33524
33525
33527
33532
33535
33537
33540
33541
33567
33571
33573
33577
33583
33585
33587
33588
33590
33592
33595
33596
33597
33606
33607
33609
33622
33625
33628
33632
33635
33636
33637
33638
33642
33643
33647
33650
33651
33652
33657
33664
33675
33676
33678
33680
33688
33689
33694
33695
33698
33701
33705
33706
33712
33713
33717
33720
33724
33733
33735
33744
33745
33749
33751
33768
33769
33775
33776
33779
33780
33784
33785
33791
33801
33804
33805
33810
33816
33824
33826
33831
33833
33836
33838
33840
33846
33847
33849
33856
33857
33858
33860
33870
33873
33875
33878
33880
33882
33884
33896
33898
33900
33901
33904
33905
33914
33919
33922
33926
33930
33931
33936
33940
33944
33947
33948
33950
33954
33957
33958
33961
33962
33966
33976
33979
33982
33985
33986
33988
33990
33992
33993
33997
33999
34001
34006
34007
34009
34010
34011
34017
34019
34022
34031
34033
34034
34038
34042
34044
34050
34053
34056
34057
34058
34059
34060
34062
34063
34064
34067
34068
34073
34074
34075
34082
34083
34097
34098
34100
34101
34107
34109
34116
34117
34118
34119
34120
34121
34123
34124
34125
34135
34137
34139
34140
34143
34144
34149
34151
34153
34160
34163
34166
34168
34173
34175
34177
34188
34193
34194
34195
34207
34208
34212
34227
34230
34231
34232
34241
34245
34246
34247
34253
34256
34257
34258
34259
34260
34261
34264
34267
34271
34275
34278
34280
34281
34282
34283
34284
34286
34287
34288
34291
34292
34294
34296
34297
34298
34301
34305
34307
34308
34309
34311
34316
34325
34328
34331
34332
34337
34338
34339
34345
34346
34348
34356
34357
34359
34361
34365
34366
34370
34371
34379
34382
34383
34385
34391
34394
34403
34404
34409
34410
34411
34412
34419
34421
34423
34424
34426
34432
34434
34437
34439
34444
34449
34451
34454
34459
34460
34461
34462
34468
34472
34475
34477
34484
34488
34491
34497
34498
34500
34501
34503
34506
34508
34509
34516
34520
34522
34524
34527
34531
34532
34533
34540
34554
34555
34559
34562
34566
34567
34571
34573
34576
34579
34581
34584
34587
34588
34589
34592
34596
34610
34613
34614
34621
34623
34629
34637
34639
34657
34658
34659
34664
34665
34669
34674
34676
34677
34683
34688
34690
34695
34696
34698
34705
34707
34708
34710
34711
34719
34721
34722
34723
34729
34733
34739
34744
34747
34750
34757
34760
34761
34763
34764
34765
34766
34767
34770
34772
34773
34775
34779
34789
34791
34792
34794
34801
34802
34803
34807
34808
34810
34816
34817
34818
34827
34830
34836
34842
34844
34846
34849
34855
34858
34860
34861
34871
34873
34877
34879
34880
34883
34884
34885
34887
34889
34891
34892
34895
34896
34897
34898
34899
34901
34903
34908
34911
34912
34913
34914
34919
34921
34926
34928
34939
34940
34943
34944
34949
34958
34961
34962
34966
34967
34971
34972
34973
34975
34981
34982
34989
34992
34995
34996
35002
35003
35004
35005
35007
35008
35014
35015
35017
35020
35023
35024
35028
35031
35035
35037
35039
35044
35045
35046
35050
35055
35059
35060
35063
35068
35069
35071
35075
35081
35082
35085
35089
35092
35094
35095
35101
35102
35103
35104
35107
35110
35116
35118
35119
35121
35122
35124
35128
35130
35134
35137
35139
35141
35142
35144
35146
35147
35150
35152
35154
35155
35156
35157
35164
35170
35172
35174
35185
35186
35188
35190
35195
35201
35202
35205
35209
35215
35216
35217
35218
35221
35226
35227
35228
35229
35231
35232
35233
35234
35235
35240
35241
35242
35249
35251
35252
35253
35255
35256
35258
35266
35269
35272
35273
35275
35276
35277
35284
35285
35287
35296
35297
35298
35300
35307
35308
35311
35321
35322
35331
35334
35336
35337
35339
35342
35343
35344
35348
35349
35350
35351
35353
35355
35364
35365
35367
35368
35371
35373
35374
35378
35380
35384
35385
35386
35388
35394
35397
35399
35402
35403
35404
35413
35418
35424
35425
35426
35427
35430
35433
35439
35441
35443
35454
35456
35464
35465
35466
35471
35478
35482
35483
35484
35486
35487
35490
35492
35494
35500
35501
35506
35509
35518
35520
35523
35528
35529
35531
35533
35535
35538
35544
35549
35551
35552
35555
35559
35560
35568
35569
35570
35572
35573
35574
35588
35591
35593
35594
35598
35600
35603
35605
35606
35613
35614
35616
35618
35620
35626
35628
35629
35630
35632
35633
35651
35656
35657
35659
35674
35679
35680
35682
35685
35686
35688
35690
35693
35699
35711
35713
35722
35724
35741
35748
35754
35755
35758
35763
35764
35765
35771
35774
35775
35777
35778
35783
35784
35788
35791
35792
35793
35800
35805
35806
35807
35809
35810
35814
35818
35819
35820
35821
35822
35823
35825
35827
35829
35833
35851
35853
35856
35857
35858
35866
35868
35870
35882
35883
35885
35888
35890
35893
35895
35901
35905
35909
35910
35912
35914
35920
35922
35923
35927
35928
35937
35941
35942
35943
35944
35949
35950
35962
35966
35969
35971
35972
35985
35993
35994
35997
36000
36001
36003
36014
36017
36018
36022
36026
36031
36033
36034
36035
36042
36044
36046
36049
36050
36051
36052
36053
36055
36060
36064
36066
36067
36070
36074
36075
36077
36080
36082
36086
36089
36091
36099
36102
36107
36109
36111
36117
36125
36127
36128
36130
36132
36136
36138
36139
36140
36142
36143
36145
36148
36149
36150
36152
36154
36155
36160
36161
36169
36170
36174
36175
36178
36179
36180
36181
36182
36184
36185
36186
36192
36196
36200
36208
36210
36213
36216
36221
36223
36225
36229
36231
36232
36234
36235
36238
36239
36243
36247
36249
36256
36258
36260
36261
36264
36267
36268
36272
36275
36279
36280
36281
36284
36292
36298
36301
36308
36311
36314
36316
36317
36320
36321
36325
36326
36327
36333
36337
36338
36340
36341
36342
36343
36344
36346
36352
36353
36354
36355
36356
36359
36366
36368
36372
36377
36378
36382
36384
36389
36394
36395
36400
36416
36420
36422
36424
36425
36428
36434
36441
36447
36455
36459
36461
36462
36466
36467
36468
36469
36477
36481
36482
36485
36486
36492
36493
36499
36500
36502
36503
36505
36511
36512
36522
36524
36525
36530
36532
36535
36539
36540
36546
36548
36549
36550
36551
36558
36562
36566
36568
36570
36573
36574
36578
36580
36585
36588
36591
36592
36593
36596
36598
36600
36601
36602
36603
36610
36612
36614
36616
36620
36621
36624
36628
36629
36630
36632
36634
36636
36640
36642
36644
36651
36653
36654
36657
36664
36669
36671
36675
36686
36688
36690
36692
36694
36697
36698
36702
36707
36709
36710
36722
36723
36727
36730
36731
36732
36736
36744
36745
36749
36752
36754
36756
36758
36759
36762
36763
36765
36767
36768
36773
36776
36781
36782
36783
36787
36789
36792
36795
36803
36804
36807
36808
36809
36810
36819
36820
36823
36824
36829
36830
36832
36834
36840
36842
36847
36848
36849
36853
36856
36858
36862
36863
36865
36872
36876
36877
36886
36887
36889
36891
36896
36900
36902
36903
36906
36907
36910
36911
36912
36915
36916
36920
36930
36932
36936
36937
36938
36940
36943
36944
36945
36947
36949
36952
36956
36959
36960
36961
36970
36973
36976
36978
36987
36994
37000
37006
37014
37017
37020
37022
37024
37027
37028
37030
37037
37042
37043
37047
37048
37049
37053
37054
37056
37060
37063
37064
37065
37066
37067
37068
37070
37074
37077
37081
37083
37088
37097
37099
37101
37102
37104
37105
37114
37116
37121
37132
37135
37136
37138
37139
37144
37148
37149
37151
37152
37154
37155
37161
37164
37168
37170
37172
37174
37175
37176
37178
37182
37184
37189
37190
37195
37196
37197
37200
37201
37210
37212
37213
37218
37221
37223
37227
37229
37230
37231
37234
37235
37236
37237
37239
37240
37243
37244
37249
37253
37255
37259
37264
37265
37268
37271
37272
37276
37279
37280
37284
37286
37294
37296
37299
37300
37301
37303
37304
37310
37311
37312
37316
37318
37323
37333
37334
37339
37341
37345
37346
37349
37357
37360
37362
37363
37364
37366
37369
37370
37371
37373
37376
37378
37379
37380
37381
37383
37387
37390
37393
37397
37399
37404
37407
37414
37419
37421
37423
37426
37430
37431
37435
37436
37439
37441
37442
37443
37445
37447
37448
37449
37452
37453
37456
37461
37462
37464
37471
37473
37474
37479
37480
37481
37482
37483
37486
37488
37489
37490
37492
37495
37496
37498
37500
37503
37504
37505
37515
37519
37521
37523
37526
37527
37530
37532
37533
37534
37536
37541
37542
37544
37545
37550
37554
37556
37566
37574
37578
37583
37584
37586
37594
37597
37598
37599
37603
37609
37610
37611
37612
37614
37615
37616
37617
37621
37623
37624
37626
37627
37630
37634
37646
37651
37652
37654
37659
37662
37666
37670
37671
37676
37677
37680
37686
37687
37688
37689
37692
37696
37697
37698
37699
37700
37703
37706
37711
37713
37724
37726
37727
37728
37732
37735
37736
37740
37741
37746
37749
37751
37755
37756
37757
37761
37762
37763
37764
37767
37771
37775
37776
37782
37785
37787
37791
37792
37798
37799
37803
37804
37808
37809
37815
37818
37824
37825
37827
37828
37830
37837
37840
37842
37845
37846
37847
37850
37852
37853
37855
37856
37859
37863
37869
37870
37871
37872
37874
37875
37878
37883
37885
37887
37888
37889
37890
37892
37899
37900
37902
37904
37906
37910
37911
37916
37921
37923
37924
37925
37938
37940
37941
37942
37943
37954
37957
37968
37969
37975
37976
37979
37981
37982
37986
37994
37995
37996
37998
37999
38003
38005
38007
38009
38013
38018
38021
38024
38028
38031
38032
38036
38038
38042
38044
38046
38049
38053
38058
38061
38069
38074
38076
38078
38080
38081
38088
38091
38094
38108
38112
38114
38115
38116
38119
38123
38131
38134
38135
38136
38139
38141
38149
38152
38157
38163
38166
38171
38172
38175
38184
38186
38189
38190
38191
38192
38194
38201
38203
38207
38209
38217
38222
38224
38230
38235
38236
38237
38241
38242
38243
38245
38249
38250
38251
38253
38266
38270
38271
38272
38275
38278
38281
38284
38288
38292
38294
38297
38303
38304
38305
38307
38309
38311
38313
38318
38319
38320
38322
38331
38334
38337
38340
38344
38346
38348
38352
38353
38360
38362
38367
38375
38378
38380
38382
38383
38389
38395
38399
38405
38406
38409
38411
38414
38415
38416
38426
38427
38429
38432
38434
38435
38440
38444
38457
38458
38459
38461
38464
38465
38466
38469
38471
38477
38478
38481
38483
38484
38490
38491
38493
38498
38500
38501
38507
38509
38512
38514
38521
38522
38529
38530
38534
38540
38544
38545
38547
38550
38555
38560
38564
38569
38573
38575
38579
38582
38585
38588
38589
38591
38592
38593
38594
38596
38597
38603
38610
38618
38621
38625
38632
38637
38638
38639
38640
38641
38644
38646
38648
38652
38653
38668
38670
38673
38676
38677
38678
38680
38685
38686
38687
38688
38696
38698
38700
38701
38702
38705
38710
38715
38717
38718
38720
38729
38734
38735
38737
38740
38741
38742
38744
38746
38759
38763
38768
38769
38775
38777
38782
38783
38784
38788
38790
38803
38804
38808
38810
38812
38817
38820
38828
38830
38831
38832
38838
38839
38843
38846
38852
38854
38855
38858
38859
38864
38866
38867
38868
38871
38874
38879
38881
38886
38888
38889
38899
38900
38905
38906
38907
38910
38913
38915
38916
38918
38920
38923
38924
38927
38928
38929
38930
38931
38933
38937
38941
38947
38950
38954
38956
38958
38962
38968
38986
38991
38992
38996
38997
39002
39005
39006
39008
39009
39023
39029
39033
39042
39043
39044
39047
39048
39052
39058
39064
39067
39069
39072
39073
39074
39077
39079
39081
39083
39086
39087
39094
39096
39102
39107
39111
39115
39117
39119
39120
39123
39125
39127
39130
39131
39132
39133
39134
39137
39141
39150
39155
39158
39163
39166
39167
39173
39176
39180
39181
39183
39185
39186
39188
39192
39193
39195
39200
39203
39205
39207
39209
39216
39219
39223
39235
39238
39239
39240
39242
39247
39248
39252
39259
39261
39262
39263
39266
39267
39272
39277
39279
39280
39281
39289
39292
39293
39296
39297
39303
39306
39309
39312
39316
39318
39319
39321
39322
39323
39327
39328
39330
39335
39337
39343
39347
39348
39357
39359
39366
39376
39382
39383
39387
39390
39392
39396
39401
39402
39407
39409
39410
39415
39417
39419
39421
39423
39426
39427
39430
39435
39439
39440
39441
39445
39446
39447
39453
39454
39459
39460
39462
39471
39472
39478
39479
39482
39483
39487
39491
39493
39498
39503
39505
39513
39516
39517
39518
39529
39530
39532
39534
39535
39536
39537
39538
39539
39542
39543
39549
39551
39558
39559
39564
39565
39570
39571
39572
39576
39584
39585
39587
39589
39595
39597
39602
39606
39607
39608
39610
39611
39612
39616
39617
39621
39622
39624
39627
39628
39630
39634
39638
39639
39640
39645
39646
39647
39649
39654
39655
39658
39659
39660
39663
39673
39674
39677
39679
39682
39685
39687
39688
39690
39694
39695
39697
39698
39702
39704
39705
39707
39711
39716
39722
39725
39726
39728
39731
39735
39738
39739
39741
39749
39750
39751
39753
39755
39756
39757
39758
39761
39764
39765
39768
39770
39772
39775
39778
39779
39784
39785
39787
39788
39791
39794
39796
39799
39801
39804
39809
39810
39816
39817
39819
39820
39833
39834
39835
39839
39841
39844
39845
39850
39854
39855
39865
39868
39872
39880
39887
39888
39891
39894
39895
39897
39900
39901
39903
39908
39909
39911
39913
39914
39920
39924
39932
39934
39936
39937
39938
39939
39943
39945
39950
39952
39954
39955
39957
39960
39964
39977
39979
39981
39982
39985
39994
39996
39997
39998
40000
40002
40003
40006
40008
40012
40014
40015
40025
40026
40029
40032
40039
40045
40048
40049
40056
40057
40058
40060
40062
40063
40065
40067
40073
40074
40075
40077
40083
40086
40099
40100
40101
40104
40106
40108
40111
40112
40122
40127
40128
40129
40131
40132
40136
40137
40140
40145
40146
40147
40150
40152
40157
40159
40167
40168
40169
40170
40174
40175
40176
40178
40179
40181
40182
40186
40187
40190
40193
40198
40201
40202
40211
40213
40215
40217
40219
40220
40227
40229
40230
40236
40239
40240
40241
40246
40247
40258
40266
40267
40269
40270
40273
40280
40283
40288
40292
40293
40294
40297
40299
40305
40311
40317
40318
40324
40325
40327
40329
40335
40338
40339
40340
40342
40344
40345
40347
40349
40350
40356
40362
40364
40369
40372
40373
40375
40376
40377
40380
40384
40387
40388
40390
40392
40393
40396
40400
40402
40403
40404
40410
40411
40414
40418
40423
40428
40431
40432
40434
40439
40446
40451
40455
40459
40465
40466
40469
40472
40475
40480
40481
40483
40484
40490
40497
40498
40499
40501
40503
40507
40508
40509
40513
40516
40517
40519
40520
40524
40525
40528
40531
40532
40533
40535
40539
40540
40541
40542
40543
40547
40554
40557
40558
40561
40567
40569
40571
40575
40578
40581
40583
40591
40592
40593
40600
40602
40603
40609
40611
40613
40614
40615
40616
40617
40624
40627
40644
40645
40646
40650
40651
40656
40662
40663
40669
40672
40675
40676
40678
40680
40688
40689
40690
40694
40698
40699
40706
40708
40718
40719
40732
40745
40747
40750
40753
40754
40757
40761
40764
40768
40771
40776
40780
40783
40787
40795
40800
40804
40809
40810
40812
40815
40816
40820
40823
40825
40831
40832
40837
40839
40840
40842
40844
40845
40859
40867
40868
40872
40874
40881
40882
40883
40888
40889
40892
40894
40905
40911
40915
40918
40922
40925
40926
40927
40928
40931
40935
40938
40942
40944
40951
40957
40958
40961
40962
40963
40965
40968
40970
40974
40975
40977
40978
40979
40980
40981
40982
40984
40986
40990
40992
40993
40994
40999
41004
41011
41020
41022
41025
41029
41030
41036
41037
41038
41040
41045
41047
41051
41055
41057
41059
41066
41070
41074
41075
41077
41078
41080
41083
41084
41086
41089
41090
41096
41101
41103
41104
41105
41106
41107
41109
41111
41116
41119
41120
41121
41122
41124
41125
41139
41142
41144
41146
41153
41156
41158
41161
41162
41164
41172
41173
41176
41177
41179
41180
41192
41194
41198
41203
41210
41215
41216
41220
41223
41225
41229
41232
41239
41241
41251
41252
41253
41255
41257
41258
41259
41271
41272
41273
41274
41277
41278
41282
41289
41294
41297
41301
41305
41307
41308
41309
41314
41315
41321
41328
41330
41331
41332
41333
41337
41342
41344
41345
41350
41354
41355
41356
41358
41359
41360
41361
41363
41364
41367
41368
41370
41371
41372
41375
41376
41378
41382
41386
41389
41393
41394
41399
41400
41401
41407
41409
41410
41415
41420
41431
41432
41434
41436
41440
41445
41456
41460
41462
41463
41464
41469
41470
41477
41478
41479
41480
41489
41492
41495
41499
41500
41504
41506
41510
41516
41517
41518
41519
41520
41521
41524
41525
41527
41529
41533
41534
41535
41542
41543
41545
41552
41554
41556
41557
41565
41568
41569
41570
41573
41574
41575
41580
41581
41582
41591
41594
41600
41601
41604
41605
41609
41610
41613
41614
41618
41619
41626
41634
41635
41638
41641
41642
41644
41648
41653
41654
41656
41659
41660
41662
41667
41671
41672
41677
41679
41686
41689
41690
41692
41693
41694
41696
41697
41698
41703
41708
41709
41711
41717
41718
41720
41721
41723
41729
41730
41736
41738
41739
41740
41749
41753
41760
41770
41772
41774
41777
41779
41780
41781
41784
41787
41789
41792
41793
41794
41795
41799
41803
41804
41805
41807
41808
41811
41812
41813
41816
41817
41818
41823
41824
41832
41837
41840
41846
41847
41852
41853
41858
41859
41860
41862
41863
41864
41867
41868
41872
41873
41874
41876
41877
41879
41884
41890
41894
41905
41908
41909
41912
41917
41918
41919
41921
41929
41931
41943
41952
41954
41957
41962
41964
41965
41974
41978
41979
41981
41982
41983
41997
42002
42006
42007
42009
42011
42014
42015
42020
42029
42033
42034
42035
42036
42038
42039
42040
42042
42046
42047
42052
42054
42057
42061
42062
42065
42066
42068
42071
42076
42080
42089
42090
42091
42094
42096
42100
42101
42103
42105
42115
42116
42119
42121
42122
42123
42126
42127
42129
42137
42139
42149
42159
42160
42161
42165
42166
42170
42171
42178
42179
42181
42182
42183
42194
42195
42196
42197
42199
42203
42204
42224
42227
42231
42232
42233
42236
42242
42244
42245
42247
42248
42249
42250
42256
42259
42260
42261
42264
42269
42270
42272
42275
42277
42278
42279
42280
42281
42287
42292
42293
42296
42297
42299
42302
42303
42306
42307
42308
42313
42328
42329
42330
42331
42335
42336
42337
42339
42341
42342
42344
42347
42348
42353
42355
42358
42360
42365
42373
42378
42382
42384
42389
42392
42395
42396
42399
42401
42406
42407
42408
42409
42410
42412
42414
42416
42417
42418
42420
42421
42424
42426
42437
42438
42441
42443
42444
42448
42452
42453
42459
42461
42463
42465
42469
42470
42472
42473
42478
42486
42487
42491
42492
42497
42501
42503
42505
42508
42509
42514
42516
42518
42522
42527
42530
42533
42535
42539
42541
42544
42546
42548
42549
42552
42555
42558
42559
42562
42565
42569
42570
42571
42573
42581
42583
42587
42589
42590
42591
42592
42594
42595
42598
42599
42600
42604
42607
42608
42612
42614
42617
42618
42620
42621
42623
42626
42628
42633
42637
42648
42657
42658
42661
42666
42670
42672
42679
42681
42689
42694
42697
42698
42699
42700
42701
42702
42703
42709
42710
42713
42718
42724
42728
42729
42730
42731
42733
42735
42737
42738
42745
42749
42760
42762
42763
42771
42773
42775
42780
42781
42786
42787
42795
42797
42798
42799
42807
42810
42813
42816
42817
42819
42824
42829
42830
42832
42836
42837
42839
42843
42844
42848
42849
42850
42854
42855
42857
42858
42860
42864
42866
42870
42872
42874
42875
42877
42883
42889
42894
42896
42899
42900
42902
42903
42906
42907
42910
42911
42912
42915
42917
42920
42921
42924
42926
42927
42932
42939
42943
42944
42945
42946
42949
42952
42954
42955
42957
42959
42964
42965
42972
42974
42975
42978
42982
42984
42986
42987
42989
42990
42994
42995
42999
43001
43002
43003
43006
43009
43012
43015
43016
43017
43028
43030
43031
43033
43039
43041
43047
43048
43049
43052
43053
43054
43058
43060
43061
43063
43068
43069
43077
43079
43081
43084
43085
43087
43091
43092
43094
43095
43096
43097
43098
43100
43101
43102
43104
43107
43111
43117
43120
43123
43126
43129
43133
43137
43139
43141
43144
43147
43149
43151
43152
43154
43156
43158
43160
43166
43167
43170
43178
43180
43181
43182
43186
43187
43193
43198
43199
43200
43201
43203
43204
43205
43206
43209
43212
43213
43215
43216
43219
43221
43222
43223
43225
43227
43230
43231
43235
43237
43239
43241
43243
43248
43249
43251
43255
43256
43258
43260
43264
43265
43266
43267
43268
43270
43277
43278
43280
43281
43285
43288
43292
43293
43297
43301
43304
43306
43309
43311
43313
43314
43317
43321
43323
43324
43326
43327
43330
43331
43335
43336
43349
43353
43357
43362
43366
43367
43368
43371
43376
43377
43380
43382
43386
43388
43390
43393
43394
43399
43402
43408
43412
43413
43416
43420
43423
43424
43425
43426
43429
43433
43435
43449
43450
43459
43461
43467
43472
43473
43475
43477
43478
43480
43483
43484
43486
43490
43492
43495
43496
43498
43499
43502
43506
43511
43513
43518
43520
43522
43523
43525
43527
43530
43531
43536
43540
43544
43548
43549
43552
43555
43561
43567
43576
43581
43582
43586
43588
43593
43597
43598
43602
43603
43604
43612
43615
43616
43617
43625
43626
43637
43640
43641
43642
43647
43649
43650
43651
43652
43656
43660
43665
43668
43670
43671
43678
43684
43690
43691
43692
43693
43696
43697
43702
43705
43707
43708
43710
43712
43716
43721
43722
43726
43730
43733
43737
43743
43747
43750
43758
43759
43764
43765
43767
43768
43769
43775
43781
43787
43790
43792
43793
43794
43795
43808
43816
43821
43822
43824
43825
43829
43832
43835
43836
43839
43840
43842
43845
43851
43853
43854
43860
43873
43875
43883
43885
43886
43891
43894
43898
43903
43909
43910
43913
43914
43915
43916
43917
43918
43920
43925
43926
43928
43931
43937
43938
43939
43940
43941
43948
43950
43951
43955
43957
43958
43960
43966
43973
43981
43982
43986
43991
43994
43996
43997
44000
44004
44005
44011
44013
44014
44016
44018
44019
44023
44031
44032
44035
44041
44046
44047
44049
44051
44055
44056
44058
44059
44062
44064
44068
44071
44074
44075
44086
44090
44092
44094
44099
44104
44108
44109
44112
44118
44125
44127
44129
44130
44132
44133
44138
44140
44143
44144
44145
44147
44149
44150
44151
44158
44161
44163
44167
44169
44172
44173
44178
44179
44181
44187
44190
44191
44194
44196
44197
44198
44203
44205
44214
44216
44222
44226
44229
44235
44238
44239
44243
44244
44250
44251
44255
44263
44269
44271
44277
44281
44287
44290
44291
44293
44297
44302
44312
44317
44321
44323
44325
44326
44330
44331
44334
44336
44343
44348
44349
44351
44352
44353
44356
44358
44361
44362
44363
44370
44372
44376
44377
44379
44380
44383
44386
44388
44390
44392
44397
44398
44402
44404
44407
44413
44414
44416
44417
44421
44425
44426
44428
44432
44433
44438
44439
44440
44444
44446
44447
44453
44454
44458
44459
44465
44466
44467
44470
44473
44477
44482
44485
44492
44503
44507
44508
44511
44512
44518
44525
44527
44528
44532
44533
44535
44536
44537
44540
44544
44545
44558
44560
44561
44563
44564
44567
44571
44575
44576
44579
44582
44583
44586
44590
44596
44600
44602
44604
44606
44609
44610
44612
44613
44614
44617
44620
44621
44633
44634
44638
44640
44641
44642
44644
44650
44652
44657
44659
44660
44662
44663
44668
44676
44678
44682
44684
44686
44690
44693
44699
44702
44704
44708
44714
44716
44720
44721
44731
44734
44738
44743
44752
44757
44758
44768
44769
44775
44781
44782
44786
44794
44796
44805
44815
44825
44829
44831
44832
44837
44838
44842
44843
44844
44847
44850
44852
44853
44854
44855
44857
44863
44865
44866
44868
44870
44871
44872
44874
44877
44881
44882
44887
44889
44890
44891
44893
44897
44900
44901
44908
44912
44915
44916
44918
44919
44921
44924
44925
44930
44936
44938
44940
44941
44942
44944
44946
44949
44951
44954
44958
44960
44961
44962
44964
44965
44969
44973
44975
44976
44978
44979
44982
44987
44991
44994
44997
45000
45001
45003
45007
45008
45009
45011
45012
45013
45026
45027
45033
45035
45045
45046
45047
45048
45049
45053
45054
45055
45064
45066
45067
45073
45074
45075
45078
45079
45084
45087
45088
45091
45092
45093
45096
45098
45099
45102
45104
45105
45111
45115
45119
45120
45121
45123
45124
45125
45127
45128
45131
45133
45136
45143
45144
45155
45159
45160
45163
45166
45168
45170
45171
45173
45174
45178
45190
45191
45193
45194
45197
45198
45201
45203
45204
45211
45213
45216
45217
45219
45220
45226
45228
45230
45235
45238
45239
45240
45242
45247
45248
45251
45252
45253
45255
45258
45259
45260
45263
45264
45265
45268
45269
45273
45274
45276
45277
45279
45286
45288
45295
45301
45319
45324
45329
45331
45332
45336
45337
45338
45340
45353
45355
45359
45363
45364
45365
45369
45374
45375
45378
45382
45384
45397
45401
45405
45406
45407
45409
45410
45412
45415
45417
45426
45427
45428
45430
45431
45434
45436
45440
45444
45445
45446
45447
45449
45450
45453
45454
45459
45460
45463
45464
45465
45468
45469
45470
45471
45477
45478
45480
45482
45484
45485
45486
45490
45494
45495
45497
45498
45502
45505
45512
45513
45515
45522
45524
45528
45529
45530
45533
45544
45549
45550
45551
45552
45554
45560
45561
45563
45566
45567
45573
45576
45579
45581
45586
45588
45590
45596
45598
45601
45605
45607
45609
45610
45615
45617
45620
45621
45624
45625
45631
45632
45633
45636
45637
45640
45642
45643
45644
45645
45647
45651
45652
45653
45655
45659
45660
45661
45663
45664
45665
45669
45670
45674
45680
45681
45682
45683
45684
45689
45691
45692
45693
45694
45695
45696
45697
45698
45705
45709
45711
45712
45714
45719
45720
45728
45734
45735
45736
45740
45741
45747
45752
45753
45760
45763
45764
45766
45772
45773
45775
45776
45778
45782
45783
45786
45788
45789
45791
45793
45795
45806
45810
45815
45820
45827
45828
45830
45833
45836
45838
45840
45842
45845
45846
45847
45849
45850
45851
45857
45862
45865
45866
45869
45876
45878
45879
45885
45889
45890
45891
45892
45894
45895
45896
45900
45901
45902
45905
45906
45907
45909
45911
45913
45915
45918
45920
45921
45922
45923
45925
45926
45927
45928
45930
45933
45937
45940
45945
45947
45950
45952
45957
45958
45960
45961
45962
45967
45968
45973
45979
45982
45984
45987
45991
45993
45994
45997
45999
46002
46006
46007
46008
46012
46014
46020
46023
46032
46042
46045
46052
46054
46055
46057
46060
46061
46062
46063
46069
46070
46074
46077
46079
46080
46090
46091
46093
46095
46096
46100
46101
46107
46108
46112
46115
46116
46117
46120
46121
46122
46130
46139
46140
46144
46146
46157
46159
46160
46162
46170
46171
46172
46173
46174
46175
46178
46181
46182
46183
46185
46188
46191
46194
46195
46196
46200
46202
46211
46217
46219
46220
46222
46223
46225
46229
46231
46232
46235
46238
46241
46242
46243
46244
46246
46253
46255
46259
46265
46267
46272
46280
46283
46285
46294
46295
46301
46302
46305
46309
46316
46319
46320
46321
46331
46342
46345
46347
46352
46354
46360
46371
46373
46374
46377
46378
46379
46380
46382
46383
46389
46392
46400
46404
46406
46407
46408
46410
46419
46420
46422
46423
46425
46427
46429
46437
46446
46447
46450
46452
46454
46458
46459
46460
46462
46463
46466
46471
46473
46474
46477
46484
46486
46487
46489
46490
46497
46499
46500
46501
46502
46503
46506
46509
46510
46513
46516
46517
46519
46520
46523
46536
46538
46539
46540
46544
46546
46547
46552
46553
46556
46558
46560
46570
46579
46581
46585
46592
46599
46601
46602
46603
46605
46606
46616
46621
46622
46626
46635
46636
46638
46640
46644
46646
46649
46651
46653
46655
46657
46661
46662
46664
46670
46671
46674
46676
46682
46687
46691
46692
46693
46696
46697
46702
46703
46706
46708
46709
46710
46720
46723
46733
46734
46738
46746
46748
46749
46750
46751
46752
46759
46762
46764
46765
46768
46771
46778
46779
46791
46794
46801
46804
46810
46811
46812
46813
46815
46817
46819
46827
46835
46837
46838
46848
46849
46854
46859
46862
46864
46867
46871
46873
46884
46886
46888
46899
46900
46902
46904
46905
46911
46918
46920
46921
46925
46926
46927
46928
46935
46936
46940
46943
46950
46961
46963
46964
46966
46968
46972
46974
46975
46979
46980
46982
46983
46984
46985
46986
47001
47002
47009
47012
47013
47014
47020
47025
47029
47030
47031
47032
47035
47040
47041
47042
47044
47049
47055
47058
47059
47066
47069
47076
47077
47078
47079
47081
47089
47090
47093
47094
47101
47104
47105
47109
47111
47112
47116
47119
47120
47125
47126
47138
47140
47148
47149
47156
47158
47162
47164
47168
47169
47170
47174
47175
47183
47184
47185
47186
47188
47190
47192
47199
47202
47204
47206
47208
47213
47222
47227
47229
47232
47233
47236
47239
47240
47244
47245
47246
47248
47251
47252
47254
47255
47256
47259
47261
47263
47265
47267
47270
47271
47273
47277
47287
47288
47290
47293
47294
47298
47316
47318
47319
47323
47325
47329
47343
47344
47345
47346
47347
47348
47350
47351
47359
47361
47362
47366
47368
47370
47372
47374
47382
47385
47390
47399
47400
47404
47405
47419
47420
47430
47433
47438
47439
47442
47445
47446
47447
47451
47452
47454
47455
47458
47459
47460
47461
47462
47463
47468
47470
47471
47474
47476
47480
47484
47485
47486
47488
47492
47497
47503
47507
47511
47515
47518
47520
47522
47524
47525
47526
47530
47533
47534
47536
47547
47550
47551
47552
47557
47558
47562
47565
47567
47570
47572
47573
47575
47578
47579
47582
47585
47587
47588
47592
47599
47606
47609
47612
47615
47618
47619
47621
47625
47632
47636
47637
47639
47641
47642
47643
47644
47646
47649
47650
47651
47655
47658
47660
47662
47667
47669
47671
47672
47677
47679
47680
47694
47695
47699
47700
47701
47702
47708
47710
47716
47718
47719
47720
47724
47725
47729
47730
47732
47733
47740
47742
47743
47745
47746
47749
47751
47762
47763
47764
47769
47771
47774
47776
47780
47784
47787
47790
47793
47794
47795
47796
47797
47798
47800
47808
47809
47814
47815
47818
47820
47823
47827
47834
47835
47836
47838
47839
47841
47842
47846
47851
47853
47859
47865
47873
47874
47876
47880
47884
47887
47891
47893
47896
47901
47902
47903
47908
47911
47914
47918
47925
47926
47930
47931
47934
47940
47942
47943
47944
47945
47948
47953
47958
47966
47971
47972
47974
47977
47981
47982
47985
47987
47991
47995
47996
47998
48001
48002
48003
48004
48008
48009
48010
48019
48021
48022
48028
48033
48034
48035
48036
48042
48044
48047
48050
48052
48055
48064
48066
48069
48071
48073
48074
48077
48080
48088
48090
48091
48097
48103
48108
48113
48114
48116
48119
48120
48123
48124
48127
48134
48138
48141
48143
48144
48145
48160
48167
48172
48173
48174
48179
48180
48181
48182
48190
48192
48197
48199
48201
48208
48212
48213
48216
48217
48218
48220
48223
48226
48227
48228
48229
48230
48231
48233
48236
48239
48241
48245
48246
48248
48249
48265
48268
48271
48274
48282
48287
48288
48290
48291
48293
48295
48296
48302
48303
48305
48307
48311
48312
48315
48319
48320
48324
48325
48330
48333
48335
48336
48338
48340
48345
48346
48348
48349
48351
48352
48353
48356
48360
48363
48367
48369
48370
48371
48372
48378
48379
48382
48387
48388
48390
48395
48398
48400
48401
48405
48407
48410
48416
48417
48418
48425
48428
48439
48441
48442
48445
48452
48455
48460
48463
48464
48465
48468
48469
48470
48474
48479
48480
48483
48484
48487
48497
48502
48503
48506
48510
48517
48519
48523
48528
48529
48530
48532
48535
48538
48539
48540
48542
48547
48555
48556
48558
48559
48560
48561
48564
48565
48566
48572
48573
48574
48577
48578
48586
48587
48590
48593
48596
48597
48598
48601
48605
48607
48609
48614
48618
48621
48624
48629
48630
48631
48633
48637
48641
48642
48645
48646
48649
48651
48653
48654
48655
48658
48661
48666
48668
48677
48685
48686
48687
48688
48693
48701
48702
48713
48714
48715
48718
48720
48722
48723
48724
48728
48731
48734
48735
48736
48737
48739
48740
48741
48745
48750
48754
48756
48757
48766
48772
48778
48784
48785
48788
48792
48796
48797
48802
48804
48806
48808
48809
48816
48818
48823
48824
48825
48826
48829
48834
48835
48839
48844
48845
48846
48847
48852
48854
48856
48860
48861
48864
48867
48873
48876
48877
48878
48881
48884
48885
48886
48892
48896
48897
48899
48900
48902
48904
48909
48918
48926
48929
48934
48936
48938
48939
48940
48944
48945
48947
48948
48956
48961
48965
48969
48974
48976
48977
48978
48981
48986
48989
48994
48996
48999
49003
49008
49009
49010
49012
49013
49014
49016
49019
49026
49029
49032
49036
49038
49040
49045
49047
49048
49051
49056
49058
49070
49072
49075
49076
49080
49083
49086
49087
49088
49091
49092
49097
49099
49104
49108
49110
49114
49117
49118
49123
49124
49128
49129
49134
49137
49139
49143
49145
49146
49148
49153
49154
49158
49159
49163
49164
49168
49170
49173
49174
49175
49179
49183
49189
49190
49194
49197
49198
49199
49200
49201
49203
49209
49214
49215
49220
49224
49226
49227
49235
49236
49240
49244
49245
49249
49252
49257
49258
49261
49264
49266
49267
49268
49269
49274
49275
49278
49279
49283
49287
49291
49295
49296
49298
49299
49301
49304
49308
49311
49312
49317
49324
49326
49327
49332
49334
49338
49341
49346
49348
49353
49358
49359
49363
49365
49367
49370
49371
49374
49378
49379
49384
49385
49387
49390
49391
49398
49400
49406
49415
49424
49429
49431
49435
49439
49441
49442
49443
49450
49455
49462
49464
49466
49467
49468
49475
49477
49478
49479
49484
49486
49494
49495
49496
49497
49499
49504
49510
49511
49516
49517
49519
49521
49528
49530
49532
49535
49539
49542
49550
49552
49556
49557
49559
49562
49563
49565
49574
49575
49577
49584
49589
49590
49596
49599
49600
49606
49611
49615
49619
49620
49622
49623
49624
49629
49631
49632
49633
49639
49641
49642
49646
49653
49656
49658
49659
49661
49666
49677
49684
49685
49686
49687
49689
49692
49695
49701
49702
49703
49705
49708
49715
49718
49720
49722
49729
49730
49731
49737
49742
49745
49750
49751
49756
49761
49762
49763
49768
49774
49775
49778
49780
49787
49789
49791
49799
49806
49807
49820
49821
49823
49824
49829
49830
49831
49837
49838
49840
49841
49843
49846
49848
49850
49851
49858
49859
49863
49865
49871
49876
49881
49885
49887
49890
49891
49892
49895
49898
49900
49903
49905
49908
49910
49914
49917
49918
49920
49928
49929
49933
49934
49935
49937
49940
49942
49945
49950
49955
49957
49962
49965
49967
49971
49974
49978
49986
49995
49996
49998
50002
50005
50006
50007
50008
50009
50010
50011
50014
50015
50018
50019
50020
50021
50022
50023
50027
50033
50036
50037
50038
50041
50042
50060
50061
50069
50071
50072
50073
50074
50080
50081
50084
50085
50086
50091
50095
50096
50097
50098
50101
50104
50114
50119
50120
50121
50127
50134
50135
50138
50140
50145
50148
50150
50153
50154
50160
50161
50163
50164
50166
50167
50169
50174
50178
50179
50181
50182
50183
50188
50189
50191
50192
50194
50195
50204
50210
50212
50214
50219
50220
50226
50232
50233
50239
50243
50251
50252
50254
50255
50257
50259
50263
50265
50268
50273
50278
50283
50288
50289
50292
50293
50294
50295
50296
50297
50298
50300
50302
50303
50306
50311
50313
50314
50317
50327
50330
50337
50338
50339
50340
50341
50343
50348
50349
50352
50363
50365
50366
50367
50369
50370
50372
50374
50375
50377
50378
50379
50380
50383
50386
50389
50394
50395
50397
50399
50401
50407
50410
50412
50413
50420
50422
50425
50426
50428
50431
50437
50439
50441
50444
50445
50448
50449
50452
50454
50458
50460
50465
50466
50470
50472
50479
50482
50483
50484
50486
50487
50488
50493
50495
50496
50499
50502
50511
50512
50514
50517
50520
50521
50523
50527
50529
50530
50532
50534
50536
50537
50539
50541
50543
50544
50546
50548
50550
50556
50557
50561
50562
50566
50572
50573
50574
50579
50588
50589
50593
50594
50601
50603
50604
50606
50609
50615
50616
50621
50625
50629
50630
50633
50638
50645
50647
50649
50650
50658
50660
50663
50664
50669
50677
50680
50681
50682
50685
50689
50693
50694
50695
50696
50697
50699
50702
50703
50706
50713
50724
50726
50733
50736
50737
50742
50748
50749
50755
50756
50757
50764
50766
50770
50773
50774
50775
50776
50779
50781
50783
50784
50786
50788
50793
50797
50799
50803
50806
50812
50816
50822
50824
50825
50826
50829
50831
50833
50835
50838
50846
50848
50849
50850
50855
50857
50860
50861
50863
50865
50866
50867
50868
50870
50871
50872
50873
50875
50878
50882
50885
50888
50892
50895
50899
50906
50908
50910
50912
50920
50921
50922
50923
50924
50926
50930
50938
50945
50946
50948
50951
50957
50962
50965
50972
50973
50976
50984
50988
50992
50994
50995
50999
51001
51007
51009
51011
51012
51014
51015
51018
51020
51021
51022
51027
51028
51029
51031
51033
51034
51036
51038
51041
51046
51048
51050
51051
51055
51059
51060
51061
51063
51069
51070
51071
51072
51074
51077
51087
51088
51096
51099
51100
51101
51106
51109
51110
51113
51117
51125
51126
51135
51136
51137
51138
51150
51151
51154
51165
51166
51167
51173
51176
51177
51178
51180
51181
51187
51188
51191
51193
51198
51203
51204
51207
51208
51209
51210
51211
51212
51216
51218
51219
51228
51233
51235
51236
51237
51240
51243
51247
51251
51252
51267
51271
51274
51281
51284
51285
51290
51291
51292
51296
51298
51300
51303
51308
51311
51313
51318
51321
51325
51327
51328
51329
51333
51338
51341
51344
51345
51346
51348
51350
51351
51358
51361
51364
51365
51366
51367
51371
51372
51373
51374
51377
51380
51382
51384
51396
51397
51400
51403
51404
51405
51408
51410
51411
51413
51420
51424
51425
51429
51430
51432
51435
51437
51439
51446
51447
51450
51453
51454
51455
51459
51460
51463
51466
51467
51469
51474
51480
51481
51482
51485
51489
51491
51493
51494
51495
51498
51499
51502
51504
51505
51506
51513
51516
51518
51521
51524
51525
51528
51529
51535
51538
51539
51541
51542
51544
51547
51549
51561
51563
51565
51568
51569
51571
51573
51575
51576
51578
51581
51587
51589
51590
51593
51601
51606
51609
51610
51614
51623
51626
51629
51631
51634
51639
51643
51648
51649
51650
51656
51662
51666
51670
51676
51679
51680
51682
51684
51685
51686
51690
51696
51712
51713
51715
51717
51719
51720
51722
51725
51726
51728
51730
51732
51735
51743
51744
51748
51749
51753
51754
51757
51758
51759
51761
51767
51768
51771
51772
51773
51775
51784
51790
51793
51797
51798
51802
51806
51818
51819
51820
51821
51822
51823
51824
51825
51827
51828
51831
51833
51835
51837
51839
51840
51843
51844
51845
51846
51851
51854
51855
51857
51863
51866
51868
51869
51870
51871
51875
51880
51882
51890
51891
51892
51894
51900
51908
51909
51911
51912
51913
51917
51919
51930
51934
51935
51936
51938
51944
51945
51947
51948
51951
51953
51954
51962
51963
51965
51967
51968
51976
51988
51989
51991
51992
51994
51995
51998
51999
52004
52007
52012
52015
52017
52018
52019
52021
52023
52028
52037
52042
52043
52044
52045
52048
52049
52050
52051
52056
52059
52061
52070
52074
52075
52079
52090
52091
52094
52096
52098
52099
52102
52104
52111
52115
52118
52123
52127
52128
52130
52135
52138
52139
52141
52143
52144
52145
52146
52149
52150
52158
52160
52161
52164
52167
52168
52171
52172
52174
52176
52180
52181
52182
52185
52186
52188
52190
52193
52205
52208
52210
52213
52216
52217
52220
52221
52225
52226
52229
52230
52233
52238
52242
52245
52247
52248
52251
52255
52256
52257
52263
52265
52273
52275
52277
52281
52282
52286
52288
52295
52296
52301
52302
52304
52307
52317
52322
52324
52326
52329
52330
52331
52337
52342
52344
52351
52354
52362
52365
52368
52375
52376
52380
52381
52383
52385
52391
52393
52396
52404
52406
52409
52410
52413
52419
52420
52421
52422
52423
52425
52426
52427
52431
52432
52435
52439
52443
52444
52445
52447
52458
52463
52466
52467
52468
52480
52482
52484
52485
52488
52493
52496
52500
52502
52504
52511
52515
52521
52524
52526
52529
52530
52532
52533
52537
52541
52543
52546
52555
52557
52558
52559
52564
52567
52569
52570
52572
52575
52577
52579
52582
52583
52587
52588
52590
52604
52605
52611
52613
52616
52621
52622
52623
52628
52632
52635
52647
52652
52659
52666
52667
52668
52674
52677
52680
52683
52684
52685
52686
52688
52690
52695
52696
52698
52705
52706
52708
52709
52713
52715
52723
52728
52729
52730
52731
52732
52733
52736
52743
52749
52753
52756
52758
52759
52762
52764
52771
52773
52784
52785
52789
52791
52793
52794
52796
52800
52802
52803
52805
52807
52810
52812
52813
52819
52827
52829
52831
52833
52834
52835
52839
52843
52844
52845
52847
52851
52852
52854
52855
52857
52858
52859
52861
52865
52872
52875
52880
52882
52889
52894
52895
52901
52902
52906
52907
52909
52910
52914
52920
52924
52926
52931
52933
52937
52939
52945
52950
52954
52957
52962
52964
52966
52973
52975
52976
52980
52983
52985
52993
52995
52998
53000
53005
53006
53011
53021
53022
53023
53028
53031
53033
53038
53046
53047
53049
53052
53057
53064
53065
53066
53072
53079
53081
53086
53093
53096
53097
53098
53110
53114
53117
53119
53122
53123
53127
53129
53130
53133
53134
53137
53141
53142
53146
53147
53151
53152
53153
53155
53157
53159
53161
53163
53167
53171
53176
53181
53182
53184
53194
53195
53200
53204
53205
53206
53207
53208
53215
53229
53231
53234
53236
53237
53239
53241
53247
53255
53256
53257
53260
53264
53272
53279
53284
53287
53288
53291
53292
53296
53303
53304
53306
53310
53312
53314
53315
53317
53318
53322
53325
53329
53336
53340
53342
53348
53349
53352
53353
53356
53361
53362
53373
53376
53378
53381
53384
53386
53389
53392
53405
53406
53407
53409
53412
53414
53420
53423
53425
53427
53435
53436
53438
53440
53441
53442
53443
53444
53446
53450
53452
53455
53460
53461
53463
53466
53467
53469
53472
53477
53478
53482
53488
53494
53495
53496
53504
53506
53507
53509
53515
53516
53517
53520
53523
53525
53527
53531
53534
53535
53538
53540
53546
53549
53550
53553
53555
53564
53565
53566
53568
53572
53574
53578
53590
53594
53595
53598
53599
53601
53608
53611
53618
53620
53622
53623
53632
53633
53634
53635
53636
53640
53642
53644
53645
53647
53648
53649
53651
53654
53655
53656
53657
53664
53666
53669
53670
53671
53676
53678
53679
53680
53685
53693
53707
53708
53710
53711
53714
53717
53728
53729
53730
53731
53737
53741
53743
53745
53753
53763
53774
53775
53777
53778
53784
53788
53791
53798
53800
53806
53807
53811
53812
53814
53815
53818
53819
53821
53822
53823
53827
53830
53832
53833
53835
53836
53840
53843
53844
53846
53848
53849
53850
53856
53857
53859
53860
53867
53872
53875
53876
53878
53879
53884
53885
53886
53892
53895
53897
53903
53907
53909
53910
53911
53914
53915
53916
53917
53919
53927
53931
53932
53937
53940
53944
53954
53956
53958
53959
53965
53969
53971
53972
53975
53978
53980
53982
53991
53992
53994
53996
53998
53999
54001
54005
54006
54010
54013
54014
54015
54017
54022
54031
54033
54038
54042
54045
54046
54049
54050
54051
54053
54054
54056
54057
54062
54063
54064
54079
54081
54082
54087
54098
54101
54102
54104
54106
54110
54111
54112
54115
54121
54123
54124
54125
54129
54132
54140
54145
54153
54155
54157
54158
54160
54162
54163
54166
54174
54175
54178
54179
54180
54181
54182
54186
54188
54189
54190
54195
54196
54197
54199
54203
54207
54214
54216
54225
54226
54230
54232
54234
54238
54240
54244
54246
54260
54262
54264
54266
54267
54268
54271
54272
54274
54277
54280
54281
54282
54284
54286
54287
54295
54297
54298
54301
54302
54303
54304
54310
54314
54316
54317
54318
54319
54320
54321
54323
54326
54332
54351
54352
54355
54358
54359
54360
54361
54362
54368
54369
54379
54382
54387
54394
54395
54397
54398
54399
54400
54401
54402
54404
54405
54408
54418
54419
54420
54423
54424
54425
54427
54428
54432
54435
54438
54442
54445
54453
54457
54459
54461
54463
54467
54468
54472
54476
54477
54478
54480
54481
54483
54486
54490
54500
54504
54505
54506
54508
54511
54519
54520
54527
54529
54532
54534
54535
54539
54540
54546
54547
54549
54550
54554
54557
54558
54559
54562
54564
54566
54567
54570
54572
54574
54578
54579
54580
54584
54586
54587
54592
54593
54600
54601
54603
54607
54609
54610
54614
54615
54616
54617
54621
54625
54626
54636
54639
54640
54641
54642
54649
54656
54662
54664
54666
54669
54673
54675
54676
54677
54679
54683
54686
54690
54691
54696
54699
54700
54704
54708
54710
54711
54712
54716
54719
54720
54722
54724
54726
54727
54728
54729
54730
54731
54736
54738
54743
54751
54761
54766
54767
54769
54770
54774
54775
54778
54779
54783
54785
54789
54792
54798
54800
54801
54815
54816
54824
54826
54827
54833
54834
54836
54842
54848
54849
54859
54864
54868
54871
54874
54878
54881
54882
54883
54884
54885
54889
54891
54893
54894
54896
54905
54908
54912
54914
54917
54920
54924
54933
54935
54939
54941
54945
54947
54951
54953
54954
54956
54960
54961
54963
54965
54966
54969
54974
54976
54978
54980
54982
54986
54989
54991
54995
54996
54997
54999
55001
55002
55005
55010
55014
55017
55020
55022
55024
55025
55026
55032
55038
55039
55041
55043
55046
55049
55051
55059
55062
55063
55068
55069
55073
55079
55080
55083
55089
55090
55093
55096
55104
55106
55109
55111
55115
55116
55118
55121
55122
55126
55128
55134
55139
55142
55143
55144
55153
55155
55159
55160
55163
55164
55166
55168
55170
55171
55173
55174
55180
55185
55189
55190
55192
55196
55197
55202
55207
55209
55211
55214
55215
55216
55217
55219
55220
55225
55226
55230
55234
55236
55237
55238
55240
55248
55263
55265
55266
55269
55270
55277
55280
55283
55284
55285
55289
55290
55291
55294
55299
55300
55301
55311
55312
55313
55314
55316
55318
55325
55329
55330
55340
55344
55348
55352
55354
55356
55357
55358
55359
55362
55365
55367
55371
55375
55377
55379
55380
55382
55384
55388
55395
55396
55397
55399
55401
55402
55403
55411
55412
55417
55421
55422
55426
55432
55436
55438
55439
55446
55449
55450
55451
55452
55455
55456
55457
55461
55463
55467
55468
55472
55478
55479
55480
55482
55485
55488
55489
55491
55493
55495
55502
55503
55504
55505
55509
55515
55517
55519
55520
55527
55528
55530
55533
55541
55543
55545
55546
55552
55560
55565
55569
55573
55574
55575
55576
55588
55591
55594
55596
55598
55599
55600
55605
55608
55609
55617
55618
55619
55620
55621
55622
55623
55629
55630
55632
55636
55640
55645
55647
55651
55653
55656
55658
55660
55662
55663
55664
55669
55677
55682
55686
55687
55688
55689
55698
55703
55704
55706
55710
55713
55721
55724
55725
55727
55728
55731
55732
55733
55734
55737
55739
55740
55748
55749
55750
55751
55752
55757
55758
55759
55763
55768
55770
55775
55777
55778
55780
55781
55782
55785
55788
55793
55794
55795
55799
55808
55814
55816
55817
55821
55822
55823
55826
55829
55831
55832
55833
55838
55840
55841
55842
55844
55846
55851
55852
55854
55856
55857
55859
55861
55863
55873
55878
55879
55883
55887
55888
55890
55891
55893
55896
55901
55903
55906
55907
55908
55911
55912
55915
55917
55918
55919
55922
55924
55927
55931
55936
55939
55941
55946
55947
55950
55954
55955
55967
55968
55969
55971
55980
55989
55993
55994
55996
55999
56000
56003
56008
56011
56012
56023
56025
56027
56031
56034
56035
56039
56040
56044
56046
56052
56053
56054
56059
56062
56065
56069
56070
56074
56078
56083
56084
56086
56090
56096
56098
56099
56102
56105
56106
56108
56122
56123
56126
56128
56130
56136
56137
56138
56146
56148
56155
56156
56158
56159
56160
56163
56164
56165
56166
56168
56171
56176
56178
56179
56180
56185
56190
56192
56193
56195
56199
56200
56202
56207
56209
56212
56214
56218
56221
56229
56235
56237
56238
56245
56251
56256
56262
56268
56271
56274
56276
56278
56282
56283
56284
56285
56286
56289
56291
56294
56304
56310
56311
56315
56317
56323
56324
56325
56326
56328
56333
56335
56336
56337
56357
56364
56365
56368
56370
56371
56372
56374
56377
56379
56380
56385
56389
56391
56392
56394
56398
56401
56403
56407
56408
56410
56411
56412
56414
56417
56421
56422
56423
56429
56430
56431
56432
56433
56438
56443
56445
56446
56448
56449
56451
56457
56458
56459
56462
56465
56467
56469
56470
56472
56473
56476
56477
56480
56483
56484
56488
56491
56495
56496
56498
56499
56500
56501
56505
56506
56511
56512
56513
56525
56530
56531
56534
56542
56550
56557
56562
56568
56570
56572
56573
56578
56579
56580
56582
56587
56588
56593
56601
56602
56608
56609
56612
56617
56624
56626
56627
56633
56637
56638
56639
56645
56646
56650
56653
56654
56655
56659
56662
56665
56666
56672
56673
56680
56682
56683
56689
56693
56695
56705
56706
56708
56711
56714
56720
56722
56723
56724
56726
56728
56738
56740
56748
56752
56753
56754
56758
56759
56769
56770
56772
56775
56779
56783
56785
56788
56789
56794
56797
56800
56804
56805
56807
56808
56809
56810
56818
56826
56832
56836
56837
56840
56850
56854
56855
56856
56858
56861
56863
56864
56866
56870
56871
56873
56874
56875
56876
56877
56880
56882
56887
56888
56889
56890
56891
56893
56894
56895
56896
56897
56899
56900
56901
56908
56911
56912
56913
56914
56915
56917
56918
56919
56921
56931
56932
56933
56934
56938
56939
56940
56942
56950
56951
56953
56957
56964
56970
56974
56976
56980
56982
56984
56986
56987
56990
56992
56996
56997
57007
57015
57016
57018
57020
57021
57022
57025
57029
57040
57041
57042
57045
57050
57052
57053
57061
57065
57067
57071
57075
57076
57077
57078
57081
57082
57087
57103
57111
57122
57125
57126
57130
57139
57143
57146
57148
57151
57158
57163
57168
57172
57175
57177
57178
57179
57181
57185
57188
57190
57192
57193
57194
57195
57197
57208
57209
57210
57211
57213
57216
57217
57222
57224
57227
57228
57231
57232
57233
57234
57235
57248
57249
57252
57254
57258
57260
57264
57268
57271
57274
57275
57278
57279
57280
57283
57286
57287
57290
57291
57293
57305
57310
57315
57317
57320
57321
57325
57327
57329
57337
57339
57341
57347
57353
57356
57359
57364
57365
57366
57372
57373
57375
57378
57382
57383
57385
57391
57394
57397
57399
57400
57421
57425
57426
57427
57433
57435
57438
57439
57445
57448
57449
57450
57454
57458
57460
57464
57466
57472
57473
57475
57476
57477
57486
57490
57498
57500
57502
57510
57514
57516
57521
57524
57525
57535
57537
57538
57539
57541
57545
57547
57548
57556
57558
57560
57562
57568
57572
57574
57575
57577
57584
57586
57587
57592
57593
57594
57596
57597
57599
57615
57619
57623
57624
57627
57628
57634
57647
57648
57652
57660
57664
57665
57671
57672
57675
57678
57680
57682
57685
57686
57692
57697
57698
57702
57703
57705
57707
57709
57710
57714
57727
57728
57731
57732
57736
57741
57747
57748
57749
57752
57755
57756
57758
57759
57760
57762
57763
57764
57770
57771
57778
57783
57793
57804
57805
57807
57811
57814
57818
57820
57827
57828
57836
57844
57846
57848
57852
57858
57860
57865
57870
57875
57881
57882
57884
57885
57886
57887
57890
57891
57892
57896
57897
57898
57899
57901
57902
57903
57906
57908
57909
57910
57913
57916
57917
57918
57919
57923
57934
57939
57942
57943
57945
57948
57949
57950
57951
57954
57958
57959
57964
57965
57970
57971
57978
57982
57985
57986
57988
57989
57991
57995
57997
57999
58001
58003
58005
58009
58012
58013
58016
58026
58027
58028
58029
58032
58038
58049
58051
58055
58058
58059
58060
58061
58069
58071
58072
58073
58078
58079
58081
58085
58098
58100
58101
58102
58105
58106
58108
58110
58118
58120
58132
58133
58135
58139
58140
58144
58145
58147
58158
58159
58163
58165
58167
58169
58170
58176
58179
58184
58185
58189
58191
58192
58194
58201
58202
58203
58204
58208
58209
58213
58215
58217
58222
58223
58226
58229
58234
58237
58238
58240
58243
58258
58259
58261
58268
58270
58271
58276
58277
58282
58287
58289
58290
58296
58299
58301
58308
58312
58314
58316
58318
58319
58320
58321
58327
58330
58336
58337
58338
58340
58341
58343
58344
58345
58348
58352
58357
58359
58363
58368
58370
58373
58376
58377
58378
58380
58381
58383
58386
58388
58392
58393
58394
58395
58396
58398
58405
58407
58410
58416
58417
58418
58420
58421
58422
58426
58427
58430
58431
58432
58433
58434
58437
58440
58441
58442
58445
58446
58454
58456
58457
58459
58460
58462
58464
58466
58469
58470
58472
58475
58476
58479
58480
58483
58485
58488
58490
58495
58501
58503
58504
58508
58512
58515
58516
58517
58518
58519
58520
58521
58523
58524
58525
58526
58527
58531
58532
58534
58538
58546
58547
58552
58553
58556
58566
58570
58575
58581
58583
58588
58589
58592
58598
58599
58603
58604
58605
58609
58610
58611
58613
58618
58632
58634
58640
58652
58656
58660
58662
58666
58668
58669
58670
58673
58674
58679
58686
58687
58690
58695
58698
58700
58701
58703
58705
58707
58711
58713
58714
58720
58724
58729
58730
58736
58740
58744
58745
58750
58752
58753
58754
58762
58766
58767
58774
58775
58778
58780
58781
58782
58783
58787
58791
58792
58799
58800
58802
58803
58804
58810
58815
58816
58822
58823
58829
58833
58835
58838
58839
58842
58843
58852
58859
58862
58864
58866
58868
58872
58880
58882
58887
58888
58889
58892
58898
58903
58908
58911
58912
58915
58916
58921
58922
58926
58928
58933
58939
58942
58949
58952
58957
58959
58964
58966
58967
58973
58974
58978
58979
58983
58985
58987
58988
58989
58992
58994
58997
58998
58999
59012
59014
59017
59018
59020
59027
59032
59034
59035
59040
59045
59046
59048
59052
59059
59061
59063
59065
59070
59071
59072
59073
59085
59091
59094
59109
59112
59114
59115
59116
59117
59119
59121
59123
59125
59126
59132
59133
59137
59142
59163
59166
59169
59170
59171
59174
59178
59180
59184
59186
59193
59198
59199
59200
59205
59214
59216
59218
59220
59223
59225
59226
59235
59237
59238
59239
59248
59253
59256
59264
59265
59267
59269
59271
59274
59280
59289
59292
59295
59302
59306
59309
59310
59312
59315
59318
59326
59330
59331
59332
59333
59334
59335
59337
59338
59341
59344
59349
59353
59356
59359
59363
59365
59366
59371
59373
59377
59380
59381
59384
59385
59386
59388
59390
59391
59395
59396
59398
59401
59404
59406
59410
59411
59414
59415
59416
59418
59420
59421
59423
59424
59425
59430
59432
59438
59440
59442
59443
59444
59452
59456
59459
59460
59463
59464
59474
59475
59476
59480
59483
59492
59497
59502
59503
59506
59509
59510
59514
59516
59520
59521
59523
59525
59530
59536
59544
59546
59548
59549
59551
59554
59559
59561
59562
59564
59570
59571
59575
59576
59579
59582
59584
59585
59588
59592
59593
59599
59602
59603
59605
59608
59610
59614
59615
59621
59628
59631
59634
59639
59649
59653
59655
59656
59657
59663
59664
59671
59672
59673
59675
59681
59688
59689
59694
59695
59697
59699
59702
59705
59708
59711
59712
59713
59717
59720
59723
59725
59726
59732
59734
59736
59738
59743
59744
59747
59751
59755
59757
59759
59760
59761
59763
59764
59766
59767
59768
59772
59777
59782
59784
59785
59786
59788
59791
59792
59793
59798
59801
59803
59806
59807
59809
59811
59812
59815
59817
59818
59819
59823
59827
59829
59836
59840
59843
59845
59847
59853
59854
59870
59872
59875
59877
59885
59891
59892
59894
59895
59897
59899
59902
59904
59907
59908
59911
59912
59914
59917
59919
59922
59924
59925
59929
59930
59931
59935
59936
59938
59940
59941
59952
59960
59963
59968
59970
59971
59978
59980
59985
59987
59988
10000003
10000005
10000006
10000008
10000013
10000016
10000021
10000022
10000027
10000030
10000034
10000035
10000037
10000041
10000042
10000043
10000044
10000050
10000052
10000053
10000055
10000059
10000062
10000064
10000067
10000071
10000073
10000078
10000079
10000080
10000081
10000084
10000093
10000095
10000096
10000097
10000098
10000100
10000103
10000105
10000106
10000123
10000125
10000129
10000130
10000132
10000135
10000136
10000138
10000139
10000143
10000144
10000147
10000150
10000151
10000158
10000161
10000162
10000163
10000165
10000169
10000171
10000173
10000174
10000175
10000176
10000179
10000181
10000182
10000183
10000184
10000186
10000189
10000191
10000192
10000195
10000196
10000198
10000200
10000201
10000205
10000207
10000210
10000214
10000217
10000218
10000220
10000223
10000224
10000225
10000226
10000229
10000232
10000235
10000236
10000237
10000239
10000242
10000243
10000245
10000247
10000248
10000252
10000254
10000262
10000266
10000267
10000274
10000279
10000280
10000281
10000282
10000284
10000285
10000286
10000289
10000294
10000295
10000296
10000299
10000301
10000307
10000312
10000313
10000315
10000316
10000318
10000321
10000323
10000324
10000325
10000326
10000328
10000331
10000333
10000336
10000337
10000346
10000349
10000352
10000358
10000365
10000368
10000373
10000374
10000379
10000380
10000383
10000384
10000385
10000389
10000391
10000394
10000398
10000400
10000401
10000409
10000410
10000411
10000412
10000413
10000416
10000417
10000420
10000423
10000425
10000426
10000429
10000434
10000440
10000448
10000451
10000453
10000456
10000457
10000459
10000461
10000464
10000466
10000474
10000478
10000479
10000485
10000486
10000487
10000496
10000497
10000498
10000499
10000501
10000503
10000505
10000512
10000515
10000518
10000519
10000520
10000521
10000522
10000523
10000525
10000527
10000528
10000529
10000531
10000536
10000541
10000542
10000546
10000548
10000549
10000551
10000552
10000555
10000556
10000557
10000559
10000564
10000565
10000567
10000568
10000571
10000572
10000573
10000578
10000579
10000580
10000583
10000584
10000586
10000591
10000592
10000595
10000597
10000599
10000600
10000604
10000610
10000615
10000616
10000617
10000631
10000632
10000633
10000637
10000642
10000645
10000647
10000649
10000650
10000652
10000653
10000665
10000668
10000669
10000670
10000672
10000674
10000676
10000678
10000682
10000683
10000685
10000687
10000692
10000693
10000697
10000699
10000701
10000706
10000717
10000721
10000724
10000726
10000728
10000733
10000734
10000741
10000743
10000744
10000747
10000748
10000750
10000755
10000761
10000766
10000769
10000770
10000774
10000779
10000782
10000786
10000787
10000788
10000791
10000792
10000793
10000794
10000797
10000799
10000801
10000807
10000809
10000814
10000815
10000816
10000825
10000826
10000827
10000833
10000834
10000838
10000842
10000843
10000849
10000854
10000855
10000859
10000860
10000863
10000864
10000865
10000869
10000870
10000877
10000878
10000881
10000883
10000887
10000888
10000891
10000892
10000893
10000900
10000901
10000902
10000903
10000911
10000912
10000913
10000915
10000916
10000918
10000925
10000927
10000928
10000931
10000940
10000942
10000944
10000953
10000954
10000960
10000962
10000963
10000965
10000968
10000971
10000972
10000975
10000976
10000977
10000978
10000979
10000983
10000985
10000998
10001009
10001010
10001013
10001019
10001020
10001024
10001027
10001033
10001035
10001036
10001044
10001045
10001048
10001050
10001051
10001052
10001053
10001058
10001059
10001063
10001064
10001066
10001067
10001071
10001073
10001074
10001076
10001077
10001090
10001091
10001092
10001093
10001097
10001099
10001102
10001103
10001104
10001106
10001107
10001108
10001111
10001113
10001115
10001119
10001121
10001122
10001123
10001125
10001126
10001131
10001132
10001136
10001140
10001142
10001144
10001146
10001149
10001150
10001156
10001173
10001174
10001177
10001178
10001180
10001183
10001184
10001185
10001190
10001191
10001194
10001195
10001198
10001204
10001210
10001212
10001213
10001216
10001222
10001226
10001228
10001229
10001234
10001236
10001241
10001243
10001251
10001259
10001260
10001263
10001264
10001266
10001270
10001271
10001275
10001278
10001280
10001281
10001282
10001285
10001287
10001289
10001295
10001296
10001298
10001302
10001304
10001305
10001309
10001310
10001312
10001322
10001327
10001330
10001338
10001339
10001343
10001344
10001345
10001351
10001354
10001355
10001357
10001362
10001363
10001364
10001366
10001372
10001378
10001389
10001392
10001393
10001394
10001399
10001406
10001413
10001415
10001416
10001418
10001420
10001421
10001422
10001424
10001427
10001431
10001433
10001435
10001437
10001439
10001445
10001450
10001456
10001458
10001459
10001464
10001466
10001468
10001472
10001474
10001476
10001478
10001479
10001481
10001483
10001485
10001488
10001489
10001496
10001497
10001501
10001503
10001504
10001509
10001510
10001511
10001515
10001516
10001517
10001519
10001520
10001524
10001526
10001527
10001531
10001533
10001541
10001542
10001545
10001548
10001551
10001555
10001558
10001559
10001564
10001570
10001574
10001575
10001577
10001578
10001579
10001580
10001581
10001582
10001586
10001587
10001590
10001591
10001605
10001610
10001611
10001614
10001616
10001617
10001620
10001621
10001623
10001624
10001630
10001632
10001634
10001635
10001639
10001643
10001648
10001650
10001655
10001656
10001659
10001664
10001670
10001673
10001676
10001679
10001680
10001681
10001682
10001683
10001692
10001693
10001696
10001703
10001712
10001713
10001718
10001720
10001724
10001725
10001728
10001732
10001733
10001734
10001736
10001740
10001741
10001746
10001755
10001758
10001762
10001763
10001767
10001772
10001773
10001780
10001783
10001787
10001789
10001790
10001794
10001796
10001797
10001801
10001802
10001804
10001805
10001807
10001810
10001813
10001815
10001818
10001820
10001825
10001828
10001832
10001834
10001836
10001838
10001840
10001845
10001846
10001850
10001851
10001853
10001855
10001872
10001879
10001883
10001886
10001887
10001888
10001893
10001894
10001895
10001900
10001903
10001910
10001911
10001912
10001913
10001914
10001915
10001918
10001920
10001921
10001922
10001924
10001926
10001930
10001937
10001939
10001941
10001945
10001946
10001949
10001952
10001953
10001957
10001959
10001962
10001963
10001964
10001965
10001967
10001971
10001978
10001979
10001984
10001987
10001988
10001992
10001997
10001999
10002000
10002001
10002005
10002007
10002012
10002013
10002019
10002023
10002025
10002030
10002034
10002037
10002040
10002043
10002046
10002047
10002048
10002056
10002057
10002059
10002060
10002062
10002063
10002064
10002065
10002066
10002068
10002073
10002075
10002077
10002083
10002089
10002090
10002091
10002093
10002096
10002099
10002101
10002102
10002104
10002112
10002118
10002119
10002122
10002125
10002128
10002129
10002130
10002131
10002134
10002140
10002141
10002142
10002145
10002151
10002153
10002156
10002161
10002163
10002164
10002168
10002169
10002173
10002175
10002178
10002179
10002180
10002181
10002188
10002191
10002194
10002195
10002197
10002199
10002201
10002207
10002212
10002213
10002214
10002217
10002220
10002222
10002225
10002229
10002235
10002240
10002242
10002250
10002253
10002264
10002267
10002268
10002276
10002277
10002283
10002285
10002288
10002291
10002299
10002301
10002302
10002303
10002306
10002309
10002311
10002322
10002327
10002341
10002343
10002346
10002353
10002362
10002365
10002366
10002367
10002369
10002370
10002378
10002381
10002383
10002384
10002386
10002387
10002390
10002392
10002399
10002400
10002401
10002403
10002405
10002411
10002412
10002420
10002425
10002426
10002427
10002428
10002430
10002434
10002438
10002442
10002443
10002445
10002447
10002448
10002453
10002455
10002458
10002460
10002463
10002466
10002467
10002470
10002471
10002473
10002476
10002483
10002493
10002499
10002502
10002511
10002519
10002521
10002528
10002530
10002533
10002534
10002536
10002538
10002550
10002551
10002552
10002555
10002556
10002560
10002561
10002569
10002574
10002576
10002578
10002580
10002581
10002582
10002583
10002584
10002589
10002592
10002596
10002605
10002607
10002609
10002610
10002615
10002616
10002617
10002618
10002622
10002624
10002628
10002634
10002642
10002643
10002646
10002649
10002650
10002655
10002657
10002658
10002659
10002662
10002666
10002669
10002672
10002678
10002679
10002680
10002682
10002685
10002687
10002688
10002689
10002690
10002692
10002696
10002698
10002702
10002703
10002708
10002715
10002716
10002717
10002721
10002730
10002731
10002733
10002735
10002739
10002741
10002742
10002744
10002745
10002749
10002750
10002754
10002755
10002756
10002762
10002768
10002769
10002770
10002771
10002773
10002782
10002785
10002786
10002787
10002789
10002790
10002791
10002793
10002798
10002799
10002801
10002807
10002808
10002809
10002812
10002817
10002818
10002826
10002830
10002833
10002835
10002838
10002841
10002847
10002856
10002857
10002858
10002862
10002866
10002869
10002870
10002872
10002873
10002874
10002875
10002878
10002884
10002889
10002891
10002893
10002894
10002899
10002902
10002903
10002913
10002914
10002915
10002917
10002922
10002923
10002926
10002929
10002930
10002931
10002934
10002936
10002939
10002942
10002947
10002948
10002949
10002951
10002954
10002959
10002960
10002962
10002963
10002969
10002971
10002973
10002975
10002980
10002985
10002987
10002988
10002989
10002990
10002993
10002994
10002995
10003001
10003009
10003014
10003019
10003020
10003022
10003023
10003025
10003027
10003028
10003029
10003038
10003039
10003040
10003041
10003042
10003044
10003048
10003049
10003051
10003055
10003056
10003058
10003059
10003062
10003065
10003068
10003070
10003072
10003073
10003075
10003077
10003079
10003082
10003083
10003085
10003088
10003089
10003090
10003092
10003095
10003096
10003103
10003104
10003108
10003109
10003112
10003114
10003116
10003119
10003125
10003128
10003129
10003130
10003131
10003132
10003133
10003138
10003140
10003144
10003149
10003150
10003151
10003155
10003160
10003167
10003168
10003173
10003176
10003179
10003182
10003185
10003192
10003194
10003196
10003197
10003199
10003200
10003201
10003205
10003206
10003208
10003209
10003211
10003216
10003218
10003221
10003222
10003223
10003225
10003230
10003231
10003232
10003235
10003242
10003243
10003245
10003246
10003247
10003252
10003255
10003257
10003262
10003263
10003264
10003265
10003268
10003270
10003271
10003272
10003276
10003278
10003279
10003281
10003284
10003293
10003296
10003299
10003300
10003309
10003314
10003320
10003322
10003323
10003326
10003327
10003329
10003336
10003337
10003339
10003341
10003349
10003350
10003351
10003355
10003357
10003361
10003364
10003365
10003368
10003372
10003374
10003378
10003381
10003382
10003392
10003393
10003395
10003396
10003399
10003400
10003403
10003407
10003409
10003411
10003415
10003417
10003422
10003427
10003429
10003431
10003435
10003438
10003443
10003448
10003449
10003451
10003455
10003459
10003462
10003464
10003465
10003466
10003475
10003478
10003479
10003481
10003489
10003499
10003500
10003501
10003502
10003504
10003505
10003506
10003509
10003511
10003515
10003517
10003519
10003523
10003524
10003525
10003526
10003531
10003536
10003537
10003551
10003554
10003557
10003558
10003560
10003565
10003566
10003571
10003572
10003578
10003587
10003589
10003591
10003597
10003598
10003599
10003600
10003609
10003614
10003615
10003623
10003629
10003630
10003632
10003633
10003636
10003640
10003644
10003645
10003650
10003657
10003659
10003661
10003669
10003673
10003675
10003676
10003685
10003688
10003689
10003693
10003698
10003701
10003709
10003710
10003713
10003715
10003716
10003723
10003725
10003726
10003727
10003729
10003734
10003736
10003746
10003747
10003749
10003751
10003757
10003764
10003767
10003769
10003770
10003773
10003775
10003778
10003786
10003787
10003788
10003793
10003797
10003806
10003809
10003813
10003815
10003824
10003825
10003828
10003830
10003833
10003837
10003838
10003839
10003843
10003845
10003847
10003850
10003852
10003853
10003858
10003859
10003861
10003862
10003865
10003866
10003871
10003877
10003880
10003887
10003889
10003890
10003891
10003892
10003899
10003900
10003904
10003905
10003908
10003910
10003917
10003919
10003923
10003924
10003926
10003927
10003930
10003931
10003933
10003938
10003939
10003941
10003945
10003952
10003955
10003961
10003963
10003968
10003970
10003974
10003978
10003982
10003983
10003984
10003986
10003988
10003989
10003992
10003995
10003997
10003999
10004003
10004007
10004010
10004011
10004012
10004014
10004015
10004019
10004022
10004024
10004026
10004029
10004031
10004032
10004044
10004049
10004052
10004054
10004059
10004068
10004070
10004088
10004092
10004094
10004099
10004102
10004106
10004113
10004115
10004121
10004123
10004124
10004126
10004130
10004140
10004143
10004145
10004146
10004148
10004149
10004152
10004155
10004157
10004160
10004162
10004163
10004164
10004166
10004168
10004170
10004181
10004186
10004187
10004189
10004191
10004193
10004196
10004199
10004200
10004205
10004208
10004209
10004218
10004221
10004225
10004228
10004237
10004238
10004239
10004242
10004244
10004246
10004249
10004252
10004254
10004256
10004260
10004261
10004267
10004268
10004271
10004276
10004279
10004281
10004287
10004294
10004296
10004298
10004303
10004304
10004306
10004309
10004310
10004319
10004320
10004322
10004323
10004324
10004326
10004327
10004329
10004331
10004332
10004339
10004340
10004344
10004345
10004346
10004347
10004351
10004352
10004353
10004357
10004358
10004360
10004361
10004362
10004369
10004370
10004374
10004375
10004376
10004377
10004379
10004383
10004384
10004386
10004388
10004389
10004390
10004395
10004396
10004400
10004401
10004406
10004408
10004409
10004410
10004412
10004413
10004414
10004415
10004416
10004425
10004430
10004435
10004438
10004440
10004443
10004444
10004446
10004452
10004455
10004456
10004463
10004465
10004466
10004476
10004477
10004482
10004483
10004490
10004495
10004498
10004501
10004503
10004505
10004507
10004509
10004511
10004520
10004528
10004529
10004530
10004531
10004532
10004537
10004538
10004550
10004551
10004552
10004560
10004563
10004566
10004569
10004570
10004571
10004579
10004585
10004589
10004592
10004593
10004596
10004605
10004612
10004626
10004627
10004630
10004634
10004645
10004647
10004651
10004653
10004655
10004660
10004663
10004670
10004672
10004675
10004677
10004681
10004682
10004683
10004690
10004693
10004697
10004701
10004702
10004705
10004714
10004717
10004719
10004721
10004725
10004729
10004731
10004741
10004742
10004747
10004749
10004750
10004754
10004757
10004758
10004761
10004762
10004763
10004764
10004765
10004767
10004769
10004770
10004771
10004773
10004775
10004776
10004777
10004780
10004783
10004793
10004794
10004796
10004798
10004799
10004802
10004803
10004808
10004811
10004812
10004813
10004816
10004824
10004826
10004828
10004829
10004830
10004833
10004838
10004840
10004843
10004845
10004848
10004851
10004854
10004860
10004861
10004862
10004871
10004874
10004875
10004876
10004879
10004882
10004883
10004884
10004888
10004890
10004892
10004894
10004906
10004911
10004915
10004918
10004919
10004920
10004921
10004922
10004925
10004926
10004931
10004932
10004933
10004937
10004938
10004940
10004943
10004945
10004946
10004949
10004951
10004952
10004970
10004976
10004979
10004980
10004981
10004982
10004986
10004987
10004989
10004994
10004995
10004997
10004998
10004999
10005000
10005003
10005004
10005007
10005013
10005016
10005018
10005019
10005020
10005026
10005029
10005032
10005034
10005035
10005037
10005038
10005041
10005044
10005048
10005049
10005057
10005059
10005067
10005069
10005071
10005072
10005074
10005075
10005078
10005081
10005082
10005086
10005089
10005094
10005095
10005096
10005098
10005100
10005109
10005111
10005119
10005120
10005127
10005128
10005135
10005137
10005141
10005146
10005149
10005150
10005151
10005155
10005156
10005161
10005166
10005168
10005169
10005170
10005172
10005173
10005180
10005181
10005182
10005186
10005187
10005194
10005195
10005196
10005200
10005203
10005207
10005217
10005219
10005220
10005221
10005222
10005223
10005225
10005228
10005231
10005232
10005236
10005237
10005238
10005239
10005240
10005243
10005244
10005246
10005248
10005249
10005252
10005253
10005254
10005259
10005260
10005261
10005263
10005265
10005268
10005275
10005276
10005279
10005294
10005296
10005299
10005303
10005306
10005312
10005316
10005318
10005322
10005323
10005326
10005328
10005336
10005337
10005340
10005344
10005360
10005363
10005368
10005370
10005371
10005373
10005374
10005376
10005379
10005380
10005384
10005386
10005387
10005391
10005392
10005394
10005395
10005396
10005397
10005400
10005405
10005411
10005413
10005414
10005415
10005416
10005418
10005419
10005427
10005429
10005431
10005435
10005437
10005438
10005439
10005441
10005444
10005447
10005449
10005457
10005459
10005460
10005461
10005464
10005467
10005472
10005476
10005479
10005481
10005483
10005484
10005485
10005486
10005491
10005492
10005494
10005495
10005496
10005505
10005507
10005508
10005511
10005512
10005525
10005528
10005531
10005533
10005535
10005540
10005541
10005543
10005544
10005546
10005547
10005554
10005558
10005559
10005560
10005561
10005569
10005570
10005573
10005575
10005578
10005581
10005582
10005585
10005587
10005592
10005595
10005596
10005602
10005611
10005619
10005621
10005622
10005627
10005632
10005633
10005636
10005637
10005646
10005647
10005648
10005659
10005660
10005662
10005663
10005665
10005667
10005671
10005676
10005679
10005686
10005687
10005690
10005691
10005693
10005700
10005702
10005707
10005708
10005710
10005711
10005714
10005717
10005734
10005735
10005736
10005742
10005749
10005752
10005762
10005763
10005773
10005774
10005775
10005779
10005780
10005781
10005782
10005783
10005784
10005785
10005791
10005792
10005795
10005797
10005801
10005804
10005807
10005811
10005812
10005813
10005814
10005818
10005820
10005830
10005834
10005844
10005848
10005849
10005855
10005857
10005859
10005860
10005861
10005862
10005863
10005868
10005870
10005874
10005875
10005876
10005880
10005885
10005886
10005888
10005896
10005897
10005899
10005901
10005902
10005904
10005906
10005909
10005912
10005913
10005917
10005919
10005920
10005921
10005926
10005927
10005928
10005929
10005933
10005935
10005940
10005942
10005945
10005952
10005954
10005955
10005958
10005962
10005965
10005970
10005973
10005975
10005977
10005982
10005985
10005988
10005990
10005991
10005994
10005996
10006003
10006004
10006005
10006007
10006009
10006021
10006022
10006030
10006031
10006032
10006033
10006035
10006036
10006044
10006046
10006047
10006048
10006049
10006051
10006054
10006059
10006060
10006068
10006072
10006073
10006077
10006078
10006081
10006082
10006084
10006086
10006088
10006090
10006091
10006092
10006093
10006095
10006096
10006099
10006104
10006107
10006109
10006110
10006112
10006113
10006117
10006121
10006122
10006125
10006126
10006127
10006128
10006129
10006130
10006132
10006134
10006135
10006137
10006140
10006145
10006146
10006147
10006148
10006151
10006153
10006155
10006156
10006160
10006163
10006164
10006166
10006168
10006169
10006172
10006173
10006174
10006176
10006177
10006179
10006181
10006184
10006186
10006190
10006194
10006198
10006203
10006206
10006207
10006209
10006210
10006220
10006222
10006224
10006231
10006236
10006239
10006240
10006241
10006242
10006243
10006246
10006253
10006254
10006255
10006256
10006258
10006259
10006263
10006265
10006268
10006270
10006277
10006280
10006284
10006286
10006288
10006289
10006290
10006292
10006297
10006299
10006302
10006303
10006307
10006308
10006315
10006316
10006326
10006328
10006341
10006342
10006347
10006350
10006352
10006361
10006362
10006363
10006368
10006377
10006379
10006380
10006381
10006385
10006386
10006390
10006393
10006396
10006400
10006401
10006402
10006403
10006404
10006406
10006408
10006413
10006419
10006422
10006428
10006439
10006440
10006441
10006444
10006446
10006451
10006452
10006454
10006456
10006457
10006458
10006461
10006465
10006466
10006474
10006477
10006480
10006481
10006485
10006486
10006491
10006497
10006501
10006502
10006517
10006518
10006525
10006532
10006533
10006534
10006535
10006537
10006538
10006541
10006543
10006545
10006546
10006547
10006548
10006550
10006551
10006554
10006557
10006559
10006561
10006562
10006563
10006564
10006570
10006571
10006572
10006573
10006577
10006578
10006579
10006582
10006583
10006585
10006586
10006589
10006590
10006591
10006596
10006603
10006604
10006606
10006608
10006614
10006621
10006623
10006624
10006636
10006637
10006638
10006645
10006646
10006647
10006652
10006653
10006654
10006655
10006657
10006658
10006659
10006660
10006662
10006663
10006666
10006668
10006669
10006670
10006671
10006673
10006674
10006685
10006686
10006688
10006696
10006698
10006699
10006701
10006702
10006704
10006706
10006711
10006714
10006715
10006719
10006720
10006724
10006725
10006731
10006736
10006739
10006742
10006746
10006747
10006748
10006752
10006753
10006756
10006757
10006759
10006762
10006763
10006765
10006767
10006768
10006769
10006773
10006787
10006790
10006791
10006793
10006795
10006798
10006805
10006806
10006807
10006808
10006814
10006821
10006828
10006832
10006837
10006840
10006842
10006845
10006847
10006848
10006851
10006854
10006857
10006858
10006859
10006865
10006868
10006870
10006872
10006873
10006874
10006878
10006883
10006885
10006893
10006896
10006905
10006924
10006926
10006931
10006932
10006936
10006937
10006938
10006939
10006944
10006945
10006948
10006949
10006955
10006958
10006960
10006962
10006965
10006966
10006968
10006974
10006976
10006977
10006979
10006980
10006982
10006984
10006986
10006988
10006992
10006995
10007000
10007001
10007003
10007005
10007008
10007009
10007010
10007012
10007014
10007016
10007017
10007020
10007021
10007022
10007024
10007025
10007026
10007037
10007038
10007040
10007042
10007045
10007046
10007047
10007052
10007055
10007056
10007063
10007064
10007065
10007070
10007075
10007078
10007083
10007089
10007091
10007096
10007099
10007100
10007101
10007104
10007106
10007108
10007112
10007121
10007124
10007125
10007128
10007133
10007135
10007141
10007150
10007153
10007155
10007157
10007167
10007168
10007169
10007173
10007174
10007177
10007178
10007187
10007189
10007190
10007191
10007195
10007197
10007198
10007199
10007200
10007203
10007204
10007208
10007211
10007216
10007217
10007220
10007222
10007225
10007229
10007233
10007236
10007237
10007238
10007239
10007245
10007248
10007251
10007252
10007254
10007259
10007260
10007267
10007268
10007270
10007271
10007274
10007275
10007278
10007285
10007287
10007289
10007293
10007295
10007300
10007302
10007303
10007305
10007310
10007313
10007316
10007318
10007326
10007331
10007332
10007334
10007336
10007337
10007340
10007344
10007347
10007348
10007350
10007361
10007368
10007372
10007373
10007375
10007376
10007380
10007382
10007385
10007386
10007387
10007389
10007390
10007393
10007394
10007395
10007402
10007404
10007405
10007410
10007412
10007414
10007416
10007418
10007429
10007430
10007431
10007439
10007444
10007445
10007450
10007453
10007459
10007460
10007462
10007463
10007464
10007465
10007467
10007468
10007472
10007474
10007476
10007480
10007484
10007485
10007486
10007490
10007498
10007499
10007501
10007503
10007504
10007506
10007511
10007514
10007516
10007519
10007523
10007527
10007529
10007530
10007531
10007535
10007546
10007547
10007555
10007556
10007559
10007563
10007565
10007566
10007571
10007573
10007579
10007581
10007584
10007590
10007592
10007593
10007597
10007599
10007602
10007606
10007608
10007613
10007614
10007616
10007622
10007623
10007624
10007631
10007633
10007634
10007635
10007639
10007644
10007650
10007653
10007656
10007665
10007669
10007672
10007681
10007682
10007685
10007691
10007698
10007699
10007704
10007710
10007711
10007714
10007718
10007720
10007721
10007724
10007725
10007726
10007727
10007729
10007734
10007738
10007746
10007748
10007750
10007753
10007759
10007760
10007763
10007765
10007766
10007767
10007775
10007776
10007779
10007781
10007782
10007784
10007789
10007794
10007796
10007798
10007800
10007801
10007803
10007804
10007806
10007809
10007813
10007818
10007820
10007823
10007827
10007843
10007844
10007848
10007852
10007858
10007861
10007862
10007864
10007867
10007876
10007880
10007882
10007883
10007884
10007894
10007895
10007896
10007898
10007899
10007904
10007909
10007915
10007916
10007921
10007925
10007927
10007930
10007931
10007933
10007937
10007938
10007946
10007947
10007950
10007957
10007958
10007963
10007965
10007966
10007970
10007975
10007976
10007986
10007994
10007996
10007997
10008001
10008002
10008003
10008005
10008007
10008010
10008013
10008017
10008022
10008024
10008027
10008028
10008030
10008035
10008037
10008038
10008051
10008052
10008055
10008057
10008062
10008064
10008065
10008067
10008068
10008072
10008074
10008076
10008079
10008080
10008082
10008083
10008086
10008087
10008088
10008093
10008104
10008108
10008111
10008128
10008131
10008134
10008135
10008142
10008143
10008147
10008149
10008150
10008154
10008155
10008158
10008163
10008165
10008168
10008171
10008178
10008179
10008180
10008184
10008191
10008193
10008194
10008195
10008196
10008198
10008209
10008212
10008213
10008216
10008220
10008228
10008234
10008235
10008242
10008243
10008253
10008258
10008260
10008261
10008262
10008263
10008264
10008270
10008271
10008273
10008274
10008276
10008278
10008279
10008282
10008284
10008285
10008288
10008289
10008290
10008292
10008300
10008308
10008310
10008311
10008312
10008313
10008314
10008316
10008320
10008321
10008326
10008331
10008333
10008334
10008335
10008337
10008341
10008344
10008350
10008351
10008353
10008359
10008361
10008364
10008370
10008374
10008376
10008378
10008379
10008382
10008383
10008387
10008388
10008390
10008394
10008395
10008398
10008401
10008404
10008406
10008407
10008408
10008413
10008416
10008418
10008423
10008432
10008436
10008438
10008440
10008441
10008442
10008445
10008447
10008450
10008459
10008462
10008463
10008467
10008471
10008473
10008476
10008480
10008485
10008486
10008487
10008491
10008494
10008502
10008504
10008505
10008506
10008511
10008518
10008519
10008520
10008521
10008523
10008528
10008535
10008538
10008541
10008546
10008551
10008553
10008555
10008557
10008560
10008561
10008563
10008564
10008565
10008569
10008572
10008575
10008580
10008584
10008586
10008590
10008593
10008598
10008601
10008604
10008609
10008612
10008618
10008619
10008625
10008626
10008629
10008631
10008632
10008634
10008636
10008638
10008641
10008643
10008644
10008647
10008650
10008651
10008652
10008653
10008654
10008660
10008661
10008663
10008664
10008666
10008667
10008668
10008669
10008674
10008676
10008677
10008679
10008680
10008684
10008690
10008691
10008693
10008694
10008696
10008702
10008705
10008706
10008709
10008712
10008713
10008719
10008721
10008722
10008727
10008730
10008732
10008733
10008740
10008747
10008748
10008750
10008752
10008753
10008758
10008763
10008769
10008770
10008775
10008776
10008777
10008778
10008780
10008781
10008782
10008783
10008787
10008797
10008798
10008802
10008803
10008806
10008808
10008809
10008810
10008812
10008815
10008817
10008819
10008823
10008827
10008828
10008832
10008835
10008840
10008841
10008842
10008844
10008845
10008861
10008862
10008864
10008865
10008870
10008871
10008875
10008879
10008882
10008885
10008887
10008888
10008889
10008891
10008892
10008894
10008895
10008897
10008898
10008905
10008906
10008909
10008912
10008913
10008915
10008918
10008919
10008921
10008923
10008924
10008926
10008929
10008932
10008936
10008937
10008945
10008948
10008949
10008954
10008956
10008959
10008966
10008968
10008969
10008971
10008972
10008973
10008974
10008975
10008978
10008982
10008984
10008985
10008990
10008991
10008992
10008995
10009001
10009006
10009007
10009008
10009009
10009010
10009012
10009013
10009016
10009017
10009021
10009024
10009025
10009028
10009029
10009035
10009037
10009040
10009041
10009047
10009049
10009050
10009058
10009059
10009060
10009062
10009063
10009064
10009066
10009067
10009070
10009075
10009078
10009079
10009084
10009089
10009090
10009092
10009093
10009098
10009100
10009102
10009104
10009109
10009114
10009119
10009122
10009127
10009128
10009129
10009139
10009141
10009142
10009144
10009145
10009146
10009147
10009151
10009152
10009156
10009157
10009161
10009163
10009164
10009165
10009169
10009170
10009171
10009175
10009182
10009188
10009193
10009196
10009197
10009198
10009201
10009212
10009214
10009215
10009217
10009219
10009220
10009221
10009222
10009223
10009228
10009229
10009230
10009231
10009234
10009250
10009256
10009257
10009259
10009260
10009263
10009264
10009266
10009267
10009269
10009271
10009272
10009273
10009274
10009275
10009277
10009282
10009284
10009290
10009291
10009297
10009298
10009300
10009305
10009307
10009308
10009311
10009312
10009314
10009319
10009321
10009324
10009326
10009327
10009328
10009335
10009336
10009341
10009345
10009347
10009348
10009352
10009353
10009357
10009360
10009361
10009366
10009371
10009378
10009382
10009383
10009384
10009385
10009387
10009392
10009401
10009408
10009412
10009414
10009418
10009425
10009428
10009430
10009434
10009435
10009438
10009441
10009447
10009450
10009451
10009457
10009458
10009459
10009462
10009463
10009464
10009466
10009469
10009470
10009474
10009475
10009479
10009480
10009482
10009483
10009485
10009486
10009488
10009491
10009500
10009512
10009514
10009515
10009519
10009529
10009532
10009535
10009537
10009539
10009540
10009543
10009544
10009548
10009549
10009553
10009555
10009562
10009564
10009568
10009575
10009581
10009582
10009584
10009590
10009596
10009601
10009603
10009604
10009607
10009608
10009612
10009614
10009616
10009617
10009620
10009624
10009625
10009629
10009632
10009638
10009639
10009641
10009642
10009644
10009648
10009649
10009650
10009651
10009652
10009653
10009656
10009657
10009659
10009661
10009662
10009666
10009667
10009672
10009678
10009686
10009687
10009691
10009695
10009697
10009701
10009704
10009707
10009710
10009717
10009721
10009722
10009724
10009728
10009731
10009732
10009746
10009751
10009752
10009758
10009759
10009761
10009764
10009766
10009771
10009774
10009778
10009780
10009781
10009782
10009783
10009785
10009786
10009787
10009789
10009790
10009791
10009794
10009802
10009804
10009806
10009807
10009808
10009809
10009811
10009812
10009815
10009821
10009824
10009825
10009827
10009831
10009833
10009834
10009835
10009838
10009844
10009849
10009852
10009855
10009859
10009864
10009865
10009866
10009868
10009874
10009878
10009881
10009883
10009885
10009889
10009891
10009892
10009897
10009899
10009905
10009906
10009910
10009915
10009917
10009918
10009921
10009925
10009926
10009928
10009931
10009932
10009936
10009937
10009938
10009941
10009942
10009945
10009947
10009950
10009954
10009957
10009960
10009971
10009975
10009976
10009978
10009979
10009980
10009981
10009983
10009984
10009985
10009986
10009994
10010003
10010007
10010008
10010011
10010017
10010022
10010023
10010025
10010026
10010029
10010036
10010037
10010038
10010041
10010043
10010047
10010048
10010051
10010053
10010054
10010060
10010061
10010063
10010064
10010067
10010069
10010074
10010075
10010084
10010086
10010087
10010090
10010092
10010095
10010098
10010100
10010103
10010108
10010109
10010111
10010113
10010130
10010133
10010137
10010140
10010142
10010144
10010148
10010158
10010159
10010161
10010168
10010170
10010172
10010173
10010177
10010178
10010183
10010188
10010190
10010193
10010194
10010195
10010196
10010197
10010198
10010208
10010215
10010217
10010219
10010221
10010227
10010228
10010229
10010234
10010237
10010241
10010251
10010255
10010258
10010259
10010261
10010266
10010267
10010271
10010274
10010279
10010281
10010282
10010285
10010286
10010287
10010288
10010291
10010292
10010296
10010300
10010307
10010311
10010314
10010315
10010316
10010318
10010322
10010324
10010326
10010327
10010329
10010332
10010333
10010334
10010335
10010336
10010337
10010343
10010348
10010350
10010351
10010354
10010359
10010361
10010374
10010375
10010376
10010378
10010380
10010381
10010384
10010390
10010393
10010394
10010396
10010401
10010404
10010406
10010407
10010410
10010414
10010415
10010418
10010421
10010424
10010428
10010431
10010432
10010434
10010436
10010438
10010440
10010442
10010449
10010450
10010451
10010456
10010462
10010464
10010468
10010470
10010471
10010473
10010474
10010477
10010479
10010483
10010486
10010487
10010488
10010489
10010490
10010493
10010495
10010496
10010501
10010503
10010506
10010508
10010511
10010515
10010530
10010532
10010533
10010536
10010543
10010545
10010549
10010551
10010557
10010566
10010570
10010573
10010576
10010581
10010582
10010584
10010585
10010587
10010588
10010591
10010596
10010598
10010605
10010606
10010607
10010608
10010610
10010613
10010615
10010616
10010620
10010622
10010623
10010626
10010629
10010630
10010634
10010635
10010636
10010637
10010643
10010646
10010650
10010651
10010655
10010663
10010664
10010665
10010668
10010669
10010673
10010677
10010679
10010682
10010685
10010688
10010692
10010694
10010696
10010698
10010704
10010705
10010706
10010707
10010708
10010709
10010718
10010721
10010723
10010726
10010729
10010739
10010741
10010744
10010745
10010748
10010749
10010752
10010755
10010759
10010761
10010763
10010765
10010767
10010772
10010775
10010776
10010777
10010779
10010783
10010787
10010788
10010789
10010792
10010795
10010797
10010799
10010801
10010802
10010805
10010806
10010807
10010808
10010811
10010817
10010822
10010825
10010827
10010835
10010836
10010846
10010851
10010852
10010853
10010855
10010862
10010864
10010866
10010870
10010872
10010874
10010875
10010882
10010891
10010892
10010893
10010895
10010902
10010904
10010906
10010908
10010909
10010910
10010911
10010915
10010920
10010922
10010924
10010926
10010930
10010931
10010935
10010937
10010939
10010940
10010944
10010945
10010946
10010947
10010956
10010958
10010962
10010970
10010975
10010976
10010978
10010983
10010986
10010987
10010988
10010989
10010990
10010995
10010996
10010998
10011001
10011002
10011004
10011005
10011010
10011016
10011018
10011019
10011020
10011021
10011022
10011023
10011024
10011026
10011028
10011030
10011034
10011035
10011042
10011045
10011048
10011055
10011057
10011060
10011061
10011062
10011071
10011074
10011076
10011077
10011079
10011080
10011086
10011096
10011099
10011106
10011110
10011112
10011117
10011122
10011128
10011130
10011136
10011147
10011151
10011154
10011156
10011161
10011163
10011166
10011173
10011180
10011182
10011186
10011187
10011188
10011189
10011194
10011195
10011198
10011200
10011201
10011202
10011204
10011206
10011214
10011219
10011222
10011223
10011228
10011231
10011238
10011241
10011247
10011248
10011249
10011250
10011251
10011255
10011256
10011258
10011261
10011262
10011263
10011265
10011276
10011278
10011280
10011281
10011286
10011288
10011295
10011296
10011297
10011298
10011299
10011300
10011303
10011306
10011307
10011308
10011309
10011312
10011313
10011315
10011321
10011322
10011329
10011330
10011334
10011340
10011341
10011346
10011353
10011354
10011355
10011358
10011359
10011360
10011361
10011363
10011364
10011368
10011369
10011370
10011371
10011373
10011374
10011382
10011383
10011390
10011393
10011394
10011396
10011397
10011409
10011410
10011415
10011416
10011417
10011418
10011420
10011421
10011423
10011424
10011428
10011436
10011437
10011450
10011451
10011457
10011460
10011462
10011467
10011468
10011469
10011470
10011472
10011474
10011475
10011476
10011478
10011481
10011483
10011487
10011496
10011497
10011501
10011502
10011504
10011514
10011516
10011519
10011523
10011528
10011530
10011535
10011538
10011540
10011543
10011544
10011548
10011558
10011560
10011573
10011575
10011579
10011585
10011586
10011588
10011591
10011594
10011596
10011601
10011602
10011603
10011605
10011608
10011609
10011612
10011614
10011615
10011620
10011621
10011622
10011629
10011636
10011637
10011640
10011641
10011643
10011644
10011646
10011650
10011653
10011655
10011658
10011661
10011665
10011671
10011677
10011678
10011679
10011682
10011685
10011695
10011707
10011709
10011713
10011715
10011717
10011720
10011724
10011725
10011726
10011729
10011733
10011736
10011740
10011742
10011744
10011746
10011747
10011752
10011753
10011756
10011761
10011763
10011772
10011777
10011782
10011783
10011785
10011788
10011798
10011800
10011808
10011813
10011814
10011815
10011816
10011818
10011819
10011823
10011824
10011825
10011826
10011827
10011830
10011833
10011834
10011836
10011840
10011842
10011848
10011849
10011853
10011857
10011858
10011860
10011864
10011866
10011867
10011868
10011870
10011872
10011873
10011877
10011880
10011893
10011896
10011897
10011900
10011904
10011905
10011907
10011908
10011909
10011910
10011913
10011914
10011922
10011927
10011931
10011937
10011940
10011941
10011942
10011943
10011944
10011947
10011951
10011952
10011953
10011957
10011963
10011968
10011969
10011970
10011971
10011973
10011976
10011977
10011978
10011985
10011989
10011994
10011995
10011998
10011999
10012000
10012004
10012010
10012014
10012016
10012019
10012027
10012028
10012030
10012034
10012035
10012036
10012038
10012041
10012043
10012045
10012046
10012048
10012050
10012054
10012055
10012056
10012057
10012063
10012067
10012070
10012071
10012072
10012073
10012074
10012075
10012078
10012079
10012082
10012083
10012092
10012096
10012101
10012103
10012105
10012107
10012108
10012109
10012111
10012112
10012113
10012115
10012116
10012120
10012121
10012123
10012125
10012131
10012132
10012148
10012157
10012158
10012159
10012161
10012164
10012165
10012168
10012169
10012170
10012172
10012185
10012189
10012191
10012192
10012193
10012194
10012199
10012200
10012204
10012205
10012207
10012208
10012209
10012220
10012221
10012224
10012226
10012227
10012228
10012229
10012232
10012233
10012238
10012239
10012240
10012241
10012242
10012243
10012244
10012248
10012252
10012266
10012267
10012272
10012274
10012279
10012283
10012287
10012289
10012290
10012291
10012293
10012296
10012300
10012307
10012309
10012312
10012314
10012318
10012319
10012320
10012326
10012332
10012340
10012341
10012343
10012345
10012349
10012351
10012355
10012356
10012357
10012360
10012362
10012364
10012366
10012372
10012379
10012380
10012381
10012388
10012389
10012391
10012393
10012395
10012396
10012405
10012409
10012412
10012416
10012419
10012423
10012425
10012429
10012436
10012439
10012442
10012443
10012448
10012449
10012458
10012461
10012468
10012470
10012472
10012476
10012477
10012479
10012480
10012484
10012499
10012501
10012511
10012512
10012514
10012517
10012520
10012528
10012531
10012534
10012535
10012538
10012541
10012549
10012555
10012558
10012560
10012561
10012572
10012573
10012574
10012585
10012589
10012590
10012591
10012594
10012599
10012601
10012606
10012609
10012610
10012611
10012612
10012613
10012617
10012618
10012619
10012620
10012621
10012622
10012625
10012629
10012631
10012635
10012638
10012644
10012648
10012652
10012655
10012661
10012664
10012668
10012669
10012670
10012673
10012674
10012675
10012678
10012679
10012683
10012684
10012690
10012691
10012698
10012703
10012704
10012711
10012713
10012715
10012718
10012719
10012724
10012725
10012727
10012729
10012733
10012734
10012735
10012737
10012743
10012744
10012746
10012748
10012751
10012754
10012756
10012759
10012760
10012764
10012766
10012770
10012773
10012778
10012789
10012794
10012795
10012797
10012799
10012804
10012806
10012811
10012812
10012816
10012818
10012826
10012830
10012832
10012835
10012836
10012837
10012838
10012844
10012846
10012849
10012850
10012852
10012853
10012854
10012855
10012856
10012862
10012863
10012864
10012866
10012867
10012869
10012874
10012875
10012877
10012878
10012880
10012881
10012883
10012886
10012887
10012888
10012890
10012891
10012893
10012898
10012909
10012913
10012915
10012916
10012919
10012928
10012935
10012942
10012946
10012948
10012951
10012952
10012956
10012966
10012971
10012972
10012973
10012974
10012975
10012981
10012983
10012985
10012991
10012994
10012995
10012997
10013003
10013004
10013005
10013006
10013012
10013016
10013017
10013019
10013022
10013031
10013039
10013040
10013044
10013049
10013051
10013052
10013053
10013054
10013055
10013061
10013065
10013070
10013072
10013074
10013081
10013083
10013087
10013088
10013093
10013099
10013100
10013102
10013108
10013109
10013110
10013112
10013114
10013116
10013119
10013124
10013125
10013126
10013127
10013131
10013137
10013140
10013144
10013150
10013157
10013159
10013167
10013173
10013175
10013180
10013188
10013191
10013192
10013194
10013199
10013203
10013208
10013210
10013211
10013212
10013214
10013216
10013218
10013219
10013221
10013224
10013235
10013237
10013242
10013250
10013255
10013257
10013258
10013261
10013264
10013267
10013272
10013274
10013278
10013279
10013281
10013290
10013298
10013302
10013304
10013305
10013310
10013311
10013313
10013315
10013316
10013318
10013321
10013322
10013323
10013329
10013333
10013339
10013340
10013341
10013342
10013343
10013351
10013353
10013355
10013358
10013359
10013362
10013366
10013368
10013371
10013372
10013374
10013375
10013377
10013378
10013380
10013382
10013384
10013392
10013396
10013399
10013401
10013402
10013406
10013408
10013411
10013414
10013415
10013417
10013419
10013421
10013427
10013429
10013432
10013436
10013442
10013443
10013451
10013454
10013458
10013461
10013465
10013469
10013470
10013473
10013476
10013481
10013482
10013487
10013493
10013496
10013499
10013500
10013502
10013505
10013507
10013508
10013513
10013514
10013516
10013517
10013518
10013519
10013522
10013524
10013534
10013536
10013538
10013542
10013551
10013553
10013555
10013557
10013558
10013567
10013569
10013574
10013575
10013577
10013579
10013580
10013582
10013585
10013586
10013587
10013590
10013596
10013597
10013601
10013609
10013611
10013613
10013614
10013620
10013622
10013625
10013626
10013628
10013631
10013632
10013640
10013641
10013645
10013647
10013648
10013649
10013650
10013651
10013654
10013656
10013657
10013659
10013660
10013662
10013666
10013672
10013675
10013676
10013677
10013681
10013686
10013687
10013688
10013692
10013695
10013696
10013697
10013701
10013702
10013704
10013706
10013709
10013710
10013712
10013728
10013731
10013740
10013744
10013745
10013747
10013748
10013750
10013753
10013754
10013756
10013757
10013760
10013765
10013766
10013768
10013771
10013774
10013775
10013778
10013779
10013782
10013784
10013789
10013795
10013798
10013800
10013802
10013816
10013818
10013823
10013827
10013828
10013832
10013845
10013846
10013847
10013851
10013855
10013856
10013862
10013870
10013879
10013885
10013891
10013894
10013899
10013904
10013905
10013911
10013913
10013917
10013921
10013926
10013927
10013932
10013939
10013949
10013952
10013962
10013967
10013972
10013973
10013977
10013981
10013984
10013985
10013986
10013988
10013991
10013995
10013996
10014000
10014002
10014005
10014008
10014011
10014013
10014016
10014017
10014023
10014024
10014026
10014030
10014031
10014032
10014034
10014040
10014045
10014047
10014050
10014054
10014055
10014056
10014058
10014059
10014063
10014065
10014068
10014069
10014075
10014077
10014078
10014083
10014086
10014088
10014092
10014093
10014094
10014096
10014097
10014098
10014100
10014105
10014110
10014112
10014119
10014120
10014123
10014124
10014127
10014128
10014130
10014131
10014134
10014142
10014144
10014149
10014152
10014158
10014161
10014164
10014166
10014168
10014170
10014171
10014174
10014177
10014179
10014181
10014184
10014185
10014187
10014189
10014192
10014193
10014194
10014195
10014197
10014201
10014202
10014204
10014205
10014207
10014218
10014222
10014223
10014225
10014234
10014235
10014237
10014239
10014248
10014250
10014254
10014256
10014259
10014261
10014262
10014263
10014265
10014267
10014268
10014271
10014273
10014274
10014275
10014279
10014281
10014282
10014284
10014288
10014295
10014297
10014298
10014303
10014308
10014309
10014310
10014312
10014313
10014314
10014315
10014316
10014317
10014318
10014321
10014326
10014328
10014332
10014336
10014339
10014341
10014343
10014344
10014349
10014351
10014353
10014354
10014356
10014358
10014360
10014361
10014363
10014365
10014374
10014381
10014382
10014388
10014392
10014398
10014401
10014403
10014407
10014409
10014410
10014412
10014414
10014418
10014422
10014429
10014433
10014436
10014438
10014439
10014440
10014442
10014443
10014446
10014451
10014453
10014454
10014456
10014457
10014458
10014460
10014461
10014462
10014464
10014465
10014466
10014477
10014481
10014484
10014487
10014492
10014502
10014504
10014508
10014510
10014512
10014524
10014526
10014534
10014535
10014536
10014538
10014541
10014543
10014547
10014549
10014552
10014554
10014557
10014561
10014562
10014564
10014565
10014566
10014568
10014569
10014571
10014572
10014573
10014577
10014578
10014580
10014581
10014585
10014591
10014592
10014597
10014599
10014601
10014602
10014603
10014607
10014610
10014616
10014618
10014630
10014632
10014636
10014642
10014643
10014644
10014648
10014650
10014655
10014659
10014662
10014664
10014666
10014667
10014669
10014671
10014673
10014674
10014680
10014681
10014688
10014692
10014693
10014696
10014700
10014705
10014708
10014709
10014711
10014714
10014719
10014722
10014727
10014732
10014736
10014739
10014746
10014747
10014754
10014756
10014760
10014764
10014768
10014771
10014777
10014778
10014780
10014783
10014785
10014786
10014788
10014791
10014792
10014795
10014797
10014800
10014802
10014803
10014806
10014811
10014813
10014823
10014824
10014827
10014834
10014836
10014838
10014839
10014842
10014848
10014852
10014853
10014856
10014857
10014860
10014861
10014864
10014865
10014866
10014870
10014875
10014876
10014877
10014880
10014881
10014882
10014885
10014894
10014899
10014900
10014902
10014903
10014913
10014914
10014919
10014930
10014931
10014932
10014934
10014935
10014937
10014939
10014940
10014942
10014949
10014953
10014955
10014959
10014963
10014967
10014978
10014979
10014980
10014983
10014984
10014987
10014989
10014990
10014995
10014997
10014998
10015001
10015012
10015013
10015015
10015017
10015020
10015022
10015023
10015024
10015029
10015031
10015036
10015038
10015041
10015042
10015043
10015045
10015055
10015056
10015059
10015060
10015063
10015065
10015067
10015074
10015078
10015080
10015084
10015091
10015094
10015099
10015103
10015104
10015105
10015112
10015114
10015115
10015118
10015120
10015125
10015126
10015127
10015129
10015131
10015133
10015135
10015136
10015142
10015144
10015156
10015158
10015160
10015161
10015162
10015166
10015172
10015175
10015178
10015179
10015180
10015185
10015188
10015191
10015192
10015193
10015195
10015197
10015198
10015203
10015204
10015207
10015210
10015211
10015212
10015214
10015216
10015220
10015239
10015240
10015241
10015243
10015245
10015246
10015248
10015249
10015255
10015264
10015278
10015281
10015287
10015289
10015291
10015293
10015294
10015297
10015302
10015304
10015307
10015317
10015318
10015319
10015320
10015322
10015324
10015326
10015332
10015337
10015338
10015340
10015349
10015357
10015362
10015363
10015365
10015366
10015370
10015376
10015380
10015383
10015385
10015387
10015390
10015392
10015397
10015400
10015401
10015402
10015404
10015407
10015408
10015409
10015414
10015415
10015416
10015419
10015420
10015421
10015431
10015438
10015442
10015445
10015447
10015453
10015456
10015460
10015463
10015467
10015469
10015474
10015478
10015482
10015483
10015484
10015485
10015487
10015488
10015489
10015490
10015494
10015495
10015496
10015499
10015503
10015505
10015512
10015514
10015515
10015516
10015518
10015520
10015529
10015540
10015547
10015548
10015550
10015556
10015558
10015559
10015562
10015563
10015567
10015568
10015570
10015574
10015580
10015582
10015583
10015584
10015591
10015595
10015600
10015606
10015607
10015610
10015612
10015615
10015617
10015619
10015621
10015633
10015636
10015643
10015648
10015651
10015652
10015656
10015661
10015663
10015667
10015673
10015674
10015677
10015679
10015680
10015683
10015686
10015687
10015689
10015690
10015691
10015697
10015699
10015702
10015705
10015710
10015723
10015727
10015730
10015732
10015733
10015734
10015735
10015737
10015738
10015741
10015745
10015746
10015750
10015752
10015754
10015760
10015761
10015762
10015764
10015767
10015768
10015773
10015774
10015775
10015777
10015786
10015789
10015792
10015793
10015800
10015802
10015805
10015807
10015808
10015809
10015816
10015818
10015823
10015826
10015835
10015837
10015839
10015849
10015850
10015852
10015854
10015856
10015857
10015859
10015860
10015861
10015864
10015866
10015870
10015874
10015875
10015878
10015879
10015883
10015888
10015889
10015890
10015892
10015893
10015894
10015898
10015899
10015903
10015906
10015907
10015910
10015917
10015918
10015920
10015923
10015926
10015927
10015929
10015935
10015938
10015940
10015941
10015942
10015944
10015948
10015951
10015959
10015963
10015966
10015967
10015969
10015970
10015971
10015979
10015981
10015982
10015988
10015993
10015995
10016001
10016008
10016009
10016010
10016011
10016014
10016016
10016019
10016023
10016024
10016025
10016026
10016027
10016029
10016030
10016032
10016033
10016035
10016036
10016039
10016045
10016046
10016048
10016052
10016056
10016059
10016060
10016063
10016066
10016075
10016076
10016078
10016079
10016080
10016081
10016083
10016087
10016090
10016091
10016092
10016095
10016096
10016097
10016098
10016099
10016101
10016106
10016108
10016110
10016112
10016114
10016115
10016121
10016122
10016124
10016126
10016128
10016130
10016134
10016139
10016140
10016142
10016143
10016144
10016146
10016147
10016151
10016153
10016154
10016161
10016162
10016173
10016180
10016181
10016183
10016184
10016188
10016189
10016191
10016196
10016204
10016211
10016213
10016216
10016217
10016221
10016225
10016240
10016241
10016246
10016249
10016251
10016253
10016260
10016265
10016266
10016267
10016268
10016271
10016289
10016293
10016295
10016296
10016297
10016300
10016301
10016303
10016304
10016310
10016312
10016316
10016319
10016320
10016321
10016323
10016324
10016325
10016326
10016327
10016330
10016332
10016337
10016342
10016348
10016351
10016364
10016369
10016373
10016374
10016379
10016383
10016387
10016392
10016395
10016398
10016400
10016402
10016404
10016409
10016418
10016422
10016423
10016428
10016434
10016447
10016450
10016452
10016454
10016456
10016460
10016462
10016463
10016464
10016467
10016470
10016473
10016477
10016480
10016488
10016490
10016494
10016503
10016505
10016506
10016510
10016511
10016512
10016517
10016519
10016521
10016522
10016523
10016524
10016525
10016526
10016530
10016532
10016535
10016550
10016554
10016556
10016558
10016560
10016566
10016568
10016571
10016575
10016576
10016585
10016588
10016590
10016593
10016594
10016598
10016602
10016604
10016605
10016611
10016621
10016622
10016623
10016627
10016628
10016629
10016630
10016632
10016633
10016638
10016639
10016647
10016648
10016650
10016651
10016652
10016655
10016656
10016660
10016665
10016670
10016671
10016672
10016676
10016677
10016679
10016680
10016682
10016685
10016691
10016693
10016694
10016696
10016699
10016704
10016705
10016706
10016707
10016711
10016714
10016718
10016721
10016727
10016730
10016731
10016734
10016739
10016741
10016745
10016746
10016749
10016754
10016758
10016759
10016761
10016762
10016763
10016765
10016766
10016767
10016772
10016778
10016779
10016783
10016800
10016803
10016805
10016807
10016814
10016822
10016823
10016828
10016831
10016835
10016838
10016839
10016841
10016848
10016854
10016859
10016864
10016865
10016867
10016868
10016869
10016878
10016883
10016884
10016887
10016889
10016894
10016896
10016898
10016900
10016909
10016910
10016913
10016914
10016919
10016920
10016921
10016922
10016926
10016927
10016928
10016929
10016932
10016938
10016939
10016943
10016944
10016946
10016948
10016950
10016951
10016953
10016958
10016961
10016965
10016970
10016972
10016973
10016976
10016978
10016981
10016982
10016984
10016987
10016997
10016998
10017004
10017005
10017006
10017009
10017010
10017011
10017012
10017014
10017015
10017016
10017017
10017020
10017023
10017024
10017027
10017030
10017033
10017036
10017038
10017040
10017041
10017046
10017047
10017050
10017051
10017054
10017061
10017068
10017076
10017083
10017085
10017086
10017087
10017089
10017092
10017095
10017100
10017106
10017107
10017108
10017110
10017111
10017112
10017113
10017114
10017118
10017119
10017123
10017141
10017144
10017147
10017149
10017151
10017152
10017158
10017160
10017163
10017164
10017165
10017168
10017169
10017175
10017179
10017180
10017182
10017187
10017188
10017189
10017194
10017196
10017197
10017200
10017201
10017202
10017203
10017212
10017213
10017215
10017216
10017220
10017221
10017222
10017224
10017226
10017236
10017243
10017252
10017254
10017255
10017257
10017261
10017262
10017268
10017271
10017273
10017278
10017279
10017282
10017287
10017288
10017291
10017292
10017294
10017295
10017303
10017305
10017308
10017314
10017315
10017316
10017320
10017323
10017328
10017333
10017334
10017338
10017340
10017347
10017349
10017352
10017355
10017360
10017361
10017364
10017368
10017375
10017376
10017381
10017386
10017387
10017389
10017390
10017391
10017400
10017406
10017408
10017409
10017412
10017416
10017424
10017425
10017427
10017431
10017432
10017433
10017435
10017440
10017441
10017443
10017447
10017449
10017450
10017458
10017468
10017471
10017472
10017480
10017482
10017483
10017491
10017495
10017497
10017498
10017501
10017503
10017505
10017506
10017509
10017515
10017518
10017519
10017531
10017533
10017538
10017541
10017542
10017546
10017547
10017549
10017550
10017551
10017556
10017558
10017562
10017564
10017565
10017566
10017571
10017576
10017577
10017578
10017580
10017584
10017586
10017587
10017590
10017591
10017593
10017597
10017598
10017600
10017601
10017605
10017606
10017607
10017611
10017616
10017620
10017628
10017630
10017632
10017633
10017636
10017637
10017638
10017644
10017645
10017648
10017650
10017651
10017652
10017656
10017659
10017665
10017666
10017669
10017671
10017675
10017676
10017679
10017686
10017698
10017700
10017702
10017704
10017705
10017709
10017711
10017712
10017714
10017717
10017718
10017719
10017721
10017722
10017726
10017731
10017733
10017740
10017742
10017743
10017746
10017750
10017751
10017754
10017755
10017757
10017759
10017761
10017765
10017776
10017784
10017785
10017789
10017792
10017796
10017798
10017799
10017800
10017804
10017807
10017813
10017817
10017819
10017821
10017822
10017824
10017832
10017833
10017837
10017838
10017844
10017845
10017847
10017851
10017862
10017865
10017866
10017867
10017873
10017874
10017880
10017881
10017886
10017891
10017900
10017904
10017911
10017913
10017914
10017915
10017920
10017921
10017925
10017930
10017932
10017946
10017948
10017950
10017954
10017955
10017961
10017966
10017967
10017972
10017973
10017977
10017979
10017985
10017986
10017992
10017995
10017996
10018005
10018007
10018008
10018015
10018018
10018023
10018026
10018027
10018028
10018029
10018036
10018037
10018039
10018048
10018050
10018052
10018058
10018061
10018062
10018066
10018072
10018073
10018074
10018075
10018081
10018082
10018087
10018089
10018091
10018093
10018095
10018096
10018099
10018102
10018107
10018108
10018110
10018111
10018114
10018116
10018117
10018121
10018123
10018132
10018133
10018135
10018143
10018149
10018153
10018156
10018158
10018159
10018164
10018165
10018168
10018171
10018175
10018176
10018178
10018181
10018182
10018189
10018190
10018197
10018198
10018200
10018201
10018203
10018204
10018205
10018209
10018210
10018211
10018214
10018217
10018218
10018227
10018228
10018233
10018234
10018235
10018238
10018244
10018246
10018248
10018252
10018253
10018254
10018258
10018260
10018262
10018263
10018264
10018267
10018268
10018274
10018278
10018281
10018282
10018286
10018294
10018296
10018298
10018300
10018302
10018306
10018308
10018313
10018314
10018315
10018316
10018317
10018318
10018319
10018323
10018324
10018327
10018336
10018337
10018345
10018346
10018349
10018360
10018362
10018371
10018373
10018374
10018376
10018377
10018379
10018387
10018388
10018390
10018393
10018395
10018397
10018400
10018401
10018403
10018404
10018405
10018407
10018409
10018411
10018414
10018429
10018432
10018440
10018441
10018442
10018444
10018448
10018449
10018451
10018454
10018461
10018463
10018464
10018466
10018467
10018470
10018471
10018477
10018480
10018482
10018484
10018485
10018487
10018490
10018493
10018499
10018500
10018502
10018508
10018512
10018515
10018528
10018532
10018534
10018541
10018546
10018549
10018550
10018554
10018566
10018571
10018572
10018573
10018575
10018578
10018583
10018588
10018589
10018591
10018592
10018606
10018609
10018617
10018618
10018619
10018624
10018626
10018627
10018628
10018630
10018633
10018634
10018636
10018641
10018643
10018644
10018645
10018658
10018662
10018664
10018667
10018668
10018670
10018672
10018678
10018680
10018681
10018683
10018687
10018691
10018693
10018694
10018698
10018704
10018707
10018708
10018712
10018713
10018720
10018723
10018727
10018728
10018732
10018734
10018737
10018745
10018746
10018747
10018760
10018770
10018773
10018775
10018782
10018783
10018786
10018787
10018790
10018795
10018797
10018798
10018799
10018800
10018804
10018810
10018813
10018820
10018822
10018826
10018828
10018830
10018836
10018839
10018840
10018841
10018843
10018845
10018846
10018849
10018852
10018854
10018855
10018856
10018857
10018861
10018863
10018864
10018868
10018870
10018872
10018876
10018890
10018892
10018894
10018895
10018909
10018910
10018911
10018914
10018919
10018924
10018925
10018927
10018936
10018938
10018941
10018944
10018946
10018949
10018952
10018957
10018961
10018962
10018963
10018965
10018973
10018978
10018980
10018981
10018985
10018990
10018994
10018995
10018996
10018997
10018998
10019000
10019004
10019006
10019009
10019011
10019013
10019017
10019018
10019019
10019022
10019024
10019030
10019031
10019038
10019044
10019045
10019049
10019053
10019057
10019060
10019064
10019076
10019078
10019079
10019082
10019084
10019091
10019093
10019095
10019098
10019099
10019101
10019108
10019111
10019112
10019116
10019120
10019121
10019127
10019129
10019131
10019132
10019135
10019137
10019138
10019145
10019146
10019148
10019152
10019157
10019159
10019163
10019168
10019171
10019172
10019176
10019180
10019182
10019183
10019185
10019187
10019189
10019191
10019192
10019199
10019204
10019210
10019212
10019222
10019224
10019227
10019229
10019231
10019232
10019235
10019241
10019242
10019244
10019250
10019252
10019256
10019262
10019264
10019268
10019271
10019274
10019278
10019280
10019294
10019295
10019302
10019303
10019304
10019310
10019320
10019326
10019328
10019332
10019333
10019334
10019343
10019345
10019346
10019348
10019350
10019351
10019360
10019364
10019365
10019367
10019368
10019369
10019374
10019379
10019380
10019382
10019385
10019389
10019397
10019398
10019400
10019401
10019403
10019405
10019411
10019414
10019416
10019420
10019423
10019425
10019431
10019433
10019437
10019439
10019441
10019442
10019446
10019449
10019450
10019453
10019454
10019459
10019468
10019472
10019474
10019477
10019488
10019496
10019497
10019499
10019500
10019501
10019502
10019503
10019505
10019512
10019515
10019517
10019519
10019520
10019521
10019524
10019526
10019531
10019532
10019538
10019540
10019542
10019546
10019547
10019549
10019552
10019553
10019556
10019558
10019559
10019560
10019563
10019564
10019565
10019571
10019572
10019576
10019578
10019583
10019584
10019588
10019589
10019591
10019597
10019600
10019601
10019604
10019605
10019610
10019611
10019614
10019617
10019628
10019629
10019631
10019632
10019634
10019635
10019639
10019641
10019642
10019646
10019647
10019649
10019650
10019651
10019652
10019653
10019654
10019659
10019661
10019666
10019667
10019670
10019672
10019674
10019676
10019677
10019679
10019683
10019685
10019688
10019689
10019693
10019694
10019698
10019699
10019704
10019706
10019711
10019716
10019718
10019720
10019726
10019733
10019734
10019735
10019736
10019738
10019739
10019743
10019744
10019745
10019748
10019749
10019753
10019754
10019756
10019757
10019761
10019769
10019773
10019776
10019787
10019788
10019790
10019794
10019796
10019797
10019798
10019804
10019806
10019809
10019810
10019811
10019815
10019821
10019823
10019824
10019825
10019827
10019828
10019836
10019838
10019839
10019843
10019851
10019856
10019858
10019862
10019863
10019870
10019874
10019877
10019879
10019887
10019888
10019889
10019895
10019899
10019904
10019908
10019909
10019918
10019923
10019925
10019927
10019930
10019935
10019938
10019939
10019941
10019942
10019948
10019951
10019956
10019958
10019967
10019969
10019970
10019979
10019981
10019985
10019992
10019993
10019994
10019996
10019997
10020006
10020008
10020011
10020016
10020018
10020019
10020021
10020022
10020024
10020026
10020027
10020029
10020030
10020035
10020036
10020044
10020048
10020050
10020058
10020062
10020065
10020067
10020070
10020076
10020079
10020080
10020081
10020094
10020098
10020101
10020102
10020103
10020105
10020107
10020108
10020109
10020112
10020115
10020119
10020125
10020130
10020135
10020136
10020139
10020142
10020144
10020145
10020151
10020152
10020154
10020157
10020158
10020160
10020162
10020163
10020166
10020167
10020172
10020182
10020185
10020187
10020188
10020189
10020193
10020194
10020202
10020206
10020207
10020209
10020210
10020212
10020217
10020218
10020219
10020220
10020222
10020235
10020245
10020247
10020249
10020251
10020253
10020257
10020258
10020262
10020270
10020271
10020272
10020279
10020281
10020282
10020283
10020284
10020287
10020288
10020289
10020291
10020295
10020297
10020300
10020301
10020303
10020306
10020308
10020316
10020317
10020322
10020324
10020326
10020330
10020335
10020338
10020340
10020341
10020343
10020347
10020349
10020355
10020356
10020360
10020364
10020366
10020368
10020372
10020378
10020381
10020382
10020384
10020390
10020393
10020396
10020405
10020413
10020414
10020417
10020418
10020419
10020420
10020422
10020424
10020426
10020431
10020439
10020440
10020444
10020448
10020450
10020451
10020458
10020461
10020464
10020470
10020473
10020474
10020482
10020486
10020488
10020490
10020491
10020502
10020503
10020509
10020512
10020516
10020518
10020519
10020522
10020523
10020525
10020526
10020527
10020537
10020542
10020548
10020549
10020550
10020555
10020557
10020558
10020561
10020564
10020566
10020567
10020570
10020572
10020575
10020579
10020583
10020585
10020591
10020592
10020596
10020601
10020603
10020604
10020605
10020611
10020614
10020626
10020627
10020629
10020634
10020637
10020638
10020642
10020643
10020646
10020647
10020648
10020652
10020653
10020654
10020655
10020656
10020657
10020660
10020665
10020670
10020671
10020679
10020684
10020691
10020692
10020696
10020704
10020707
10020709
10020711
10020721
10020723
10020732
10020735
10020744
10020752
10020753
10020756
10020757
10020762
10020774
10020776
10020779
10020780
10020782
10020795
10020796
10020799
10020805
10020823
10020824
10020825
10020826
10020827
10020830
10020832
10020835
10020839
10020843
10020856
10020857
10020858
10020859
10020860
10020862
10020863
10020867
10020868
10020869
10020871
10020873
10020875
10020877
10020882
10020883
10020885
10020898
10020899
10020901
10020903
10020907
10020908
10020914
10020921
10020922
10020925
10020926
10020927
10020928
10020934
10020939
10020940
10020941
10020943
10020947
10020949
10020953
10020955
10020956
10020957
10020963
10020965
10020966
10020967
10020968
10020971
10020973
10020975
10020976
10020979
10020984
10020989
10020995
10020996
10020998
10021000
10021003
10021004
10021008
10021011
10021013
10021016
10021019
10021021
10021027
10021033
10021034
10021035
10021036
10021039
10021042
10021043
10021044
10021046
10021047
10021051
10021052
10021055
10021059
10021060
10021062
10021063
10021079
10021080
10021081
10021082
10021086
10021087
10021092
10021093
10021107
10021112
10021113
10021116
10021117
10021119
10021120
10021123
10021127
10021133
10021135
10021140
10021145
10021146
10021148
10021149
10021158
10021159
10021161
10021165
10021169
10021173
10021174
10021175
10021178
10021179
10021183
10021186
10021188
10021189
10021192
10021198
10021206
10021207
10021210
10021212
10021215
10021228
10021229
10021230
10021232
10021244
10021245
10021247
10021253
10021254
10021258
10021263
10021269
10021270
10021271
10021272
10021280
10021281
10021283
10021285
10021290
10021299
10021302
10021305
10021306
10021315
10021323
10021327
10021328
10021330
10021334
10021336
10021343
10021350
10021351
10021353
10021355
10021363
10021366
10021367
10021368
10021374
10021381
10021382
10021384
10021390
10021393
10021394
10021399
10021400
10021404
10021406
10021408
10021411
10021413
10021414
10021415
10021418
10021419
10021422
10021424
10021427
10021429
10021436
10021439
10021440
10021445
10021447
10021448
10021449
10021450
10021451
10021454
10021455
10021456
10021458
10021459
10021466
10021471
10021473
10021475
10021478
10021479
10021480
10021481
10021482
10021487
10021488
10021489
10021501
10021502
10021504
10021505
10021506
10021508
10021512
10021529
10021530
10021532
10021533
10021534
10021536
10021537
10021538
10021543
10021545
10021546
10021548
10021549
10021551
10021558
10021567
10021569
10021576
10021579
10021586
10021589
10021593
10021594
10021595
10021597
10021604
10021608
10021610
10021611
10021615
10021619
10021622
10021623
10021624
10021626
10021630
10021633
10021636
10021638
10021639
10021643
10021646
10021648
10021650
10021653
10021654
10021655
10021658
10021662
10021665
10021666
10021667
10021669
10021670
10021675
10021677
10021680
10021682
10021684
10021685
10021692
10021693
10021694
10021699
10021700
10021701
10021704
10021706
10021707
10021717
10021718
10021719
10021720
10021722
10021724
10021725
10021728
10021729
10021738
10021740
10021743
10021744
10021749
10021753
10021758
10021760
10021762
10021765
10021766
10021767
10021776
10021777
10021778
10021779
10021780
10021787
10021791
10021797
10021798
10021805
10021807
10021809
10021812
10021816
10021817
10021818
10021824
10021825
10021828
10021833
10021836
10021840
10021843
10021844
10021845
10021847
10021851
10021853
10021857
10021858
10021859
10021863
10021865
10021871
10021873
10021874
10021876
10021879
10021880
10021888
10021889
10021891
10021893
10021894
10021900
10021905
10021906
10021907
10021909
10021922
10021923
10021925
10021926
10021927
10021928
10021931
10021932
10021933
10021936
10021938
10021944
10021945
10021946
10021954
10021957
10021958
10021959
10021961
10021962
10021963
10021964
10021967
10021969
10021970
10021973
10021974
10021980
10021985
10021987
10021988
10021989
10021991
10021992
10021993
10021994
10022003
10022015
10022019
10022021
10022027
10022029
10022034
10022037
10022038
10022039
10022041
10022042
10022043
10022053
10022056
10022061
10022062
10022063
10022064
10022067
10022070
10022071
10022073
10022074
10022075
10022083
10022090
10022094
10022095
10022097
10022099
10022102
10022104
10022106
10022109
10022110
10022111
10022115
10022117
10022120
10022122
10022123
10022125
10022127
10022129
10022130
10022131
10022132
10022141
10022143
10022145
10022147
10022152
10022153
10022155
10022159
10022160
10022168
10022172
10022173
10022179
10022182
10022184
10022186
10022194
10022197
10022198
10022200
10022205
10022206
10022208
10022210
10022213
10022214
10022216
10022220
10022222
10022224
10022245
10022248
10022251
10022254
10022256
10022258
10022260
10022264
10022268
10022274
10022275
10022276
10022277
10022278
10022280
10022281
10022283
10022285
10022286
10022291
10022294
10022296
10022299
10022300
10022301
10022307
10022312
10022315
10022317
10022324
10022328
10022329
10022330
10022335
10022336
10022341
10022343
10022345
10022348
10022349
10022352
10022363
10022367
10022370
10022371
10022373
10022375
10022376
10022377
10022379
10022386
10022390
10022393
10022394
10022395
10022396
10022406
10022410
10022413
10022414
10022419
10022423
10022424
10022427
10022429
10022432
10022434
10022438
10022440
10022441
10022445
10022449
10022453
10022454
10022458
10022459
10022460
10022461
10022468
10022472
10022474
10022475
10022476
10022484
10022486
10022489
10022494
10022495
10022496
10022500
10022501
10022502
10022504
10022505
10022506
10022511
10022513
10022520
10022522
10022526
10022527
10022530
10022540
10022542
10022545
10022547
10022552
10022554
10022557
10022560
10022561
10022564
10022567
10022570
10022572
10022573
10022575
10022578
10022580
10022582
10022583
10022584
10022585
10022589
10022591
10022592
10022593
10022602
10022604
10022606
10022607
10022608
10022610
10022613
10022615
10022620
10022621
10022625
10022627
10022632
10022633
10022634
10022636
10022637
10022657
10022660
10022661
10022664
10022666
10022670
10022672
10022682
10022689
10022692
10022693
10022696
10022708
10022715
10022718
10022722
10022726
10022729
10022731
10022733
10022736
10022738
10022739
10022742
10022748
10022761
10022765
10022766
10022772
10022777
10022779
10022782
10022786
10022789
10022791
10022795
10022796
10022797
10022798
10022802
10022805
10022808
10022810
10022820
10022821
10022822
10022827
10022829
10022839
10022840
10022841
10022843
10022849
10022851
10022858
10022860
10022862
10022863
10022867
10022869
10022873
10022878
10022879
10022889
10022891
10022892
10022893
10022895
10022906
10022908
10022910
10022912
10022914
10022919
10022922
10022924
10022928
10022931
10022933
10022935
10022938
10022941
10022943
10022955
10022960
10022961
10022963
10022967
10022970
10022973
10022977
10022985
10022987
10022989
10022993
10022997
10023000
10023005
10023006
10023007
10023008
10023009
10023013
10023014
10023020
10023028
10023029
10023031
10023035
10023039
10023047
10023048
10023055
10023061
10023064
10023066
10023072
10023084
10023085
10023086
10023091
10023094
10023095
10023097
10023100
10023102
10023106
10023107
10023109
10023112
10023117
10023123
10023127
10023130
10023134
10023135
10023140
10023142
10023145
10023149
10023151
10023155
10023156
10023170
10023172
10023175
10023181
10023182
10023184
10023188
10023190
10023193
10023195
10023198
10023200
10023202
10023209
10023214
10023218
10023220
10023222
10023224
10023227
10023231
10023236
10023239
10023240
10023241
10023244
10023245
10023250
10023256
10023262
10023269
10023270
10023283
10023287
10023292
10023298
10023302
10023304
10023313
10023315
10023317
10023320
10023321
10023323
10023324
10023327
10023329
10023331
10023332
10023333
10023334
10023337
10023341
10023344
10023346
10023347
10023348
10023349
10023352
10023354
10023357
10023364
10023366
10023370
10023371
10023376
10023379
10023385
10023388
10023389
10023390
10023392
10023400
10023403
10023406
10023412
10023413
10023414
10023417
10023418
10023419
10023420
10023423
10023424
10023427
10023430
10023431
10023435
10023438
10023443
10023445
10023453
10023456
10023459
10023462
10023467
10023468
10023470
10023472
10023474
10023481
10023485
10023488
10023492
10023494
10023495
10023499
10023502
10023507
10023509
10023511
10023513
10023516
10023520
10023523
10023526
10023528
10023533
10023536
10023538
10023539
10023545
10023546
10023552
10023557
10023561
10023577
10023585
10023586
10023589
10023599
10023613
10023616
10023618
10023625
10023627
10023628
10023629
10023631
10023639
10023640
10023648
10023657
10023658
10023662
10023666
10023670
10023671
10023672
10023678
10023679
10023680
10023681
10023686
10023689
10023690
10023691
10023693
10023698
10023699
10023700
10023701
10023702
10023703
10023705
10023711
10023712
10023713
10023716
10023717
10023722
10023724
10023725
10023727
10023729
10023731
10023732
10023742
10023743
10023747
10023751
10023753
10023758
10023761
10023771
10023773
10023789
10023790
10023801
10023807
10023808
10023809
10023811
10023813
10023814
10023819
10023820
10023821
10023828
10023830
10023834
10023836
10023841
10023853
10023859
10023860
10023867
10023868
10023869
10023870
10023875
10023883
10023887
10023889
10023892
10023898
10023899
10023902
10023903
10023904
10023905
10023909
10023911
10023915
10023919
10023926
10023931
10023932
10023933
10023939
10023940
10023944
10023945
10023948
10023950
10023961
10023962
10023969
10023973
10023975
10023982
10023984
10023988
10023989
10023993
10023994
10023996
10023998
10023999
10024002
10024003
10024005
10024008
10024015
10024016
10024020
10024023
10024025
10024026
10024028
10024029
10024030
10024031
10024033
10024036
10024040
10024041
10024044
10024048
10024062
10024064
10024065
10024070
10024079
10024083
10024084
10024088
10024091
10024093
10024100
10024107
10024108
10024111
10024113
10024115
10024117
10024118
10024120
10024133
10024134
10024136
10024140
10024141
10024147
10024149
10024150
10024152
10024154
10024159
10024161
10024166
10024169
10024171
10024173
10024174
10024175
10024177
10024178
10024185
10024197
10024198
10024202
10024206
10024207
10024211
10024213
10024216
10024217
10024219
10024221
10024223
10024230
10024234
10024235
10024244
10024246
10024249
10024251
10024252
10024253
10024261
10024263
10024269
10024273
10024274
10024279
10024282
10024283
10024284
10024285
10024288
10024294
10024295
10024296
10024299
10024302
10024305
10024306
10024309
10024310
10024311
10024312
10024313
10024315
10024318
10024319
10024327
10024329
10024330
10024331
10024334
10024340
10024341
10024348
10024349
10024351
10024352
10024359
10024362
10024366
10024370
10024376
10024377
10024384
10024386
10024387
10024390
10024392
10024396
10024398
10024399
10024403
10024404
10024408
10024409
10024411
10024412
10024414
10024418
10024423
10024429
10024433
10024434
10024435
10024436
10024437
10024440
10024442
10024446
10024454
10024455
10024456
10024457
10024459
10024460
10024464
10024465
10024472
10024478
10024479
10024482
10024485
10024486
10024488
10024489
10024494
10024496
10024497
10024501
10024503
10024506
10024508
10024512
10024516
10024522
10024523
10024525
10024526
10024527
10024530
10024532
10024534
10024540
10024545
10024546
10024548
10024549
10024552
10024558
10024561
10024562
10024570
10024571
10024573
10024575
10024578
10024580
10024583
10024587
10024588
10024595
10024597
10024600
10024604
10024610
10024613
10024617
10024620
10024630
10024632
10024635
10024636
10024637
10024639
10024640
10024644
10024645
10024646
10024647
10024649
10024654
10024657
10024662
10024663
10024666
10024667
10024676
10024678
10024679
10024688
10024689
10024690
10024692
10024693
10024696
10024697
10024698
10024699
10024700
10024702
10024704
10024705
10024706
10024708
10024710
10024714
10024717
10024721
10024723
10024724
10024725
10024726
10024731
10024732
10024733
10024734
10024741
10024742
10024743
10024747
10024748
10024749
10024750
10024753
10024754
10024758
10024761
10024762
10024765
10024767
10024770
10024777
10024778
10024780
10024781
10024786
10024792
10024799
10024802
10024805
10024808
10024810
10024811
10024820
10024826
10024827
10024831
10024832
10024834
10024835
10024837
10024841
10024843
10024845
10024850
10024853
10024862
10024864
10024867
10024869
10024871
10024873
10024876
10024878
10024892
10024893
10024894
10024896
10024898
10024901
10024902
10024903
10024910
10024912
10024913
10024914
10024915
10024918
10024920
10024921
10024922
10024923
10024928
10024931
10024933
10024936
10024938
10024940
10024947
10024954
10024957
10024963
10024965
10024967
10024969
10024970
10024971
10024977
10024979
10024981
10024985
10024986
10024988
10024991
10024994
10024997
10024998
10024999
10025000
10025001
10025002
10025003
10025006
10025008
10025013
10025016
10025023
10025033
10025034
10025035
10025037
10025043
10025045
10025047
10025048
10025049
10025052
10025054
10025055
10025061
10025062
10025063
10025064
10025067
10025070
10025072
10025075
10025085
10025088
10025095
10025104
10025105
10025106
10025111
10025114
10025117
10025118
10025120
10025121
10025123
10025126
10025134
10025142
10025147
10025148
10025149
10025154
10025158
10025161
10025162
10025167
10025172
10025177
10025178
10025182
10025183
10025185
10025189
10025192
10025193
10025194
10025195
10025196
10025197
10025203
10025218
10025223
10025224
10025228
10025234
10025235
10025237
10025243
10025249
10025253
10025255
10025256
10025262
10025265
10025266
10025273
10025274
10025281
10025285
10025286
10025288
10025290
10025292
10025296
10025303
10025304
10025312
10025315
10025317
10025320
10025321
10025324
10025333
10025336
10025337
10025340
10025342
10025345
10025350
10025353
10025354
10025356
10025359
10025360
10025363
10025364
10025368
10025370
10025374
10025376
10025380
10025381
10025382
10025384
10025386
10025388
10025390
10025394
10025395
10025397
10025402
10025403
10025408
10025409
10025411
10025413
10025415
10025417
10025418
10025420
10025421
10025422
10025423
10025424
10025429
10025436
10025439
10025441
10025444
10025445
10025447
10025450
10025451
10025453
10025455
10025456
10025461
10025463
10025467
10025475
10025478
10025480
10025484
10025488
10025489
10025493
10025494
10025495
10025497
10025498
10025499
10025504
10025507
10025509
10025510
10025511
10025512
10025515
10025516
10025519
10025523
10025525
10025530
10025533
10025534
10025540
10025544
10025545
10025547
10025548
10025549
10025550
10025551
10025554
10025564
10025568
10025569
10025571
10025581
10025583
10025585
10025587
10025591
10025597
10025598
10025603
10025604
10025605
10025607
10025608
10025609
10025610
10025611
10025612
10025614
10025615
10025619
10025623
10025626
10025629
10025632
10025635
10025638
10025641
10025649
10025651
10025652
10025657
10025658
10025664
10025665
10025666
10025668
10025673
10025674
10025676
10025682
10025683
10025684
10025687
10025689
10025696
10025699
10025700
10025702
10025703
10025706
10025709
10025710
10025716
10025717
10025722
10025728
10025731
10025734
10025743
10025745
10025748
10025750
10025752
10025754
10025757
10025758
10025760
10025761
10025767
10025772
10025773
10025775
10025778
10025779
10025780
10025781
10025786
10025787
10025788
10025791
10025796
10025798
10025802
10025808
10025810
10025815
10025821
10025825
10025828
10025831
10025834
10025836
10025841
10025843
10025846
10025847
10025848
10025849
10025853
10025855
10025858
10025860
10025862
10025867
10025868
10025870
10025872
10025874
10025879
10025884
10025886
10025887
10025892
10025895
10025897
10025898
10025899
10025902
10025903
10025913
10025914
10025916
10025919
10025920
10025921
10025925
10025928
10025939
10025940
10025943
10025945
10025951
10025952
10025954
10025955
10025957
10025964
10025966
10025967
10025968
10025974
10025975
10025980
10025983
10025984
10025985
10025988
10025991
10025998
10026003
10026005
10026008
10026010
10026015
10026016
10026017
10026022
10026023
10026024
10026026
10026034
10026036
10026038
10026049
10026051
10026055
10026060
10026061
10026063
10026068
10026069
10026071
10026072
10026074
10026075
10026076
10026078
10026081
10026082
10026083
10026090
10026091
10026092
10026093
10026098
10026099
10026104
10026106
10026107
10026110
10026111
10026114
10026116
10026122
10026125
10026127
10026133
10026137
10026142
10026148
10026153
10026155
10026157
10026158
10026163
10026164
10026165
10026168
10026170
10026171
10026172
10026177
10026192
10026195
10026196
10026199
10026201
10026202
10026204
10026207
10026210
10026212
10026218
10026219
10026221
10026222
10026226
10026227
10026228
10026229
10026230
10026234
10026243
10026244
10026245
10026253
10026254
10026256
10026258
10026260
10026262
10026265
10026266
10026267
10026271
10026272
10026274
10026276
10026286
10026288
10026295
10026297
10026298
10026299
10026300
10026301
10026303
10026304
10026309
10026310
10026311
10026312
10026313
10026314
10026316
10026317
10026322
10026327
10026331
10026332
10026338
10026342
10026343
10026349
10026352
10026354
10026358
10026359
10026360
10026365
10026373
10026374
10026375
10026377
10026378
10026380
10026383
10026387
10026388
10026391
10026396
10026398
10026399
10026401
10026404
10026405
10026408
10026409
10026425
10026426
10026429
10026430
10026431
10026438
10026445
10026446
10026450
10026453
10026454
10026457
10026469
10026476
10026477
10026478
10026484
10026485
10026486
10026489
10026490
10026492
10026494
10026495
10026497
10026504
10026505
10026508
10026509
10026510
10026511
10026512
10026516
10026522
10026523
10026526
10026528
10026530
10026531
10026532
10026533
10026535
10026536
10026537
10026541
10026543
10026546
10026547
10026548
10026552
10026554
10026555
10026556
10026558
10026562
10026567
10026572
10026577
10026583
10026585
10026590
10026591
10026593
10026595
10026598
10026600
10026602
10026606
10026611
10026612
10026614
10026615
10026617
10026620
10026622
10026624
10026625
10026626
10026630
10026632
10026633
10026636
10026641
10026642
10026643
10026645
10026647
10026648
10026650
10026653
10026654
10026655
10026658
10026659
10026664
10026668
10026672
10026677
10026681
10026683
10026686
10026689
10026690
10026691
10026695
10026698
10026699
10026702
10026703
10026704
10026706
10026707
10026709
10026710
10026714
10026715
10026716
10026717
10026720
10026722
10026724
10026726
10026727
10026732
10026734
10026738
10026739
10026743
10026744
10026750
10026751
10026752
10026755
10026757
10026762
10026764
10026766
10026770
10026772
10026773
10026774
10026776
10026777
10026778
10026782
10026784
10026789
10026790
10026793
10026794
10026801
10026802
10026806
10026813
10026815
10026818
10026821
10026834
10026837
10026843
10026853
10026854
10026858
10026860
10026861
10026863
10026864
10026869
10026870
10026877
10026881
10026882
10026883
10026884
10026890
10026893
10026899
10026903
10026904
10026905
10026906
10026909
10026917
10026918
10026921
10026922
10026923
10026927
10026930
10026931
10026932
10026936
10026940
10026942
10026943
10026944
10026947
10026949
10026953
10026958
10026967
10026970
10026973
10026975
10026976
10026977
10026980
10026982
10026985
10026987
10026988
10026991
10026994
10026996
10027001
10027002
10027003
10027009
10027014
10027018
10027023
10027024
10027027
10027037
10027038
10027043
10027048
10027052
10027053
10027058
10027063
10027064
10027077
10027079
10027080
10027083
10027084
10027089
10027092
10027093
10027097
10027099
10027100
10027101
10027102
10027104
10027106
10027107
10027112
10027116
10027120
10027122
10027123
10027126
10027128
10027132
10027134
10027137
10027138
10027139
10027142
10027146
10027150
10027152
10027156
10027159
10027161
10027169
10027172
10027178
10027179
10027184
10027192
10027193
10027194
10027198
10027200
10027202
10027215
10027219
10027221
10027227
10027229
10027230
10027231
10027232
10027235
10027237
10027239
10027240
10027242
10027244
10027245
10027249
10027258
10027261
10027262
10027265
10027268
10027269
10027288
10027295
10027297
10027299
10027303
10027308
10027312
10027314
10027317
10027319
10027324
10027325
10027326
10027328
10027338
10027340
10027343
10027344
10027349
10027354
10027360
10027361
10027362
10027365
10027367
10027373
10027374
10027385
10027386
10027389
10027392
10027393
10027395
10027399
10027401
10027410
10027411
10027414
10027415
10027416
10027417
10027418
10027419
10027420
10027427
10027429
10027430
10027434
10027438
10027439
10027442
10027444
10027445
10027446
10027448
10027456
10027457
10027459
10027462
10027463
10027464
10027466
10027468
10027473
10027474
10027476
10027477
10027478
10027479
10027482
10027488
10027491
10027504
10027505
10027507
10027510
10027511
10027516
10027518
10027524
10027525
10027533
10027536
10027538
10027539
10027541
10027543
10027545
10027548
10027549
10027551
10027557
10027565
10027566
10027568
10027569
10027572
10027573
10027578
10027581
10027588
10027589
10027595
10027597
10027599
10027605
10027606
10027607
10027608
10027609
10027610
10027612
10027617
10027620
10027623
10027629
10027632
10027635
10027636
10027637
10027640
10027642
10027644
10027646
10027649
10027652
10027653
10027655
10027661
10027664
10027668
10027670
10027672
10027676
10027677
10027679
10027680
10027682
10027686
10027687
10027688
10027694
10027699
10027702
10027709
10027711
10027712
10027714
10027717
10027719
10027720
10027725
10027726
10027732
10027733
10027734
10027736
10027737
10027738
10027739
10027740
10027746
10027749
10027750
10027752
10027754
10027755
10027757
10027760
10027761
10027764
10027774
10027777
10027778
10027779
10027780
10027784
10027796
10027801
10027804
10027805
10027806
10027807
10027813
10027814
10027818
10027819
10027829
10027832
10027836
10027840
10027841
10027842
10027843
10027845
10027847
10027851
10027852
10027856
10027858
10027860
10027862
10027863
10027867
10027869
10027873
10027876
10027879
10027880
10027882
10027883
10027885
10027889
10027890
10027891
10027892
10027894
10027895
10027897
10027900
10027905
10027909
10027912
10027913
10027915
10027919
10027928
10027931
10027934
10027940
10027941
10027942
10027943
10027947
10027949
10027952
10027955
10027957
10027959
10027966
10027967
10027968
10027972
10027975
10027978
10027990
10027991
10027992
10027993
10027996
10027998
10028000
10028001
10028006
10028007
10028010
10028016
10028021
10028030
10028031
10028033
10028034
10028035
10028037
10028038
10028042
10028043
10028046
10028047
10028049
10028050
10028051
10028056
10028057
10028059
10028061
10028062
10028066
10028074
10028075
10028076
10028078
10028080
10028083
10028084
10028086
10028089
10028091
10028093
10028094
10028095
10028098
10028101
10028104
10028109
10028110
10028112
10028117
10028119
10028120
10028123
10028124
10028125
10028130
10028132
10028135
10028138
10028140
10028141
10028144
10028146
10028147
10028159
10028160
10028162
10028166
10028167
10028169
10028171
10028172
10028173
10028175
10028177
10028178
10028180
10028181
10028183
10028185
10028187
10028192
10028193
10028196
10028199
10028200
10028205
10028209
10028220
10028221
10028232
10028234
10028238
10028239
10028242
10028251
10028256
10028260
10028261
10028262
10028268
10028271
10028273
10028275
10028276
10028277
10028286
10028291
10028294
10028299
10028303
10028305
10028307
10028310
10028311
10028320
10028321
10028322
10028324
10028325
10028328
10028330
10028337
10028340
10028342
10028343
10028344
10028354
10028355
10028356
10028360
10028362
10028365
10028366
10028367
10028373
10028385
10028386
10028392
10028394
10028396
10028399
10028402
10028403
10028406
10028418
10028423
10028425
10028431
10028432
10028434
10028440
10028446
10028451
10028452
10028453
10028454
10028458
10028461
10028462
10028464
10028467
10028469
10028475
10028479
10028481
10028483
10028484
10028485
10028487
10028490
10028491
10028493
10028494
10028498
10028499
10028502
10028504
10028506
10028513
10028514
10028515
10028516
10028517
10028518
10028520
10028522
10028525
10028526
10028530
10028532
10028535
10028537
10028540
10028541
10028543
10028546
10028549
10028550
10028556
10028560
10028562
10028565
10028566
10028567
10028568
10028569
10028581
10028582
10028583
10028585
10028586
10028589
10028592
10028595
10028601
10028604
10028607
10028608
10028612
10028616
10028618
10028625
10028626
10028632
10028634
10028635
10028636
10028642
10028644
10028650
10028651
10028655
10028656
10028660
10028662
10028666
10028668
10028670
10028674
10028675
10028680
10028681
10028682
10028686
10028687
10028691
10028694
10028696
10028698
10028700
10028701
10028707
10028708
10028711
10028713
10028714
10028722
10028725
10028726
10028728
10028729
10028730
10028740
10028746
10028748
10028756
10028764
10028768
10028771
10028772
10028782
10028784
10028785
10028788
10028789
10028791
10028793
10028801
10028805
10028808
10028810
10028818
10028819
10028823
10028826
10028827
10028833
10028834
10028837
10028838
10028845
10028856
10028858
10028859
10028868
10028871
10028873
10028874
10028875
10028876
10028878
10028882
10028889
10028891
10028898
10028899
10028905
10028907
10028908
10028915
10028919
10028920
10028926
10028927
10028936
10028938
10028941
10028942
10028953
10028962
10028963
10028966
10028968
10028971
10028979
10028980
10028982
10028983
10028984
10028986
10028989
10028998
10029001
10029003
10029005
10029007
10029009
10029012
10029013
10029018
10029019
10029020
10029022
10029023
10029025
10029026
10029028
10029029
10029032
10029038
10029039
10029044
10029051
10029053
10029056
10029057
10029059
10029062
10029064
10029071
10029073
10029074
10029082
10029084
10029086
10029088
10029093
10029094
10029095
10029100
10029101
10029102
10029103
10029106
10029108
10029111
10029119
10029120
10029126
10029127
10029130
10029134
10029136
10029139
10029141
10029143
10029144
10029148
10029151
10029158
10029159
10029166
10029168
10029171
10029173
10029174
10029175
10029181
10029182
10029184
10029191
10029197
10029199
10029206
10029207
10029209
10029216
10029233
10029234
10029235
10029236
10029237
10029238
10029239
10029246
10029251
10029255
10029260
10029261
10029262
10029270
10029273
10029276
10029277
10029282
10029283
10029290
10029295
10029296
10029299
10029308
10029309
10029313
10029314
10029315
10029316
10029319
10029321
10029322
10029324
10029326
10029330
10029332
10029336
10029344
10029347
10029348
10029351
10029361
10029362
10029369
10029372
10029373
10029374
10029375
10029376
10029383
10029387
10029389
10029392
10029396
10029397
10029398
10029401
10029402
10029404
10029405
10029410
10029412
10029414
10029416
10029419
10029420
10029424
10029425
10029427
10029428
10029429
10029442
10029443
10029447
10029448
10029450
10029451
10029452
10029456
10029458
10029460
10029463
10029465
10029466
10029467
10029474
10029475
10029476
10029479
10029480
10029487
10029488
10029489
10029500
10029504
10029506
10029507
10029511
10029513
10029514
10029519
10029529
10029531
10029532
10029540
10029541
10029543
10029547
10029548
10029549
10029552
10029561
10029563
10029566
10029569
10029571
10029575
10029579
10029580
10029581
10029584
10029587
10029589
10029591
10029600
10029604
10029605
10029607
10029612
10029613
10029615
10029616
10029617
10029622
10029630
10029633
10029638
10029644
10029645
10029646
10029649
10029650
10029655
10029659
10029660
10029663
10029664
10029673
10029675
10029676
10029681
10029685
10029688
10029691
10029694
10029696
10029700
10029706
10029716
10029721
10029722
10029723
10029724
10029725
10029728
10029732
10029734
10029735
10029737
10029739
10029741
10029744
10029747
10029752
10029760
10029761
10029762
10029767
10029770
10029775
10029777
10029779
10029780
10029781
10029783
10029784
10029789
10029798
10029802
10029803
10029804
10029807
10029809
10029810
10029815
10029819
10029821
10029832
10029835
10029840
10029841
10029845
10029847
10029851
10029858
10029860
10029863
10029865
10029875
10029876
10029877
10029878
10029886
10029889
10029890
10029891
10029896
10029897
10029898
10029902
10029903
10029913
10029916
10029919
10029924
10029925
10029926
10029928
10029931
10029933
10029944
10029945
10029948
10029952
10029955
10029960
10029961
10029968
10029973
10029975
10029983
10029985
10029987
10029992
10029993
10030003
10030005
10030007
10030008
10030009
10030010
10030014
10030015
10030020
10030033
10030037
10030045
10030046
10030050
10030058
10030060
10030064
10030065
10030066
10030070
10030071
10030072
10030074
10030078
10030082
10030086
10030088
10030096
10030097
10030104
10030105
10030111
10030113
10030114
10030120
10030121
10030124
10030125
10030126
10030131
10030132
10030135
10030139
10030146
10030147
10030148
10030151
10030154
10030157
10030158
10030160
10030161
10030162
10030164
10030165
10030166
10030169
10030171
10030179
10030183
10030188
10030189
10030191
10030193
10030195
10030197
10030202
10030205
10030207
10030211
10030214
10030217
10030218
10030225
10030228
10030230
10030232
10030234
10030237
10030238
10030242
10030243
10030248
10030258
10030259
10030260
10030266
10030268
10030271
10030273
10030274
10030275
10030278
10030279
10030280
10030285
10030299
10030300
10030301
10030302
10030304
10030306
10030312
10030314
10030315
10030316
10030321
10030322
10030323
10030327
10030328
10030330
10030344
10030345
10030346
10030348
10030350
10030354
10030355
10030356
10030359
10030361
10030362
10030363
10030366
10030367
10030373
10030374
10030376
10030378
10030381
10030382
10030383
10030385
10030387
10030388
10030392
10030395
10030396
10030397
10030398
10030403
10030404
10030408
10030409
10030411
10030425
10030426
10030431
10030432
10030435
10030441
10030444
10030449
10030451
10030453
10030460
10030462
10030464
10030465
10030475
10030476
10030480
10030487
10030493
10030505
10030508
10030513
10030514
10030518
10030522
10030527
10030530
10030533
10030536
10030540
10030548
10030562
10030566
10030569
10030570
10030575
10030576
10030580
10030581
10030582
10030596
10030599
10030600
10030610
10030611
10030612
10030617
10030619
10030621
10030622
10030623
10030625
10030628
10030634
10030635
10030637
10030640
10030642
10030644
10030645
10030651
10030653
10030654
10030667
10030669
10030671
10030672
10030677
10030679
10030688
10030690
10030692
10030696
10030698
10030699
10030700
10030704
10030707
10030713
10030717
10030718
10030719
10030721
10030724
10030728
10030731
10030740
10030745
10030746
10030751
10030753
10030754
10030757
10030764
10030771
10030773
10030779
10030780
10030783
10030786
10030790
10030793
10030794
10030796
10030798
10030800
10030802
10030803
10030804
10030806
10030808
10030815
10030818
10030821
10030822
10030823
10030827
10030828
10030830
10030831
10030832
10030849
10030851
10030859
10030862
10030863
10030867
10030870
10030871
10030878
10030879
10030881
10030890
10030892
10030898
10030901
10030902
10030907
10030908
10030910
10030911
10030914
10030923
10030926
10030931
10030932
10030939
10030943
10030944
10030945
10030947
10030949
10030950
10030952
10030953
10030960
10030963
10030964
10030968
10030973
10030974
10030976
10030980
10030982
10030985
10030991
10030993
10030997
10031000
10031009
10031013
10031014
10031016
10031018
10031023
10031024
10031026
10031028
10031033
10031034
10031037
10031040
10031041
10031043
10031046
10031048
10031054
10031056
10031057
10031060
10031061
10031063
10031064
10031067
10031072
10031073
10031074
10031075
10031079
10031081
10031084
10031087
10031088
10031092
10031094
10031095
10031097
10031101
10031102
10031105
10031107
10031112
10031113
10031117
10031119
10031121
10031122
10031125
10031129
10031136
10031137
10031139
10031141
10031142
10031143
10031150
10031154
10031155
10031170
10031181
10031185
10031186
10031187
10031192
10031195
10031198
10031204
10031208
10031209
10031210
10031212
10031213
10031218
10031219
10031222
10031223
10031227
10031231
10031235
10031236
10031245
10031246
10031249
10031251
10031252
10031253
10031257
10031259
10031262
10031264
10031267
10031269
10031271
10031274
10031281
10031283
10031287
10031290
10031293
10031295
10031298
10031300
10031305
10031306
10031310
10031314
10031318
10031324
10031327
10031329
10031335
10031340
10031341
10031343
10031344
10031347
10031350
10031351
10031353
10031355
10031356
10031357
10031360
10031371
10031373
10031374
10031375
10031377
10031380
10031383
10031384
10031385
10031387
10031389
10031390
10031391
10031395
10031396
10031404
10031412
10031414
10031415
10031421
10031425
10031426
10031429
10031430
10031431
10031433
10031435
10031437
10031441
10031443
10031445
10031447
10031448
10031450
10031451
10031453
10031458
10031459
10031462
10031473
10031475
10031476
10031479
10031480
10031482
10031483
10031485
10031486
10031487
10031489
10031491
10031492
10031493
10031494
10031502
10031505
10031508
10031512
10031513
10031524
10031525
10031530
10031532
10031534
10031535
10031537
10031538
10031541
10031547
10031549
10031553
10031560
10031561
10031563
10031567
10031569
10031577
10031578
10031583
10031586
10031587
10031590
10031597
10031598
10031600
10031601
10031605
10031606
10031614
10031618
10031624
10031626
10031629
10031631
10031635
10031639
10031640
10031643
10031647
10031651
10031656
10031659
10031660
10031664
10031665
10031671
10031673
10031674
10031678
10031679
10031681
10031683
10031696
10031701
10031703
10031705
10031706
10031708
10031709
10031710
10031711
10031716
10031721
10031722
10031727
10031735
10031737
10031741
10031745
10031747
10031750
10031755
10031757
10031758
10031761
10031767
10031771
10031776
10031782
10031786
10031792
10031795
10031802
10031804
10031809
10031810
10031812
10031815
10031816
10031818
10031822
10031824
10031827
10031828
10031830
10031838
10031840
10031841
10031842
10031844
10031845
10031846
10031848
10031849
10031856
10031857
10031860
10031861
10031866
10031867
10031869
10031878
10031884
10031886
10031887
10031890
10031893
10031894
10031901
10031903
10031905
10031906
10031907
10031909
10031914
10031919
10031930
10031934
10031935
10031937
10031938
10031941
10031945
10031949
10031957
10031959
10031966
10031967
10031968
10031971
10031976
10031981
10031996
10031997
10031999
10032003
10032006
10032011
10032017
10032029
10032036
10032037
10032038
10032039
10032041
10032043
10032044
10032046
10032047
10032050
10032053
10032056
10032058
10032062
10032063
10032065
10032071
10032073
10032082
10032083
10032087
10032088
10032091
10032094
10032106
10032109
10032114
10032118
10032125
10032130
10032132
10032134
10032136
10032139
10032145
10032147
10032148
10032150
10032153
10032158
10032161
10032163
10032167
10032168
10032170
10032175
10032184
10032187
10032189
10032194
10032196
10032198
10032200
10032203
10032204
10032209
10032212
10032215
10032221
10032223
10032229
10032231
10032234
10032236
10032243
10032245
10032249
10032252
10032253
10032256
10032258
10032261
10032264
10032268
10032274
10032276
10032277
10032281
10032284
10032285
10032286
10032288
10032289
10032290
10032292
10032293
10032294
10032297
10032298
10032305
10032308
10032309
10032310
10032313
10032315
10032319
10032324
10032326
10032330
10032331
10032332
10032334
10032335
10032336
10032337
10032340
10032344
10032350
10032358
10032365
10032368
10032374
10032379
10032382
10032390
10032397
10032398
10032399
10032401
10032402
10032405
10032409
10032416
10032417
10032423
10032428
10032430
10032433
10032435
10032439
10032443
10032450
10032452
10032454
10032456
10032457
10032459
10032463
10032467
10032468
10032470
10032473
10032476
10032479
10032480
10032485
10032486
10032489
10032490
10032492
10032497
10032499
10032504
10032506
10032508
10032509
10032514
10032515
10032517
10032518
10032519
10032527
10032528
10032530
10032531
10032532
10032533
10032536
10032542
10032543
10032547
10032548
10032549
10032560
10032561
10032563
10032564
10032565
10032566
10032567
10032568
10032571
10032573
10032574
10032575
10032578
10032579
10032580
10032584
10032585
10032586
10032594
10032602
10032604
10032611
10032615
10032617
10032618
10032620
10032621
10032625
10032626
10032635
10032637
10032638
10032640
10032644
10032651
10032654
10032655
10032663
10032666
10032668
10032670
10032676
10032680
10032687
10032694
10032695
10032696
10032699
10032701
10032704
10032708
10032716
10032719
10032723
10032727
10032735
10032740
10032741
10032745
10032747
10032750
10032755
10032759
10032765
10032767
10032770
10032774
10032775
10032778
10032780
10032781
10032788
10032790
10032793
10032796
10032797
10032798
10032799
10032800
10032801
10032807
10032810
10032812
10032820
10032824
10032827
10032830
10032831
10032832
10032833
10032835
10032838
10032839
10032845
10032848
10032849
10032850
10032853
10032860
10032866
10032871
10032872
10032880
10032882
10032886
10032888
10032890
10032895
10032898
10032901
10032902
10032903
10032904
10032912
10032917
10032921
10032922
10032924
10032927
10032930
10032933
10032937
10032941
10032943
10032944
10032950
10032961
10032964
10032967
10032971
10032973
10032974
10032975
10032981
10032986
10032988
10032989
10032990
10032992
10032994
10032996
10032998
10033007
10033010
10033011
10033019
10033022
10033023
10033024
10033026
10033027
10033028
10033031
10033034
10033041
10033049
10033050
10033058
10033060
10033061
10033063
10033066
10033068
10033075
10033086
10033087
10033088
10033094
10033099
10033105
10033107
10033108
10033109
10033111
10033119
10033127
10033129
10033130
10033132
10033134
10033136
10033138
10033139
10033140
10033147
10033148
10033150
10033151
10033155
10033157
10033163
10033166
10033171
10033176
10033180
10033183
10033188
10033190
10033192
10033197
10033198
10033199
10033205
10033206
10033208
10033216
10033220
10033226
10033231
10033234
10033235
10033236
10033238
10033241
10033243
10033244
10033248
10033250
10033252
10033257
10033258
10033260
10033261
10033263
10033266
10033268
10033271
10033274
10033285
10033286
10033287
10033295
10033296
10033297
10033298
10033302
10033306
10033315
10033316
10033319
10033326
10033329
10033335
10033336
10033337
10033339
10033347
10033349
10033350
10033353
10033355
10033359
10033360
10033361
10033362
10033363
10033364
10033365
10033367
10033369
10033370
10033373
10033378
10033383
10033386
10033391
10033393
10033395
10033400
10033402
10033403
10033414
10033418
10033419
10033420
10033424
10033426
10033428
10033436
10033437
10033440
10033441
10033445
10033451
10033452
10033455
10033457
10033458
10033459
10033465
10033470
10033472
10033474
10033482
10033484
10033489
10033491
10033494
10033496
10033499
10033500
10033502
10033509
10033512
10033513
10033517
10033518
10033528
10033533
10033534
10033536
10033537
10033544
10033545
10033546
10033547
10033551
10033552
10033553
10033554
10033556
10033563
10033564
10033567
10033569
10033573
10033574
10033579
10033581
10033586
10033591
10033595
10033597
10033599
10033605
10033617
10033618
10033619
10033629
10033631
10033634
10033635
10033636
10033639
10033642
10033645
10033651
10033653
10033656
10033660
10033663
10033665
10033668
10033672
10033674
10033675
10033678
10033679
10033683
10033689
10033692
10033693
10033696
10033697
10033701
10033702
10033705
10033707
10033709
10033711
10033717
10033724
10033729
10033730
10033731
10033732
10033734
10033735
10033739
10033743
10033751
10033753
10033754
10033768
10033770
10033771
10033776
10033779
10033788
10033792
10033794
10033798
10033802
10033809
10033813
10033817
10033824
10033826
10033829
10033833
10033834
10033837
10033838
10033839
10033848
10033854
10033862
10033863
10033864
10033866
10033867
10033870
10033872
10033877
10033880
10033881
10033882
10033883
10033885
10033886
10033887
10033890
10033893
10033901
10033905
10033907
10033909
10033916
10033920
10033926
10033932
10033938
10033944
10033947
10033954
10033960
10033965
10033968
10033976
10033984
10033985
10033986
10033988
10033992
10033996
10034001
10034004
10034006
10034008
10034009
10034012
10034022
10034033
10034035
10034039
10034041
10034043
10034051
10034056
10034057
10034062
10034063
10034066
10034067
10034072
10034073
10034078
10034079
10034081
10034084
10034086
10034089
10034092
10034093
10034095
10034097
10034099
10034112
10034117
10034120
10034122
10034127
10034128
10034129
10034143
10034145
10034146
10034147
10034150
10034155
10034159
10034161
10034164
10034166
10034174
10034179
10034191
10034195
10034197
10034203
10034204
10034206
10034208
10034211
10034214
10034215
10034220
10034223
10034224
10034226
10034234
10034235
10034238
10034243
10034245
10034248
10034252
10034254
10034256
10034258
10034261
10034264
10034265
10034273
10034274
10034277
10034279
10034280
10034281
10034289
10034292
10034296
10034298
10034299
10034300
10034306
10034311
10034312
10034313
10034314
10034322
10034326
10034327
10034332
10034333
10034335
10034336
10034339
10034341
10034342
10034352
10034353
10034359
10034362
10034366
10034368
10034369
10034371
10034372
10034373
10034374
10034375
10034377
10034381
10034387
10034390
10034392
10034393
10034394
10034395
10034399
10034403
10034409
10034411
10034414
10034417
10034418
10034420
10034423
10034424
10034428
10034430
10034440
10034441
10034442
10034444
10034453
10034460
10034461
10034462
10034469
10034470
10034472
10034477
10034484
10034485
10034493
10034495
10034500
10034508
10034509
10034513
10034518
10034519
10034521
10034523
10034525
10034527
10034529
10034533
10034535
10034536
10034537
10034542
10034545
10034549
10034551
10034552
10034556
10034582
10034583
10034588
10034590
10034595
10034600
10034608
10034611
10034613
10034618
10034624
10034625
10034626
10034630
10034634
10034636
10034637
10034640
10034642
10034648
10034650
10034651
10034652
10034653
10034656
10034659
10034660
10034661
10034663
10034664
10034668
10034669
10034670
10034673
10034674
10034676
10034677
10034678
10034680
10034682
10034687
10034693
10034694
10034695
10034698
10034707
10034709
10034710
10034714
10034717
10034722
10034724
10034726
10034728
10034730
10034736
10034739
10034741
10034757
10034759
10034760
10034761
10034763
10034766
10034768
10034772
10034773
10034774
10034779
10034780
10034782
10034784
10034787
10034788
10034789
10034790
10034791
10034792
10034793
10034794
10034795
10034796
10034797
10034800
10034802
10034803
10034807
10034812
10034818
10034832
10034833
10034834
10034836
10034837
10034840
10034841
10034844
10034845
10034846
10034847
10034853
10034856
10034858
10034860
10034863
10034865
10034874
10034878
10034882
10034884
10034886
10034888
10034897
10034898
10034903
10034906
10034911
10034913
10034916
10034919
10034920
10034922
10034932
10034933
10034939
10034942
10034944
10034946
10034949
10034952
10034957
10034959
10034962
10034965
10034966
10034968
10034971
10034972
10034973
10034974
10034976
10034981
10034982
10034983
10034984
10034985
10034987
10034989
10034992
10034993
10034994
10034995
10035002
10035004
10035006
10035007
10035008
10035013
10035015
10035016
10035020
10035021
10035023
10035024
10035027
10035029
10035031
10035032
10035034
10035035
10035036
10035038
10035040
10035045
10035046
10035048
10035049
10035052
10035055
10035056
10035058
10035060
10035061
10035062
10035063
10035067
10035068
10035072
10035073
10035076
10035078
10035079
10035080
10035086
10035088
10035089
10035091
10035092
10035093
10035096
10035097
10035098
10035099
10035105
10035111
10035113
10035118
10035121
10035123
10035128
10035130
10035131
10035134
10035137
10035143
10035146
10035147
10035151
10035153
10035155
10035157
10035158
10035160
10035161
10035163
10035164
10035165
10035168
10035170
10035181
10035182
10035183
10035185
10035193
10035194
10035195
10035196
10035198
10035200
10035207
10035208
10035209
10035210
10035218
10035219
10035222
10035223
10035225
10035226
10035228
10035229
10035234
10035237
10035240
10035243
10035246
10035250
10035256
10035260
10035270
10035271
10035272
10035273
10035274
10035278
10035279
10035280
10035282
10035283
10035284
10035285
10035288
10035298
10035300
10035305
10035307
10035308
10035309
10035310
10035311
10035315
10035316
10035317
10035318
10035324
10035325
10035328
10035330
10035331
10035333
10035338
10035339
10035341
10035347
10035351
10035361
10035364
10035365
10035369
10035378
10035379
10035381
10035384
10035385
10035390
10035392
10035395
10035399
10035400
10035401
10035402
10035406
10035407
10035409
10035411
10035413
10035418
10035421
10035424
10035425
10035426
10035430
10035441
10035444
10035445
10035446
10035447
10035449
10035455
10035456
10035457
10035459
10035467
10035468
10035472
10035473
10035475
10035477
10035478
10035481
10035484
10035485
10035486
10035487
10035492
10035495
10035497
10035499
10035501
10035504
10035505
10035508
10035509
10035511
10035514
10035516
10035518
10035520
10035523
10035524
10035530
10035534
10035535
10035536
10035539
10035541
10035542
10035561
10035565
10035568
10035569
10035570
10035571
10035573
10035574
10035575
10035576
10035579
10035585
10035586
10035588
10035591
10035595
10035598
10035600
10035606
10035607
10035609
10035614
10035616
10035617
10035619
10035621
10035623
10035629
10035632
10035634
10035635
10035639
10035643
10035645
10035649
10035650
10035665
10035669
10035670
10035674
10035675
10035676
10035678
10035681
10035682
10035684
10035687
10035690
10035691
10035693
10035696
10035697
10035699
10035700
10035701
10035702
10035705
10035713
10035718
10035721
10035729
10035730
10035732
10035733
10035737
10035738
10035744
10035745
10035746
10035749
10035754
10035756
10035759
10035761
10035762
10035766
10035767
10035768
10035777
10035778
10035783
10035785
10035786
10035789
10035790
10035791
10035792
10035794
10035801
10035806
10035807
10035813
10035818
10035823
10035825
10035828
10035829
10035830
10035834
10035836
10035839
10035841
10035844
10035850
10035851
10035854
10035856
10035858
10035860
10035877
10035879
10035880
10035884
10035885
10035888
10035893
10035896
10035904
10035905
10035908
10035909
10035910
10035912
10035913
10035915
10035917
10035924
10035929
10035938
10035945
10035946
10035948
10035949
10035950
10035955
10035958
10035963
10035965
10035973
10035975
10035976
10035977
10035978
10035980
10035981
10035982
10035995
10035997
10036000
10036003
10036008
10036009
10036015
10036017
10036018
10036023
10036024
10036025
10036027
10036033
10036040
10036041
10036044
10036047
10036048
10036051
10036054
10036056
10036058
10036060
10036062
10036063
10036064
10036065
10036066
10036069
10036071
10036073
10036076
10036077
10036079
10036084
10036085
10036087
10036089
10036090
10036092
10036093
10036094
10036099
10036114
10036117
10036120
10036123
10036125
10036127
10036131
10036133
10036138
10036139
10036142
10036149
10036150
10036153
10036159
10036160
10036163
10036165
10036178
10036183
10036185
10036186
10036188
10036189
10036194
10036196
10036199
10036203
10036206
10036207
10036210
10036211
10036216
10036220
10036221
10036224
10036228
10036229
10036231
10036233
10036234
10036235
10036239
10036243
10036244
10036250
10036251
10036255
10036257
10036259
10036260
10036263
10036270
10036271
10036275
10036276
10036277
10036279
10036282
10036287
10036289
10036290
10036292
10036293
10036296
10036298
10036299
10036300
10036304
10036306
10036307
10036313
10036314
10036316
10036320
10036322
10036324
10036332
10036338
10036341
10036351
10036357
10036359
10036361
10036362
10036363
10036368
10036369
10036372
10036373
10036378
10036386
10036388
10036390
10036391
10036394
10036397
10036398
10036400
10036401
10036402
10036405
10036406
10036408
10036409
10036414
10036416
10036417
10036423
10036424
10036425
10036433
10036434
10036435
10036436
10036438
10036441
10036442
10036443
10036446
10036455
10036456
10036457
10036458
10036469
10036470
10036472
10036473
10036476
10036484
10036486
10036487
10036491
10036492
10036502
10036506
10036508
10036512
10036515
10036516
10036522
10036526
10036527
10036530
10036532
10036533
10036534
10036535
10036538
10036540
10036541
10036546
10036549
10036556
10036557
10036563
10036566
10036570
10036571
10036576
10036581
10036586
10036587
10036589
10036590
10036591
10036592
10036594
10036602
10036606
10036609
10036610
10036611
10036613
10036614
10036617
10036618
10036623
10036625
10036627
10036639
10036640
10036644
10036648
10036650
10036653
10036661
10036663
10036665
10036671
10036673
10036677
10036678
10036679
10036680
10036690
10036695
10036696
10036699
10036701
10036704
10036707
10036709
10036711
10036712
10036714
10036717
10036718
10036723
10036730
10036734
10036736
10036741
10036744
10036747
10036749
10036752
10036754
10036756
10036757
10036760
10036765
10036767
10036768
10036769
10036775
10036777
10036778
10036782
10036784
10036789
10036790
10036792
10036797
10036802
10036804
10036808
10036810
10036811
10036816
10036817
10036819
10036821
10036832
10036833
10036837
10036846
10036850
10036852
10036854
10036856
10036857
10036859
10036860
10036861
10036868
10036869
10036872
10036878
10036881
10036882
10036885
10036891
10036895
10036896
10036899
10036902
10036903
10036905
10036909
10036910
10036917
10036919
10036920
10036924
10036930
10036940
10036941
10036943
10036956
10036957
10036963
10036982
10036983
10036988
10036990
10036992
10036994
10036996
10036997
10036998
10036999
10037001
10037003
10037019
10037023
10037024
10037027
10037029
10037030
10037031
10037034
10037036
10037038
10037041
10037045
10037049
10037050
10037052
10037055
10037056
10037058
10037060
10037061
10037062
10037063
10037065
10037066
10037067
10037068
10037075
10037077
10037084
10037086
10037093
10037094
10037098
10037103
10037108
10037110
10037116
10037117
10037118
10037119
10037122
10037128
10037130
10037131
10037135
10037138
10037150
10037155
10037163
10037164
10037168
10037169
10037172
10037173
10037174
10037175
10037178
10037183
10037184
10037188
10037189
10037190
10037195
10037198
10037203
10037204
10037205
10037206
10037209
10037211
10037212
10037215
10037217
10037221
10037225
10037230
10037232
10037236
10037241
10037247
10037249
10037250
10037252
10037254
10037255
10037266
10037268
10037269
10037270
10037273
10037274
10037281
10037284
10037288
10037290
10037295
10037298
10037301
10037302
10037309
10037310
10037312
10037315
10037318
10037321
10037322
10037323
10037325
10037327
10037333
10037337
10037342
10037345
10037347
10037350
10037352
10037356
10037363
10037364
10037369
10037370
10037373
10037377
10037379
10037383
10037385
10037389
10037391
10037395
10037396
10037403
10037414
10037415
10037417
10037419
10037421
10037422
10037423
10037426
10037431
10037433
10037434
10037435
10037436
10037437
10037439
10037441
10037444
10037446
10037448
10037450
10037451
10037454
10037457
10037458
10037461
10037462
10037464
10037467
10037469
10037474
10037478
10037479
10037480
10037482
10037486
10037489
10037491
10037497
10037505
10037506
10037512
10037514
10037515
10037520
10037525
10037526
10037528
10037529
10037530
10037531
10037532
10037533
10037537
10037538
10037542
10037543
10037546
10037547
10037550
10037552
10037554
10037557
10037560
10037565
10037567
10037573
10037577
10037578
10037580
10037585
10037592
10037595
10037596
10037607
10037608
10037609
10037610
10037611
10037613
10037614
10037615
10037616
10037617
10037623
10037628
10037631
10037632
10037634
10037637
10037638
10037639
10037641
10037644
10037648
10037650
10037651
10037652
10037655
10037656
10037658
10037659
10037666
10037667
10037672
10037677
10037678
10037680
10037681
10037685
10037690
10037691
10037692
10037698
10037705
10037706
10037707
10037712
10037714
10037715
10037717
10037718
10037721
10037722
10037723
10037727
10037729
10037730
10037732
10037739
10037740
10037743
10037745
10037752
10037755
10037757
10037763
10037765
10037766
10037773
10037775
10037776
10037777
10037778
10037784
10037786
10037787
10037788
10037789
10037791
10037793
10037794
10037799
10037801
10037802
10037805
10037811
10037817
10037819
10037820
10037822
10037825
10037826
10037832
10037834
10037836
10037837
10037841
10037842
10037843
10037845
10037851
10037853
10037854
10037860
10037863
10037869
10037871
10037872
10037873
10037878
10037884
10037886
10037887
10037889
10037891
10037892
10037894
10037899
10037900
10037901
10037902
10037905
10037912
10037918
10037922
10037930
10037932
10037943
10037945
10037946
10037954
10037962
10037963
10037964
10037967
10037969
10037970
10037974
10037975
10037981
10037982
10037983
10037986
10037987
10037992
10037996
10038004
10038008
10038010
10038018
10038020
10038022
10038024
10038025
10038027
10038034
10038047
10038048
10038050
10038054
10038057
10038059
10038060
10038062
10038066
10038069
10038071
10038074
10038078
10038079
10038090
10038099
10038102
10038105
10038107
10038110
10038112
10038113
10038116
10038118
10038123
10038125
10038126
10038131
10038134
10038140
10038142
10038144
10038146
10038149
10038156
10038159
10038161
10038164
10038172
10038178
10038179
10038183
10038184
10038188
10038193
10038195
10038196
10038197
10038198
10038199
10038200
10038201
10038205
10038212
10038213
10038218
10038219
10038225
10038227
10038229
10038232
10038233
10038234
10038237
10038241
10038243
10038244
10038245
10038250
10038251
10038255
10038256
10038260
10038261
10038265
10038280
10038282
10038288
10038291
10038293
10038295
10038300
10038302
10038304
10038305
10038306
10038307
10038308
10038309
10038312
10038315
10038319
10038324
10038332
10038334
10038335
10038341
10038343
10038345
10038347
10038348
10038350
10038351
10038352
10038354
10038355
10038358
10038363
10038370
10038375
10038376
10038378
10038379
10038381
10038385
10038389
10038393
10038401
10038403
10038410
10038413
10038415
10038416
10038417
10038425
10038427
10038428
10038429
10038432
10038435
10038436
10038440
10038446
10038449
10038452
10038453
10038458
10038460
10038461
10038474
10038476
10038477
10038479
10038490
10038494
10038498
10038502
10038505
10038508
10038509
10038510
10038511
10038512
10038513
10038514
10038516
10038518
10038519
10038523
10038524
10038534
10038535
10038539
10038540
10038542
10038543
10038548
10038553
10038555
10038556
10038558
10038560
10038562
10038568
10038569
10038570
10038572
10038575
10038576
10038577
10038579
10038581
10038582
10038583
10038588
10038589
10038590
10038591
10038594
10038599
10038600
10038603
10038606
10038608
10038610
10038615
10038617
10038618
10038621
10038622
10038626
10038632
10038637
10038642
10038643
10038645
10038646
10038651
10038657
10038658
10038664
10038666
10038672
10038674
10038677
10038681
10038683
10038685
10038686
10038687
10038688
10038689
10038694
10038697
10038698
10038699
10038701
10038705
10038707
10038708
10038712
10038714
10038716
10038717
10038718
10038719
10038721
10038722
10038724
10038727
10038730
10038731
10038732
10038735
10038738
10038750
10038751
10038752
10038755
10038758
10038760
10038763
10038768
10038769
10038776
10038777
10038779
10038788
10038789
10038791
10038795
10038800
10038803
10038805
10038806
10038807
10038808
10038811
10038812
10038813
10038815
10038819
10038820
10038821
10038822
10038823
10038825
10038829
10038830
10038831
10038833
10038846
10038855
10038856
10038862
10038868
10038869
10038870
10038873
10038874
10038880
10038883
10038884
10038885
10038887
10038888
10038890
10038892
10038894
10038899
10038901
10038904
10038905
10038907
10038908
10038910
10038911
10038918
10038919
10038928
10038929
10038932
10038936
10038939
10038946
10038951
10038952
10038955
10038956
10038957
10038961
10038964
10038970
10038972
10038974
10038984
10038985
10038987
10038991
10038994
10038995
10039001
10039002
10039005
10039006
10039009
10039011
10039012
10039013
10039018
10039024
10039026
10039028
10039031
10039034
10039038
10039041
10039043
10039045
10039048
10039051
10039052
10039055
10039058
10039059
10039064
10039068
10039069
10039071
10039072
10039076
10039079
10039080
10039084
10039088
10039089
10039097
10039100
10039103
10039104
10039106
10039110
10039112
10039116
10039129
10039132
10039137
10039138
10039139
10039140
10039143
10039148
10039150
10039154
10039155
10039161
10039165
10039166
10039170
10039171
10039173
10039174
10039177
10039178
10039180
10039182
10039186
10039187
10039189
10039199
10039200
10039202
10039204
10039205
10039206
10039207
10039208
10039210
10039211
10039214
10039219
10039227
10039239
10039242
10039243
10039245
10039246
10039254
10039256
10039260
10039261
10039262
10039263
10039269
10039270
10039274
10039275
10039278
10039281
10039284
10039286
10039287
10039288
10039289
10039291
10039294
10039301
10039302
10039303
10039307
10039308
10039309
10039311
10039312
10039315
10039318
10039322
10039324
10039326
10039327
10039329
10039330
10039334
10039336
10039337
10039339
10039341
10039342
10039344
10039347
10039350
10039352
10039354
10039362
10039363
10039366
10039368
10039369
10039372
10039373
10039375
10039378
10039382
10039383
10039384
10039388
10039392
10039395
10039396
10039406
10039411
10039414
10039416
10039420
10039422
10039424
10039427
10039428
10039435
10039439
10039441
10039448
10039450
10039456
10039459
10039460
10039467
10039470
10039473
10039475
10039478
10039481
10039483
10039487
10039488
10039493
10039494
10039497
10039501
10039502
10039511
10039512
10039513
10039517
10039520
10039525
10039526
10039528
10039531
10039535
10039541
10039543
10039544
10039548
10039549
10039551
10039557
10039558
10039559
10039560
10039561
10039563
10039564
10039566
10039567
10039575
10039578
10039582
10039584
10039591
10039592
10039596
10039597
10039604
10039607
10039609
10039610
10039617
10039622
10039623
10039626
10039627
10039630
10039631
10039632
10039633
10039638
10039640
10039642
10039643
10039644
10039646
10039647
10039650
10039652
10039653
10039655
10039657
10039660
10039662
10039665
10039666
10039668
10039671
10039672
10039678
10039679
10039681
10039682
10039683
10039688
10039693
10039695
10039704
10039713
10039714
10039715
10039721
10039725
10039732
10039733
10039735
10039739
10039741
10039743
10039744
10039746
10039747
10039749
10039751
10039752
10039753
10039757
10039760
10039762
10039763
10039768
10039773
10039775
10039777
10039779
10039789
10039790
10039794
10039797
10039798
10039802
10039805
10039806
10039808
10039810
10039811
10039817
10039828
10039833
10039834
10039836
10039840
10039841
10039845
10039846
10039851
10039852
10039853
10039858
10039861
10039863
10039865
10039866
10039873
10039874
10039877
10039880
10039882
10039885
10039887
10039888
10039891
10039892
10039895
10039896
10039898
10039900
10039901
10039903
10039906
10039907
10039908
10039909
10039910
10039924
10039926
10039931
10039934
10039937
10039938
10039943
10039944
10039950
10039951
10039952
10039954
10039955
10039959
10039960
10039961
10039965
10039969
10039971
10039974
10039977
10039979
10039980
10039982
10039983
10039992
10039994
10040002
10040004
10040005
10040009
10040010
10040011
10040012
10040013
10040014
10040022
10040025
10040027
10040030
10040036
10040038
10040039
10040040
10040044
10040049
10040056
10040060
10040061
10040062
10040067
10040072
10040080
10040083
10040084
10040089
10040090
10040093
10040095
10040099
10040100
10040106
10040107
10040112
10040113
10040114
10040120
10040122
10040127
10040130
10040138
10040140
10040147
10040153
10040156
10040157
10040161
10040165
10040166
10040168
10040171
10040177
10040181
10040183
10040190
10040191
10040196
10040199
10040201
10040202
10040209
10040211
10040212
10040216
10040217
10040218
10040219
10040220
10040224
10040229
10040230
10040231
10040233
10040235
10040240
10040244
10040246
10040247
10040251
10040252
10040255
10040256
10040257
10040258
10040259
10040262
10040263
10040264
10040269
10040270
10040272
10040273
10040275
10040282
10040288
10040290
10040291
10040292
10040296
10040297
10040300
10040301
10040304
10040307
10040308
10040309
10040313
10040316
10040318
10040326
10040328
10040329
10040330
10040333
10040334
10040337
10040340
10040341
10040342
10040346
10040349
10040351
10040355
10040360
10040364
10040366
10040367
10040378
10040379
10040387
10040388
10040389
10040394
10040395
10040400
10040403
10040404
10040409
10040412
10040417
10040418
10040421
10040422
10040424
10040425
10040427
10040429
10040431
10040435
10040437
10040442
10040448
10040450
10040451
10040452
10040456
10040458
10040462
10040467
10040469
10040474
10040477
10040481
10040486
10040488
10040492
10040495
10040496
10040507
10040509
10040513
10040519
10040521
10040522
10040531
10040536
10040537
10040541
10040543
10040545
10040546
10040549
10040550
10040552
10040554
10040555
10040557
10040566
10040569
10040571
10040576
10040579
10040583
10040591
10040594
10040602
10040604
10040605
10040612
10040613
10040614
10040615
10040616
10040619
10040624
10040626
10040629
10040632
10040635
10040638
10040639
10040646
10040647
10040652
10040654
10040659
10040661
10040669
10040670
10040682
10040684
10040685
10040686
10040687
10040691
10040694
10040696
10040697
10040701
10040702
10040703
10040705
10040708
10040709
10040712
10040722
10040723
10040724
10040726
10040728
10040729
10040739
10040740
10040741
10040743
10040747
10040748
10040750
10040752
10040754
10040760
10040762
10040763
10040764
10040765
10040766
10040767
10040769
10040772
10040777
10040782
10040785
10040788
10040791
10040795
10040799
10040803
10040806
10040808
10040809
10040812
10040814
10040819
10040822
10040827
10040832
10040838
10040840
10040844
10040847
10040857
10040858
10040861
10040862
10040863
10040864
10040867
10040868
10040870
10040873
10040879
10040880
10040884
10040888
10040897
10040898
10040902
10040903
10040912
10040915
10040918
10040920
10040921
10040924
10040926
10040935
10040938
10040945
10040949
10040953
10040955
10040956
10040959
10040961
10040965
10040966
10040967
10040973
10040977
10040979
10040981
10040982
10040983
10040985
10040987
10040988
10040989
10040991
10040993
10040996
10040997
10041000
10041013
10041020
10041022
10041023
10041028
10041029
10041039
10041049
10041050
10041055
10041060
10041064
10041066
10041071
10041077
10041079
10041080
10041081
10041085
10041087
10041089
10041091
10041093
10041098
10041099
10041100
10041103
10041104
10041110
10041117
10041125
10041126
10041127
10041136
10041139
10041141
10041142
10041144
10041152
10041153
10041156
10041163
10041164
10041174
10041175
10041179
10041184
10041189
10041200
10041201
10041203
10041209
10041212
10041213
10041214
10041217
10041218
10041228
10041229
10041230
10041231
10041233
10041234
10041235
10041238
10041240
10041241
10041245
10041255
10041257
10041258
10041263
10041278
10041279
10041282
10041285
10041286
10041296
10041298
10041299
10041301
10041305
10041307
10041308
10041310
10041316
10041319
10041327
10041328
10041331
10041340
10041341
10041342
10041343
10041344
10041346
10041348
10041350
10041354
10041357
10041358
10041360
10041364
10041366
10041369
10041372
10041373
10041375
10041377
10041378
10041381
10041387
10041388
10041389
10041390
10041392
10041394
10041395
10041401
10041402
10041406
10041408
10041411
10041413
10041418
10041421
10041426
10041430
10041431
10041434
10041444
10041450
10041458
10041459
10041472
10041473
10041475
10041476
10041484
10041491
10041492
10041503
10041504
10041507
10041510
10041511
10041512
10041513
10041519
10041521
10041523
10041524
10041530
10041531
10041532
10041534
10041536
10041539
10041540
10041546
10041549
10041550
10041552
10041554
10041561
10041568
10041569
10041574
10041577
10041589
10041593
10041598
10041602
10041603
10041604
10041611
10041614
10041615
10041616
10041618
10041619
10041621
10041622
10041627
10041628
10041629
10041633
10041637
10041640
10041643
10041651
10041652
10041654
10041656
10041658
10041660
10041663
10041665
10041669
10041671
10041675
10041682
10041684
10041689
10041695
10041696
10041697
10041699
10041711
10041716
10041723
10041724
10041728
10041731
10041732
10041733
10041735
10041739
10041740
10041741
10041742
10041744
10041748
10041749
10041756
10041757
10041759
10041761
10041765
10041767
10041772
10041774
10041778
10041779
10041787
10041788
10041791
10041793
10041796
10041799
10041808
10041810
10041815
10041817
10041820
10041821
10041822
10041823
10041824
10041829
10041830
10041831
10041841
10041850
10041851
10041853
10041865
10041867
10041868
10041869
10041871
10041872
10041873
10041878
10041881
10041882
10041883
10041884
10041887
10041888
10041889
10041896
10041897
10041899
10041901
10041904
10041907
10041908
10041909
10041913
10041915
10041920
10041925
10041931
10041932
10041933
10041935
10041938
10041942
10041943
10041944
10041945
10041947
10041948
10041949
10041950
10041951
10041952
10041957
10041958
10041961
10041963
10041964
10041965
10041966
10041976
10041978
10041980
10041983
10041988
10041996
10041997
10041998
10042001
10042003
10042005
10042013
10042018
10042020
10042022
10042033
10042034
10042035
10042040
10042042
10042044
10042045
10042046
10042052
10042057
10042058
10042060
10042061
10042064
10042066
10042069
10042071
10042074
10042076
10042078
10042086
10042089
10042092
10042094
10042095
10042096
10042097
10042098
10042099
10042102
10042103
10042105
10042107
10042108
10042109
10042110
10042111
10042112
10042116
10042119
10042122
10042127
10042128
10042129
10042133
10042134
10042137
10042138
10042139
10042140
10042142
10042148
10042149
10042155
10042156
10042159
10042160
10042163
10042170
10042175
10042177
10042180
10042182
10042185
10042186
10042188
10042190
10042195
10042199
10042202
10042207
10042213
10042215
10042221
10042225
10042227
10042233
10042239
10042244
10042245
10042248
10042251
10042258
10042261
10042262
10042266
10042268
10042269
10042271
10042273
10042274
10042277
10042279
10042280
10042282
10042283
10042285
10042295
10042297
10042298
10042301
10042305
10042310
10042311
10042313
10042315
10042316
10042318
10042320
10042323
10042324
10042325
10042327
10042328
10042332
10042338
10042339
10042340
10042344
10042346
10042349
10042356
10042357
10042374
10042376
10042377
10042378
10042382
10042391
10042395
10042400
10042402
10042403
10042404
10042409
10042416
10042419
10042421
10042424
10042425
10042433
10042435
10042437
10042442
10042443
10042448
10042450
10042451
10042461
10042463
10042464
10042465
10042467
10042468
10042469
10042474
10042478
10042485
10042486
10042489
10042490
10042491
10042499
10042500
10042504
10042508
10042513
10042514
10042516
10042518
10042521
10042523
10042528
10042530
10042534
10042535
10042537
10042538
10042540
10042550
10042551
10042575
10042580
10042586
10042590
10042603
10042604
10042608
10042609
10042610
10042612
10042617
10042618
10042619
10042627
10042630
10042634
10042639
10042640
10042641
10042642
10042656
10042658
10042660
10042661
10042672
10042675
10042677
10042679
10042680
10042682
10042683
10042685
10042690
10042695
10042699
10042705
10042708
10042709
10042710
10042713
10042718
10042719
10042722
10042726
10042727
10042728
10042730
10042731
10042733
10042743
10042744
10042746
10042748
10042751
10042753
10042760
10042769
10042775
10042776
10042778
10042781
10042782
10042783
10042784
10042786
10042800
10042806
10042808
10042815
10042821
10042823
10042827
10042836
10042837
10042841
10042844
10042845
10042848
10042852
10042854
10042855
10042856
10042859
10042863
10042868
10042872
10042873
10042883
10042890
10042895
10042896
10042901
10042904
10042906
10042909
10042915
10042917
10042920
10042926
10042927
10042929
10042931
10042932
10042934
10042936
10042939
10042946
10042950
10042952
10042954
10042955
10042967
10042969
10042977
10042990
10042993
10042995
10042997
10042998
10043000
10043001
10043003
10043004
10043007
10043008
10043010
10043011
10043025
10043027
10043033
10043034
10043036
10043037
10043039
10043040
10043042
10043043
10043045
10043047
10043049
10043050
10043053
10043056
10043058
10043060
10043067
10043070
10043071
10043073
10043074
10043075
10043076
10043077
10043079
10043080
10043082
10043083
10043084
10043087
10043092
10043097
10043098
10043101
10043102
10043106
10043108
10043109
10043111
10043113
10043114
10043115
10043116
10043118
10043123
10043124
10043131
10043133
10043135
10043137
10043141
10043144
10043145
10043149
10043150
10043152
10043154
10043155
10043159
10043164
10043165
10043166
10043167
10043168
10043177
10043180
10043181
10043182
10043190
10043193
10043195
10043196
10043205
10043206
10043211
10043212
10043218
10043222
10043223
10043224
10043227
10043233
10043236
10043238
10043243
10043244
10043247
10043248
10043252
10043253
10043254
10043255
10043258
10043260
10043262
10043265
10043270
10043273
10043274
10043275
10043280
10043282
10043284
10043285
10043287
10043288
10043290
10043293
10043294
10043296
10043298
10043302
10043303
10043312
10043313
10043314
10043319
10043320
10043323
10043324
10043325
10043331
10043338
10043340
10043341
10043342
10043343
10043351
10043356
10043357
10043360
10043362
10043366
10043374
10043375
10043376
10043377
10043378
10043379
10043387
10043389
10043390
10043394
10043396
10043398
10043404
10043405
10043408
10043410
10043412
10043416
10043420
10043422
10043428
10043433
10043434
10043442
10043444
10043446
10043450
10043451
10043458
10043461
10043466
10043467
10043469
10043470
10043471
10043472
10043477
10043480
10043487
10043488
10043495
10043504
10043508
10043513
10043515
10043516
10043518
10043520
10043521
10043531
10043536
10043542
10043544
10043548
10043553
10043554
10043555
10043557
10043561
10043563
10043569
10043570
10043572
10043573
10043575
10043576
10043577
10043579
10043580
10043581
10043582
10043588
10043590
10043591
10043598
10043602
10043604
10043606
10043611
10043614
10043615
10043618
10043624
10043628
10043637
10043638
10043639
10043641
10043648
10043650
10043652
10043659
10043661
10043663
10043667
10043671
10043673
10043674
10043682
10043684
10043685
10043690
10043693
10043694
10043696
10043703
10043704
10043707
10043709
10043711
10043713
10043714
10043717
10043719
10043720
10043721
10043730
10043732
10043735
10043739
10043743
10043750
10043754
10043758
10043759
10043761
10043762
10043763
10043769
10043770
10043771
10043776
10043777
10043786
10043787
10043789
10043795
10043796
10043798
10043802
10043805
10043806
10043807
10043808
10043814
10043816
10043821
10043823
10043825
10043827
10043831
10043836
10043839
10043843
10043844
10043848
10043852
10043856
10043861
10043864
10043867
10043870
10043876
10043877
10043883
10043884
10043885
10043888
10043891
10043894
10043896
10043898
10043907
10043908
10043909
10043910
10043914
10043918
10043921
10043926
10043927
10043930
10043932
10043936
10043943
10043945
10043946
10043947
10043956
10043957
10043958
10043967
10043968
10043972
10043976
10043977
10043981
10043985
10043992
10043994
10043998
10044000
10044002
10044003
10044004
10044005
10044016
10044017
10044021
10044023
10044027
10044028
10044037
10044040
10044047
10044051
10044055
10044059
10044060
10044066
10044074
10044080
10044082
10044083
10044088
10044090
10044099
10044101
10044104
10044105
10044106
10044107
10044114
10044117
10044120
10044122
10044125
10044126
10044127
10044129
10044131
10044134
10044135
10044138
10044150
10044152
10044153
10044158
10044163
10044167
10044175
10044177
10044180
10044183
10044193
10044194
10044197
10044198
10044201
10044208
10044212
10044218
10044220
10044222
10044223
10044233
10044237
10044243
10044245
10044248
10044251
10044252
10044254
10044255
10044257
10044262
10044263
10044264
10044269
10044273
10044279
10044285
10044286
10044288
10044290
10044296
10044297
10044302
10044303
10044308
10044310
10044313
10044318
10044320
10044321
10044326
10044327
10044328
10044329
10044330
10044331
10044333
10044336
10044338
10044344
10044348
10044350
10044352
10044356
10044357
10044363
10044366
10044368
10044372
10044376
10044377
10044378
10044388
10044390
10044402
10044403
10044406
10044409
10044410
10044418
10044420
10044427
10044431
10044434
10044435
10044441
10044447
10044451
10044452
10044455
10044467
10044473
10044480
10044481
10044482
10044484
10044485
10044487
10044488
10044491
10044492
10044493
10044504
10044506
10044507
10044510
10044516
10044519
10044524
10044526
10044527
10044528
10044531
10044533
10044534
10044542
10044545
10044547
10044549
10044558
10044559
10044565
10044567
10044571
10044572
10044575
10044578
10044582
10044585
10044586
10044587
10044589
10044590
10044595
10044596
10044599
10044603
10044608
10044611
10044613
10044623
10044627
10044628
10044631
10044636
10044641
10044645
10044646
10044647
10044650
10044652
10044655
10044656
10044664
10044666
10044683
10044685
10044686
10044687
10044690
10044692
10044693
10044694
10044695
10044697
10044698
10044703
10044706
10044707
10044711
10044717
10044722
10044724
10044726
10044733
10044734
10044735
10044737
10044741
10044745
10044747
10044753
10044757
10044758
10044761
10044763
10044768
10044773
10044779
10044780
10044783
10044795
10044800
10044805
10044808
10044809
10044810
10044812
10044815
10044816
10044822
10044829
10044830
10044831
10044842
10044843
10044844
10044846
10044849
10044850
10044851
10044854
10044855
10044856
10044857
10044858
10044866
10044867
10044870
10044874
10044882
10044886
10044888
10044892
10044895
10044896
10044897
10044898
10044900
10044902
10044908
10044912
10044913
10044919
10044924
10044925
10044928
10044929
10044930
10044932
10044934
10044935
10044936
10044943
10044946
10044947
10044956
10044957
10044958
10044959
10044964
10044973
10044974
10044978
10044979
10044982
10044983
10044985
10044986
10044987
10044989
10044997
10044998
10044999
10045001
10045002
10045003
10045005
10045006
10045007
10045008
10045009
10045010
10045011
10045020
10045028
10045029
10045030
10045037
10045039
10045040
10045043
10045044
10045050
10045052
10045054
10045058
10045063
10045070
10045083
10045084
10045085
10045092
10045093
10045094
10045099
10045101
10045102
10045104
10045105
10045108
10045110
10045112
10045113
10045114
10045117
10045118
10045125
10045127
10045133
10045134
10045135
10045136
10045137
10045141
10045142
10045144
10045146
10045149
10045154
10045156
10045159
10045161
10045163
10045164
10045165
10045166
10045180
10045184
10045185
10045186
10045188
10045189
10045190
10045194
10045196
10045197
10045200
10045201
10045202
10045207
10045208
10045210
10045213
10045215
10045218
10045221
10045222
10045224
10045225
10045229
10045231
10045232
10045233
10045234
10045236
10045237
10045243
10045246
10045251
10045253
10045255
10045256
10045259
10045260
10045262
10045267
10045275
10045277
10045280
10045282
10045283
10045284
10045288
10045290
10045292
10045297
10045302
10045303
10045305
10045308
10045310
10045312
10045313
10045318
10045321
10045323
10045326
10045328
10045333
10045337
10045339
10045353
10045354
10045357
10045359
10045367
10045370
10045372
10045374
10045378
10045381
10045386
10045393
10045400
10045401
10045403
10045407
10045408
10045414
10045415
10045426
10045428
10045430
10045431
10045432
10045434
10045437
10045440
10045446
10045448
10045449
10045454
10045455
10045457
10045461
10045463
10045464
10045465
10045469
10045472
10045475
10045476
10045478
10045479
10045480
10045481
10045482
10045484
10045486
10045487
10045489
10045490
10045496
10045501
10045507
10045511
10045512
10045515
10045516
10045518
10045521
10045526
10045528
10045529
10045532
10045533
10045534
10045536
10045541
10045542
10045543
10045548
10045552
10045555
10045556
10045558
10045560
10045563
10045564
10045565
10045568
10045574
10045575
10045577
10045580
10045584
10045597
10045598
10045604
10045605
10045606
10045608
10045609
10045614
10045618
10045620
10045623
10045627
10045634
10045637
10045641
10045644
10045650
10045652
10045655
10045658
10045659
10045671
10045677
10045679
10045686
10045687
10045689
10045691
10045697
10045700
10045701
10045703
10045705
10045711
10045713
10045716
10045720
10045724
10045727
10045731
10045732
10045734
10045738
10045741
10045743
10045745
10045747
10045758
10045759
10045762
10045764
10045765
10045769
10045770
10045779
10045783
10045785
10045788
10045791
10045793
10045794
10045795
10045800
10045801
10045802
10045803
10045804
10045805
10045806
10045807
10045808
10045809
10045810
10045811
10045816
10045817
10045818
10045819
10045820
10045823
10045824
10045828
10045830
10045833
10045836
10045840
10045849
10045851
10045854
10045860
10045861
10045862
10045864
10045865
10045869
10045870
10045871
10045874
10045875
10045876
10045882
10045885
10045887
10045892
10045895
10045896
10045897
10045898
10045901
10045902
10045903
10045906
10045908
10045909
10045910
10045913
10045914
10045915
10045916
10045918
10045920
10045922
10045925
10045926
10045929
10045930
10045931
10045932
10045935
10045936
10045947
10045949
10045953
10045955
10045959
10045965
10045970
10045971
10045973
10045974
10045976
10045982
10045985
10045987
10045994
10045997
10046005
10046006
10046009
10046017
10046019
10046027
10046032
10046034
10046036
10046037
10046039
10046044
10046047
10046051
10046054
10046059
10046061
10046070
10046071
10046072
10046073
10046074
10046075
10046076
10046079
10046084
10046087
10046091
10046098
10046101
10046110
10046116
10046123
10046125
10046129
10046130
10046135
10046136
10046138
10046139
10046140
10046141
10046142
10046145
10046147
10046149
10046150
10046151
10046155
10046156
10046157
10046161
10046163
10046167
10046168
10046175
10046179
10046182
10046189
10046199
10046203
10046212
10046215
10046217
10046224
10046225
10046227
10046232
10046234
10046236
10046237
10046242
10046245
10046247
10046250
10046252
10046253
10046256
10046257
10046261
10046263
10046266
10046268
10046272
10046274
10046275
10046279
10046280
10046281
10046283
10046284
10046288
10046290
10046291
10046293
10046295
10046299
10046306
10046307
10046313
10046314
10046320
10046323
10046327
10046328
10046332
10046339
10046340
10046342
10046348
10046352
10046353
10046359
10046362
10046363
10046367
10046369
10046371
10046373
10046375
10046379
10046381
10046387
10046389
10046391
10046394
10046395
10046403
10046410
10046411
10046412
10046413
10046414
10046415
10046418
10046425
10046426
10046429
10046446
10046451
10046453
10046456
10046457
10046461
10046462
10046467
10046472
10046473
10046474
10046477
10046479
10046480
10046484
10046488
10046492
10046498
10046500
10046503
10046507
10046514
10046516
10046526
10046529
10046531
10046533
10046538
10046544
10046547
10046550
10046552
10046560
10046561
10046565
10046567
10046569
10046570
10046575
10046578
10046580
10046581
10046584
10046591
10046593
10046599
10046600
10046602
10046607
10046608
10046610
10046611
10046616
10046620
10046626
10046627
10046628
10046630
10046636
10046639
10046641
10046644
10046648
10046651
10046666
10046668
10046669
10046674
10046681
10046682
10046685
10046689
10046691
10046695
10046696
10046697
10046701
10046702
10046704
10046705
10046712
10046714
10046719
10046721
10046722
10046723
10046731
10046733
10046740
10046742
10046745
10046747
10046752
10046754
10046755
10046758
10046761
10046772
10046773
10046774
10046780
10046781
10046783
10046787
10046790
10046800
10046805
10046806
10046807
10046808
10046810
10046811
10046812
10046813
10046814
10046818
10046819
10046822
10046823
10046825
10046831
10046832
10046834
10046835
10046839
10046840
10046841
10046842
10046844
10046849
10046851
10046852
10046853
10046855
10046860
10046861
10046862
10046866
10046868
10046869
10046870
10046871
10046872
10046874
10046877
10046879
10046885
10046890
10046898
10046900
10046901
10046902
10046904
10046905
10046906
10046909
10046911
10046912
10046918
10046930
10046931
10046936
10046944
10046947
10046948
10046950
10046951
10046953
10046960
10046966
10046972
10046973
10046977
10046979
10046982
10046985
10046988
10046992
10046994
10046996
10046997
10047000
10047001
10047002
10047004
10047007
10047008
10047011
10047012
10047015
10047019
10047025
10047033
10047035
10047038
10047045
10047049
10047051
10047052
10047066
10047067
10047073
10047075
10047078
10047080
10047083
10047089
10047090
10047091
10047096
10047099
10047104
10047105
10047107
10047109
10047114
10047118
10047121
10047125
10047127
10047129
10047132
10047134
10047135
10047144
10047147
10047151
10047153
10047157
10047159
10047165
10047167
10047170
10047172
10047176
10047181
10047184
10047185
10047190
10047192
10047194
10047196
10047199
10047202
10047203
10047204
10047209
10047210
10047211
10047222
10047225
10047226
10047229
10047237
10047241
10047243
10047244
10047246
10047247
10047248
10047251
10047252
10047259
10047264
10047267
10047272
10047275
10047277
10047278
10047280
10047285
10047286
10047287
10047289
10047293
10047295
10047300
10047301
10047302
10047307
10047311
10047312
10047319
10047320
10047326
10047330
10047333
10047338
10047341
10047342
10047344
10047349
10047352
10047358
10047360
10047363
10047364
10047365
10047367
10047368
10047369
10047373
10047379
10047380
10047382
10047383
10047388
10047391
10047393
10047395
10047396
10047401
10047403
10047405
10047406
10047408
10047409
10047415
10047417
10047418
10047426
10047428
10047438
10047441
10047444
10047449
10047452
10047455
10047457
10047458
10047459
10047460
10047462
10047465
10047466
10047468
10047469
10047471
10047474
10047478
10047481
10047485
10047486
10047487
10047492
10047494
10047498
10047499
10047506
10047512
10047515
10047516
10047517
10047518
10047521
10047528
10047534
10047536
10047540
10047546
10047550
10047553
10047555
10047560
10047562
10047568
10047572
10047578
10047580
10047582
10047583
10047585
10047586
10047592
10047593
10047594
10047595
10047603
10047604
10047606
10047611
10047613
10047616
10047620
10047628
10047629
10047630
10047634
10047635
10047644
10047646
10047660
10047668
10047674
10047689
10047691
10047692
10047693
10047694
10047696
10047699
10047705
10047707
10047713
10047716
10047718
10047720
10047723
10047730
10047731
10047734
10047738
10047739
10047744
10047745
10047747
10047750
10047752
10047753
10047759
10047761
10047763
10047769
10047771
10047773
10047775
10047783
10047786
10047787
10047789
10047791
10047792
10047794
10047797
10047800
10047801
10047804
10047807
10047808
10047812
10047815
10047817
10047818
10047820
10047825
10047826
10047830
10047831
10047834
10047839
10047840
10047842
10047843
10047852
10047853
10047858
10047862
10047865
10047869
10047870
10047873
10047874
10047877
10047878
10047881
10047886
10047888
10047892
10047894
10047896
10047898
10047903
10047904
10047905
10047907
10047912
10047913
10047915
10047916
10047919
10047921
10047922
10047923
10047924
10047927
10047931
10047933
10047936
10047940
10047946
10047948
10047950
10047951
10047953
10047956
10047959
10047961
10047964
10047965
10047972
10047974
10047975
10047981
10047983
10047984
10047985
10047988
10047989
10047991
10048001
10048004
10048005
10048008
10048009
10048012
10048018
10048020
10048021
10048023
10048025
10048027
10048030
10048041
10048042
10048051
10048053
10048056
10048059
10048062
10048063
10048064
10048065
10048066
10048070
10048074
10048077
10048079
10048088
10048092
10048093
10048095
10048097
10048101
10048102
10048104
10048107
10048109
10048111
10048118
10048119
10048121
10048124
10048126
10048127
10048130
10048131
10048133
10048139
10048147
10048150
10048154
10048160
10048163
10048165
10048169
10048171
10048182
10048183
10048184
10048185
10048191
10048192
10048193
10048196
10048197
10048202
10048211
10048216
10048221
10048230
10048231
10048233
10048236
10048237
10048242
10048247
10048251
10048253
10048265
10048270
10048275
10048277
10048279
10048283
10048291
10048293
10048296
10048297
10048298
10048300
10048303
10048307
10048311
10048315
10048319
10048323
10048328
10048329
10048331
10048332
10048334
10048338
10048340
10048341
10048342
10048345
10048347
10048348
10048349
10048353
10048356
10048358
10048363
10048367
10048369
10048372
10048375
10048376
10048377
10048379
10048382
10048384
10048398
10048401
10048404
10048405
10048406
10048412
10048414
10048417
10048420
10048422
10048424
10048425
10048435
10048438
10048439
10048441
10048453
10048454
10048455
10048460
10048463
10048464
10048465
10048480
10048481
10048482
10048485
10048489
10048490
10048492
10048495
10048497
10048499
10048514
10048516
10048518
10048519
10048524
10048526
10048530
10048533
10048540
10048541
10048549
10048553
10048554
10048556
10048561
10048562
10048563
10048567
10048568
10048571
10048574
10048577
10048582
10048587
10048588
10048590
10048591
10048597
10048611
10048618
10048619
10048620
10048621
10048625
10048629
10048630
10048635
10048636
10048638
10048640
10048641
10048642
10048644
10048646
10048647
10048650
10048662
10048663
10048665
10048668
10048670
10048671
10048672
10048674
10048676
10048679
10048686
10048691
10048693
10048694
10048698
10048699
10048701
10048703
10048708
10048709
10048712
10048716
10048718
10048719
10048724
10048725
10048726
10048727
10048729
10048730
10048732
10048735
10048736
10048739
10048742
10048744
10048750
10048753
10048757
10048758
10048762
10048763
10048765
10048768
10048772
10048778
10048779
10048780
10048781
10048785
10048788
10048789
10048791
10048792
10048793
10048794
10048795
10048799
10048801
10048803
10048806
10048807
10048816
10048822
10048832
10048834
10048836
10048842
10048845
10048846
10048847
10048848
10048849
10048858
10048860
10048861
10048866
10048867
10048868
10048870
10048877
10048880
10048889
10048890
10048891
10048896
10048897
10048898
10048904
10048912
10048916
10048917
10048920
10048921
10048926
10048928
10048931
10048934
10048936
10048940
10048941
10048944
10048948
10048953
10048954
10048955
10048963
10048964
10048965
10048974
10048977
10048978
10048982
10048989
10048990
10049000
10049001
10049003
10049005
10049006
10049017
10049018
10049020
10049023
10049024
10049042
10049043
10049045
10049046
10049049
10049050
10049051
10049055
10049058
10049059
10049060
10049061
10049063
10049069
10049081
10049082
10049083
10049086
10049087
10049089
10049090
10049091
10049097
10049098
10049099
10049100
10049101
10049102
10049104
10049105
10049106
10049108
10049109
10049113
10049114
10049116
10049119
10049121
10049123
10049127
10049129
10049134
10049135
10049136
10049145
10049154
10049157
10049159
10049165
10049167
10049169
10049170
10049171
10049172
10049174
10049178
10049179
10049183
10049186
10049187
10049188
10049191
10049192
10049193
10049194
10049197
10049203
10049208
10049211
10049212
10049215
10049217
10049222
10049226
10049228
10049229
10049230
10049231
10049234
10049235
10049241
10049244
10049245
10049247
10049249
10049251
10049252
10049253
10049254
10049256
10049257
10049258
10049259
10049261
10049265
10049269
10049271
10049275
10049276
10049278
10049280
10049282
10049293
10049302
10049304
10049307
10049309
10049310
10049313
10049317
10049319
10049321
10049324
10049326
10049329
10049332
10049335
10049336
10049338
10049341
10049342
10049343
10049344
10049346
10049347
10049348
10049349
10049352
10049357
10049360
10049362
10049363
10049365
10049368
10049370
10049375
10049380
10049382
10049384
10049395
10049396
10049397
10049404
10049406
10049407
10049408
10049413
10049417
10049421
10049422
10049425
10049429
10049431
10049433
10049434
10049439
10049440
10049447
10049448
10049449
10049451
10049462
10049464
10049469
10049475
10049477
10049478
10049484
10049485
10049487
10049492
10049496
10049497
10049501
10049505
10049507
10049511
10049512
10049513
10049516
10049519
10049522
10049525
10049530
10049536
10049544
10049545
10049550
10049551
10049556
10049557
10049559
10049562
10049563
10049564
10049567
10049568
10049569
10049570
10049572
10049576
10049578
10049579
10049583
10049584
10049585
10049589
10049590
10049591
10049592
10049594
10049596
10049611
10049620
10049627
10049628
10049629
10049631
10049632
10049638
10049639
10049640
10049645
10049647
10049653
10049654
10049659
10049660
10049665
10049668
10049673
10049682
10049685
10049692
10049696
10049697
10049698
10049700
10049702
10049704
10049705
10049708
10049713
10049714
10049719
10049721
10049724
10049725
10049726
10049727
10049728
10049734
10049736
10049737
10049742
10049745
10049746
10049752
10049756
10049757
10049759
10049760
10049761
10049765
10049774
10049776
10049777
10049779
10049782
10049789
10049790
10049792
10049803
10049804
10049805
10049807
10049810
10049815
10049816
10049819
10049821
10049822
10049823
10049825
10049826
10049828
10049830
10049834
10049837
10049839
10049841
10049843
10049848
10049851
10049853
10049860
10049862
10049863
10049867
10049870
10049871
10049872
10049873
10049876
10049878
10049883
10049884
10049888
10049896
10049901
10049905
10049907
10049911
10049913
10049914
10049917
10049918
10049922
10049926
10049928
10049933
10049940
10049941
10049945
10049951
10049961
10049971
10049972
10049974
10049975
10049979
10049984
10049986
10049991
10050001
10050002
10050006
10050007
10050008
10050009
10050010
10050014
10050016
10050018
10050019
10050020
10050032
10050033
10050038
10050040
10050041
10050043
10050045
10050051
10050052
10050053
10050055
10050056
10050059
10050061
10050065
10050067
10050069
10050070
10050074
10050076
10050078
10050079
10050080
10050084
10050086
10050089
10050090
10050091
10050093
10050096
10050097
10050100
10050101
10050104
10050105
10050109
10050111
10050114
10050120
10050124
10050128
10050129
10050133
10050134
10050138
10050141
10050142
10050144
10050145
10050149
10050150
10050152
10050157
10050166
10050168
10050173
10050174
10050176
10050177
10050178
10050181
10050190
10050192
10050193
10050197
10050199
10050200
10050203
10050204
10050206
10050208
10050210
10050213
10050215
10050222
10050223
10050227
10050228
10050229
10050232
10050241
10050242
10050251
10050261
10050262
10050265
10050281
10050282
10050286
10050289
10050302
10050305
10050312
10050315
10050319
10050325
10050329
10050330
10050331
10050332
10050334
10050339
10050344
10050346
10050349
10050350
10050352
10050353
10050358
10050360
10050363
10050365
10050368
10050371
10050376
10050377
10050384
10050386
10050387
10050389
10050390
10050393
10050400
10050401
10050404
10050407
10050412
10050419
10050424
10050431
10050435
10050437
10050439
10050442
10050443
10050444
10050446
10050448
10050455
10050456
10050459
10050460
10050468
10050474
10050476
10050481
10050483
10050484
10050485
10050486
10050488
10050490
10050491
10050494
10050496
10050497
10050500
10050509
10050513
10050515
10050517
10050518
10050519
10050522
10050525
10050526
10050532
10050541
10050543
10050547
10050549
10050552
10050560
10050561
10050565
10050568
10050569
10050573
10050580
10050581
10050583
10050585
10050595
10050596
10050598
10050599
10050604
10050613
10050614
10050617
10050618
10050619
10050620
10050621
10050624
10050625
10050630
10050631
10050634
10050635
10050637
10050646
10050648
10050650
10050653
10050654
10050656
10050659
10050665
10050667
10050668
10050672
10050674
10050678
10050680
10050681
10050688
10050689
10050695
10050700
10050702
10050704
10050712
10050726
10050733
10050752
10050763
10050768
10050769
10050773
10050775
10050777
10050785
10050788
10050792
10050795
10050800
10050806
10050807
10050810
10050813
10050824
10050827
10050832
10050837
10050838
10050841
10050846
10050848
10050849
10050850
10050851
10050852
10050853
10050857
10050859
10050860
10050861
10050862
10050864
10050867
10050868
10050873
10050876
10050877
10050879
10050881
10050882
10050887
10050889
10050892
10050898
10050900
10050905
10050907
10050911
10050912
10050916
10050918
10050919
10050921
10050924
10050928
10050932
10050934
10050935
10050939
10050940
10050941
10050948
10050953
10050956
10050962
10050966
10050968
10050969
10050970
10050973
10050986
10050987
10050988
10050991
10050996
10051000
10051006
10051010
10051011
10051012
10051013
10051021
10051023
10051024
10051027
10051028
10051030
10051032
10051038
10051039
10051046
10051048
10051054
10051056
10051058
10051061
10051065
10051066
10051068
10051072
10051074
10051075
10051085
10051087
10051089
10051090
10051091
10051096
10051097
10051098
10051102
10051110
10051111
10051120
10051121
10051122
10051123
10051125
10051127
10051131
10051133
10051134
10051136
10051138
10051140
10051146
10051151
10051152
10051156
10051158
10051159
10051168
10051172
10051174
10051175
10051180
10051184
10051186
10051187
10051190
10051200
10051209
10051211
10051213
10051215
10051216
10051222
10051223
10051225
10051226
10051228
10051230
10051233
10051239
10051245
10051254
10051255
10051256
10051257
10051258
10051262
10051263
10051264
10051267
10051268
10051271
10051274
10051275
10051279
10051281
10051283
10051286
10051289
10051290
10051301
10051305
10051306
10051317
10051321
10051324
10051325
10051326
10051328
10051329
10051330
10051332
10051334
10051335
10051336
10051337
10051339
10051345
10051347
10051349
10051353
10051354
10051357
10051358
10051359
10051362
10051368
10051369
10051371
10051377
10051382
10051384
10051385
10051386
10051397
10051398
10051401
10051404
10051406
10051407
10051409
10051410
10051415
10051418
10051419
10051424
10051431
10051432
10051437
10051438
10051439
10051441
10051442
10051444
10051445
10051448
10051451
10051454
10051456
10051457
10051458
10051459
10051462
10051463
10051478
10051479
10051480
10051482
10051484
10051485
10051487
10051489
10051490
10051491
10051494
10051497
10051499
10051500
10051503
10051504
10051505
10051508
10051509
10051514
10051515
10051516
10051520
10051522
10051525
10051527
10051528
10051531
10051536
10051537
10051538
10051539
10051540
10051541
10051542
10051545
10051547
10051550
10051554
10051555
10051557
10051564
10051566
10051569
10051570
10051571
10051577
10051584
10051588
10051589
10051590
10051594
10051597
10051599
10051600
10051601
10051604
10051606
10051607
10051609
10051610
10051611
10051612
10051616
10051619
10051622
10051629
10051631
10051636
10051641
10051643
10051644
10051646
10051648
10051649
10051650
10051652
10051653
10051655
10051658
10051659
10051662
10051663
10051669
10051673
10051674
10051677
10051678
10051679
10051680
10051682
10051685
10051686
10051688
10051691
10051695
10051696
10051698
10051699
10051704
10051707
10051712
10051715
10051718
10051719
10051720
10051721
10051726
10051730
10051731
10051733
10051739
10051742
10051743
10051746
10051750
10051762
10051763
10051764
10051765
10051767
10051768
10051769
10051770
10051773
10051775
10051777
10051780
10051781
10051784
10051795
10051796
10051797
10051798
10051804
10051806
10051807
10051808
10051810
10051811
10051815
10051816
10051817
10051821
10051822
10051827
10051834
10051837
10051838
10051845
10051852
10051853
10051855
10051856
10051857
10051859
10051863
10051867
10051868
10051869
10051870
10051877
10051883
10051885
10051888
10051893
10051897
10051900
10051906
10051909
10051910
10051921
10051923
10051924
10051927
10051928
10051930
10051931
10051932
10051934
10051935
10051939
10051941
10051943
10051946
10051947
10051948
10051950
10051953
10051958
10051960
10051961
10051962
10051966
10051968
10051972
10051973
10051975
10051977
10051982
10051984
10051985
10051987
10051990
10051991
10051993
10051995
10051999
10052000
10052003
10052004
10052008
10052014
10052018
10052019
10052020
10052023
10052024
10052028
10052030
10052031
10052032
10052039
10052042
10052044
10052049
10052051
10052052
10052053
10052055
10052057
10052063
10052067
10052073
10052076
10052078
10052080
10052081
10052082
10052086
10052088
10052090
10052094
10052097
10052100
10052107
10052110
10052118
10052122
10052129
10052139
10052148
10052149
10052157
10052159
10052160
10052165
10052167
10052169
10052170
10052175
10052177
10052179
10052180
10052182
10052185
10052188
10052190
10052197
10052198
10052199
10052203
10052206
10052208
10052216
10052222
10052224
10052226
10052227
10052232
10052236
10052239
10052245
10052247
10052249
10052250
10052252
10052253
10052254
10052255
10052256
10052259
10052260
10052261
10052262
10052264
10052265
10052267
10052268
10052270
10052273
10052277
10052278
10052280
10052284
10052286
10052288
10052290
10052292
10052294
10052296
10052299
10052302
10052308
10052310
10052311
10052313
10052317
10052322
10052323
10052326
10052331
10052335
10052341
10052342
10052343
10052346
10052350
10052351
10052352
10052358
10052359
10052362
10052365
10052369
10052372
10052375
10052383
10052386
10052389
10052393
10052394
10052398
10052402
10052409
10052412
10052416
10052421
10052423
10052428
10052433
10052435
10052438
10052441
10052442
10052447
10052448
10052450
10052453
10052454
10052456
10052458
10052463
10052464
10052466
10052474
10052478
10052480
10052482
10052483
10052486
10052487
10052491
10052494
10052496
10052498
10052499
10052501
10052503
10052504
10052505
10052506
10052507
10052509
10052513
10052514
10052516
10052524
10052530
10052531
10052533
10052535
10052538
10052539
10052543
10052553
10052554
10052555
10052559
10052562
10052564
10052566
10052567
10052572
10052575
10052577
10052584
10052585
10052589
10052590
10052592
10052593
10052594
10052599
10052600
10052603
10052611
10052614
10052615
10052616
10052622
10052623
10052625
10052630
10052633
10052634
10052641
10052644
10052647
10052649
10052651
10052662
10052663
10052666
10052668
10052669
10052671
10052677
10052680
10052682
10052684
10052685
10052686
10052688
10052690
10052691
10052695
10052697
10052702
10052703
10052708
10052712
10052715
10052716
10052718
10052721
10052725
10052727
10052728
10052729
10052733
10052737
10052738
10052741
10052742
10052743
10052744
10052745
10052754
10052756
10052757
10052759
10052760
10052772
10052773
10052774
10052780
10052781
10052783
10052785
10052789
10052790
10052791
10052793
10052803
10052807
10052808
10052809
10052811
10052813
10052816
10052817
10052818
10052819
10052822
10052824
10052828
10052832
10052834
10052841
10052848
10052850
10052857
10052858
10052859
10052861
10052862
10052863
10052868
10052870
10052871
10052874
10052875
10052882
10052883
10052885
10052887
10052888
10052892
10052894
10052895
10052899
10052902
10052904
10052905
10052908
10052909
10052920
10052925
10052927
10052934
10052935
10052937
10052942
10052943
10052946
10052950
10052951
10052957
10052958
10052959
10052962
10052963
10052965
10052968
10052969
10052972
10052975
10052976
10052978
10052980
10052984
10052986
10052989
10052998
10052999
10053000
10053001
10053003
10053004
10053005
10053007
10053014
10053015
10053016
10053018
10053019
10053020
10053025
10053028
10053031
10053033
10053039
10053041
10053044
10053045
10053048
10053051
10053054
10053056
10053057
10053062
10053065
10053068
10053072
10053075
10053076
10053078
10053080
10053081
10053083
10053088
10053089
10053093
10053095
10053098
10053100
10053101
10053102
10053106
10053114
10053119
10053125
10053129
10053130
10053131
10053134
10053135
10053136
10053138
10053139
10053140
10053142
10053144
10053145
10053147
10053149
10053150
10053152
10053158
10053159
10053160
10053163
10053166
10053168
10053170
10053172
10053173
10053177
10053179
10053181
10053183
10053187
10053192
10053194
10053196
10053200
10053202
10053203
10053206
10053213
10053214
10053215
10053217
10053218
10053219
10053222
10053226
10053227
10053230
10053231
10053233
10053235
10053236
10053237
10053238
10053241
10053242
10053243
10053245
10053249
10053250
10053252
10053254
10053258
10053262
10053263
10053264
10053265
10053269
10053277
10053279
10053280
10053283
10053288
10053296
10053298
10053299
10053300
10053302
10053307
10053313
10053317
10053320
10053323
10053324
10053327
10053335
10053336
10053337
10053341
10053343
10053344
10053345
10053346
10053347
10053351
10053355
10053359
10053364
10053366
10053368
10053371
10053372
10053374
10053375
10053379
10053380
10053382
10053383
10053387
10053388
10053390
10053392
10053393
10053398
10053401
10053402
10053403
10053407
10053408
10053410
10053411
10053414
10053415
10053421
10053425
10053426
10053428
10053429
10053430
10053432
10053437
10053440
10053442
10053443
10053449
10053450
10053451
10053453
10053455
10053457
10053463
10053467
10053470
10053488
10053489
10053491
10053492
10053495
10053497
10053500
10053505
10053509
10053515
10053519
10053521
10053522
10053523
10053525
10053531
10053532
10053537
10053538
10053539
10053546
10053547
10053549
10053552
10053553
10053554
10053557
10053560
10053561
10053562
10053566
10053567
10053568
10053572
10053573
10053575
10053578
10053580
10053582
10053584
10053586
10053590
10053591
10053597
10053601
10053602
10053604
10053605
10053606
10053609
10053612
10053619
10053620
10053622
10053624
10053628
10053629
10053630
10053633
10053634
10053646
10053650
10053653
10053656
10053657
10053659
10053664
10053665
10053668
10053670
10053674
10053675
10053677
10053679
10053680
10053683
10053687
10053691
10053694
10053697
10053703
10053706
10053708
10053715
10053716
10053719
10053723
10053727
10053729
10053733
10053745
10053748
10053752
10053756
10053757
10053760
10053762
10053768
10053775
10053781
10053785
10053788
10053790
10053796
10053797
10053799
10053805
10053808
10053811
10053815
10053820
10053822
10053826
10053831
10053832
10053833
10053838
10053839
10053842
10053845
10053846
10053847
10053851
10053853
10053854
10053857
10053858
10053860
10053873
10053875
10053881
10053882
10053886
10053887
10053888
10053891
10053894
10053905
10053906
10053907
10053908
10053911
10053915
10053923
10053924
10053928
10053930
10053931
10053934
10053935
10053937
10053938
10053939
10053941
10053946
10053948
10053950
10053951
10053952
10053954
10053956
10053957
10053968
10053972
10053975
10053978
10053979
10053980
10053985
10053986
10053991
10053993
10053994
10053996
10053997
10054001
10054003
10054006
10054009
10054011
10054013
10054014
10054016
10054022
10054023
10054024
10054025
10054026
10054028
10054031
10054034
10054036
10054038
10054042
10054045
10054048
10054049
10054056
10054058
10054059
10054065
10054066
10054068
10054069
10054073
10054075
10054078
10054083
10054085
10054101
10054102
10054105
10054107
10054108
10054111
10054115
10054120
10054123
10054124
10054127
10054130
10054132
10054133
10054134
10054136
10054141
10054142
10054143
10054144
10054145
10054146
10054147
10054150
10054154
10054157
10054160
10054163
10054165
10054169
10054174
10054178
10054181
10054182
10054183
10054188
10054189
10054192
10054202
10054203
10054204
10054208
10054213
10054216
10054219
10054222
10054231
10054236
10054237
10054241
10054244
10054248
10054249
10054251
10054259
10054260
10054262
10054263
10054264
10054267
10054270
10054271
10054279
10054292
10054295
10054298
10054301
10054311
10054312
10054314
10054316
10054317
10054319
10054321
10054323
10054324
10054325
10054331
10054336
10054343
10054353
10054356
10054357
10054359
10054362
10054363
10054364
10054365
10054367
10054368
10054372
10054374
10054378
10054380
10054381
10054387
10054388
10054392
10054396
10054398
10054403
10054405
10054413
10054415
10054416
10054418
10054420
10054422
10054430
10054435
10054436
10054438
10054440
10054449
10054451
10054454
10054455
10054465
10054467
10054469
10054475
10054480
10054486
10054495
10054504
10054509
10054512
10054513
10054516
10054519
10054525
10054528
10054530
10054543
10054546
10054549
10054551
10054557
10054560
10054566
10054568
10054570
10054577
10054580
10054592
10054593
10054594
10054596
10054598
10054602
10054603
10054604
10054605
10054608
10054612
10054618
10054620
10054623
10054632
10054636
10054638
10054639
10054645
10054654
10054655
10054659
10054660
10054662
10054663
10054666
10054670
10054672
10054674
10054675
10054676
10054677
10054679
10054681
10054682
10054684
10054686
10054690
10054705
10054707
10054709
10054715
10054716
10054723
10054725
10054726
10054728
10054729
10054731
10054734
10054735
10054737
10054746
10054748
10054752
10054754
10054756
10054758
10054760
10054763
10054765
10054766
10054771
10054772
10054773
10054780
10054781
10054782
10054785
10054786
10054788
10054790
10054792
10054794
10054800
10054801
10054803
10054804
10054806
10054809
10054810
10054812
10054814
10054815
10054817
10054820
10054822
10054824
10054825
10054833
10054834
10054838
10054841
10054843
10054848
10054849
10054852
10054856
10054857
10054859
10054860
10054861
10054866
10054873
10054874
10054876
10054878
10054880
10054881
10054884
10054885
10054887
10054889
10054892
10054894
10054896
10054899
10054900
10054901
10054902
10054908
10054909
10054910
10054912
10054913
10054915
10054919
10054923
10054926
10054931
10054933
10054935
10054940
10054941
10054943
10054944
10054946
10054948
10054954
10054956
10054961
10054967
10054968
10054971
10054973
10054976
10054983
10054991
10054996
10054997
10054999
10055003
10055006
10055015
10055017
10055019
10055020
10055021
10055023
10055027
10055028
10055035
10055037
10055039
10055042
10055047
10055049
10055054
10055055
10055056
10055059
10055065
10055073
10055078
10055082
10055087
10055088
10055094
10055095
10055098
10055100
10055108
10055122
10055123
10055126
10055137
10055141
10055146
10055147
10055148
10055151
10055153
10055154
10055155
10055156
10055161
10055162
10055165
10055167
10055170
10055171
10055172
10055175
10055177
10055182
10055184
10055186
10055193
10055209
10055211
10055212
10055215
10055217
10055218
10055220
10055226
10055231
10055240
10055248
10055259
10055260
10055265
10055267
10055270
10055271
10055278
10055279
10055282
10055284
10055285
10055290
10055291
10055292
10055298
10055300
10055301
10055305
10055310
10055315
10055321
10055325
10055329
10055334
10055335
10055338
10055342
10055343
10055344
10055348
10055352
10055355
10055358
10055361
10055366
10055372
10055377
10055380
10055381
10055386
10055388
10055390
10055391
10055393
10055396
10055398
10055399
10055402
10055409
10055411
10055413
10055416
10055417
10055423
10055429
10055430
10055431
10055434
10055435
10055437
10055441
10055450
10055452
10055454
10055457
10055458
10055459
10055460
10055461
10055462
10055467
10055468
10055472
10055475
10055477
10055478
10055481
10055482
10055483
10055491
10055492
10055494
10055497
10055500
10055503
10055505
10055509
10055512
10055517
10055520
10055522
10055523
10055525
10055527
10055528
10055529
10055532
10055536
10055537
10055545
10055546
10055548
10055553
10055555
10055556
10055557
10055558
10055561
10055563
10055564
10055568
10055570
10055571
10055575
10055578
10055579
10055586
10055592
10055593
10055599
10055602
10055603
10055609
10055610
10055612
10055613
10055618
10055620
10055622
10055624
10055634
10055638
10055639
10055640
10055642
10055649
10055652
10055653
10055657
10055661
10055665
10055667
10055669
10055671
10055675
10055676
10055677
10055678
10055681
10055682
10055684
10055685
10055687
10055688
10055689
10055690
10055691
10055702
10055706
10055707
10055708
10055710
10055712
10055713
10055714
10055716
10055717
10055721
10055723
10055725
10055727
10055728
10055731
10055732
10055735
10055739
10055743
10055744
10055745
10055748
10055749
10055750
10055754
10055758
10055761
10055762
10055764
10055768
10055769
10055771
10055777
10055779
10055780
10055785
10055793
10055797
10055803
10055807
10055808
10055815
10055817
10055818
10055821
10055824
10055825
10055826
10055830
10055831
10055833
10055836
10055839
10055841
10055846
10055847
10055850
10055853
10055856
10055857
10055862
10055866
10055867
10055868
10055876
10055878
10055888
10055894
10055895
10055898
10055899
10055903
10055904
10055906
10055908
10055910
10055911
10055912
10055913
10055915
10055920
10055921
10055923
10055925
10055935
10055936
10055937
10055938
10055940
10055941
10055943
10055944
10055949
10055950
10055951
10055953
10055964
10055965
10055966
10055968
10055969
10055971
10055972
10055978
10055980
10055984
10055985
10055987
10055990
10055992
10055997
10055999
10056009
10056011
10056012
10056015
10056017
10056018
10056021
10056031
10056047
10056048
10056051
10056052
10056055
10056058
10056059
10056062
10056066
10056069
10056071
10056080
10056086
10056087
10056088
10056090
10056091
10056100
10056107
10056108
10056109
10056113
10056115
10056116
10056118
10056122
10056124
10056125
10056130
10056144
10056148
10056151
10056153
10056160
10056165
10056166
10056168
10056175
10056176
10056178
10056181
10056182
10056184
10056186
10056194
10056196
10056198
10056201
10056202
10056205
10056206
10056207
10056210
10056213
10056214
10056215
10056216
10056218
10056219
10056225
10056226
10056227
10056228
10056230
10056233
10056234
10056237
10056238
10056244
10056245
10056246
10056249
10056251
10056253
10056254
10056256
10056257
10056258
10056262
10056263
10056265
10056272
10056275
10056276
10056284
10056291
10056293
10056304
10056306
10056308
10056309
10056310
10056311
10056318
10056331
10056333
10056336
10056337
10056342
10056345
10056350
10056351
10056356
10056357
10056361
10056367
10056368
10056369
10056372
10056373
10056374
10056384
10056386
10056387
10056390
10056391
10056399
10056402
10056408
10056409
10056411
10056419
10056420
10056423
10056427
10056430
10056432
10056435
10056437
10056438
10056440
10056449
10056451
10056457
10056459
10056461
10056464
10056466
10056469
10056470
10056471
10056473
10056474
10056475
10056476
10056477
10056478
10056480
10056481
10056482
10056492
10056494
10056497
10056499
10056502
10056506
10056511
10056512
10056515
10056516
10056517
10056518
10056524
10056526
10056529
10056530
10056531
10056532
10056539
10056540
10056542
10056546
10056549
10056550
10056557
10056558
10056560
10056561
10056563
10056564
10056565
10056577
10056581
10056585
10056588
10056592
10056594
10056595
10056599
10056605
10056606
10056611
10056613
10056614
10056617
10056618
10056619
10056624
10056633
10056636
10056640
10056649
10056654
10056655
10056658
10056660
10056663
10056664
10056669
10056677
10056680
10056701
10056704
10056705
10056709
10056710
10056713
10056719
10056721
10056725
10056726
10056727
10056729
10056730
10056732
10056733
10056736
10056738
10056743
10056744
10056748
10056750
10056751
10056758
10056759
10056762
10056765
10056766
10056772
10056779
10056782
10056784
10056786
10056790
10056791
10056793
10056796
10056798
10056799
10056807
10056812
10056814
10056815
10056829
10056832
10056834
10056836
10056839
10056841
10056847
10056849
10056850
10056858
10056861
10056863
10056868
10056871
10056873
10056874
10056877
10056878
10056882
10056883
10056887
10056888
10056891
10056894
10056901
10056903
10056905
10056907
10056908
10056910
10056912
10056914
10056915
10056918
10056919
10056921
10056924
10056926
10056932
10056934
10056935
10056937
10056944
10056945
10056946
10056953
10056954
10056959
10056962
10056966
10056968
10056976
10056981
10056983
10056985
10056987
10056989
10056990
10056991
10056995
10056997
10057000
10057001
10057004
10057013
10057016
10057017
10057018
10057020
10057028
10057029
10057033
10057036
10057040
10057041
10057044
10057045
10057047
10057052
10057055
10057058
10057060
10057062
10057067
10057070
10057071
10057072
10057073
10057075
10057080
10057081
10057082
10057087
10057091
10057092
10057094
10057098
10057100
10057103
10057106
10057108
10057112
10057113
10057121
10057126
10057127
10057134
10057136
10057138
10057142
10057144
10057145
10057146
10057154
10057158
10057159
10057160
10057172
10057173
10057176
10057178
10057182
10057184
10057185
10057186
10057194
10057198
10057201
10057202
10057207
10057209
10057210
10057211
10057215
10057217
10057218
10057222
10057224
10057227
10057242
10057243
10057245
10057248
10057250
10057251
10057253
10057261
10057262
10057264
10057266
10057267
10057271
10057273
10057278
10057280
10057283
10057288
10057290
10057291
10057294
10057296
10057298
10057299
10057305
10057308
10057309
10057310
10057313
10057314
10057316
10057319
10057323
10057325
10057327
10057337
10057347
10057348
10057350
10057353
10057355
10057364
10057375
10057378
10057379
10057381
10057383
10057384
10057390
10057392
10057396
10057399
10057408
10057409
10057413
10057415
10057416
10057417
10057418
10057419
10057421
10057422
10057428
10057431
10057433
10057437
10057439
10057444
10057445
10057446
10057449
10057452
10057453
10057457
10057463
10057464
10057465
10057467
10057473
10057475
10057479
10057490
10057492
10057494
10057497
10057501
10057504
10057505
10057508
10057512
10057515
10057516
10057519
10057520
10057521
10057522
10057526
10057527
10057535
10057538
10057539
10057540
10057542
10057543
10057546
10057548
10057549
10057550
10057555
10057557
10057561
10057562
10057564
10057565
10057569
10057571
10057573
10057578
10057581
10057583
10057590
10057596
10057597
10057598
10057599
10057603
10057605
10057606
10057607
10057610
10057613
10057623
10057626
10057628
10057629
10057637
10057640
10057642
10057645
10057646
10057648
10057654
10057658
10057667
10057668
10057670
10057671
10057674
10057677
10057679
10057682
10057683
10057684
10057687
10057690
10057692
10057693
10057694
10057696
10057697
10057699
10057701
10057706
10057709
10057710
10057713
10057715
10057718
10057719
10057720
10057724
10057726
10057729
10057730
10057733
10057735
10057736
10057749
10057753
10057756
10057757
10057759
10057762
10057765
10057770
10057771
10057772
10057775
10057776
10057777
10057780
10057781
10057784
10057785
10057789
10057790
10057794
10057804
10057805
10057806
10057810
10057812
10057821
10057824
10057827
10057831
10057835
10057836
10057841
10057844
10057846
10057847
10057850
10057855
10057858
10057863
10057866
10057870
10057872
10057873
10057877
10057878
10057879
10057888
10057889
10057890
10057895
10057899
10057901
10057903
10057909
10057912
10057913
10057915
10057920
10057923
10057931
10057932
10057934
10057937
10057939
10057940
10057944
10057945
10057947
10057948
10057957
10057961
10057963
10057966
10057967
10057970
10057972
10057977
10057979
10057981
10057990
10057991
10057992
10058008
10058013
10058020
10058021
10058022
10058025
10058027
10058028
10058031
10058039
10058041
10058042
10058043
10058045
10058046
10058048
10058052
10058053
10058059
10058060
10058063
10058064
10058067
10058070
10058077
10058082
10058083
10058084
10058085
10058088
10058089
10058090
10058091
10058096
10058097
10058102
10058103
10058109
10058110
10058111
10058112
10058113
10058116
10058117
10058120
10058121
10058124
10058125
10058131
10058133
10058140
10058148
10058158
10058159
10058160
10058161
10058164
10058166
10058167
10058168
10058169
10058179
10058182
10058188
10058190
10058192
10058198
10058201
10058203
10058208
10058210
10058219
10058220
10058221
10058224
10058228
10058233
10058241
10058242
10058243
10058244
10058246
10058247
10058254
10058257
10058258
10058260
10058262
10058266
10058267
10058272
10058276
10058277
10058278
10058279
10058281
10058292
10058294
10058295
10058299
10058300
10058303
10058309
10058314
10058317
10058319
10058326
10058331
10058332
10058333
10058337
10058343
10058345
10058348
10058354
10058358
10058360
10058363
10058366
10058369
10058370
10058371
10058381
10058383
10058384
10058386
10058387
10058389
10058390
10058392
10058393
10058402
10058403
10058411
10058412
10058413
10058416
10058418
10058426
10058432
10058435
10058436
10058438
10058439
10058448
10058449
10058450
10058453
10058454
10058457
10058459
10058468
10058476
10058479
10058482
10058488
10058489
10058491
10058492
10058493
10058496
10058497
10058502
10058506
10058510
10058512
10058515
10058516
10058518
10058520
10058523
10058525
10058526
10058531
10058534
10058537
10058545
10058547
10058548
10058554
10058555
10058558
10058561
10058563
10058565
10058569
10058571
10058572
10058573
10058574
10058577
10058579
10058580
10058582
10058584
10058586
10058591
10058592
10058596
10058600
10058602
10058603
10058607
10058608
10058614
10058617
10058618
10058619
10058621
10058626
10058631
10058633
10058634
10058642
10058644
10058649
10058651
10058654
10058656
10058657
10058663
10058666
10058670
10058672
10058675
10058683
10058684
10058686
10058687
10058699
10058703
10058704
10058707
10058712
10058713
10058714
10058718
10058719
10058721
10058722
10058723
10058726
10058727
10058728
10058730
10058736
10058738
10058741
10058745
10058747
10058750
10058754
10058757
10058758
10058759
10058760
10058762
10058764
10058766
10058773
10058779
10058780
10058781
10058782
10058787
10058788
10058791
10058792
10058793
10058803
10058821
10058829
10058830
10058840
10058843
10058844
10058847
10058849
10058851
10058855
10058857
10058858
10058859
10058863
10058864
10058868
10058872
10058875
10058876
10058880
10058882
10058885
10058886
10058887
10058891
10058892
10058893
10058896
10058897
10058898
10058903
10058907
10058909
10058910
10058913
10058924
10058930
10058931
10058938
10058939
10058942
10058943
10058944
10058946
10058947
10058948
10058949
10058953
10058960
10058961
10058968
10058970
10058973
10058974
10058979
10058980
10058982
10058985
10058986
10058987
10058988
10058989
10058995
10058996
10058997
10059000
10059002
10059010
10059015
10059017
10059020
10059023
10059029
10059031
10059035
10059039
10059040
10059041
10059043
10059045
10059046
10059060
10059064
10059065
10059067
10059068
10059070
10059077
10059078
10059080
10059082
10059083
10059085
10059086
10059087
10059089
10059091
10059092
10059094
10059095
10059097
10059103
10059109
10059111
10059113
10059117
10059119
10059120
10059121
10059128
10059130
10059133
10059137
10059139
10059140
10059145
10059148
10059154
10059155
10059156
10059160
10059163
10059165
10059168
10059169
10059176
10059181
10059185
10059186
10059187
10059192
10059195
10059197
10059198
10059199
10059201
10059202
10059212
10059213
10059218
10059219
10059226
10059227
10059229
10059232
10059236
10059245
10059246
10059248
10059249
10059256
10059257
10059259
10059260
10059262
10059263
10059266
10059267
10059271
10059274
10059275
10059284
10059288
10059296
10059300
10059303
10059306
10059307
10059311
10059320
10059322
10059325
10059327
10059332
10059334
10059336
10059337
10059345
10059346
10059355
10059359
10059363
10059365
10059367
10059371
10059373
10059376
10059377
10059378
10059385
10059387
10059388
10059396
10059399
10059402
10059404
10059407
10059413
10059414
10059416
10059419
10059422
10059425
10059427
10059428
10059438
10059440
10059443
10059450
10059451
10059455
10059459
10059460
10059461
10059465
10059466
10059467
10059470
10059474
10059478
10059481
10059486
10059489
10059494
10059497
10059498
10059502
10059503
10059506
10059508
10059509
10059510
10059516
10059522
10059524
10059525
10059527
10059528
10059532
10059538
10059539
10059546
10059556
10059561
10059570
10059572
10059576
10059579
10059581
10059582
10059586
10059588
10059590
10059592
10059595
10059596
10059597
10059598
10059600
10059602
10059603
10059605
10059606
10059609
10059622
10059623
10059624
10059626
10059642
10059655
10059658
10059659
10059664
10059665
10059672
10059674
10059676
10059679
10059683
10059685
10059686
10059687
10059690
10059692
10059694
10059699
10059700
10059703
10059704
10059706
10059707
10059712
10059714
10059715
10059718
10059719
10059724
10059725
10059728
10059729
10059731
10059732
10059733
10059735
10059736
10059740
10059746
10059748
10059750
10059751
10059757
10059767
10059768
10059772
10059776
10059779
10059780
10059784
10059787
10059789
10059791
10059792
10059794
10059797
10059801
10059802
10059803
10059804
10059805
10059814
10059817
10059818
10059825
10059831
10059839
10059842
10059846
10059847
10059854
10059855
10059856
10059861
10059862
10059863
10059867
10059869
10059872
10059874
10059875
10059882
10059891
10059894
10059897
10059902
10059908
10059914
10059916
10059917
10059920
10059923
10059925
10059926
10059927
10059929
10059934
10059935
10059936
10059939
10059941
10059944
10059957
10059959
10059963
10059968
10059970
10059971
10059974
10059978
10059983
10059987
10059989
10059995
10059996
10059997
10059999
20000005
20000006
20000014
20000015
20000016
20000021
20000029
20000031
20000033
20000035
20000036
20000039
20000045
20000046
20000050
20000055
20000060
20000062
20000063
20000066
20000076
20000079
20000082
20000083
20000085
20000089
20000091
20000092
20000094
20000098
20000100
20000102
20000103
20000107
20000115
20000116
20000120
20000122
20000127
20000132
20000137
20000139
20000143
20000145
20000148
20000151
20000154
20000158
20000159
20000160
20000164
20000165
20000166
20000171
20000172
20000174
20000179
20000181
20000184
20000189
20000194
20000196
20000198
20000204
20000208
20000210
20000211
20000212
20000213
20000216
20000217
20000222
20000228
20000234
20000235
20000236
20000243
20000244
20000247
20000248
20000252
20000255
20000256
20000257
20000259
20000260
20000266
20000268
20000273
20000275
20000278
20000279
20000280
20000281
20000282
20000283
20000286
20000287
20000289
20000290
20000291
20000292
20000294
20000299
20000301
20000310
20000311
20000312
20000313
20000314
20000318
20000319
20000320
20000321
20000322
20000324
20000325
20000332
20000333
20000334
20000341
20000348
20000356
20000364
20000365
20000369
20000372
20000373
20000374
20000376
20000377
20000379
20000381
20000384
20000385
20000386
20000391
20000397
20000401
20000407
20000408
20000412
20000416
20000417
20000419
20000426
20000427
20000429
20000431
20000433
20000434
20000437
20000439
20000440
20000446
20000448
20000452
20000454
20000455
20000458
20000460
20000462
20000463
20000464
20000466
20000467
20000468
20000473
20000474
20000475
20000476
20000477
20000487
20000488
20000495
20000504
20000505
20000508
20000509
20000510
20000511
20000513
20000516
20000517
20000519
20000521
20000529
20000534
20000539
20000540
20000543
20000544
20000549
20000550
20000551
20000552
20000558
20000560
20000564
20000567
20000568
20000570
20000581
20000582
20000583
20000586
20000588
20000589
20000591
20000594
20000599
20000605
20000606
20000607
20000611
20000620
20000621
20000625
20000629
20000630
20000633
20000636
20000637
20000642
20000643
20000646
20000647
20000648
20000654
20000656
20000657
20000662
20000665
20000666
20000670
20000671
20000680
20000689
20000690
20000692
20000693
20000694
20000695
20000696
20000699
20000702
20000703
20000704
20000707
20000710
20000713
20000727
20000728
20000729
20000730
20000732
20000738
20000742
20000743
20000747
20000748
20000751
20000752
20000755
20000757
20000758
20000761
20000765
20000767
20000772
20000774
20000776
20000777
20000778
20000781
20000782
20000783
20000784
20000785
20000788
20000791
20000794
20000800
20000805
20000806
20000808
20000809
20000810
20000820
20000824
20000826
20000828
20000835
20000836
20000843
20000847
20000849
20000851
20000861
20000864
20000867
20000868
20000869
20000873
20000882
20000888
20000892
20000894
20000895
20000897
20000900
20000901
20000902
20000903
20000907
20000909
20000911
20000916
20000918
20000919
20000923
20000925
20000927
20000930
20000934
20000935
20000937
20000938
20000939
20000943
20000944
20000948
20000949
20000954
20000956
20000967
20000970
20000974
20000976
20000979
20000988
20000994
20000997
20000999
20001000
20001003
20001015
20001016
20001019
20001020
20001022
20001023
20001025
20001027
20001028
20001030
20001031
20001036
20001039
20001041
20001042
20001053
20001057
20001058
20001065
20001074
20001075
20001077
20001078
20001081
20001085
20001086
20001090
20001091
20001094
20001099
20001108
20001112
20001113
20001115
20001118
20001120
20001128
20001131
20001137
20001138
20001143
20001152
20001157
20001161
20001162
20001163
20001167
20001169
20001170
20001172
20001179
20001180
20001187
20001190
20001191
20001193
20001196
20001197
20001198
20001200
20001202
20001204
20001207
20001210
20001214
20001215
20001223
20001224
20001226
20001229
20001230
20001236
20001240
20001241
20001243
20001245
20001252
20001255
20001259
20001262
20001274
20001276
20001279
20001285
20001290
20001291
20001292
20001298
20001302
20001303
20001308
20001311
20001312
20001317
20001319
20001321
20001322
20001323
20001329
20001332
20001333
20001341
20001346
20001350
20001356
20001363
20001364
20001370
20001371
20001375
20001380
20001385
20001387
20001391
20001392
20001394
20001397
20001398
20001399
20001405
20001406
20001407
20001408
20001411
20001413
20001418
20001419
20001422
20001423
20001426
20001427
20001428
20001441
20001444
20001445
20001446
20001450
20001452
20001463
20001469
20001471
20001473
20001474
20001484
20001487
20001488
20001496
20001497
20001501
20001502
20001505
20001506
20001514
20001515
20001517
20001521
20001522
20001523
20001529
20001531
20001538
20001539
20001541
20001546
20001548
20001551
20001552
20001553
20001555
20001556
20001558
20001560
20001563
20001566
20001568
20001569
20001571
20001574
20001575
20001576
20001577
20001580
20001587
20001589
20001592
20001593
20001596
20001601
20001605
20001606
20001607
20001608
20001611
20001620
20001631
20001635
20001638
20001647
20001648
20001649
20001654
20001661
20001665
20001667
20001673
20001675
20001676
20001685
20001687
20001690
20001692
20001698
20001699
20001708
20001710
20001714
20001723
20001726
20001729
20001731
20001735
20001737
20001741
20001752
20001753
20001756
20001758
20001759
20001760
20001763
20001768
20001770
20001775
20001782
20001783
20001784
20001789
20001790
20001797
20001800
20001801
20001802
20001803
20001806
20001809
20001812
20001814
20001817
20001819
20001822
20001825
20001830
20001834
20001836
20001840
20001841
20001843
20001846
20001849
20001852
20001856
20001857
20001865
20001867
20001878
20001881
20001882
20001886
20001890
20001895
20001896
20001899
20001900
20001901
20001904
20001906
20001910
20001912
20001915
20001917
20001918
20001919
20001921
20001923
20001925
20001931
20001934
20001936
20001937
20001940
20001942
20001944
20001955
20001956
20001957
20001960
20001963
20001964
20001965
20001966
20001967
20001973
20001974
20001976
20001977
20001978
20001982
20001983
20001987
20001989
20001992
20001994
20001995
20002000
20002003
20002006
20002007
20002008
20002011
20002018
20002020
20002021
20002022
20002027
20002029
20002030
20002031
20002033
20002034
20002036
20002037
20002039
20002042
20002050
20002052
20002054
20002056
20002057
20002058
20002061
20002068
20002074
20002077
20002079
20002080
20002082
20002098
20002100
20002101
20002107
20002109
20002120
20002121
20002124
20002125
20002126
20002127
20002130
20002132
20002137
20002140
20002144
20002147
20002148
20002150
20002151
20002158
20002160
20002161
20002163
20002165
20002166
20002172
20002173
20002174
20002178
20002180
20002183
20002184
20002186
20002187
20002189
20002195
20002196
20002197
20002200
20002201
20002203
20002204
20002206
20002210
20002216
20002218
20002222
20002223
20002225
20002226
20002230
20002231
20002241
20002246
20002247
20002250
20002252
20002256
20002258
20002262
20002265
20002270
20002273
20002274
20002276
20002283
20002284
20002288
20002289
20002291
20002292
20002293
20002301
20002305
20002308
20002309
20002314
20002315
20002316
20002317
20002322
20002332
20002336
20002343
20002344
20002345
20002347
20002359
20002360
20002362
20002364
20002365
20002367
20002368
20002371
20002372
20002373
20002376
20002377
20002382
20002383
20002384
20002386
20002390
20002392
20002395
20002396
20002397
20002404
20002408
20002409
20002412
20002413
20002417
20002419
20002420
20002423
20002429
20002433
20002435
20002436
20002445
20002447
20002448
20002451
20002452
20002453
20002454
20002458
20002462
20002463
20002474
20002477
20002481
20002482
20002486
20002491
20002492
20002493
20002494
20002499
20002500
20002502
20002506
20002507
20002509
20002510
20002515
20002522
20002525
20002526
20002529
20002534
20002535
20002536
20002539
20002541
20002545
20002552
20002554
20002556
20002557
20002562
20002564
20002570
20002574
20002576
20002578
20002579
20002582
20002583
20002584
20002586
20002588
20002590
20002591
20002592
20002595
20002602
20002603
20002611
20002612
20002613
20002624
20002627
20002628
20002629
20002631
20002634
20002643
20002644
20002645
20002646
20002649
20002653
20002657
20002659
20002660
20002662
20002668
20002673
20002675
20002679
20002683
20002684
20002688
20002691
20002702
20002705
20002709
20002714
20002715
20002716
20002717
20002719
20002722
20002723
20002725
20002726
20002729
20002730
20002733
20002734
20002736
20002737
20002739
20002742
20002744
20002746
20002750
20002754
20002755
20002758
20002760
20002772
20002779
20002785
20002789
20002794
20002798
20002801
20002806
20002811
20002813
20002815
20002818
20002824
20002825
20002827
20002828
20002832
20002833
20002843
20002844
20002847
20002849
20002850
20002851
20002852
20002854
20002857
20002859
20002862
20002864
20002865
20002867
20002873
20002882
20002883
20002889
20002890
20002892
20002900
20002901
20002902
20002906
20002910
20002913
20002918
20002932
20002936
20002937
20002940
20002941
20002942
20002943
20002945
20002948
20002949
20002951
20002952
20002953
20002954
20002957
20002958
20002961
20002966
20002967
20002973
20002977
20002978
20002980
20002981
20002982
20002984
20002986
20002995
20002997
20002998
20003003
20003004
20003005
20003007
20003008
20003009
20003012
20003013
20003014
20003018
20003019
20003026
20003027
20003029
20003030
20003035
20003036
20003038
20003041
20003042
20003045
20003052
20003053
20003056
20003062
20003063
20003067
20003071
20003072
20003076
20003077
20003080
20003083
20003085
20003093
20003097
20003098
20003101
20003104
20003106
20003107
20003108
20003109
20003112
20003116
20003120
20003123
20003130
20003139
20003145
20003150
20003151
20003158
20003160
20003163
20003164
20003172
20003174
20003177
20003178
20003180
20003182
20003185
20003187
20003191
20003192
20003195
20003196
20003198
20003199
20003208
20003210
20003212
20003217
20003218
20003227
20003228
20003229
20003231
20003239
20003244
20003249
20003251
20003252
20003254
20003256
20003258
20003259
20003260
20003266
20003270
20003272
20003280
20003281
20003287
20003288
20003289
20003295
20003296
20003297
20003301
20003303
20003304
20003307
20003311
20003312
20003313
20003318
20003323
20003324
20003325
20003330
20003332
20003334
20003335
20003336
20003337
20003338
20003339
20003342
20003345
20003346
20003352
20003353
20003354
20003357
20003358
20003363
20003367
20003372
20003373
20003379
20003383
20003384
20003385
20003386
20003390
20003391
20003392
20003395
20003397
20003406
20003408
20003411
20003412
20003415
20003416
20003418
20003422
20003426
20003428
20003429
20003433
20003437
20003439
20003440
20003445
20003446
20003453
20003456
20003457
20003464
20003469
20003473
20003474
20003476
20003486
20003487
20003488
20003490
20003495
20003497
20003504
20003506
20003507
20003509
20003511
20003512
20003514
20003515
20003516
20003517
20003518
20003519
20003525
20003526
20003528
20003533
20003534
20003536
20003544
20003546
20003548
20003550
20003551
20003552
20003553
20003560
20003561
20003564
20003567
20003572
20003573
20003574
20003575
20003576
20003578
20003581
20003583
20003587
20003588
20003591
20003592
20003593
20003594
20003595
20003602
20003613
20003615
20003620
20003625
20003627
20003628
20003629
20003630
20003631
20003632
20003635
20003638
20003639
20003643
20003644
20003647
20003648
20003649
20003656
20003658
20003661
20003662
20003664
20003665
20003667
20003668
20003670
20003674
20003675
20003677
20003680
20003685
20003694
20003701
20003702
20003703
20003704
20003707
20003711
20003714
20003715
20003719
20003720
20003721
20003726
20003728
20003731
20003732
20003737
20003738
20003740
20003744
20003749
20003750
20003751
20003752
20003754
20003757
20003759
20003762
20003763
20003764
20003770
20003773
20003780
20003781
20003785
20003788
20003793
20003795
20003798
20003803
20003804
20003808
20003809
20003812
20003814
20003815
20003816
20003819
20003821
20003822
20003823
20003830
20003839
20003840
20003843
20003848
20003853
20003856
20003858
20003871
20003873
20003874
20003876
20003878
20003881
20003884
20003885
20003887
20003888
20003889
20003895
20003902
20003903
20003906
20003911
20003914
20003921
20003924
20003927
20003931
20003933
20003934
20003937
20003940
20003944
20003946
20003950
20003954
20003955
20003958
20003960
20003961
20003962
20003966
20003967
20003970
20003972
20003974
20003982
20003983
20003986
20003988
20003989
20003990
20003998
20004001
20004006
20004007
20004008
20004010
20004015
20004016
20004017
20004021
20004026
20004027
20004029
20004031
20004035
20004036
20004039
20004040
20004041
20004043
20004044
20004047
20004053
20004061
20004063
20004064
20004067
20004069
20004071
20004072
20004080
20004081
20004082
20004092
20004097
20004104
20004107
20004112
20004113
20004114
20004118
20004122
20004132
20004135
20004136
20004137
20004140
20004142
20004148
20004149
20004152
20004154
20004159
20004161
20004162
20004165
20004170
20004171
20004181
20004182
20004185
20004186
20004190
20004193
20004194
20004197
20004199
20004201
20004203
20004208
20004209
20004212
20004213
20004215
20004216
20004219
20004222
20004228
20004235
20004236
20004238
20004239
20004242
20004243
20004246
20004248
20004250
20004251
20004252
20004263
20004266
20004280
20004283
20004292
20004295
20004299
20004301
20004305
20004307
20004310
20004313
20004314
20004322
20004324
20004327
20004333
20004334
20004339
20004347
20004355
20004362
20004369
20004370
20004374
20004378
20004380
20004385
20004386
20004393
20004394
20004395
20004397
20004399
20004401
20004405
20004406
20004411
20004413
20004415
20004417
20004418
20004420
20004427
20004430
20004434
20004435
20004437
20004438
20004439
20004440
20004442
20004446
20004455
20004456
20004457
20004459
20004464
20004467
20004472
20004474
20004475
20004479
20004481
20004485
20004488
20004493
20004494
20004499
20004502
20004510
20004518
20004520
20004526
20004527
20004530
20004531
20004534
20004535
20004539
20004544
20004545
20004551
20004554
20004555
20004561
20004563
20004568
20004571
20004575
20004576
20004578
20004579
20004581
20004590
20004593
20004594
20004596
20004597
20004601
20004602
20004603
20004608
20004609
20004610
20004614
20004620
20004623
20004627
20004629
20004632
20004638
20004640
20004641
20004645
20004652
20004653
20004655
20004657
20004660
20004663
20004666
20004667
20004677
20004681
20004682
20004684
20004689
20004700
20004702
20004706
20004709
20004712
20004716
20004717
20004721
20004729
20004733
20004734
20004735
20004738
20004742
20004744
20004748
20004750
20004754
20004755
20004757
20004759
20004763
20004764
20004766
20004774
20004779
20004781
20004782
20004783
20004786
20004794
20004795
20004796
20004798
20004800
20004802
20004805
20004812
20004816
20004817
20004821
20004823
20004825
20004826
20004828
20004836
20004838
20004842
20004846
20004856
20004860
20004864
20004866
20004867
20004869
20004872
20004873
20004874
20004878
20004880
20004881
20004883
20004884
20004886
20004888
20004890
20004891
20004895
20004903
20004904
20004905
20004908
20004914
20004916
20004917
20004920
20004921
20004922
20004923
20004930
20004931
20004934
20004939
20004940
20004945
20004951
20004957
20004960
20004963
20004967
20004973
20004977
20004981
20004982
20004983
20004985
20004989
20004990
20004995
20004998
20005000
20005005
20005010
20005012
20005013
20005020
20005027
20005029
20005030
20005031
20005033
20005034
20005035
20005038
20005042
20005043
20005045
20005046
20005051
20005054
20005056
20005057
20005060
20005063
20005068
20005071
20005073
20005075
20005077
20005078
20005080
20005083
20005085
20005088
20005090
20005098
20005099
20005100
20005114
20005123
20005127
20005130
20005131
20005137
20005138
20005139
20005140
20005144
20005146
20005149
20005150
20005151
20005154
20005157
20005159
20005165
20005166
20005169
20005173
20005176
20005179
20005182
20005185
20005187
20005189
20005190
20005192
20005193
20005194
20005198
20005199
20005200
20005202
20005205
20005206
20005207
20005208
20005212
20005213
20005229
20005230
20005232
20005236
20005239
20005242
20005254
20005256
20005259
20005262
20005264
20005280
20005282
20005283
20005285
20005286
20005287
20005288
20005291
20005292
20005293
20005295
20005299
20005300
20005305
20005311
20005312
20005318
20005322
20005328
20005333
20005334
20005340
20005342
20005348
20005349
20005352
20005353
20005355
20005362
20005365
20005366
20005367
20005368
20005373
20005378
20005381
20005383
20005384
20005387
20005390
20005393
20005401
20005403
20005405
20005406
20005410
20005413
20005418
20005420
20005423
20005425
20005427
20005432
20005433
20005438
20005449
20005450
20005452
20005454
20005455
20005463
20005464
20005465
20005467
20005468
20005469
20005473
20005474
20005477
20005478
20005483
20005487
20005502
20005504
20005505
20005506
20005507
20005508
20005510
20005518
20005523
20005535
20005537
20005539
20005540
20005546
20005547
20005553
20005555
20005557
20005563
20005565
20005566
20005568
20005571
20005572
20005573
20005574
20005575
20005576
20005579
20005581
20005583
20005588
20005591
20005592
20005596
20005597
20005600
20005605
20005606
20005608
20005609
20005612
20005617
20005623
20005629
20005631
20005635
20005638
20005644
20005651
20005656
20005658
20005663
20005665
20005671
20005672
20005674
20005680
20005684
20005690
20005693
20005697
20005698
20005699
20005700
20005701
20005703
20005706
20005712
20005713
20005714
20005717
20005725
20005726
20005727
20005736
20005738
20005740
20005741
20005744
20005746
20005748
20005751
20005752
20005753
20005754
20005757
20005759
20005762
20005766
20005768
20005769
20005778
20005784
20005785
20005787
20005789
20005793
20005802
20005803
20005806
20005811
20005814
20005818
20005819
20005822
20005830
20005832
20005834
20005835
20005836
20005842
20005843
20005844
20005849
20005852
20005854
20005859
20005865
20005868
20005869
20005870
20005877
20005883
20005885
20005889
20005897
20005904
20005914
20005916
20005917
20005918
20005923
20005924
20005928
20005929
20005930
20005932
20005934
20005935
20005937
20005938
20005939
20005948
20005951
20005966
20005967
20005970
20005971
20005972
20005974
20005984
20005986
20005987
20005988
20005990
20006000
20006001
20006002
20006004
20006006
20006015
20006019
20006020
20006024
20006039
20006044
20006045
20006046
20006047
20006050
20006051
20006054
20006056
20006061
20006062
20006063
20006064
20006067
20006069
20006071
20006073
20006074
20006075
20006076
20006077
20006083
20006084
20006088
20006089
20006091
20006094
20006103
20006108
20006110
20006114
20006118
20006122
20006126
20006133
20006135
20006145
20006150
20006152
20006155
20006158
20006162
20006163
20006166
20006176
20006179
20006186
20006188
20006192
20006193
20006194
20006196
20006199
20006201
20006203
20006204
20006209
20006211
20006212
20006213
20006215
20006216
20006218
20006224
20006225
20006227
20006232
20006244
20006257
20006260
20006270
20006272
20006273
20006277
20006278
20006280
20006281
20006282
20006283
20006284
20006286
20006290
20006293
20006294
20006297
20006299
20006304
20006308
20006309
20006319
20006324
20006327
20006328
20006335
20006336
20006339
20006350
20006354
20006365
20006368
20006370
20006373
20006375
20006378
20006382
20006384
20006391
20006395
20006400
20006401
20006403
20006405
20006409
20006410
20006413
20006417
20006420
20006427
20006431
20006432
20006433
20006437
20006439
20006447
20006450
20006453
20006457
20006458
20006462
20006464
20006469
20006470
20006481
20006486
20006487
20006491
20006495
20006506
20006507
20006508
20006510
20006514
20006515
20006520
20006523
20006526
20006527
20006528
20006530
20006533
20006534
20006537
20006538
20006540
20006543
20006545
20006548
20006550
20006559
20006562
20006566
20006570
20006574
20006575
20006580
20006581
20006585
20006590
20006593
20006595
20006597
20006598
20006602
20006603
20006607
20006609
20006610
20006617
20006620
20006625
20006626
20006628
20006634
20006636
20006637
20006646
20006649
20006651
20006652
20006653
20006660
20006664
20006670
20006672
20006673
20006680
20006683
20006685
20006690
20006692
20006693
20006698
20006701
20006703
20006707
20006708
20006709
20006711
20006713
20006714
20006723
20006724
20006726
20006727
20006731
20006732
20006735
20006747
20006748
20006751
20006754
20006758
20006759
20006760
20006764
20006765
20006767
20006770
20006773
20006774
20006776
20006777
20006778
20006779
20006780
20006782
20006784
20006785
20006786
20006787
20006788
20006792
20006793
20006794
20006795
20006800
20006801
20006807
20006809
20006815
20006820
20006821
20006825
20006827
20006829
20006830
20006832
20006833
20006836
20006838
20006839
20006840
20006842
20006846
20006847
20006852
20006857
20006865
20006866
20006867
20006869
20006872
20006875
20006879
20006889
20006890
20006891
20006893
20006894
20006897
20006899
20006902
20006904
20006907
20006910
20006911
20006915
20006921
20006922
20006923
20006924
20006930
20006934
20006935
20006936
20006937
20006939
20006942
20006943
20006946
20006949
20006951
20006954
20006955
20006956
20006958
20006961
20006964
20006970
20006971
20006974
20006977
20006978
20006980
20006981
20006982
20006987
20006989
20006992
20006993
20006995
20006996
20006997
20006999
20007000
20007006
20007008
20007010
20007026
20007029
20007032
20007033
20007036
20007041
20007043
20007045
20007053
20007055
20007056
20007057
20007060
20007063
20007064
20007065
20007069
20007072
20007073
20007077
20007078
20007079
20007082
20007084
20007087
20007092
20007095
20007101
20007105
20007106
20007110
20007112
20007116
20007121
20007125
20007126
20007132
20007133
20007134
20007135
20007136
20007143
20007145
20007146
20007151
20007156
20007157
20007161
20007163
20007167
20007171
20007175
20007176
20007177
20007184
20007185
20007186
20007191
20007195
20007196
20007200
20007206
20007208
20007213
20007215
20007217
20007219
20007220
20007222
20007224
20007229
20007231
20007233
20007239
20007241
20007243
20007248
20007250
20007251
20007252
20007257
20007259
20007262
20007263
20007264
20007265
20007266
20007268
20007273
20007277
20007280
20007281
20007284
20007288
20007290
20007295
20007300
20007304
20007305
20007308
20007314
20007316
20007317
20007318
20007320
20007330
20007334
20007335
20007339
20007340
20007342
20007344
20007346
20007348
20007354
20007356
20007357
20007360
20007366
20007370
20007371
20007372
20007373
20007377
20007388
20007393
20007399
20007401
20007403
20007405
20007409
20007417
20007420
20007422
20007425
20007426
20007428
20007436
20007438
20007441
20007442
20007443
20007446
20007448
20007449
20007450
20007452
20007453
20007458
20007461
20007463
20007465
20007473
20007476
20007480
20007486
20007492
20007500
20007504
20007509
20007518
20007519
20007520
20007521
20007525
20007526
20007530
20007532
20007534
20007535
20007538
20007545
20007546
20007550
20007554
20007556
20007559
20007571
20007572
20007573
20007574
20007576
20007578
20007582
20007585
20007588
20007589
20007591
20007597
20007600
20007601
20007602
20007610
20007611
20007617
20007620
20007626
20007628
20007632
20007634
20007638
20007639
20007647
20007651
20007653
20007656
20007657
20007661
20007662
20007663
20007665
20007666
20007668
20007669
20007670
20007672
20007680
20007681
20007682
20007684
20007688
20007689
20007690
20007694
20007698
20007700
20007702
20007703
20007710
20007711
20007712
20007715
20007716
20007719
20007720
20007721
20007725
20007727
20007729
20007732
20007741
20007744
20007749
20007750
20007756
20007762
20007766
20007768
20007770
20007780
20007787
20007790
20007791
20007799
20007800
20007805
20007808
20007813
20007814
20007815
20007824
20007826
20007827
20007832
20007833
20007841
20007844
20007845
20007846
20007847
20007859
20007863
20007864
20007866
20007872
20007873
20007877
20007885
20007888
20007895
20007896
20007897
20007903
20007906
20007910
20007912
20007917
20007918
20007921
20007924
20007927
20007929
20007934
20007935
20007936
20007943
20007945
20007947
20007948
20007949
20007958
20007962
20007964
20007966
20007971
20007978
20007979
20007981
20007984
20007985
20007986
20007991
20007992
20007996
20007999
20008000
20008002
20008005
20008006
20008008
20008009
20008011
20008022
20008024
20008026
20008029
20008035
20008036
20008039
20008043
20008045
20008051
20008053
20008054
20008055
20008059
20008062
20008063
20008066
20008067
20008074
20008077
20008079
20008080
20008081
20008082
20008089
20008091
20008093
20008094
20008098
20008101
20008106
20008110
20008112
20008116
20008117
20008119
20008121
20008122
20008124
20008125
20008133
20008135
20008139
20008145
20008147
20008150
20008151
20008155
20008160
20008167
20008171
20008172
20008178
20008181
20008183
20008187
20008188
20008190
20008192
20008201
20008204
20008206
20008208
20008211
20008215
20008216
20008217
20008221
20008224
20008225
20008227
20008236
20008238
20008239
20008244
20008246
20008247
20008249
20008250
20008251
20008252
20008262
20008264
20008266
20008269
20008270
20008274
20008276
20008278
20008286
20008289
20008294
20008299
20008303
20008304
20008308
20008309
20008312
20008314
20008317
20008318
20008321
20008322
20008326
20008328
20008334
20008336
20008338
20008339
20008341
20008342
20008344
20008347
20008348
20008352
20008353
20008354
20008355
20008356
20008358
20008360
20008366
20008373
20008374
20008379
20008380
20008382
20008384
20008385
20008390
20008391
20008398
20008400
20008403
20008405
20008412
20008414
20008416
20008420
20008421
20008427
20008428
20008431
20008432
20008433
20008436
20008439
20008440
20008442
20008444
20008447
20008448
20008449
20008453
20008454
20008457
20008458
20008468
20008470
20008473
20008476
20008479
20008483
20008485
20008488
20008492
20008493
20008496
20008498
20008500
20008511
20008512
20008513
20008516
20008519
20008523
20008524
20008527
20008529
20008530
20008531
20008537
20008538
20008541
20008547
20008548
20008549
20008550
20008554
20008556
20008562
20008566
20008568
20008570
20008572
20008574
20008576
20008584
20008586
20008587
20008592
20008594
20008600
20008601
20008602
20008605
20008606
20008611
20008612
20008615
20008616
20008618
20008624
20008630
20008631
20008635
20008639
20008655
20008659
20008662
20008671
20008675
20008676
20008685
20008688
20008690
20008696
20008698
20008700
20008702
20008721
20008725
20008726
20008728
20008731
20008732
20008740
20008741
20008744
20008746
20008747
20008750
20008751
20008753
20008755
20008759
20008764
20008773
20008775
20008777
20008782
20008787
20008788
20008790
20008791
20008792
20008795
20008798
20008802
20008803
20008805
20008808
20008817
20008821
20008822
20008823
20008824
20008827
20008828
20008829
20008831
20008832
20008836
20008838
20008844
20008849
20008851
20008853
20008854
20008856
20008858
20008859
20008861
20008865
20008866
20008868
20008874
20008875
20008876
20008879
20008880
20008889
20008890
20008893
20008894
20008896
20008897
20008900
20008903
20008904
20008906
20008908
20008909
20008911
20008913
20008917
20008918
20008919
20008924
20008925
20008926
20008927
20008929
20008930
20008931
20008932
20008934
20008936
20008939
20008940
20008945
20008951
20008952
20008954
20008960
20008963
20008971
20008972
20008973
20008978
20008984
20008985
20008986
20008997
20009001
20009002
20009003
20009004
20009007
20009011
20009012
20009014
20009015
20009020
20009022
20009026
20009029
20009032
20009040
20009048
20009049
20009056
20009059
20009070
20009071
20009076
20009078
20009083
20009084
20009089
20009092
20009095
20009098
20009099
20009100
20009103
20009108
20009111
20009116
20009125
20009127
20009130
20009137
20009138
20009142
20009143
20009145
20009146
20009152
20009153
20009154
20009155
20009156
20009162
20009164
20009165
20009169
20009170
20009177
20009181
20009184
20009188
20009192
20009195
20009206
20009207
20009208
20009210
20009211
20009216
20009218
20009222
20009223
20009224
20009231
20009234
20009239
20009241
20009249
20009250
20009262
20009264
20009265
20009268
20009273
20009276
20009280
20009282
20009283
20009284
20009289
20009297
20009301
20009304
20009310
20009313
20009315
20009319
20009324
20009327
20009328
20009329
20009336
20009343
20009350
20009352
20009354
20009355
20009358
20009363
20009365
20009370
20009372
20009376
20009388
20009392
20009396
20009398
20009400
20009401
20009402
20009404
20009407
20009409
20009410
20009411
20009416
20009417
20009418
20009419
20009422
20009426
20009429
20009432
20009435
20009438
20009440
20009442
20009448
20009449
20009456
20009459
20009462
20009463
20009469
20009476
20009479
20009486
20009490
20009499
20009507
20009508
20009514
20009520
20009521
20009523
20009524
20009525
20009526
20009528
20009533
20009534
20009537
20009538
20009545
20009547
20009552
20009558
20009561
20009562
20009566
20009571
20009578
20009582
20009583
20009587
20009590
20009595
20009599
20009604
20009609
20009610
20009614
20009615
20009616
20009621
20009622
20009624
20009625
20009626
20009635
20009636
20009647
20009648
20009649
20009651
20009653
20009656
20009657
20009659
20009662
20009664
20009666
20009667
20009668
20009669
20009670
20009673
20009677
20009679
20009680
20009682
20009683
20009686
20009688
20009692
20009693
20009696
20009698
20009700
20009701
20009710
20009719
20009724
20009725
20009726
20009731
20009733
20009735
20009737
20009738
20009739
20009740
20009741
20009745
20009746
20009749
20009751
20009752
20009758
20009760
20009762
20009763
20009764
20009766
20009771
20009775
20009776
20009778
20009780
20009784
20009787
20009789
20009791
20009792
20009794
20009795
20009799
20009800
20009805
20009808
20009810
20009814
20009816
20009817
20009819
20009821
20009824
20009835
20009836
20009843
20009844
20009846
20009847
20009852
20009854
20009855
20009861
20009863
20009869
20009872
20009873
20009877
20009878
20009879
20009886
20009888
20009890
20009891
20009898
20009899
20009902
20009904
20009906
20009911
20009912
20009915
20009918
20009919
20009920
20009925
20009932
20009935
20009939
20009940
20009945
20009953
20009955
20009957
20009958
20009963
20009971
20009973
20009976
20009977
20009978
20009981
20009987
20009990
20009992
20009994
20009996
20009997
20009998
20010000
20010001
20010005
20010007
20010015
20010018
20010021
20010029
20010031
20010036
20010037
20010039
20010045
20010047
20010055
20010056
20010057
20010058
20010059
20010062
20010063
20010067
20010068
20010072
20010078
20010080
20010081
20010082
20010083
20010093
20010094
20010095
20010097
20010100
20010103
20010104
20010107
20010109
20010112
20010114
20010116
20010125
20010126
20010128
20010129
20010135
20010136
20010139
20010140
20010143
20010144
20010147
20010149
20010152
20010157
20010159
20010161
20010162
20010166
20010167
20010171
20010174
20010176
20010177
20010192
20010193
20010196
20010198
20010199
20010200
20010201
20010203
20010207
20010212
20010215
20010226
20010229
20010234
20010236
20010237
20010239
20010241
20010242
20010243
20010244
20010246
20010251
20010252
20010255
20010257
20010261
20010262
20010263
20010264
20010266
20010268
20010270
20010271
20010273
20010274
20010276
20010277
20010286
20010288
20010289
20010291
20010294
20010296
20010299
20010301
20010302
20010303
20010307
20010308
20010311
20010314
20010315
20010320
20010323
20010325
20010326
20010327
20010328
20010331
20010333
20010334
20010337
20010338
20010340
20010341
20010342
20010344
20010349
20010350
20010357
20010358
20010361
20010363
20010369
20010376
20010377
20010378
20010379
20010383
20010388
20010395
20010398
20010400
20010405
20010409
20010410
20010412
20010414
20010415
20010417
20010421
20010422
20010423
20010430
20010434
20010439
20010441
20010442
20010443
20010453
20010460
20010461
20010463
20010469
20010472
20010473
20010479
20010480
20010482
20010484
20010487
20010490
20010491
20010492
20010493
20010496
20010497
20010498
20010506
20010509
20010515
20010521
20010531
20010534
20010535
20010538
20010540
20010541
20010543
20010546
20010551
20010552
20010553
20010556
20010566
20010572
20010575
20010577
20010578
20010587
20010595
20010601
20010603
20010609
20010612
20010613
20010615
20010617
20010619
20010620
20010623
20010627
20010631
20010635
20010636
20010638
20010644
20010648
20010657
20010659
20010660
20010666
20010671
20010674
20010678
20010684
20010687
20010694
20010695
20010696
20010697
20010700
20010705
20010706
20010709
20010710
20010713
20010716
20010717
20010720
20010721
20010724
20010725
20010727
20010734
20010735
20010737
20010740
20010743
20010744
20010745
20010749
20010760
20010762
20010786
20010787
20010789
20010793
20010796
20010798
20010799
20010803
20010812
20010815
20010816
20010817
20010819
20010822
20010823
20010824
20010826
20010829
20010834
20010839
20010840
20010841
20010843
20010851
20010853
20010854
20010855
20010859
20010860
20010862
20010863
20010868
20010874
20010875
20010877
20010878
20010879
20010880
20010882
20010885
20010887
20010889
20010891
20010892
20010895
20010903
20010904
20010905
20010908
20010912
20010913
20010919
20010922
20010924
20010934
20010937
20010939
20010944
20010950
20010960
20010967
20010969
20010971
20010975
20010981
20010982
20010984
20010992
20010993
20010996
20010998
20011002
20011006
20011007
20011009
20011011
20011015
20011017
20011024
20011025
20011029
20011035
20011036
20011044
20011046
20011053
20011059
20011060
20011062
20011063
20011066
20011067
20011068
20011071
20011074
20011078
20011084
20011085
20011091
20011092
20011094
20011095
20011102
20011105
20011112
20011113
20011116
20011118
20011121
20011123
20011124
20011132
20011134
20011138
20011141
20011149
20011152
20011153
20011155
20011158
20011159
20011163
20011164
20011167
20011169
20011171
20011175
20011176
20011177
20011178
20011182
20011183
20011187
20011195
20011201
20011211
20011213
20011214
20011225
20011227
20011228
20011229
20011232
20011233
20011237
20011240
20011241
20011250
20011254
20011256
20011258
20011259
20011261
20011262
20011266
20011267
20011271
20011273
20011281
20011282
20011286
20011292
20011302
20011303
20011304
20011306
20011310
20011312
20011314
20011315
20011319
20011323
20011326
20011329
20011332
20011336
20011339
20011345
20011351
20011357
20011359
20011365
20011367
20011369
20011372
20011377
20011378
20011379
20011382
20011383
20011385
20011386
20011388
20011389
20011394
20011396
20011404
20011410
20011413
20011414
20011416
20011420
20011422
20011426
20011433
20011435
20011436
20011437
20011438
20011441
20011445
20011446
20011449
20011456
20011458
20011459
20011466
20011478
20011479
20011481
20011482
20011498
20011503
20011507
20011508
20011509
20011514
20011525
20011527
20011529
20011532
20011534
20011535
20011536
20011537
20011540
20011543
20011551
20011557
20011558
20011564
20011569
20011574
20011576
20011578
20011580
20011581
20011585
20011587
20011589
20011591
20011592
20011603
20011605
20011610
20011617
20011620
20011621
20011627
20011628
20011631
20011632
20011637
20011643
20011644
20011645
20011650
20011651
20011654
20011655
20011656
20011657
20011659
20011661
20011662
20011664
20011667
20011671
20011673
20011676
20011682
20011683
20011686
20011693
20011694
20011696
20011703
20011708
20011712
20011715
20011720
20011721
20011725
20011726
20011732
20011733
20011740
20011741
20011742
20011743
20011746
20011750
20011751
20011761
20011764
20011767
20011771
20011772
20011775
20011776
20011778
20011780
20011787
20011789
20011790
20011791
20011792
20011793
20011795
20011796
20011797
20011798
20011799
20011803
20011808
20011811
20011812
20011820
20011821
20011824
20011837
20011838
20011844
20011846
20011848
20011851
20011855
20011857
20011861
20011864
20011865
20011867
20011875
20011876
20011877
20011882
20011885
20011890
20011892
20011895
20011897
20011899
20011903
20011906
20011908
20011916
20011924
20011925
20011927
20011931
20011934
20011935
20011936
20011937
20011940
20011945
20011946
20011948
20011949
20011959
20011961
20011964
20011965
20011967
20011969
20011970
20011973
20011979
20011983
20011984
20011985
20011988
20011991
20011995
20011998
20012003
20012006
20012007
20012016
20012018
20012020
20012021
20012031
20012040
20012041
20012042
20012044
20012046
20012051
20012054
20012057
20012059
20012064
20012066
20012080
20012081
20012082
20012083
20012088
20012097
20012102
20012104
20012106
20012109
20012116
20012117
20012120
20012122
20012124
20012127
20012133
20012137
20012138
20012142
20012147
20012148
20012151
20012152
20012153
20012157
20012162
20012163
20012165
20012166
20012168
20012170
20012171
20012172
20012176
20012178
20012182
20012183
20012190
20012199
20012200
20012202
20012203
20012205
20012206
20012207
20012209
20012212
20012214
20012219
20012222
20012224
20012226
20012230
20012233
20012234
20012235
20012236
20012237
20012241
20012248
20012253
20012260
20012262
20012271
20012274
20012277
20012279
20012281
20012282
20012288
20012290
20012294
20012296
20012298
20012301
20012302
20012307
20012312
20012318
20012319
20012321
20012324
20012325
20012327
20012328
20012330
20012334
20012337
20012338
20012339
20012342
20012343
20012344
20012345
20012346
20012348
20012349
20012352
20012355
20012356
20012357
20012359
20012360
20012361
20012363
20012366
20012373
20012374
20012376
20012378
20012380
20012381
20012382
20012384
20012389
20012392
20012395
20012396
20012399
20012400
20012404
20012408
20012409
20012413
20012417
20012423
20012424
20012425
20012427
20012428
20012431
20012432
20012433
20012441
20012442
20012444
20012445
20012446
20012453
20012461
20012463
20012464
20012468
20012471
20012472
20012473
20012474
20012475
20012478
20012486
20012487
20012488
20012492
20012496
20012499
20012500
20012503
20012505
20012509
20012511
20012514
20012518
20012522
20012523
20012528
20012531
20012533
20012535
20012542
20012543
20012550
20012554
20012559
20012562
20012563
20012566
20012582
20012586
20012592
20012595
20012597
20012599
20012604
20012607
20012608
20012610
20012611
20012613
20012615
20012616
20012617
20012621
20012625
20012628
20012629
20012633
20012639
20012640
20012644
20012645
20012649
20012651
20012655
20012658
20012662
20012666
20012668
20012673
20012676
20012681
20012682
20012683
20012690
20012692
20012694
20012696
20012700
20012702
20012704
20012706
20012710
20012712
20012722
20012741
20012742
20012749
20012750
20012756
20012759
20012760
20012763
20012769
20012773
20012776
20012780
20012781
20012782
20012788
20012790
20012795
20012806
20012807
20012808
20012809
20012810
20012816
20012823
20012829
20012831
20012834
20012836
20012840
20012842
20012844
20012850
20012854
20012861
20012863
20012864
20012865
20012870
20012874
20012880
20012881
20012882
20012885
20012887
20012889
20012891
20012899
20012904
20012908
20012914
20012915
20012924
20012925
20012928
20012932
20012933
20012934
20012935
20012940
20012941
20012942
20012943
20012944
20012947
20012955
20012956
20012958
20012963
20012964
20012967
20012968
20012969
20012971
20012973
20012976
20012983
20012984
20012985
20012989
20012990
20012992
20012995
20013000
20013001
20013002
20013007
20013012
20013017
20013021
20013023
20013029
20013038
20013054
20013055
20013058
20013059
20013064
20013072
20013087
20013088
20013098
20013100
20013111
20013112
20013113
20013114
20013116
20013118
20013125
20013127
20013134
20013137
20013138
20013144
20013152
20013156
20013157
20013163
20013164
20013166
20013167
20013171
20013176
20013181
20013183
20013185
20013187
20013188
20013189
20013190
20013191
20013197
20013200
20013208
20013218
20013219
20013235
20013237
20013239
20013241
20013244
20013245
20013246
20013248
20013249
20013250
20013251
20013252
20013256
20013260
20013261
20013263
20013269
20013272
20013273
20013277
20013278
20013279
20013285
20013287
20013290
20013296
20013305
20013308
20013309
20013317
20013319
20013321
20013323
20013325
20013329
20013335
20013339
20013342
20013346
20013353
20013356
20013357
20013358
20013362
20013365
20013369
20013370
20013380
20013381
20013388
20013389
20013390
20013392
20013396
20013399
20013400
20013401
20013402
20013403
20013406
20013407
20013409
20013412
20013414
20013415
20013417
20013422
20013426
20013427
20013428
20013430
20013431
20013433
20013441
20013445
20013446
20013453
20013454
20013462
20013466
20013467
20013469
20013470
20013471
20013473
20013474
20013476
20013478
20013485
20013490
20013491
20013493
20013496
20013498
20013499
20013501
20013505
20013509
20013512
20013516
20013517
20013518
20013519
20013521
20013522
20013526
20013537
20013546
20013547
20013548
20013553
20013558
20013559
20013567
20013569
20013570
20013572
20013574
20013579
20013580
20013581
20013590
20013597
20013601
20013602
20013605
20013606
20013609
20013611
20013617
20013618
20013619
20013623
20013624
20013630
20013631
20013633
20013638
20013639
20013641
20013642
20013644
20013648
20013650
20013653
20013662
20013664
20013669
20013672
20013675
20013678
20013682
20013683
20013688
20013694
20013695
20013698
20013699
20013703
20013704
20013706
20013709
20013711
20013712
20013714
20013716
20013719
20013728
20013730
20013731
20013734
20013735
20013736
20013737
20013738
20013739
20013740
20013743
20013746
20013749
20013758
20013761
20013771
20013775
20013779
20013783
20013784
20013786
20013787
20013794
20013796
20013798
20013801
20013805
20013806
20013808
20013809
20013812
20013813
20013816
20013818
20013821
20013831
20013833
20013835
20013836
20013838
20013840
20013841
20013842
20013843
20013844
20013854
20013855
20013856
20013858
20013859
20013865
20013868
20013870
20013872
20013874
20013875
20013876
20013879
20013881
20013885
20013886
20013889
20013894
20013902
20013903
20013904
20013909
20013916
20013917
20013921
20013923
20013928
20013930
20013937
20013938
20013943
20013948
20013949
20013951
20013956
20013958
20013961
20013962
20013963
20013964
20013966
20013969
20013970
20013971
20013972
20013973
20013976
20013977
20013980
20013981
20013984
20013985
20013989
20013994
20013995
20014009
20014010
20014013
20014019
20014024
20014033
20014036
20014037
20014042
20014045
20014046
20014050
20014051
20014052
20014053
20014057
20014061
20014062
20014068
20014069
20014070
20014075
20014076
20014079
20014080
20014084
20014087
20014090
20014094
20014097
20014099
20014104
20014106
20014122
20014127
20014128
20014129
20014130
20014139
20014140
20014143
20014150
20014152
20014166
20014167
20014169
20014172
20014173
20014179
20014181
20014185
20014186
20014187
20014191
20014193
20014194
20014196
20014197
20014200
20014202
20014204
20014209
20014210
20014211
20014214
20014216
20014217
20014218
20014222
20014223
20014224
20014225
20014227
20014230
20014231
20014234
20014236
20014241
20014244
20014248
20014249
20014251
20014254
20014255
20014256
20014258
20014261
20014264
20014266
20014267
20014269
20014278
20014281
20014286
20014288
20014289
20014290
20014292
20014299
20014306
20014308
20014309
20014313
20014314
20014316
20014320
20014324
20014328
20014330
20014333
20014339
20014342
20014345
20014347
20014348
20014354
20014355
20014357
20014359
20014360
20014364
20014365
20014368
20014369
20014384
20014387
20014391
20014402
20014407
20014409
20014415
20014418
20014421
20014425
20014430
20014431
20014432
20014433
20014436
20014439
20014444
20014446
20014447
20014448
20014453
20014455
20014458
20014462
20014469
20014471
20014472
20014473
20014478
20014479
20014480
20014483
20014485
20014486
20014490
20014494
20014495
20014500
20014504
20014506
20014508
20014510
20014512
20014520
20014523
20014526
20014528
20014537
20014540
20014543
20014545
20014547
20014550
20014552
20014554
20014566
20014568
20014573
20014577
20014578
20014579
20014580
20014582
20014583
20014585
20014586
20014587
20014589
20014593
20014594
20014599
20014601
20014603
20014606
20014607
20014609
20014610
20014611
20014612
20014618
20014624
20014625
20014628
20014631
20014632
20014636
20014637
20014640
20014642
20014646
20014647
20014650
20014652
20014658
20014660
20014661
20014662
20014664
20014666
20014669
20014675
20014676
20014678
20014679
20014684
20014685
20014686
20014687
20014688
20014689
20014691
20014692
20014693
20014696
20014697
20014700
20014701
20014703
20014705
20014706
20014709
20014710
20014714
20014721
20014723
20014730
20014732
20014734
20014740
20014741
20014755
20014758
20014761
20014762
20014767
20014771
20014779
20014786
20014794
20014795
20014800
20014801
20014808
20014809
20014812
20014813
20014816
20014817
20014818
20014819
20014825
20014829
20014834
20014836
20014839
20014842
20014843
20014847
20014854
20014858
20014862
20014865
20014870
20014876
20014878
20014882
20014883
20014889
20014891
20014893
20014894
20014895
20014898
20014901
20014904
20014906
20014913
20014914
20014920
20014924
20014931
20014932
20014933
20014935
20014937
20014939
20014940
20014941
20014942
20014945
20014947
20014949
20014951
20014959
20014969
20014975
20014977
20014980
20014981
20014985
20014988
20014990
20014991
20014995
20014996
20014999
20015000
20015007
20015012
20015015
20015023
20015025
20015032
20015035
20015042
20015043
20015045
20015048
20015049
20015050
20015051
20015056
20015058
20015061
20015063
20015065
20015067
20015069
20015072
20015073
20015074
20015075
20015077
20015080
20015083
20015090
20015092
20015096
20015097
20015099
20015103
20015105
20015107
20015109
20015113
20015117
20015118
20015122
20015124
20015130
20015131
20015133
20015134
20015136
20015137
20015138
20015141
20015145
20015146
20015147
20015149
20015151
20015152
20015159
20015161
20015165
20015167
20015168
20015169
20015171
20015172
20015174
20015178
20015180
20015181
20015183
20015184
20015188
20015190
20015192
20015194
20015196
20015202
20015205
20015208
20015210
20015213
20015214
20015217
20015218
20015220
20015221
20015223
20015226
20015228
20015233
20015238
20015240
20015241
20015242
20015246
20015249
20015250
20015253
20015259
20015265
20015270
20015274
20015281
20015284
20015288
20015289
20015295
20015298
20015302
20015306
20015310
20015318
20015322
20015326
20015331
20015333
20015334
20015343
20015344
20015345
20015350
20015354
20015355
20015362
20015373
20015375
20015376
20015379
20015381
20015382
20015384
20015391
20015392
20015396
20015401
20015402
20015403
20015404
20015408
20015409
20015413
20015414
20015418
20015422
20015424
20015425
20015426
20015428
20015429
20015436
20015440
20015441
20015445
20015447
20015448
20015454
20015460
20015463
20015469
20015470
20015472
20015476
20015479
20015482
20015483
20015484
20015485
20015491
20015492
20015497
20015501
20015505
20015510
20015512
20015514
20015515
20015522
20015525
20015532
20015533
20015545
20015548
20015553
20015554
20015555
20015559
20015561
20015565
20015568
20015571
20015573
20015575
20015576
20015578
20015580
20015590
20015594
20015599
20015601
20015605
20015612
20015614
20015619
20015620
20015621
20015625
20015626
20015627
20015637
20015638
20015640
20015645
20015647
20015651
20015661
20015662
20015665
20015667
20015673
20015674
20015676
20015677
20015683
20015685
20015686
20015687
20015689
20015696
20015698
20015703
20015709
20015711
20015712
20015716
20015719
20015728
20015739
20015743
20015745
20015747
20015750
20015754
20015755
20015757
20015758
20015762
20015764
20015766
20015767
20015769
20015771
20015772
20015776
20015784
20015789
20015791
20015792
20015797
20015799
20015800
20015801
20015805
20015807
20015812
20015814
20015815
20015816
20015821
20015822
20015828
20015829
20015834
20015841
20015842
20015847
20015856
20015857
20015859
20015860
20015861
20015864
20015866
20015871
20015872
20015875
20015876
20015881
20015882
20015883
20015884
20015886
20015887
20015895
20015897
20015904
20015905
20015906
20015907
20015909
20015911
20015914
20015924
20015926
20015927
20015930
20015935
20015938
20015946
20015950
20015951
20015955
20015956
20015957
20015958
20015964
20015967
20015969
20015972
20015977
20015978
20015979
20015980
20015983
20015984
20015990
20015991
20015996
20015997
20016001
20016002
20016003
20016004
20016008
20016010
20016011
20016013
20016016
20016017
20016019
20016026
20016030
20016035
20016036
20016037
20016039
20016044
20016047
20016048
20016049
20016052
20016054
20016055
20016057
20016059
20016060
20016066
20016069
20016070
20016074
20016076
20016077
20016081
20016082
20016083
20016089
20016093
20016100
20016102
20016104
20016105
20016108
20016109
20016110
20016111
20016114
20016119
20016123
20016126
20016127
20016128
20016129
20016138
20016139
20016144
20016149
20016151
20016155
20016156
20016159
20016160
20016162
20016166
20016167
20016168
20016170
20016171
20016174
20016177
20016180
20016181
20016182
20016184
20016191
20016198
20016203
20016204
20016205
20016206
20016210
20016216
20016217
20016220
20016221
20016223
20016225
20016228
20016229
20016230
20016231
20016233
20016236
20016238
20016240
20016241
20016242
20016246
20016251
20016257
20016259
20016260
20016265
20016268
20016270
20016273
20016274
20016283
20016285
20016288
20016289
20016291
20016292
20016293
20016300
20016306
20016312
20016313
20016314
20016319
20016329
20016331
20016334
20016336
20016339
20016341
20016345
20016347
20016349
20016350
20016352
20016353
20016354
20016355
20016360
20016361
20016365
20016366
20016370
20016371
20016373
20016381
20016387
20016389
20016391
20016396
20016397
20016398
20016402
20016405
20016406
20016410
20016411
20016412
20016414
20016416
20016417
20016419
20016422
20016423
20016427
20016429
20016430
20016437
20016441
20016445
20016447
20016448
20016449
20016453
20016454
20016457
20016458
20016460
20016461
20016466
20016468
20016469
20016474
20016476
20016477
20016480
20016487
20016488
20016489
20016492
20016493
20016495
20016499
20016501
20016502
20016507
20016509
20016515
20016517
20016519
20016531
20016536
20016539
20016540
20016542
20016546
20016547
20016553
20016556
20016557
20016562
20016563
20016569
20016570
20016572
20016573
20016574
20016577
20016584
20016586
20016587
20016588
20016589
20016591
20016592
20016593
20016599
20016601
20016604
20016605
20016611
20016613
20016616
20016618
20016622
20016633
20016641
20016643
20016644
20016653
20016654
20016656
20016657
20016661
20016662
20016665
20016666
20016667
20016671
20016672
20016679
20016683
20016684
20016686
20016688
20016689
20016690
20016691
20016693
20016697
20016698
20016699
20016701
20016702
20016703
20016704
20016707
20016709
20016710
20016716
20016717
20016718
20016720
20016729
20016731
20016733
20016735
20016736
20016739
20016741
20016742
20016743
20016745
20016752
20016753
20016754
20016755
20016756
20016764
20016766
20016772
20016778
20016779
20016780
20016783
20016790
20016796
20016798
20016801
20016804
20016815
20016820
20016821
20016824
20016827
20016832
20016835
20016837
20016839
20016843
20016847
20016850
20016852
20016853
20016854
20016856
20016858
20016859
20016866
20016867
20016868
20016869
20016872
20016875
20016879
20016884
20016885
20016888
20016894
20016896
20016897
20016898
20016899
20016901
20016902
20016903
20016907
20016908
20016912
20016914
20016917
20016921
20016923
20016924
20016926
20016927
20016930
20016936
20016939
20016941
20016945
20016949
20016950
20016951
20016952
20016953
20016954
20016958
20016970
20016972
20016981
20016985
20016986
20016990
20016992
20017001
20017003
20017008
20017010
20017014
20017017
20017020
20017023
20017025
20017026
20017029
20017030
20017039
20017041
20017044
20017045
20017048
20017049
20017053
20017059
20017060
20017068
20017077
20017080
20017081
20017090
20017091
20017092
20017096
20017098
20017100
20017102
20017107
20017109
20017110
20017112
20017113
20017118
20017120
20017122
20017123
20017130
20017132
20017139
20017140
20017143
20017145
20017150
20017151
20017155
20017156
20017157
20017158
20017159
20017160
20017169
20017170
20017175
20017179
20017185
20017186
20017188
20017191
20017194
20017196
20017199
20017202
20017203
20017207
20017208
20017211
20017213
20017214
20017223
20017225
20017226
20017228
20017234
20017239
20017240
20017242
20017243
20017246
20017256
20017257
20017261
20017264
20017265
20017266
20017268
20017269
20017271
20017273
20017274
20017276
20017280
20017281
20017284
20017288
20017290
20017293
20017295
20017297
20017299
20017303
20017304
20017314
20017319
20017320
20017327
20017331
20017332
20017334
20017337
20017340
20017342
20017343
20017345
20017347
20017349
20017352
20017361
20017365
20017366
20017370
20017371
20017372
20017376
20017378
20017379
20017381
20017382
20017384
20017386
20017397
20017399
20017400
20017401
20017404
20017411
20017416
20017425
20017426
20017427
20017429
20017430
20017433
20017434
20017437
20017442
20017449
20017451
20017455
20017461
20017463
20017469
20017470
20017483
20017491
20017492
20017493
20017495
20017496
20017501
20017504
20017505
20017508
20017513
20017515
20017519
20017522
20017526
20017528
20017529
20017537
20017539
20017540
20017544
20017545
20017548
20017553
20017554
20017557
20017561
20017565
20017566
20017576
20017578
20017579
20017581
20017589
20017591
20017595
20017605
20017606
20017607
20017608
20017613
20017615
20017618
20017622
20017630
20017631
20017634
20017642
20017651
20017652
20017654
20017655
20017657
20017660
20017665
20017667
20017668
20017669
20017673
20017674
20017675
20017677
20017679
20017682
20017683
20017684
20017689
20017691
20017695
20017698
20017699
20017701
20017703
20017705
20017708
20017711
20017714
20017716
20017720
20017721
20017726
20017730
20017732
20017735
20017738
20017742
20017743
20017747
20017749
20017750
20017751
20017753
20017759
20017761
20017768
20017774
20017775
20017779
20017780
20017781
20017787
20017788
20017789
20017791
20017792
20017793
20017794
20017795
20017801
20017804
20017805
20017807
20017808
20017810
20017815
20017816
20017819
20017826
20017828
20017833
20017835
20017838
20017843
20017845
20017847
20017849
20017850
20017854
20017856
20017859
20017864
20017865
20017866
20017867
20017871
20017872
20017882
20017884
20017885
20017888
20017889
20017892
20017894
20017896
20017898
20017902
20017906
20017908
20017915
20017916
20017918
20017920
20017922
20017925
20017934
20017940
20017942
20017944
20017948
20017951
20017953
20017957
20017958
20017960
20017962
20017963
20017964
20017967
20017968
20017969
20017971
20017972
20017975
20017979
20017981
20017988
20017991
20017994
20017995
20017999
20018006
20018010
20018011
20018012
20018015
20018016
20018022
20018024
20018027
20018028
20018032
20018034
20018036
20018037
20018049
20018052
20018054
20018058
20018063
20018078
20018079
20018081
20018082
20018083
20018089
20018094
20018099
20018100
20018101
20018107
20018109
20018111
20018115
20018119
20018120
20018121
20018123
20018129
20018130
20018133
20018136
20018138
20018147
20018152
20018156
20018160
20018161
20018164
20018165
20018168
20018169
20018177
20018181
20018182
20018183
20018184
20018188
20018191
20018192
20018195
20018197
20018200
20018201
20018202
20018204
20018212
20018213
20018216
20018217
20018218
20018221
20018223
20018224
20018225
20018227
20018229
20018231
20018232
20018236
20018239
20018241
20018245
20018246
20018248
20018251
20018254
20018255
20018265
20018267
20018270
20018271
20018277
20018279
20018284
20018287
20018289
20018291
20018294
20018300
20018301
20018302
20018305
20018310
20018313
20018315
20018316
20018320
20018327
20018328
20018332
20018338
20018340
20018342
20018346
20018351
20018352
20018356
20018359
20018360
20018363
20018371
20018375
20018377
20018382
20018384
20018386
20018387
20018389
20018398
20018400
20018401
20018403
20018408
20018409
20018411
20018416
20018418
20018424
20018428
20018434
20018436
20018439
20018442
20018444
20018451
20018452
20018461
20018462
20018463
20018468
20018470
20018471
20018472
20018473
20018475
20018479
20018481
20018482
20018483
20018484
20018487
20018491
20018492
20018496
20018501
20018505
20018508
20018514
20018515
20018517
20018521
20018523
20018526
20018528
20018530
20018537
20018538
20018541
20018547
20018548
20018550
20018552
20018555
20018557
20018562
20018565
20018567
20018568
20018574
20018578
20018587
20018589
20018591
20018592
20018593
20018600
20018601
20018603
20018607
20018608
20018609
20018611
20018614
20018615
20018621
20018624
20018625
20018626
20018628
20018629
20018633
20018637
20018640
20018641
20018644
20018645
20018646
20018647
20018649
20018653
20018656
20018660
20018661
20018663
20018665
20018676
20018679
20018680
20018683
20018692
20018695
20018698
20018701
20018704
20018705
20018708
20018709
20018714
20018720
20018721
20018723
20018724
20018725
20018730
20018737
20018743
20018748
20018753
20018755
20018758
20018760
20018762
20018765
20018769
20018775
20018778
20018779
20018780
20018783
20018784
20018786
20018793
20018795
20018797
20018798
20018799
20018806
20018808
20018811
20018814
20018817
20018819
20018821
20018826
20018830
20018834
20018836
20018840
20018841
20018842
20018843
20018844
20018851
20018862
20018866
20018867
20018869
20018871
20018873
20018875
20018876
20018880
20018881
20018882
20018884
20018887
20018892
20018893
20018897
20018901
20018904
20018912
20018915
20018925
20018928
20018935
20018941
20018943
20018945
20018950
20018952
20018959
20018961
20018962
20018963
20018967
20018970
20018971
20018972
20018974
20018975
20018976
20018982
20018983
20018985
20018986
20018991
20018993
20018994
20019000
20019005
20019009
20019010
20019012
20019014
20019015
20019016
20019018
20019022
20019023
20019028
20019030
20019034
20019036
20019037
20019042
20019043
20019044
20019045
20019051
20019053
20019055
20019064
20019065
20019068
20019074
20019075
20019076
20019077
20019079
20019084
20019088
20019094
20019098
20019108
20019112
20019113
20019114
20019118
20019125
20019128
20019133
20019137
20019140
20019143
20019147
20019148
20019149
20019150
20019155
20019158
20019159
20019162
20019165
20019166
20019170
20019178
20019182
20019184
20019186
20019191
20019193
20019194
20019195
20019200
20019201
20019202
20019203
20019209
20019212
20019213
20019214
20019215
20019222
20019224
20019227
20019234
20019235
20019237
20019245
20019246
20019248
20019249
20019251
20019252
20019254
20019257
20019259
20019261
20019264
20019269
20019271
20019274
20019275
20019277
20019278
20019282
20019287
20019295
20019299
20019304
20019307
20019312
20019319
20019320
20019323
20019327
20019328
20019330
20019334
20019336
20019339
20019346
20019348
20019351
20019354
20019355
20019356
20019358
20019359
20019361
20019364
20019368
20019374
20019377
20019378
20019380
20019381
20019384
20019385
20019386
20019388
20019391
20019392
20019396
20019399
20019401
20019411
20019428
20019431
20019438
20019441
20019442
20019443
20019444
20019445
20019450
20019451
20019452
20019461
20019465
20019469
20019473
20019474
20019475
20019476
20019483
20019485
20019491
20019495
20019498
20019499
20019503
20019506
20019507
20019511
20019512
20019514
20019515
20019519
20019527
20019532
20019533
20019534
20019537
20019540
20019542
20019545
20019546
20019547
20019564
20019566
20019567
20019580
20019581
20019582
20019586
20019593
20019595
20019597
20019600
20019605
20019608
20019610
20019613
20019616
20019617
20019619
20019621
20019624
20019628
20019631
20019632
20019637
20019638
20019640
20019650
20019651
20019654
20019659
20019662
20019667
20019670
20019671
20019672
20019674
20019675
20019677
20019681
20019683
20019684
20019686
20019690
20019694
20019695
20019696
20019701
20019703
20019706
20019713
20019717
20019723
20019727
20019729
20019733
20019734
20019738
20019739
20019743
20019744
20019750
20019751
20019760
20019765
20019770
20019774
20019779
20019784
20019785
20019789
20019790
20019793
20019794
20019801
20019808
20019810
20019814
20019815
20019817
20019818
20019821
20019823
20019827
20019831
20019834
20019837
20019839
20019840
20019841
20019846
20019847
20019851
20019852
20019853
20019854
20019855
20019858
20019859
20019867
20019870
20019871
20019879
20019885
20019886
20019887
20019895
20019900
20019901
20019902
20019904
20019905
20019908
20019924
20019933
20019934
20019936
20019941
20019944
20019949
20019952
20019953
20019959
20019960
20019961
20019962
20019971
20019974
20019980
20019983
20019984
20019991
20020003
20020007
20020009
20020010
20020011
20020015
20020016
20020017
20020021
20020024
20020028
20020032
20020034
20020037
20020039
20020041
20020044
20020046
20020048
20020051
20020055
20020056
20020058
20020061
20020062
20020065
20020067
20020069
20020073
20020074
20020081
20020082
20020085
20020086
20020088
20020092
20020093
20020094
20020098
20020105
20020109
20020112
20020114
20020116
20020130
20020133
20020134
20020136
20020138
20020141
20020148
20020149
20020159
20020168
20020173
20020176
20020178
20020181
20020182
20020198
20020201
20020203
20020205
20020207
20020208
20020214
20020215
20020220
20020222
20020223
20020224
20020225
20020242
20020244
20020245
20020249
20020251
20020252
20020254
20020255
20020256
20020257
20020261
20020262
20020265
20020269
20020270
20020272
20020276
20020278
20020283
20020284
20020285
20020286
20020289
20020290
20020293
20020296
20020297
20020299
20020303
20020306
20020312
20020315
20020318
20020320
20020323
20020326
20020327
20020330
20020333
20020338
20020339
20020343
20020348
20020351
20020357
20020362
20020364
20020368
20020369
20020371
20020377
20020378
20020380
20020381
20020386
20020387
20020388
20020389
20020391
20020394
20020400
20020403
20020404
20020407
20020419
20020420
20020421
20020427
20020430
20020431
20020435
20020438
20020439
20020440
20020447
20020450
20020454
20020457
20020458
20020459
20020460
20020464
20020466
20020470
20020472
20020477
20020487
20020488
20020490
20020491
20020498
20020500
20020504
20020505
20020508
20020509
20020513
20020514
20020515
20020518
20020521
20020523
20020524
20020525
20020527
20020534
20020536
20020537
20020539
20020545
20020546
20020549
20020550
20020551
20020554
20020560
20020563
20020564
20020568
20020570
20020575
20020579
20020581
20020582
20020583
20020584
20020593
20020603
20020604
20020606
20020609
20020615
20020616
20020617
20020620
20020621
20020622
20020624
20020626
20020628
20020629
20020630
20020632
20020634
20020636
20020637
20020640
20020647
20020650
20020651
20020652
20020657
20020663
20020665
20020671
20020673
20020675
20020679
20020680
20020686
20020690
20020691
20020698
20020699
20020703
20020705
20020706
20020713
20020714
20020715
20020719
20020721
20020722
20020724
20020726
20020729
20020732
20020733
20020737
20020739
20020744
20020748
20020749
20020752
20020757
20020758
20020761
20020763
20020766
20020768
20020773
20020775
20020776
20020780
20020781
20020786
20020787
20020790
20020791
20020792
20020797
20020799
20020806
20020809
20020812
20020817
20020830
20020833
20020836
20020837
20020838
20020840
20020843
20020845
20020846
20020850
20020858
20020859
20020861
20020863
20020864
20020868
20020870
20020877
20020879
20020889
20020890
20020899
20020900
20020901
20020902
20020905
20020910
20020911
20020912
20020915
20020919
20020923
20020927
20020928
20020934
20020935
20020936
20020937
20020938
20020939
20020944
20020945
20020946
20020949
20020950
20020951
20020952
20020953
20020954
20020956
20020957
20020960
20020961
20020962
20020963
20020965
20020973
20020974
20020975
20020980
20020981
20020982
20020983
20020984
20020986
20020989
20020993
20020996
20021002
20021003
20021010
20021012
20021013
20021014
20021017
20021020
20021025
20021028
20021029
20021032
20021033
20021034
20021038
20021039
20021040
20021045
20021048
20021052
20021053
20021054
20021056
20021065
20021066
20021069
20021070
20021072
20021078
20021079
20021083
20021086
20021090
20021091
20021096
20021097
20021098
20021103
20021106
20021108
20021110
20021112
20021118
20021121
20021125
20021131
20021136
20021137
20021141
20021142
20021146
20021147
20021149
20021151
20021162
20021165
20021166
20021167
20021170
20021173
20021176
20021177
20021178
20021179
20021181
20021187
20021190
20021191
20021192
20021193
20021206
20021208
20021209
20021211
20021213
20021218
20021221
20021223
20021230
20021233
20021234
20021236
20021243
20021246
20021247
20021251
20021252
20021254
20021258
20021259
20021262
20021266
20021267
20021269
20021273
20021274
20021282
20021288
20021291
20021293
20021294
20021295
20021300
20021301
20021305
20021308
20021312
20021313
20021315
20021316
20021318
20021321
20021322
20021332
20021335
20021336
20021337
20021339
20021342
20021343
20021345
20021351
20021353
20021355
20021358
20021359
20021363
20021369
20021371
20021374
20021379
20021380
20021384
20021388
20021389
20021399
20021406
20021407
20021410
20021415
20021422
20021426
20021428
20021429
20021431
20021432
20021439
20021442
20021443
20021445
20021447
20021450
20021452
20021456
20021457
20021461
20021464
20021466
20021470
20021473
20021474
20021475
20021479
20021480
20021481
20021482
20021486
20021489
20021494
20021496
20021497
20021503
20021507
20021509
20021512
20021515
20021517
20021518
20021519
20021522
20021523
20021526
20021527
20021531
20021532
20021535
20021544
20021546
20021548
20021564
20021574
20021578
20021580
20021581
20021582
20021583
20021586
20021589
20021590
20021592
20021594
20021595
20021596
20021597
20021598
20021601
20021602
20021607
20021609
20021611
20021618
20021619
20021620
20021624
20021625
20021627
20021628
20021634
20021638
20021639
20021642
20021643
20021645
20021646
20021647
20021648
20021654
20021656
20021659
20021660
20021663
20021665
20021666
20021669
20021672
20021673
20021674
20021680
20021682
20021685
20021687
20021688
20021689
20021693
20021696
20021699
20021700
20021706
20021707
20021710
20021711
20021713
20021715
20021718
20021719
20021722
20021724
20021733
20021741
20021742
20021745
20021750
20021759
20021760
20021761
20021763
20021765
20021770
20021773
20021774
20021776
20021783
20021785
20021786
20021787
20021790
20021795
20021799
20021803
20021804
20021808
20021811
20021812
20021813
20021815
20021816
20021818
20021821
20021825
20021829
20021835
20021840
20021855
20021862
20021865
20021867
20021869
20021872
20021873
20021876
20021878
20021885
20021886
20021892
20021893
20021895
20021896
20021899
20021901
20021903
20021904
20021909
20021910
20021913
20021917
20021918
20021919
20021926
20021927
20021930
20021934
20021935
20021936
20021937
20021940
20021941
20021944
20021950
20021951
20021953
20021955
20021958
20021966
20021971
20021972
20021973
20021975
20021979
20021980
20021984
20021987
20021996
20021998
20022001
20022003
20022005
20022010
20022016
20022018
20022019
20022022
20022024
20022028
20022032
20022033
20022034
20022035
20022038
20022043
20022044
20022045
20022046
20022049
20022051
20022055
20022056
20022057
20022058
20022061
20022062
20022073
20022074
20022075
20022078
20022082
20022086
20022088
20022094
20022096
20022097
20022101
20022105
20022106
20022108
20022112
20022114
20022119
20022121
20022126
20022127
20022129
20022134
20022140
20022146
20022147
20022148
20022151
20022153
20022154
20022156
20022162
20022164
20022165
20022168
20022171
20022172
20022175
20022178
20022179
20022180
20022184
20022189
20022199
20022202
20022213
20022214
20022215
20022216
20022221
20022223
20022224
20022226
20022230
20022234
20022244
20022246
20022248
20022251
20022255
20022256
20022259
20022265
20022266
20022268
20022270
20022273
20022274
20022276
20022278
20022283
20022285
20022286
20022289
20022295
20022302
20022303
20022304
20022307
20022309
20022312
20022313
20022316
20022317
20022322
20022323
20022326
20022328
20022332
20022337
20022340
20022342
20022347
20022348
20022355
20022365
20022366
20022373
20022374
20022378
20022379
20022383
20022385
20022387
20022389
20022390
20022392
20022393
20022394
20022395
20022400
20022414
20022417
20022419
20022420
20022421
20022425
20022429
20022431
20022432
20022433
20022438
20022442
20022445
20022446
20022452
20022453
20022454
20022455
20022460
20022462
20022465
20022467
20022475
20022480
20022485
20022486
20022487
20022488
20022495
20022496
20022497
20022498
20022502
20022503
20022511
20022512
20022518
20022522
20022525
20022529
20022531
20022540
20022546
20022551
20022553
20022561
20022562
20022565
20022569
20022570
20022575
20022579
20022581
20022587
20022588
20022590
20022591
20022594
20022601
20022605
20022606
20022608
20022610
20022612
20022613
20022623
20022625
20022626
20022629
20022630
20022631
20022633
20022634
20022635
20022639
20022644
20022648
20022651
20022657
20022658
20022661
20022664
20022668
20022678
20022679
20022682
20022686
20022687
20022689
20022692
20022696
20022697
20022698
20022699
20022700
20022704
20022708
20022709
20022711
20022713
20022714
20022717
20022718
20022719
20022722
20022724
20022725
20022728
20022729
20022730
20022738
20022751
20022752
20022755
20022763
20022774
20022775
20022776
20022780
20022781
20022785
20022787
20022788
20022789
20022792
20022794
20022795
20022797
20022798
20022805
20022807
20022821
20022822
20022823
20022825
20022826
20022831
20022840
20022845
20022847
20022849
20022851
20022856
20022859
20022863
20022864
20022867
20022871
20022874
20022878
20022879
20022881
20022883
20022885
20022886
20022891
20022893
20022898
20022903
20022904
20022908
20022909
20022912
20022920
20022927
20022930
20022933
20022937
20022938
20022939
20022940
20022942
20022944
20022947
20022950
20022951
20022954
20022955
20022957
20022962
20022971
20022976
20022977
20022978
20022979
20022980
20022981
20022982
20022986
20022988
20022997
20022998
20023003
20023004
20023009
20023010
20023012
20023018
20023020
20023025
20023028
20023034
20023040
20023044
20023045
20023049
20023050
20023051
20023052
20023058
20023059
20023061
20023068
20023071
20023076
20023078
20023085
20023087
20023088
20023089
20023090
20023092
20023094
20023098
20023099
20023101
20023103
20023105
20023109
20023114
20023118
20023120
20023121
20023125
20023127
20023128
20023135
20023136
20023139
20023142
20023143
20023146
20023148
20023150
20023151
20023154
20023158
20023161
20023162
20023163
20023165
20023172
20023174
20023176
20023179
20023180
20023181
20023185
20023186
20023187
20023196
20023197
20023202
20023206
20023207
20023210
20023211
20023213
20023214
20023219
20023220
20023221
20023222
20023225
20023227
20023238
20023239
20023242
20023249
20023250
20023257
20023261
20023262
20023267
20023269
20023272
20023273
20023274
20023291
20023293
20023294
20023296
20023297
20023300
20023302
20023303
20023305
20023307
20023309
20023310
20023312
20023317
20023321
20023327
20023329
20023335
20023337
20023338
20023339
20023346
20023350
20023352
20023354
20023355
20023356
20023360
20023361
20023363
20023364
20023366
20023373
20023374
20023384
20023385
20023389
20023391
20023392
20023394
20023401
20023407
20023411
20023412
20023414
20023418
20023422
20023427
20023428
20023430
20023435
20023439
20023440
20023445
20023447
20023455
20023458
20023468
20023469
20023470
20023471
20023472
20023476
20023477
20023483
20023484
20023486
20023488
20023492
20023494
20023499
20023505
20023507
20023510
20023513
20023518
20023520
20023521
20023525
20023527
20023530
20023533
20023537
20023540
20023542
20023547
20023550
20023555
20023557
20023558
20023564
20023565
20023570
20023572
20023573
20023576
20023579
20023586
20023588
20023589
20023591
20023596
20023598
20023601
20023602
20023605
20023607
20023609
20023611
20023616
20023619
20023622
20023623
20023624
20023627
20023628
20023630
20023631
20023633
20023639
20023640
20023642
20023643
20023649
20023650
20023653
20023654
20023656
20023658
20023659
20023665
20023668
20023671
20023673
20023674
20023676
20023681
20023686
20023687
20023690
20023691
20023693
20023694
20023695
20023697
20023698
20023699
20023701
20023704
20023710
20023711
20023712
20023714
20023716
20023718
20023719
20023720
20023721
20023722
20023725
20023731
20023737
20023738
20023743
20023745
20023746
20023748
20023750
20023751
20023758
20023761
20023762
20023765
20023767
20023776
20023777
20023778
20023780
20023792
20023793
20023794
20023795
20023796
20023800
20023803
20023804
20023805
20023810
20023813
20023814
20023817
20023821
20023824
20023825
20023830
20023834
20023837
20023839
20023841
20023842
20023844
20023845
20023846
20023847
20023849
20023850
20023851
20023854
20023856
20023857
20023859
20023861
20023863
20023864
20023865
20023866
20023867
20023868
20023872
20023874
20023876
20023882
20023883
20023885
20023886
20023890
20023891
20023892
20023893
20023894
20023899
20023904
20023905
20023906
20023907
20023909
20023910
20023913
20023919
20023921
20023922
20023929
20023933
20023935
20023939
20023940
20023942
20023944
20023945
20023946
20023949
20023951
20023953
20023954
20023955
20023962
20023964
20023966
20023969
20023974
20023984
20023993
20023999
20024000
20024002
20024004
20024007
20024009
20024011
20024015
20024024
20024031
20024033
20024044
20024049
20024051
20024052
20024053
20024055
20024057
20024060
20024065
20024078
20024080
20024084
20024093
20024094
20024096
20024099
20024103
20024105
20024107
20024109
20024111
20024115
20024117
20024120
20024123
20024126
20024127
20024131
20024133
20024134
20024135
20024137
20024138
20024142
20024143
20024144
20024145
20024150
20024151
20024153
20024155
20024156
20024157
20024160
20024161
20024166
20024180
20024182
20024187
20024188
20024190
20024192
20024195
20024201
20024207
20024210
20024211
20024214
20024217
20024219
20024220
20024221
20024223
20024224
20024227
20024228
20024229
20024234
20024238
20024239
20024242
20024243
20024244
20024246
20024250
20024261
20024272
20024274
20024277
20024278
20024280
20024284
20024286
20024287
20024299
20024304
20024311
20024312
20024313
20024315
20024318
20024320
20024321
20024325
20024327
20024328
20024335
20024339
20024341
20024343
20024344
20024348
20024352
20024357
20024358
20024360
20024361
20024362
20024366
20024368
20024370
20024371
20024374
20024375
20024378
20024386
20024388
20024394
20024396
20024397
20024398
20024404
20024408
20024410
20024417
20024426
20024432
20024433
20024434
20024436
20024437
20024440
20024442
20024444
20024445
20024450
20024452
20024454
20024455
20024457
20024458
20024462
20024465
20024475
20024476
20024477
20024478
20024479
20024489
20024491
20024498
20024499
20024502
20024504
20024511
20024512
20024514
20024517
20024519
20024521
20024526
20024527
20024530
20024536
20024537
20024544
20024547
20024549
20024553
20024559
20024560
20024561
20024565
20024566
20024572
20024573
20024574
20024578
20024579
20024583
20024597
20024598
20024606
20024607
20024615
20024620
20024622
20024624
20024625
20024627
20024636
20024638
20024643
20024644
20024649
20024655
20024658
20024665
20024668
20024672
20024675
20024684
20024687
20024688
20024695
20024699
20024702
20024707
20024708
20024709
20024716
20024717
20024725
20024728
20024735
20024738
20024740
20024742
20024744
20024745
20024747
20024748
20024749
20024750
20024757
20024761
20024765
20024767
20024770
20024772
20024777
20024783
20024796
20024798
20024799
20024800
20024801
20024802
20024803
20024805
20024807
20024808
20024809
20024810
20024811
20024819
20024822
20024824
20024828
20024829
20024830
20024831
20024832
20024835
20024836
20024842
20024843
20024845
20024847
20024849
20024854
20024855
20024858
20024859
20024860
20024861
20024864
20024873
20024883
20024885
20024886
20024887
20024888
20024889
20024893
20024895
20024897
20024899
20024901
20024907
20024911
20024914
20024916
20024920
20024923
20024924
20024932
20024938
20024939
20024946
20024948
20024951
20024962
20024965
20024967
20024970
20024975
20024977
20024982
20024984
20024986
20024990
20024991
20024996
20025000
20025003
20025007
20025009
20025010
20025019
20025022
20025023
20025026
20025031
20025044
20025047
20025050
20025060
20025061
20025077
20025078
20025079
20025080
20025087
20025091
20025092
20025098
20025101
20025104
20025105
20025114
20025115
20025117
20025121
20025123
20025132
20025136
20025138
20025141
20025146
20025147
20025153
20025157
20025161
20025162
20025167
20025169
20025171
20025172
20025173
20025177
20025188
20025190
20025192
20025193
20025196
20025197
20025199
20025204
20025213
20025216
20025218
20025219
20025220
20025221
20025222
20025225
20025226
20025227
20025231
20025232
20025233
20025234
20025251
20025253
20025254
20025255
20025256
20025258
20025262
20025264
20025267
20025269
20025270
20025271
20025273
20025277
20025278
20025281
20025284
20025288
20025291
20025292
20025297
20025301
20025303
20025304
20025307
20025309
20025310
20025315
20025318
20025322
20025331
20025334
20025335
20025336
20025338
20025343
20025344
20025348
20025349
20025353
20025355
20025356
20025358
20025359
20025367
20025369
20025375
20025376
20025378
20025380
20025388
20025389
20025391
20025392
20025394
20025396
20025397
20025401
20025407
20025408
20025410
20025417
20025421
20025423
20025428
20025429
20025433
20025436
20025439
20025440
20025448
20025449
20025451
20025460
20025466
20025467
20025470
20025471
20025472
20025473
20025479
20025480
20025483
20025484
20025485
20025489
20025492
20025497
20025498
20025505
20025506
20025510
20025517
20025518
20025519
20025521
20025522
20025524
20025526
20025528
20025532
20025535
20025538
20025541
20025554
20025555
20025556
20025560
20025562
20025563
20025566
20025570
20025574
20025577
20025578
20025581
20025582
20025583
20025586
20025587
20025588
20025590
20025592
20025593
20025594
20025596
20025597
20025604
20025607
20025610
20025613
20025614
20025618
20025622
20025623
20025624
20025629
20025630
20025631
20025634
20025636
20025641
20025643
20025644
20025646
20025647
20025652
20025653
20025658
20025663
20025665
20025672
20025673
20025674
20025682
20025687
20025694
20025698
20025701
20025705
20025706
20025708
20025709
20025711
20025720
20025721
20025722
20025726
20025727
20025728
20025735
20025736
20025742
20025747
20025748
20025749
20025751
20025752
20025754
20025758
20025759
20025765
20025767
20025768
20025771
20025773
20025774
20025776
20025777
20025778
20025785
20025792
20025793
20025802
20025804
20025805
20025806
20025812
20025813
20025815
20025817
20025824
20025826
20025827
20025829
20025830
20025837
20025839
20025842
20025844
20025845
20025847
20025851
20025852
20025856
20025858
20025864
20025865
20025877
20025881
20025884
20025885
20025888
20025889
20025890
20025891
20025892
20025893
20025894
20025895
20025897
20025904
20025905
20025911
20025917
20025923
20025925
20025926
20025927
20025929
20025930
20025931
20025936
20025941
20025942
20025944
20025947
20025948
20025949
20025952
20025953
20025958
20025960
20025963
20025967
20025969
20025972
20025973
20025974
20025977
20025978
20025984
20025987
20025989
20025990
20025993
20025998
20025999
20026002
20026006
20026007
20026008
20026011
20026016
20026023
20026026
20026027
20026029
20026031
20026037
20026044
20026045
20026046
20026052
20026053
20026059
20026067
20026070
20026071
20026072
20026074
20026078
20026079
20026081
20026083
20026084
20026090
20026092
20026097
20026098
20026106
20026107
20026114
20026123
20026124
20026128
20026135
20026136
20026139
20026141
20026142
20026144
20026145
20026150
20026154
20026155
20026157
20026159
20026164
20026172
20026174
20026176
20026177
20026181
20026184
20026189
20026190
20026192
20026195
20026196
20026197
20026198
20026199
20026200
20026205
20026211
20026214
20026215
20026223
20026229
20026230
20026231
20026232
20026234
20026235
20026236
20026239
20026241
20026243
20026246
20026250
20026256
20026258
20026261
20026264
20026270
20026271
20026272
20026273
20026278
20026281
20026282
20026283
20026286
20026289
20026291
20026294
20026295
20026297
20026299
20026301
20026302
20026303
20026304
20026307
20026309
20026310
20026311
20026312
20026318
20026326
20026333
20026335
20026336
20026337
20026338
20026339
20026343
20026345
20026346
20026349
20026353
20026355
20026356
20026357
20026358
20026359
20026364
20026366
20026367
20026369
20026373
20026377
20026378
20026380
20026381
20026384
20026387
20026390
20026393
20026394
20026398
20026401
20026402
20026405
20026410
20026416
20026418
20026426
20026427
20026428
20026429
20026431
20026433
20026435
20026439
20026440
20026441
20026442
20026447
20026456
20026461
20026472
20026477
20026482
20026488
20026490
20026498
20026503
20026506
20026509
20026510
20026513
20026515
20026520
20026526
20026528
20026532
20026533
20026534
20026538
20026542
20026544
20026546
20026553
20026554
20026556
20026559
20026560
20026566
20026567
20026575
20026577
20026582
20026583
20026585
20026587
20026588
20026598
20026599
20026600
20026604
20026607
20026610
20026612
20026616
20026619
20026621
20026622
20026623
20026626
20026627
20026633
20026635
20026636
20026638
20026645
20026649
20026653
20026654
20026657
20026664
20026669
20026671
20026673
20026677
20026678
20026681
20026682
20026683
20026684
20026686
20026687
20026690
20026692
20026694
20026703
20026713
20026714
20026724
20026725
20026729
20026730
20026731
20026735
20026738
20026740
20026741
20026751
20026752
20026761
20026764
20026766
20026769
20026771
20026781
20026787
20026788
20026789
20026791
20026794
20026795
20026804
20026810
20026817
20026822
20026823
20026827
20026828
20026832
20026842
20026849
20026853
20026854
20026857
20026859
20026861
20026862
20026865
20026869
20026874
20026877
20026881
20026887
20026889
20026893
20026895
20026897
20026898
20026903
20026905
20026907
20026913
20026916
20026917
20026919
20026920
20026923
20026925
20026927
20026930
20026933
20026934
20026936
20026938
20026939
20026940
20026941
20026942
20026943
20026948
20026950
20026951
20026958
20026963
20026965
20026968
20026978
20026979
20026986
20026990
20026991
20026992
20026995
20026996
20026999
20027003
20027004
20027005
20027011
20027013
20027014
20027018
20027019
20027020
20027023
20027024
20027030
20027038
20027039
20027046
20027051
20027054
20027057
20027058
20027062
20027064
20027068
20027070
20027071
20027072
20027073
20027076
20027078
20027079
20027080
20027081
20027085
20027086
20027087
20027089
20027096
20027097
20027100
20027106
20027109
20027110
20027112
20027114
20027116
20027120
20027122
20027125
20027127
20027129
20027133
20027136
20027137
20027141
20027142
20027145
20027147
20027149
20027152
20027158
20027159
20027162
20027165
20027168
20027169
20027170
20027171
20027172
20027173
20027181
20027183
20027186
20027187
20027189
20027191
20027193
20027194
20027198
20027199
20027200
20027201
20027210
20027215
20027218
20027219
20027224
20027226
20027230
20027233
20027234
20027236
20027237
20027238
20027240
20027241
20027242
20027243
20027247
20027250
20027255
20027258
20027259
20027260
20027261
20027263
20027265
20027266
20027267
20027269
20027272
20027275
20027277
20027281
20027283
20027284
20027285
20027289
20027290
20027293
20027294
20027297
20027300
20027304
20027305
20027309
20027320
20027321
20027322
20027325
20027329
20027332
20027333
20027334
20027336
20027337
20027340
20027341
20027343
20027345
20027351
20027353
20027354
20027360
20027364
20027367
20027370
20027373
20027374
20027382
20027384
20027387
20027391
20027395
20027398
20027400
20027409
20027411
20027413
20027416
20027418
20027420
20027422
20027424
20027425
20027428
20027429
20027432
20027433
20027442
20027443
20027446
20027449
20027452
20027456
20027458
20027465
20027469
20027475
20027476
20027479
20027487
20027490
20027496
20027497
20027498
20027499
20027501
20027504
20027512
20027513
20027519
20027523
20027525
20027526
20027529
20027530
20027531
20027540
20027555
20027556
20027557
20027559
20027562
20027564
20027565
20027570
20027571
20027572
20027579
20027581
20027584
20027588
20027589
20027591
20027596
20027597
20027600
20027608
20027612
20027614
20027616
20027618
20027636
20027639
20027641
20027649
20027650
20027651
20027653
20027657
20027658
20027659
20027667
20027668
20027673
20027674
20027675
20027678
20027679
20027683
20027686
20027688
20027690
20027693
20027694
20027698
20027699
20027701
20027703
20027709
20027710
20027713
20027715
20027721
20027728
20027729
20027730
20027731
20027734
20027735
20027736
20027737
20027738
20027742
20027743
20027745
20027746
20027749
20027751
20027755
20027756
20027757
20027758
20027762
20027765
20027766
20027770
20027775
20027776
20027779
20027780
20027781
20027784
20027786
20027787
20027793
20027795
20027801
20027803
20027806
20027807
20027809
20027810
20027814
20027821
20027823
20027824
20027826
20027827
20027829
20027832
20027835
20027843
20027847
20027851
20027852
20027854
20027856
20027859
20027862
20027869
20027871
20027876
20027877
20027880
20027882
20027887
20027889
20027895
20027898
20027899
20027901
20027903
20027904
20027914
20027918
20027919
20027920
20027921
20027923
20027925
20027929
20027930
20027935
20027936
20027938
20027941
20027942
20027943
20027947
20027949
20027955
20027956
20027958
20027959
20027961
20027968
20027970
20027978
20027980
20027983
20027986
20027988
20027989
20027991
20027992
20027994
20027995
20027999
20028004
20028007
20028008
20028010
20028012
20028015
20028017
20028018
20028021
20028027
20028032
20028037
20028040
20028042
20028046
20028048
20028050
20028056
20028057
20028064
20028070
20028073
20028082
20028083
20028086
20028087
20028089
20028093
20028095
20028097
20028098
20028101
20028107
20028109
20028120
20028126
20028127
20028128
20028129
20028131
20028132
20028135
20028136
20028150
20028157
20028160
20028166
20028171
20028172
20028178
20028187
20028189
20028190
20028191
20028193
20028196
20028197
20028200
20028205
20028206
20028208
20028211
20028217
20028218
20028219
20028224
20028228
20028229
20028232
20028238
20028241
20028242
20028248
20028249
20028251
20028252
20028253
20028254
20028256
20028258
20028261
20028264
20028265
20028269
20028274
20028278
20028280
20028285
20028286
20028289
20028296
20028297
20028298
20028303
20028308
20028309
20028310
20028312
20028313
20028318
20028319
20028320
20028322
20028324
20028326
20028327
20028328
20028329
20028331
20028332
20028334
20028338
20028339
20028345
20028346
20028348
20028349
20028350
20028352
20028356
20028358
20028359
20028362
20028363
20028366
20028367
20028368
20028376
20028377
20028378
20028383
20028384
20028387
20028401
20028402
20028403
20028405
20028406
20028407
20028419
20028421
20028424
20028437
20028438
20028439
20028441
20028443
20028448
20028449
20028451
20028464
20028467
20028468
20028469
20028473
20028476
20028478
20028479
20028484
20028485
20028488
20028491
20028492
20028493
20028505
20028508
20028512
20028513
20028516
20028517
20028519
20028520
20028521
20028522
20028523
20028524
20028529
20028531
20028533
20028534
20028536
20028539
20028542
20028546
20028547
20028549
20028554
20028556
20028559
20028561
20028563
20028566
20028567
20028574
20028578
20028580
20028581
20028584
20028586
20028587
20028597
20028598
20028601
20028605
20028606
20028610
20028612
20028614
20028616
20028617
20028618
20028621
20028622
20028623
20028624
20028626
20028627
20028629
20028630
20028634
20028637
20028640
20028645
20028646
20028647
20028649
20028650
20028661
20028663
20028664
20028669
20028673
20028675
20028676
20028678
20028680
20028682
20028683
20028684
20028685
20028686
20028687
20028689
20028691
20028692
20028695
20028698
20028701
20028706
20028712
20028714
20028719
20028721
20028723
20028724
20028727
20028731
20028740
20028743
20028744
20028746
20028758
20028759
20028763
20028766
20028768
20028773
20028775
20028779
20028782
20028786
20028789
20028794
20028795
20028797
20028799
20028802
20028809
20028810
20028811
20028813
20028828
20028831
20028833
20028835
20028836
20028846
20028847
20028852
20028855
20028856
20028859
20028861
20028863
20028865
20028866
20028867
20028868
20028870
20028879
20028883
20028888
20028889
20028890
20028896
20028899
20028902
20028903
20028911
20028913
20028915
20028916
20028920
20028924
20028925
20028926
20028927
20028929
20028930
20028933
20028935
20028936
20028940
20028941
20028943
20028948
20028951
20028958
20028961
20028971
20028976
20028977
20028979
20028981
20028984
20028986
20028987
20028989
20028990
20028994
20028995
20028998
20028999
20029000
20029001
20029002
20029007
20029008
20029011
20029012
20029014
20029023
20029024
20029027
20029029
20029034
20029035
20029036
20029037
20029039
20029040
20029052
20029055
20029058
20029061
20029062
20029063
20029064
20029066
20029070
20029071
20029073
20029076
20029077
20029078
20029083
20029084
20029085
20029091
20029092
20029093
20029094
20029106
20029107
20029111
20029113
20029114
20029115
20029116
20029122
20029125
20029127
20029128
20029130
20029131
20029132
20029134
20029151
20029157
20029158
20029159
20029160
20029164
20029167
20029170
20029172
20029182
20029183
20029184
20029185
20029186
20029188
20029189
20029194
20029195
20029203
20029212
20029214
20029220
20029222
20029224
20029225
20029228
20029229
20029231
20029245
20029251
20029253
20029259
20029263
20029264
20029267
20029270
20029274
20029277
20029278
20029279
20029283
20029285
20029288
20029292
20029295
20029296
20029298
20029299
20029304
20029306
20029311
20029312
20029313
20029318
20029319
20029322
20029323
20029327
20029330
20029333
20029337
20029339
20029340
20029341
20029343
20029346
20029348
20029349
20029350
20029352
20029355
20029361
20029363
20029364
20029370
20029372
20029374
20029378
20029379
20029381
20029384
20029388
20029391
20029396
20029401
20029402
20029410
20029411
20029413
20029414
20029417
20029418
20029419
20029423
20029426
20029427
20029430
20029434
20029438
20029439
20029442
20029443
20029444
20029446
20029448
20029449
20029454
20029458
20029459
20029460
20029463
20029464
20029468
20029473
20029476
20029477
20029478
20029481
20029482
20029484
20029486
20029492
20029499
20029502
20029503
20029505
20029509
20029510
20029511
20029517
20029519
20029520
20029521
20029523
20029529
20029535
20029537
20029538
20029540
20029546
20029548
20029549
20029551
20029555
20029557
20029559
20029560
20029565
20029576
20029579
20029584
20029585
20029588
20029596
20029597
20029599
20029601
20029608
20029613
20029615
20029616
20029617
20029618
20029619
20029623
20029626
20029627
20029628
20029629
20029635
20029639
20029643
20029644
20029646
20029650
20029653
20029662
20029665
20029667
20029672
20029675
20029679
20029682
20029688
20029690
20029692
20029693
20029696
20029697
20029698
20029699
20029703
20029706
20029712
20029716
20029717
20029719
20029721
20029727
20029729
20029732
20029734
20029737
20029739
20029742
20029744
20029748
20029749
20029750
20029751
20029754
20029755
20029762
20029765
20029766
20029767
20029773
20029775
20029776
20029780
20029781
20029787
20029790
20029791
20029798
20029804
20029807
20029809
20029813
20029818
20029823
20029824
20029825
20029832
20029838
20029841
20029843
20029848
20029853
20029861
20029862
20029866
20029869
20029878
20029883
20029884
20029886
20029887
20029888
20029889
20029890
20029893
20029896
20029900
20029902
20029905
20029906
20029907
20029908
20029910
20029911
20029915
20029917
20029920
20029921
20029924
20029926
20029928
20029932
20029936
20029937
20029943
20029947
20029952
20029954
20029956
20029960
20029974
20029980
20029981
20029986
20029987
20029994
20029997
20029998
20029999
20030002
20030004
20030006
20030009
20030013
20030014
20030016
20030019
20030020
20030022
20030025
20030028
20030031
20030034
20030040
20030043
20030047
20030048
20030049
20030052
20030053
20030054
20030057
20030060
20030064
20030066
20030068
20030069
20030080
20030083
20030089
20030096
20030105
20030108
20030109
20030111
20030117
20030119
20030125
20030135
20030140
20030141
20030142
20030143
20030146
20030152
20030154
20030159
20030161
20030162
20030164
20030165
20030168
20030169
20030171
20030172
20030175
20030178
20030184
20030186
20030187
20030193
20030199
20030203
20030204
20030206
20030209
20030213
20030214
20030218
20030220
20030223
20030225
20030226
20030228
20030235
20030236
20030240
20030241
20030243
20030244
20030245
20030255
20030256
20030259
20030263
20030265
20030266
20030267
20030268
20030274
20030275
20030279
20030281
20030283
20030285
20030287
20030292
20030296
20030298
20030301
20030305
20030306
20030310
20030311
20030313
20030316
20030319
20030321
20030322
20030323
20030327
20030337
20030343
20030344
20030348
20030349
20030353
20030355
20030357
20030358
20030359
20030362
20030364
20030366
20030368
20030369
20030380
20030381
20030390
20030394
20030399
20030400
20030407
20030411
20030412
20030415
20030417
20030418
20030425
20030428
20030434
20030441
20030442
20030445
20030447
20030451
20030453
20030455
20030456
20030457
20030458
20030459
20030464
20030470
20030472
20030473
20030478
20030481
20030482
20030487
20030490
20030495
20030496
20030497
20030504
20030509
20030512
20030515
20030519
20030525
20030530
20030535
20030537
20030546
20030547
20030552
20030553
20030555
20030561
20030563
20030573
20030575
20030580
20030581
20030585
20030586
20030589
20030592
20030594
20030595
20030598
20030599
20030603
20030607
20030610
20030612
20030617
20030623
20030624
20030625
20030626
20030627
20030628
20030631
20030632
20030636
20030639
20030643
20030650
20030651
20030653
20030656
20030660
20030668
20030669
20030670
20030671
20030672
20030674
20030675
20030677
20030678
20030680
20030687
20030688
20030689
20030697
20030705
20030714
20030717
20030718
20030719
20030720
20030721
20030723
20030724
20030727
20030730
20030734
20030735
20030736
20030738
20030739
20030740
20030741
20030742
20030751
20030754
20030758
20030759
20030762
20030763
20030773
20030774
20030777
20030780
20030782
20030783
20030786
20030787
20030789
20030791
20030792
20030794
20030795
20030797
20030799
20030802
20030803
20030808
20030810
20030811
20030819
20030821
20030822
20030826
20030827
20030829
20030831
20030833
20030835
20030836
20030837
20030840
20030843
20030845
20030847
20030850
20030855
20030859
20030860
20030864
20030865
20030869
20030870
20030879
20030880
20030882
20030883
20030884
20030885
20030886
20030902
20030903
20030905
20030906
20030911
20030913
20030915
20030917
20030920
20030922
20030924
20030927
20030928
20030929
20030937
20030942
20030944
20030945
20030951
20030952
20030956
20030958
20030959
20030962
20030969
20030971
20030972
20030974
20030979
20030986
20030990
20030993
20030997
20031000
20031002
20031003
20031007
20031008
20031014
20031015
20031019
20031022
20031024
20031027
20031029
20031034
20031036
20031040
20031041
20031048
20031051
20031052
20031053
20031054
20031060
20031062
20031066
20031069
20031077
20031082
20031083
20031088
20031092
20031097
20031099
20031100
20031101
20031104
20031105
20031106
20031110
20031111
20031113
20031114
20031116
20031119
20031122
20031144
20031153
20031157
20031158
20031160
20031165
20031168
20031170
20031172
20031174
20031180
20031181
20031182
20031183
20031184
20031193
20031201
20031203
20031205
20031210
20031215
20031216
20031217
20031221
20031222
20031223
20031230
20031231
20031233
20031235
20031236
20031238
20031239
20031240
20031242
20031243
20031248
20031249
20031253
20031255
20031256
20031257
20031264
20031270
20031272
20031275
20031283
20031285
20031289
20031291
20031294
20031297
20031299
20031300
20031301
20031305
20031314
20031317
20031318
20031325
20031326
20031327
20031328
20031329
20031330
20031333
20031338
20031339
20031342
20031343
20031346
20031351
20031352
20031353
20031355
20031360
20031362
20031367
20031371
20031375
20031380
20031381
20031382
20031384
20031385
20031386
20031387
20031388
20031390
20031400
20031402
20031405
20031409
20031414
20031420
20031423
20031425
20031427
20031431
20031439
20031454
20031459
20031460
20031461
20031464
20031465
20031467
20031469
20031474
20031476
20031478
20031479
20031480
20031482
20031486
20031488
20031489
20031492
20031496
20031500
20031502
20031505
20031506
20031507
20031508
20031510
20031511
20031515
20031520
20031524
20031525
20031527
20031532
20031536
20031538
20031540
20031542
20031543
20031547
20031548
20031549
20031551
20031554
20031556
20031562
20031566
20031569
20031570
20031573
20031577
20031583
20031584
20031587
20031590
20031592
20031593
20031595
20031599
20031600
20031601
20031602
20031611
20031612
20031614
20031616
20031619
20031620
20031622
20031625
20031629
20031632
20031636
20031644
20031646
20031649
20031652
20031654
20031655
20031658
20031659
20031661
20031663
20031665
20031666
20031673
20031675
20031678
20031679
20031685
20031686
20031688
20031690
20031696
20031697
20031698
20031702
20031704
20031713
20031715
20031718
20031721
20031723
20031725
20031732
20031733
20031736
20031737
20031740
20031741
20031742
20031747
20031749
20031753
20031758
20031763
20031764
20031766
20031767
20031776
20031779
20031780
20031787
20031791
20031801
20031803
20031810
20031812
20031816
20031819
20031823
20031827
20031830
20031834
20031836
20031840
20031843
20031844
20031847
20031848
20031850
20031851
20031853
20031855
20031856
20031861
20031863
20031868
20031869
20031871
20031873
20031877
20031882
20031890
20031895
20031900
20031901
20031902
20031903
20031907
20031915
20031916
20031921
20031923
20031931
20031934
20031935
20031937
20031943
20031944
20031947
20031950
20031954
20031955
20031958
20031959
20031968
20031971
20031972
20031979
20031986
20031988
20031989
20031991
20031993
20031994
20031996
20031999
20032000
20032003
20032010
20032011
20032018
20032019
20032024
20032028
20032033
20032034
20032036
20032038
20032039
20032040
20032041
20032044
20032046
20032049
20032050
20032054
20032055
20032059
20032060
20032062
20032065
20032066
20032072
20032076
20032077
20032078
20032081
20032087
20032093
20032094
20032098
20032099
20032105
20032110
20032112
20032113
20032116
20032117
20032118
20032119
20032125
20032128
20032134
20032135
20032136
20032137
20032138
20032148
20032149
20032151
20032152
20032154
20032166
20032167
20032168
20032170
20032171
20032172
20032174
20032175
20032176
20032177
20032178
20032181
20032182
20032183
20032184
20032185
20032193
20032200
20032203
20032205
20032206
20032213
20032214
20032217
20032223
20032224
20032225
20032228
20032229
20032232
20032237
20032239
20032242
20032245
20032247
20032249
20032252
20032253
20032266
20032268
20032272
20032273
20032277
20032279
20032280
20032283
20032289
20032290
20032291
20032294
20032295
20032296
20032298
20032301
20032302
20032304
20032310
20032312
20032315
20032316
20032319
20032322
20032328
20032336
20032339
20032341
20032344
20032346
20032347
20032350
20032354
20032355
20032358
20032361
20032363
20032372
20032374
20032376
20032381
20032388
20032395
20032396
20032399
20032400
20032403
20032404
20032406
20032408
20032411
20032416
20032418
20032419
20032428
20032430
20032434
20032436
20032437
20032440
20032445
20032447
20032448
20032449
20032450
20032456
20032459
20032460
20032461
20032462
20032464
20032468
20032471
20032474
20032477
20032478
20032480
20032482
20032483
20032488
20032490
20032491
20032493
20032495
20032500
20032501
20032503
20032504
20032505
20032507
20032508
20032515
20032517
20032520
20032526
20032527
20032528
20032529
20032530
20032532
20032533
20032534
20032538
20032540
20032541
20032543
20032546
20032547
20032548
20032552
20032557
20032558
20032559
20032560
20032563
20032565
20032567
20032574
20032576
20032580
20032585
20032586
20032587
20032588
20032590
20032601
20032606
20032607
20032608
20032613
20032617
20032618
20032624
20032627
20032629
20032635
20032638
20032639
20032646
20032648
20032651
20032657
20032658
20032661
20032663
20032664
20032671
20032675
20032678
20032679
20032680
20032682
20032683
20032684
20032685
20032686
20032689
20032691
20032692
20032695
20032696
20032702
20032704
20032707
20032708
20032710
20032711
20032716
20032727
20032728
20032732
20032733
20032734
20032736
20032738
20032739
20032741
20032742
20032744
20032746
20032747
20032748
20032749
20032753
20032754
20032756
20032758
20032759
20032767
20032773
20032774
20032775
20032776
20032781
20032782
20032783
20032789
20032794
20032797
20032800
20032803
20032804
20032805
20032808
20032814
20032816
20032817
20032818
20032820
20032821
20032822
20032827
20032830
20032831
20032833
20032836
20032838
20032839
20032840
20032844
20032851
20032852
20032853
20032854
20032857
20032858
20032859
20032861
20032862
20032866
20032872
20032877
20032879
20032880
20032883
20032885
20032886
20032889
20032896
20032898
20032901
20032904
20032906
20032907
20032908
20032909
20032911
20032915
20032916
20032918
20032920
20032921
20032925
20032926
20032929
20032931
20032932
20032936
20032939
20032945
20032947
20032949
20032950
20032951
20032953
20032955
20032958
20032962
20032966
20032972
20032973
20032975
20032977
20032978
20032980
20032982
20032983
20032984
20032985
20032986
20032988
20032993
20032995
20032996
20032997
20033002
20033012
20033013
20033015
20033017
20033018
20033019
20033020
20033021
20033025
20033029
20033030
20033038
20033041
20033043
20033046
20033047
20033053
20033056
20033057
20033059
20033066
20033067
20033069
20033070
20033071
20033072
20033082
20033085
20033088
20033089
20033091
20033095
20033097
20033100
20033101
20033107
20033110
20033112
20033117
20033122
20033127
20033128
20033130
20033132
20033133
20033135
20033139
20033142
20033146
20033149
20033152
20033154
20033156
20033157
20033158
20033160
20033162
20033164
20033167
20033172
20033173
20033174
20033176
20033177
20033179
20033180
20033189
20033190
20033191
20033195
20033196
20033197
20033198
20033199
20033201
20033205
20033209
20033216
20033220
20033222
20033227
20033229
20033231
20033234
20033236
20033239
20033242
20033244
20033245
20033246
20033251
20033257
20033259
20033260
20033265
20033269
20033271
20033272
20033278
20033283
20033288
20033290
20033291
20033298
20033299
20033301
20033303
20033304
20033309
20033312
20033314
20033317
20033323
20033324
20033326
20033332
20033338
20033339
20033340
20033342
20033350
20033352
20033355
20033356
20033358
20033366
20033367
20033374
20033377
20033378
20033381
20033386
20033396
20033398
20033410
20033412
20033413
20033416
20033419
20033422
20033423
20033427
20033430
20033432
20033435
20033436
20033437
20033441
20033443
20033450
20033451
20033457
20033458
20033459
20033466
20033468
20033472
20033473
20033474
20033480
20033482
20033484
20033485
20033488
20033490
20033491
20033496
20033499
20033500
20033502
20033505
20033507
20033517
20033518
20033521
20033531
20033533
20033536
20033537
20033541
20033553
20033554
20033560
20033561
20033562
20033573
20033578
20033587
20033589
20033596
20033601
20033606
20033611
20033612
20033628
20033633
20033635
20033637
20033639
20033643
20033645
20033647
20033648
20033649
20033652
20033655
20033659
20033663
20033671
20033680
20033681
20033682
20033686
20033690
20033691
20033692
20033695
20033703
20033706
20033710
20033714
20033716
20033724
20033727
20033729
20033730
20033740
20033741
20033744
20033746
20033747
20033748
20033749
20033750
20033753
20033757
20033760
20033765
20033769
20033771
20033772
20033773
20033776
20033778
20033780
20033781
20033783
20033784
20033788
20033789
20033790
20033791
20033794
20033795
20033798
20033801
20033804
20033805
20033807
20033809
20033812
20033813
20033814
20033822
20033826
20033828
20033830
20033834
20033842
20033851
20033853
20033854
20033866
20033867
20033868
20033870
20033873
20033882
20033884
20033885
20033889
20033893
20033894
20033899
20033905
20033907
20033913
20033917
20033924
20033931
20033934
20033939
20033940
20033950
20033952
20033957
20033961
20033962
20033963
20033966
20033969
20033971
20033977
20033978
20033981
20033982
20033983
20033990
20033996
20033997
20033999
20034001
20034004
20034005
20034008
20034012
20034016
20034019
20034021
20034022
20034023
20034024
20034028
20034030
20034032
20034034
20034036
20034038
20034039
20034049
20034054
20034056
20034057
20034061
20034066
20034073
20034075
20034080
20034087
20034090
20034094
20034106
20034116
20034119
20034122
20034124
20034132
20034133
20034134
20034135
20034138
20034141
20034143
20034144
20034147
20034148
20034151
20034153
20034155
20034157
20034158
20034162
20034179
20034181
20034189
20034190
20034192
20034195
20034197
20034201
20034203
20034204
20034215
20034219
20034226
20034229
20034232
20034235
20034239
20034241
20034245
20034248
20034251
20034253
20034254
20034257
20034258
20034267
20034269
20034272
20034275
20034278
20034279
20034291
20034293
20034295
20034303
20034305
20034307
20034308
20034309
20034313
20034317
20034319
20034320
20034322
20034324
20034325
20034331
20034332
20034333
20034339
20034341
20034343
20034344
20034347
20034349
20034350
20034351
20034355
20034369
20034370
20034374
20034376
20034378
20034380
20034385
20034389
20034390
20034395
20034397
20034402
20034404
20034416
20034420
20034423
20034424
20034426
20034428
20034429
20034430
20034434
20034436
20034438
20034439
20034441
20034444
20034445
20034446
20034447
20034448
20034451
20034457
20034462
20034464
20034468
20034470
20034475
20034480
20034481
20034483
20034484
20034486
20034488
20034489
20034491
20034492
20034493
20034497
20034503
20034504
20034509
20034511
20034523
20034527
20034530
20034532
20034540
20034547
20034550
20034551
20034554
20034557
20034562
20034563
20034566
20034569
20034570
20034577
20034579
20034582
20034583
20034584
20034585
20034590
20034593
20034594
20034601
20034602
20034603
20034604
20034606
20034609
20034614
20034616
20034622
20034623
20034624
20034625
20034626
20034628
20034630
20034636
20034641
20034642
20034646
20034650
20034651
20034654
20034665
20034670
20034674
20034675
20034677
20034680
20034682
20034683
20034685
20034689
20034692
20034693
20034695
20034699
20034701
20034707
20034708
20034711
20034716
20034718
20034719
20034722
20034723
20034725
20034727
20034728
20034731
20034736
20034741
20034744
20034746
20034751
20034754
20034756
20034758
20034760
20034764
20034773
20034775
20034776
20034777
20034778
20034779
20034780
20034781
20034782
20034790
20034793
20034796
20034797
20034803
20034808
20034810
20034813
20034815
20034825
20034830
20034833
20034839
20034845
20034850
20034854
20034855
20034856
20034857
20034858
20034866
20034867
20034868
20034869
20034871
20034872
20034879
20034881
20034882
20034883
20034884
20034892
20034901
20034905
20034906
20034909
20034913
20034916
20034924
20034927
20034928
20034931
20034932
20034933
20034942
20034943
20034947
20034950
20034951
20034954
20034955
20034956
20034957
20034958
20034961
20034962
20034968
20034971
20034973
20034975
20034977
20034980
20034983
20034984
20034986
20034988
20034992
20034995
20034996
20034998
20035003
20035006
20035011
20035013
20035017
20035030
20035035
20035038
20035039
20035044
20035053
20035055
20035057
20035064
20035066
20035069
20035074
20035075
20035076
20035077
20035078
20035082
20035083
20035088
20035091
20035093
20035096
20035104
20035109
20035110
20035113
20035115
20035116
20035129
20035130
20035134
20035141
20035143
20035144
20035147
20035149
20035152
20035156
20035171
20035172
20035183
20035185
20035186
20035189
20035193
20035195
20035199
20035200
20035204
20035205
20035211
20035212
20035216
20035219
20035220
20035221
20035224
20035228
20035238
20035241
20035243
20035248
20035249
20035254
20035256
20035257
20035259
20035260
20035261
20035273
20035274
20035275
20035278
20035280
20035282
20035286
20035288
20035290
20035294
20035299
20035304
20035306
20035308
20035311
20035313
20035315
20035319
20035322
20035324
20035328
20035329
20035334
20035336
20035337
20035345
20035348
20035356
20035360
20035362
20035363
20035366
20035367
20035370
20035372
20035378
20035379
20035381
20035382
20035383
20035391
20035392
20035398
20035401
20035404
20035406
20035408
20035409
20035411
20035412
20035415
20035416
20035420
20035423
20035425
20035427
20035439
20035443
20035444
20035447
20035448
20035452
20035455
20035456
20035462
20035463
20035464
20035465
20035468
20035477
20035483
20035486
20035491
20035492
20035500
20035501
20035503
20035504
20035508
20035510
20035516
20035519
20035521
20035523
20035528
20035536
20035537
20035541
20035542
20035546
20035547
20035550
20035552
20035560
20035563
20035568
20035569
20035581
20035587
20035588
20035589
20035591
20035595
20035597
20035600
20035601
20035605
20035607
20035608
20035609
20035613
20035615
20035623
20035625
20035630
20035633
20035634
20035635
20035639
20035646
20035649
20035650
20035651
20035654
20035657
20035658
20035659
20035661
20035663
20035665
20035671
20035674
20035675
20035676
20035678
20035679
20035680
20035681
20035682
20035686
20035690
20035692
20035701
20035702
20035716
20035718
20035719
20035725
20035726
20035737
20035739
20035741
20035744
20035754
20035762
20035764
20035766
20035767
20035776
20035778
20035781
20035787
20035789
20035793
20035795
20035796
20035799
20035800
20035803
20035804
20035807
20035815
20035820
20035821
20035823
20035825
20035826
20035834
20035837
20035838
20035839
20035843
20035844
20035857
20035869
20035874
20035875
20035876
20035878
20035881
20035883
20035885
20035886
20035890
20035895
20035897
20035900
20035904
20035911
20035913
20035917
20035921
20035926
20035929
20035930
20035932
20035939
20035940
20035946
20035953
20035954
20035960
20035961
20035964
20035966
20035970
20035971
20035972
20035985
20035987
20035993
20035996
20035997
20035999
20036006
20036007
20036011
20036013
20036016
20036017
20036020
20036022
20036026
20036027
20036028
20036029
20036035
20036037
20036039
20036049
20036052
20036053
20036054
20036061
20036064
20036071
20036079
20036081
20036082
20036083
20036084
20036085
20036088
20036094
20036097
20036098
20036104
20036105
20036108
20036109
20036110
20036111
20036112
20036119
20036125
20036126
20036130
20036132
20036144
20036145
20036146
20036148
20036149
20036153
20036154
20036160
20036162
20036163
20036164
20036167
20036170
20036172
20036175
20036177
20036179
20036186
20036188
20036189
20036196
20036198
20036202
20036204
20036205
20036207
20036213
20036214
20036219
20036220
20036224
20036227
20036232
20036238
20036245
20036246
20036249
20036256
20036260
20036261
20036262
20036263
20036268
20036270
20036272
20036276
20036280
20036281
20036282
20036286
20036288
20036289
20036294
20036296
20036299
20036300
20036304
20036305
20036307
20036308
20036312
20036314
20036319
20036320
20036327
20036328
20036331
20036332
20036333
20036336
20036337
20036344
20036348
20036356
20036359
20036363
20036367
20036370
20036379
20036380
20036382
20036390
20036393
20036396
20036398
20036399
20036401
20036404
20036406
20036408
20036410
20036411
20036412
20036413
20036416
20036417
20036421
20036423
20036432
20036433
20036437
20036440
20036441
20036444
20036445
20036447
20036448
20036450
20036458
20036459
20036460
20036462
20036471
20036472
20036477
20036478
20036480
20036481
20036486
20036487
20036489
20036490
20036491
20036495
20036502
20036503
20036504
20036509
20036510
20036513
20036517
20036519
20036520
20036521
20036522
20036525
20036530
20036531
20036533
20036536
20036542
20036543
20036544
20036549
20036550
20036556
20036557
20036558
20036563
20036564
20036567
20036568
20036571
20036574
20036579
20036585
20036589
20036590
20036592
20036593
20036597
20036601
20036603
20036607
20036609
20036613
20036619
20036621
20036624
20036625
20036626
20036629
20036630
20036634
20036637
20036641
20036643
20036644
20036648
20036649
20036650
20036652
20036654
20036656
20036657
20036662
20036663
20036668
20036671
20036673
20036677
20036679
20036683
20036688
20036700
20036706
20036708
20036709
20036710
20036712
20036713
20036715
20036716
20036717
20036718
20036719
20036720
20036723
20036724
20036729
20036731
20036732
20036733
20036735
20036742
20036744
20036750
20036752
20036753
20036761
20036762
20036767
20036768
20036773
20036775
20036777
20036786
20036793
20036794
20036801
20036804
20036806
20036815
20036819
20036821
20036824
20036826
20036829
20036831
20036832
20036839
20036840
20036843
20036845
20036855
20036858
20036862
20036863
20036866
20036870
20036871
20036874
20036878
20036881
20036882
20036883
20036884
20036889
20036890
20036891
20036892
20036893
20036896
20036898
20036906
20036907
20036908
20036909
20036920
20036922
20036924
20036925
20036930
20036931
20036932
20036933
20036935
20036936
20036938
20036940
20036943
20036945
20036946
20036947
20036953
20036957
20036959
20036960
20036962
20036964
20036966
20036970
20036973
20036977
20036978
20036980
20036981
20036983
20036984
20036994
20037000
20037001
20037003
20037004
20037005
20037008
20037009
20037023
20037025
20037028
20037031
20037032
20037040
20037043
20037047
20037050
20037053
20037059
20037060
20037064
20037071
20037072
20037074
20037079
20037081
20037083
20037087
20037092
20037095
20037102
20037111
20037112
20037114
20037115
20037116
20037119
20037124
20037130
20037131
20037132
20037133
20037137
20037141
20037144
20037149
20037161
20037173
20037176
20037181
20037182
20037191
20037192
20037193
20037194
20037199
20037200
20037202
20037204
20037209
20037210
20037215
20037216
20037217
20037219
20037221
20037224
20037226
20037227
20037233
20037236
20037237
20037240
20037244
20037247
20037248
20037250
20037255
20037257
20037263
20037268
20037270
20037272
20037279
20037282
20037285
20037292
20037300
20037302
20037304
20037306
20037314
20037315
20037320
20037323
20037326
20037330
20037335
20037338
20037342
20037343
20037349
20037350
20037354
20037355
20037358
20037359
20037368
20037370
20037376
20037378
20037380
20037382
20037383
20037384
20037389
20037393
20037395
20037397
20037398
20037399
20037400
20037401
20037402
20037407
20037412
20037414
20037415
20037416
20037417
20037418
20037422
20037425
20037427
20037435
20037437
20037444
20037445
20037446
20037453
20037458
20037463
20037465
20037469
20037470
20037471
20037472
20037478
20037480
20037481
20037483
20037493
20037495
20037497
20037498
20037502
20037504
20037505
20037506
20037510
20037512
20037516
20037520
20037521
20037522
20037525
20037527
20037529
20037531
20037533
20037536
20037540
20037549
20037550
20037553
20037556
20037559
20037560
20037561
20037565
20037566
20037573
20037575
20037576
20037579
20037580
20037581
20037585
20037587
20037590
20037592
20037600
20037601
20037603
20037605
20037609
20037613
20037614
20037616
20037617
20037622
20037625
20037630
20037631
20037638
20037640
20037642
20037645
20037646
20037653
20037654
20037660
20037662
20037663
20037667
20037668
20037674
20037676
20037677
20037679
20037680
20037682
20037685
20037688
20037693
20037694
20037695
20037696
20037698
20037699
20037702
20037703
20037704
20037706
20037708
20037713
20037717
20037718
20037720
20037721
20037725
20037726
20037730
20037732
20037739
20037740
20037743
20037753
20037755
20037760
20037761
20037763
20037764
20037774
20037775
20037776
20037780
20037781
20037784
20037785
20037788
20037789
20037795
20037796
20037799
20037801
20037804
20037805
20037806
20037809
20037810
20037814
20037820
20037822
20037824
20037828
20037829
20037830
20037834
20037835
20037840
20037841
20037843
20037850
20037856
20037864
20037868
20037869
20037871
20037875
20037877
20037879
20037882
20037885
20037897
20037898
20037905
20037910
20037916
20037918
20037919
20037922
20037924
20037927
20037928
20037930
20037932
20037933
20037935
20037936
20037938
20037941
20037944
20037945
20037948
20037949
20037950
20037952
20037956
20037959
20037963
20037965
20037969
20037970
20037979
20037981
20037982
20037984
20037986
20037988
20037993
20037995
20037997
20038001
20038004
20038005
20038006
20038008
20038009
20038010
20038011
20038013
20038017
20038021
20038027
20038028
20038029
20038032
20038033
20038035
20038037
20038042
20038045
20038047
20038050
20038051
20038052
20038055
20038057
20038059
20038062
20038063
20038067
20038071
20038073
20038074
20038078
20038079
20038080
20038081
20038084
20038088
20038092
20038096
20038098
20038100
20038104
20038106
20038110
20038111
20038118
20038119
20038121
20038131
20038137
20038138
20038145
20038147
20038159
20038166
20038167
20038169
20038170
20038171
20038174
20038176
20038177
20038179
20038182
20038183
20038186
20038187
20038191
20038195
20038196
20038198
20038200
20038202
20038207
20038211
20038212
20038216
20038217
20038218
20038220
20038229
20038231
20038234
20038242
20038244
20038245
20038247
20038248
20038250
20038253
20038254
20038258
20038264
20038265
20038267
20038268
20038271
20038272
20038273
20038274
20038275
20038276
20038277
20038280
20038283
20038284
20038287
20038289
20038293
20038295
20038296
20038303
20038305
20038308
20038309
20038323
20038324
20038325
20038327
20038331
20038336
20038340
20038343
20038349
20038351
20038353
20038356
20038359
20038366
20038369
20038373
20038374
20038378
20038379
20038382
20038389
20038398
20038402
20038411
20038412
20038413
20038415
20038416
20038418
20038419
20038425
20038426
20038429
20038430
20038431
20038437
20038445
20038448
20038450
20038456
20038459
20038461
20038463
20038464
20038467
20038468
20038470
20038472
20038476
20038478
20038480
20038485
20038489
20038494
20038496
20038498
20038501
20038502
20038506
20038509
20038510
20038511
20038513
20038515
20038519
20038523
20038525
20038526
20038530
20038532
20038534
20038535
20038538
20038546
20038547
20038550
20038551
20038552
20038555
20038556
20038565
20038572
20038579
20038580
20038591
20038595
20038597
20038599
20038607
20038608
20038610
20038612
20038613
20038616
20038622
20038629
20038631
20038632
20038634
20038637
20038641
20038644
20038645
20038649
20038652
20038656
20038658
20038663
20038665
20038668
20038669
20038672
20038674
20038682
20038684
20038685
20038686
20038688
20038694
20038707
20038709
20038712
20038716
20038717
20038723
20038724
20038725
20038726
20038727
20038731
20038734
20038735
20038740
20038741
20038742
20038745
20038748
20038752
20038762
20038766
20038768
20038774
20038777
20038780
20038788
20038790
20038791
20038800
20038801
20038806
20038824
20038825
20038826
20038832
20038835
20038837
20038838
20038839
20038840
20038844
20038847
20038851
20038852
20038853
20038854
20038857
20038863
20038865
20038870
20038872
20038873
20038874
20038881
20038890
20038892
20038894
20038895
20038897
20038899
20038905
20038908
20038909
20038910
20038915
20038917
20038919
20038920
20038921
20038922
20038923
20038932
20038936
20038941
20038942
20038943
20038950
20038954
20038955
20038960
20038962
20038963
20038969
20038970
20038972
20038979
20038980
20038981
20038985
20038988
20038989
20038990
20038991
20038994
20039001
20039002
20039003
20039004
20039005
20039013
20039016
20039019
20039022
20039027
20039030
20039033
20039034
20039036
20039037
20039039
20039047
20039051
20039057
20039063
20039067
20039068
20039069
20039071
20039073
20039074
20039076
20039077
20039080
20039081
20039088
20039089
20039090
20039094
20039096
20039102
20039105
20039108
20039109
20039110
20039111
20039112
20039113
20039116
20039124
20039129
20039131
20039132
20039137
20039139
20039140
20039143
20039144
20039154
20039156
20039157
20039164
20039166
20039172
20039173
20039177
20039184
20039189
20039191
20039193
20039195
20039197
20039198
20039205
20039213
20039216
20039217
20039227
20039229
20039231
20039233
20039235
20039236
20039237
20039238
20039244
20039247
20039253
20039254
20039263
20039264
20039265
20039269
20039272
20039273
20039275
20039281
20039283
20039285
20039286
20039288
20039289
20039292
20039294
20039295
20039296
20039298
20039302
20039305
20039307
20039311
20039312
20039314
20039315
20039321
20039323
20039325
20039327
20039330
20039331
20039332
20039334
20039337
20039340
20039341
20039344
20039347
20039349
20039353
20039355
20039358
20039361
20039368
20039373
20039375
20039376
20039382
20039383
20039385
20039389
20039393
20039397
20039401
20039408
20039409
20039412
20039413
20039414
20039418
20039425
20039428
20039429
20039430
20039456
20039457
20039458
20039463
20039464
20039471
20039475
20039479
20039481
20039483
20039485
20039487
20039489
20039491
20039496
20039500
20039501
20039502
20039503
20039504
20039505
20039511
20039514
20039517
20039519
20039521
20039524
20039527
20039528
20039531
20039533
20039541
20039548
20039553
20039559
20039561
20039562
20039564
20039565
20039579
20039584
20039586
20039588
20039591
20039594
20039595
20039599
20039601
20039602
20039603
20039605
20039606
20039607
20039608
20039609
20039610
20039612
20039615
20039616
20039617
20039618
20039620
20039622
20039629
20039634
20039637
20039640
20039642
20039646
20039649
20039650
20039656
20039657
20039659
20039665
20039669
20039671
20039675
20039681
20039688
20039690
20039696
20039697
20039698
20039703
20039704
20039708
20039710
20039712
20039713
20039714
20039715
20039717
20039722
20039724
20039728
20039729
20039736
20039737
20039738
20039742
20039743
20039745
20039747
20039748
20039750
20039752
20039758
20039761
20039765
20039766
20039772
20039775
20039776
20039777
20039779
20039780
20039783
20039786
20039787
20039789
20039791
20039792
20039794
20039797
20039798
20039801
20039802
20039803
20039804
20039805
20039811
20039812
20039814
20039815
20039816
20039817
20039818
20039819
20039820
20039825
20039826
20039831
20039832
20039833
20039840
20039844
20039847
20039852
20039855
20039862
20039863
20039867
20039869
20039871
20039875
20039879
20039886
20039889
20039891
20039892
20039893
20039895
20039898
20039901
20039908
20039910
20039921
20039924
20039925
20039928
20039936
20039937
20039939
20039943
20039950
20039953
20039956
20039960
20039961
20039963
20039964
20039966
20039967
20039971
20039975
20039981
20039985
20039993
20039997
20039999
20040001
20040006
20040014
20040015
20040016
20040017
20040023
20040029
20040030
20040035
20040048
20040049
20040051
20040052
20040054
20040056
20040057
20040058
20040061
20040069
20040072
20040075
20040081
20040082
20040084
20040089
20040091
20040094
20040095
20040101
20040102
20040105
20040110
20040111
20040112
20040118
20040122
20040126
20040127
20040129
20040131
20040132
20040134
20040138
20040139
20040142
20040145
20040147
20040148
20040157
20040166
20040168
20040171
20040175
20040176
20040177
20040178
20040179
20040184
20040188
20040191
20040192
20040198
20040201
20040202
20040203
20040209
20040210
20040213
20040238
20040241
20040251
20040252
20040253
20040258
20040261
20040265
20040268
20040269
20040271
20040272
20040277
20040278
20040286
20040289
20040290
20040292
20040294
20040296
20040298
20040300
20040301
20040302
20040306
20040307
20040310
20040313
20040321
20040322
20040325
20040329
20040332
20040335
20040339
20040344
20040346
20040347
20040349
20040350
20040363
20040367
20040373
20040374
20040375
20040378
20040379
20040383
20040393
20040397
20040399
20040400
20040401
20040405
20040406
20040407
20040408
20040409
20040413
20040414
20040418
20040422
20040428
20040440
20040442
20040447
20040448
20040453
20040456
20040459
20040461
20040462
20040463
20040467
20040475
20040476
20040481
20040486
20040488
20040493
20040498
20040499
20040505
20040506
20040510
20040516
20040518
20040521
20040522
20040526
20040527
20040530
20040531
20040532
20040537
20040539
20040541
20040544
20040549
20040551
20040554
20040555
20040560
20040564
20040568
20040570
20040571
20040574
20040577
20040579
20040580
20040581
20040582
20040585
20040586
20040587
20040588
20040592
20040593
20040610
20040614
20040620
20040627
20040632
20040634
20040635
20040639
20040642
20040644
20040645
20040651
20040653
20040654
20040655
20040660
20040661
20040670
20040671
20040674
20040676
20040679
20040685
20040687
20040689
20040691
20040696
20040697
20040701
20040705
20040706
20040707
20040708
20040709
20040716
20040722
20040723
20040727
20040730
20040736
20040745
20040748
20040756
20040761
20040765
20040769
20040773
20040777
20040778
20040779
20040780
20040781
20040787
20040789
20040791
20040792
20040795
20040801
20040806
20040809
20040812
20040813
20040822
20040825
20040826
20040827
20040828
20040832
20040833
20040840
20040842
20040844
20040846
20040855
20040860
20040862
20040868
20040869
20040872
20040873
20040874
20040877
20040880
20040882
20040883
20040897
20040898
20040902
20040903
20040905
20040908
20040909
20040910
20040911
20040912
20040915
20040918
20040921
20040923
20040926
20040928
20040930
20040933
20040934
20040940
20040947
20040948
20040950
20040951
20040952
20040953
20040956
20040959
20040961
20040967
20040968
20040969
20040974
20040977
20040981
20040982
20040986
20040987
20040990
20040993
20040995
20040999
20041000
20041004
20041008
20041010
20041013
20041015
20041019
20041020
20041021
20041027
20041038
20041045
20041047
20041048
20041050
20041052
20041056
20041057
20041058
20041062
20041065
20041067
20041068
20041069
20041071
20041072
20041074
20041075
20041077
20041080
20041084
20041089
20041092
20041093
20041097
20041098
20041100
20041103
20041104
20041113
20041115
20041116
20041122
20041124
20041129
20041131
20041132
20041134
20041135
20041137
20041140
20041141
20041142
20041144
20041145
20041150
20041153
20041154
20041158
20041161
20041162
20041165
20041168
20041173
20041174
20041175
20041178
20041179
20041180
20041182
20041184
20041187
20041192
20041194
20041196
20041197
20041209
20041210
20041211
20041217
20041218
20041222
20041224
20041225
20041226
20041227
20041229
20041231
20041232
20041233
20041234
20041235
20041237
20041238
20041240
20041253
20041256
20041258
20041261
20041264
20041267
20041270
20041274
20041282
20041283
20041288
20041292
20041294
20041297
20041304
20041311
20041315
20041317
20041326
20041331
20041337
20041338
20041340
20041341
20041342
20041344
20041351
20041353
20041354
20041357
20041359
20041363
20041372
20041374
20041376
20041383
20041386
20041388
20041390
20041391
20041395
20041396
20041397
20041398
20041400
20041402
20041404
20041405
20041408
20041411
20041412
20041414
20041415
20041416
20041419
20041429
20041434
20041435
20041436
20041439
20041440
20041445
20041449
20041450
20041453
20041455
20041457
20041462
20041465
20041466
20041467
20041468
20041475
20041476
20041477
20041480
20041483
20041485
20041491
20041496
20041497
20041498
20041501
20041502
20041503
20041504
20041510
20041516
20041519
20041526
20041528
20041535
20041538
20041539
20041540
20041542
20041543
20041544
20041545
20041549
20041553
20041556
20041558
20041560
20041563
20041571
20041576
20041581
20041584
20041586
20041590
20041597
20041598
20041599
20041600
20041605
20041606
20041607
20041609
20041610
20041619
20041622
20041626
20041627
20041628
20041629
20041631
20041644
20041652
20041653
20041654
20041655
20041658
20041660
20041663
20041669
20041670
20041671
20041673
20041678
20041679
20041682
20041684
20041688
20041690
20041691
20041692
20041695
20041697
20041699
20041705
20041709
20041714
20041719
20041720
20041722
20041723
20041725
20041734
20041735
20041736
20041738
20041741
20041742
20041744
20041745
20041752
20041754
20041755
20041756
20041759
20041760
20041770
20041772
20041774
20041778
20041779
20041782
20041783
20041787
20041790
20041791
20041793
20041794
20041805
20041808
20041809
20041814
20041816
20041817
20041823
20041832
20041833
20041836
20041843
20041844
20041846
20041850
20041852
20041857
20041859
20041861
20041863
20041864
20041865
20041866
20041867
20041869
20041871
20041875
20041878
20041880
20041881
20041883
20041885
20041887
20041892
20041893
20041894
20041895
20041897
20041903
20041904
20041912
20041916
20041920
20041925
20041926
20041928
20041929
20041932
20041934
20041936
20041937
20041939
20041943
20041948
20041953
20041956
20041957
20041959
20041963
20041965
20041967
20041970
20041980
20041981
20041982
20041987
20041989
20041990
20041991
20041992
20041993
20041998
20042000
20042002
20042008
20042014
20042015
20042018
20042019
20042020
20042023
20042024
20042025
20042028
20042029
20042030
20042034
20042038
20042041
20042042
20042043
20042044
20042045
20042046
20042047
20042050
20042052
20042053
20042055
20042057
20042064
20042068
20042070
20042074
20042079
20042089
20042097
20042101
20042106
20042109
20042111
20042112
20042117
20042120
20042128
20042141
20042144
20042147
20042151
20042153
20042154
20042160
20042166
20042172
20042174
20042175
20042177
20042182
20042193
20042194
20042195
20042198
20042204
20042205
20042207
20042216
20042219
20042220
20042222
20042224
20042225
20042226
20042227
20042228
20042231
20042234
20042236
20042245
20042252
20042256
20042257
20042260
20042265
20042271
20042273
20042275
20042278
20042280
20042283
20042284
20042286
20042293
20042296
20042297
20042301
20042302
20042306
20042308
20042310
20042311
20042314
20042328
20042329
20042341
20042342
20042345
20042347
20042351
20042359
20042360
20042363
20042370
20042374
20042375
20042384
20042386
20042388
20042393
20042395
20042405
20042411
20042416
20042419
20042421
20042423
20042426
20042429
20042431
20042433
20042436
20042438
20042440
20042442
20042443
20042445
20042447
20042448
20042452
20042453
20042459
20042461
20042462
20042465
20042469
20042474
20042477
20042483
20042488
20042490
20042491
20042494
20042496
20042497
20042500
20042501
20042502
20042504
20042508
20042513
20042518
20042519
20042523
20042525
20042527
20042531
20042533
20042536
20042538
20042539
20042541
20042548
20042553
20042555
20042556
20042559
20042561
20042564
20042567
20042570
20042571
20042573
20042574
20042576
20042585
20042588
20042592
20042593
20042599
20042601
20042605
20042609
20042617
20042622
20042625
20042627
20042628
20042631
20042633
20042635
20042644
20042645
20042646
20042647
20042649
20042650
20042651
20042653
20042658
20042659
20042663
20042665
20042668
20042669
20042672
20042675
20042677
20042683
20042690
20042693
20042698
20042702
20042703
20042705
20042707
20042709
20042711
20042712
20042717
20042724
20042725
20042726
20042727
20042729
20042731
20042738
20042739
20042746
20042750
20042752
20042753
20042756
20042758
20042759
20042760
20042764
20042765
20042774
20042781
20042786
20042788
20042789
20042790
20042791
20042796
20042802
20042804
20042806
20042809
20042810
20042813
20042816
20042818
20042819
20042823
20042824
20042825
20042826
20042828
20042832
20042833
20042839
20042841
20042846
20042847
20042850
20042851
20042857
20042859
20042862
20042865
20042869
20042872
20042873
20042875
20042876
20042881
20042882
20042885
20042887
20042892
20042898
20042900
20042901
20042906
20042908
20042909
20042911
20042914
20042915
20042918
20042924
20042927
20042929
20042935
20042938
20042939
20042943
20042945
20042949
20042952
20042953
20042955
20042956
20042959
20042961
20042964
20042976
20042978
20042979
20042982
20042984
20042987
20042989
20042990
20042993
20042994
20042999
20043001
20043005
20043008
20043009
20043010
20043017
20043020
20043027
20043029
20043033
20043035
20043039
20043043
20043044
20043047
20043051
20043052
20043060
20043061
20043064
20043065
20043072
20043074
20043076
20043078
20043079
20043080
20043083
20043094
20043095
20043099
20043103
20043105
20043108
20043111
20043113
20043115
20043117
20043124
20043127
20043129
20043130
20043134
20043137
20043142
20043146
20043148
20043151
20043152
20043161
20043163
20043165
20043166
20043169
20043170
20043171
20043173
20043178
20043184
20043185
20043187
20043188
20043193
20043194
20043200
20043203
20043207
20043209
20043211
20043214
20043217
20043222
20043223
20043227
20043228
20043232
20043233
20043234
20043236
20043240
20043242
20043244
20043245
20043248
20043249
20043256
20043257
20043258
20043261
20043262
20043263
20043264
20043269
20043271
20043273
20043274
20043277
20043280
20043284
20043289
20043291
20043294
20043296
20043298
20043302
20043303
20043305
20043308
20043312
20043314
20043316
20043319
20043320
20043322
20043324
20043326
20043331
20043332
20043333
20043335
20043338
20043340
20043343
20043344
20043345
20043346
20043348
20043350
20043352
20043353
20043361
20043362
20043363
20043366
20043368
20043369
20043372
20043373
20043375
20043376
20043383
20043384
20043389
20043390
20043393
20043394
20043397
20043401
20043402
20043404
20043405
20043409
20043410
20043414
20043419
20043421
20043423
20043425
20043428
20043430
20043431
20043432
20043433
20043435
20043437
20043443
20043449
20043456
20043457
20043458
20043459
20043464
20043469
20043470
20043471
20043475
20043476
20043482
20043486
20043487
20043489
20043490
20043491
20043499
20043501
20043502
20043508
20043509
20043512
20043517
20043518
20043528
20043535
20043536
20043540
20043542
20043545
20043546
20043547
20043548
20043549
20043553
20043556
20043557
20043564
20043566
20043567
20043569
20043571
20043572
20043574
20043579
20043580
20043587
20043589
20043591
20043592
20043594
20043598
20043601
20043606
20043612
20043614
20043616
20043619
20043620
20043621
20043624
20043626
20043628
20043633
20043634
20043636
20043642
20043645
20043646
20043647
20043648
20043649
20043650
20043651
20043652
20043659
20043666
20043667
20043671
20043673
20043674
20043675
20043678
20043683
20043688
20043690
20043692
20043695
20043696
20043697
20043700
20043701
20043705
20043708
20043710
20043711
20043712
20043715
20043722
20043726
20043727
20043735
20043736
20043739
20043741
20043743
20043744
20043747
20043752
20043754
20043756
20043760
20043761
20043764
20043765
20043767
20043775
20043779
20043782
20043789
20043791
20043793
20043797
20043798
20043799
20043806
20043811
20043816
20043819
20043820
20043821
20043822
20043823
20043825
20043826
20043828
20043832
20043839
20043840
20043841
20043846
20043848
20043850
20043851
20043852
20043856
20043861
20043864
20043876
20043878
20043883
20043887
20043888
20043890
20043894
20043898
20043899
20043902
20043904
20043908
20043919
20043920
20043923
20043942
20043944
20043949
20043953
20043954
20043955
20043962
20043963
20043967
20043968
20043972
20043976
20043979
20043980
20043983
20043986
20043987
20043988
20043991
20043997
20044005
20044006
20044008
20044012
20044013
20044014
20044015
20044017
20044019
20044021
20044024
20044029
20044031
20044033
20044035
20044037
20044038
20044041
20044048
20044050
20044051
20044053
20044056
20044058
20044059
20044065
20044074
20044077
20044078
20044079
20044082
20044089
20044095
20044096
20044100
20044103
20044104
20044110
20044113
20044118
20044119
20044120
20044125
20044127
20044128
20044131
20044133
20044135
20044141
20044144
20044147
20044148
20044152
20044156
20044160
20044161
20044170
20044171
20044178
20044180
20044181
20044182
20044183
20044184
20044189
20044196
20044198
20044199
20044200
20044201
20044202
20044204
20044208
20044209
20044211
20044212
20044214
20044216
20044218
20044220
20044224
20044230
20044243
20044244
20044245
20044246
20044248
20044249
20044250
20044256
20044258
20044263
20044268
20044270
20044271
20044275
20044283
20044287
20044288
20044291
20044296
20044297
20044300
20044302
20044306
20044308
20044316
20044319
20044321
20044323
20044325
20044326
20044335
20044337
20044343
20044345
20044351
20044352
20044359
20044363
20044366
20044367
20044368
20044370
20044378
20044380
20044383
20044389
20044390
20044392
20044393
20044395
20044396
20044399
20044401
20044402
20044406
20044407
20044412
20044415
20044416
20044418
20044422
20044424
20044428
20044429
20044439
20044440
20044446
20044447
20044449
20044455
20044457
20044458
20044459
20044461
20044462
20044465
20044468
20044471
20044475
20044479
20044480
20044481
20044483
20044484
20044490
20044491
20044494
20044499
20044501
20044503
20044507
20044510
20044512
20044513
20044517
20044519
20044523
20044526
20044527
20044534
20044535
20044536
20044538
20044540
20044541
20044543
20044545
20044550
20044552
20044558
20044560
20044561
20044562
20044564
20044568
20044569
20044570
20044571
20044573
20044576
20044577
20044579
20044589
20044590
20044594
20044596
20044600
20044602
20044603
20044605
20044607
20044612
20044614
20044624
20044625
20044627
20044633
20044634
20044640
20044642
20044647
20044649
20044657
20044659
20044666
20044672
20044674
20044675
20044682
20044685
20044687
20044692
20044694
20044695
20044697
20044699
20044700
20044703
20044706
20044707
20044708
20044709
20044713
20044724
20044729
20044736
20044739
20044741
20044742
20044746
20044747
20044748
20044749
20044752
20044754
20044757
20044759
20044766
20044767
20044774
20044776
20044777
20044780
20044783
20044785
20044787
20044791
20044793
20044794
20044795
20044800
20044807
20044809
20044813
20044814
20044818
20044820
20044821
20044822
20044826
20044827
20044828
20044832
20044833
20044834
20044836
20044841
20044843
20044845
20044850
20044852
20044854
20044856
20044858
20044859
20044861
20044868
20044872
20044873
20044875
20044882
20044883
20044887
20044888
20044891
20044892
20044895
20044898
20044902
20044903
20044904
20044905
20044906
20044907
20044914
20044919
20044921
20044928
20044929
20044930
20044932
20044933
20044934
20044935
20044936
20044940
20044942
20044946
20044947
20044948
20044950
20044955
20044956
20044959
20044960
20044962
20044963
20044965
20044974
20044980
20044982
20044985
20044989
20044996
20045001
20045004
20045005
20045009
20045012
20045013
20045014
20045016
20045019
20045022
20045024
20045025
20045027
20045028
20045030
20045033
20045034
20045038
20045040
20045045
20045047
20045052
20045055
20045056
20045057
20045059
20045064
20045071
20045073
20045076
20045077
20045079
20045083
20045088
20045090
20045094
20045095
20045097
20045098
20045110
20045121
20045123
20045127
20045129
20045130
20045131
20045132
20045136
20045138
20045139
20045142
20045147
20045156
20045161
20045164
20045165
20045167
20045171
20045172
20045173
20045176
20045177
20045178
20045181
20045184
20045185
20045190
20045193
20045198
20045201
20045205
20045206
20045215
20045216
20045218
20045221
20045225
20045226
20045236
20045237
20045238
20045239
20045240
20045241
20045243
20045250
20045252
20045255
20045257
20045271
20045272
20045275
20045277
20045279
20045286
20045287
20045291
20045292
20045295
20045297
20045299
20045302
20045307
20045316
20045318
20045320
20045322
20045327
20045328
20045337
20045338
20045340
20045342
20045344
20045345
20045351
20045355
20045359
20045360
20045361
20045371
20045373
20045374
20045376
20045380
20045381
20045383
20045384
20045385
20045386
20045388
20045390
20045395
20045398
20045404
20045406
20045407
20045411
20045412
20045414
20045415
20045420
20045424
20045427
20045428
20045434
20045435
20045440
20045441
20045443
20045444
20045448
20045449
20045451
20045457
20045459
20045460
20045462
20045468
20045469
20045472
20045473
20045476
20045479
20045480
20045485
20045487
20045498
20045500
20045502
20045505
20045507
20045511
20045512
20045516
20045519
20045524
20045525
20045529
20045532
20045536
20045537
20045538
20045539
20045545
20045547
20045550
20045551
20045556
20045560
20045563
20045565
20045568
20045571
20045572
20045573
20045577
20045579
20045581
20045582
20045587
20045591
20045593
20045595
20045596
20045597
20045598
20045600
20045602
20045608
20045615
20045618
20045624
20045625
20045630
20045632
20045633
20045635
20045640
20045644
20045647
20045654
20045655
20045657
20045658
20045659
20045660
20045666
20045667
20045669
20045670
20045672
20045673
20045675
20045676
20045680
20045686
20045688
20045689
20045692
20045694
20045695
20045701
20045705
20045707
20045710
20045713
20045718
20045719
20045720
20045721
20045723
20045728
20045729
20045732
20045737
20045741
20045745
20045752
20045754
20045756
20045761
20045763
20045764
20045767
20045772
20045778
20045779
20045783
20045786
20045787
20045788
20045790
20045793
20045799
20045803
20045806
20045807
20045809
20045814
20045815
20045819
20045823
20045825
20045830
20045832
20045833
20045835
20045837
20045838
20045844
20045848
20045853
20045856
20045857
20045860
20045862
20045864
20045865
20045867
20045868
20045877
20045878
20045879
20045884
20045891
20045896
20045898
20045900
20045909
20045911
20045913
20045918
20045927
20045931
20045941
20045944
20045948
20045949
20045955
20045960
20045962
20045969
20045971
20045973
20045991
20045993
20045995
20045998
20046000
20046005
20046007
20046010
20046014
20046018
20046020
20046021
20046024
20046027
20046034
20046035
20046037
20046040
20046041
20046042
20046043
20046045
20046055
20046059
20046060
20046072
20046074
20046076
20046079
20046080
20046083
20046087
20046089
20046090
20046093
20046095
20046096
20046097
20046100
20046102
20046103
20046104
20046106
20046109
20046113
20046116
20046117
20046118
20046120
20046121
20046123
20046126
20046128
20046130
20046135
20046137
20046139
20046140
20046145
20046150
20046152
20046159
20046160
20046162
20046166
20046168
20046175
20046177
20046178
20046193
20046195
20046199
20046201
20046206
20046207
20046208
20046215
20046219
20046224
20046225
20046226
20046228
20046231
20046233
20046237
20046239
20046243
20046244
20046246
20046247
20046248
20046249
20046250
20046254
20046256
20046269
20046273
20046279
20046281
20046283
20046285
20046286
20046288
20046291
20046296
20046297
20046299
20046300
20046302
20046304
20046306
20046311
20046314
20046315
20046316
20046318
20046323
20046325
20046334
20046336
20046341
20046342
20046344
20046346
20046350
20046352
20046356
20046360
20046361
20046363
20046365
20046367
20046368
20046369
20046374
20046375
20046381
20046383
20046386
20046388
20046389
20046391
20046397
20046398
20046400
20046402
20046405
20046406
20046410
20046413
20046420
20046421
20046422
20046427
20046429
20046437
20046438
20046439
20046440
20046441
20046442
20046443
20046444
20046445
20046446
20046448
20046452
20046453
20046457
20046466
20046468
20046477
20046483
20046485
20046487
20046489
20046490
20046492
20046494
20046495
20046497
20046502
20046506
20046514
20046515
20046519
20046520
20046523
20046526
20046527
20046530
20046533
20046535
20046536
20046537
20046541
20046542
20046543
20046544
20046548
20046551
20046554
20046559
20046560
20046562
20046565
20046566
20046569
20046570
20046572
20046576
20046579
20046581
20046582
20046587
20046588
20046591
20046593
20046594
20046601
20046602
20046603
20046604
20046605
20046612
20046613
20046618
20046622
20046623
20046624
20046630
20046631
20046632
20046635
20046637
20046639
20046640
20046642
20046644
20046646
20046648
20046651
20046652
20046653
20046654
20046656
20046659
20046664
20046668
20046674
20046675
20046681
20046682
20046690
20046696
20046697
20046698
20046702
20046704
20046708
20046715
20046720
20046723
20046726
20046728
20046732
20046734
20046740
20046742
20046743
20046744
20046746
20046747
20046749
20046752
20046753
20046762
20046766
20046768
20046776
20046782
20046784
20046789
20046795
20046799
20046808
20046814
20046817
20046818
20046825
20046827
20046828
20046830
20046835
20046837
20046841
20046846
20046849
20046854
20046857
20046866
20046868
20046872
20046875
20046878
20046879
20046881
20046883
20046885
20046887
20046889
20046890
20046893
20046894
20046895
20046897
20046904
20046905
20046907
20046908
20046911
20046912
20046913
20046928
20046931
20046932
20046935
20046941
20046943
20046946
20046949
20046952
20046954
20046956
20046959
20046963
20046965
20046967
20046968
20046969
20046973
20046975
20046976
20046978
20046979
20046982
20046984
20046985
20046990
20046992
20046995
20046997
20046998
20046999
20047004
20047007
20047009
20047012
20047013
20047019
20047020
20047024
20047029
20047030
20047032
20047039
20047040
20047041
20047043
20047044
20047047
20047052
20047054
20047058
20047065
20047066
20047067
20047071
20047074
20047079
20047081
20047083
20047084
20047093
20047098
20047105
20047106
20047107
20047108
20047109
20047110
20047115
20047119
20047121
20047128
20047130
20047140
20047141
20047142
20047143
20047156
20047158
20047161
20047162
20047166
20047170
20047173
20047175
20047178
20047180
20047183
20047185
20047192
20047193
20047194
20047196
20047204
20047205
20047206
20047208
20047209
20047214
20047216
20047221
20047227
20047228
20047234
20047235
20047239
20047243
20047250
20047251
20047252
20047255
20047258
20047262
20047264
20047265
20047267
20047271
20047273
20047283
20047285
20047286
20047289
20047291
20047293
20047294
20047295
20047298
20047306
20047311
20047317
20047319
20047324
20047328
20047329
20047341
20047348
20047351
20047352
20047361
20047364
20047367
20047371
20047374
20047376
20047379
20047386
20047390
20047393
20047396
20047403
20047404
20047409
20047414
20047418
20047421
20047428
20047436
20047442
20047443
20047446
20047448
20047449
20047455
20047457
20047458
20047460
20047461
20047462
20047463
20047466
20047467
20047476
20047479
20047482
20047489
20047490
20047497
20047498
20047503
20047506
20047511
20047512
20047519
20047520
20047522
20047524
20047526
20047530
20047534
20047539
20047544
20047545
20047548
20047549
20047550
20047553
20047554
20047555
20047556
20047558
20047561
20047565
20047567
20047568
20047571
20047572
20047573
20047579
20047584
20047587
20047588
20047592
20047593
20047597
20047602
20047608
20047612
20047613
20047614
20047617
20047619
20047626
20047628
20047630
20047632
20047634
20047637
20047640
20047642
20047644
20047646
20047648
20047649
20047650
20047654
20047660
20047661
20047662
20047676
20047678
20047687
20047691
20047696
20047701
20047702
20047704
20047705
20047710
20047711
20047713
20047714
20047716
20047717
20047719
20047723
20047736
20047743
20047744
20047747
20047749
20047751
20047755
20047759
20047760
20047761
20047765
20047767
20047768
20047772
20047781
20047783
20047790
20047797
20047798
20047801
20047805
20047807
20047808
20047810
20047811
20047813
20047815
20047818
20047819
20047822
20047823
20047825
20047832
20047835
20047840
20047851
20047855
20047859
20047861
20047862
20047868
20047871
20047872
20047873
20047875
20047881
20047883
20047884
20047888
20047890
20047894
20047895
20047896
20047899
20047906
20047907
20047908
20047911
20047913
20047914
20047915
20047919
20047921
20047925
20047930
20047933
20047935
20047936
20047939
20047944
20047950
20047951
20047953
20047955
20047958
20047960
20047961
20047964
20047967
20047972
20047976
20047982
20047986
20047990
20047993
20047995
20047999
20048001
20048016
20048020
20048022
20048023
20048027
20048033
20048037
20048040
20048042
20048049
20048054
20048055
20048060
20048062
20048071
20048075
20048076
20048078
20048079
20048080
20048081
20048086
20048094
20048095
20048101
20048104
20048105
20048108
20048109
20048112
20048114
20048118
20048119
20048127
20048128
20048130
20048134
20048139
20048140
20048146
20048147
20048148
20048149
20048153
20048154
20048158
20048160
20048162
20048163
20048164
20048165
20048166
20048169
20048172
20048179
20048181
20048185
20048188
20048191
20048192
20048193
20048196
20048201
20048205
20048209
20048219
20048220
20048222
20048223
20048224
20048229
20048233
20048235
20048242
20048247
20048248
20048249
20048254
20048258
20048261
20048263
20048264
20048266
20048270
20048272
20048276
20048277
20048278
20048283
20048284
20048285
20048287
20048288
20048294
20048297
20048300
20048306
20048308
20048313
20048320
20048325
20048332
20048334
20048335
20048338
20048339
20048343
20048347
20048349
20048350
20048352
20048354
20048368
20048369
20048370
20048371
20048372
20048374
20048383
20048387
20048391
20048394
20048396
20048400
20048404
20048409
20048410
20048414
20048415
20048416
20048417
20048423
20048424
20048432
20048433
20048434
20048435
20048436
20048440
20048445
20048447
20048448
20048453
20048454
20048457
20048458
20048460
20048461
20048462
20048463
20048464
20048471
20048472
20048476
20048477
20048478
20048482
20048486
20048487
20048488
20048490
20048491
20048499
20048506
20048507
20048509
20048510
20048514
20048515
20048518
20048522
20048523
20048524
20048527
20048531
20048533
20048534
20048538
20048539
20048541
20048546
20048547
20048552
20048554
20048555
20048557
20048563
20048566
20048569
20048571
20048572
20048573
20048574
20048575
20048577
20048580
20048589
20048591
20048596
20048598
20048599
20048606
20048609
20048610
20048611
20048615
20048616
20048619
20048620
20048621
20048627
20048628
20048632
20048635
20048640
20048645
20048650
20048654
20048655
20048656
20048657
20048659
20048660
20048664
20048668
20048671
20048673
20048678
20048683
20048685
20048687
20048688
20048697
20048700
20048704
20048705
20048707
20048709
20048711
20048714
20048718
20048721
20048722
20048726
20048728
20048729
20048730
20048731
20048733
20048738
20048742
20048743
20048744
20048746
20048749
20048757
20048760
20048762
20048765
20048767
20048769
20048771
20048772
20048781
20048782
20048783
20048792
20048794
20048796
20048800
20048801
20048812
20048813
20048814
20048818
20048820
20048823
20048825
20048827
20048832
20048834
20048837
20048840
20048843
20048854
20048857
20048858
20048859
20048861
20048872
20048873
20048876
20048878
20048879
20048882
20048883
20048890
20048894
20048897
20048898
20048899
20048901
20048903
20048906
20048910
20048915
20048935
20048940
20048942
20048943
20048949
20048954
20048955
20048957
20048960
20048965
20048966
20048970
20048974
20048977
20048979
20048980
20048991
20048994
20048998
20048999
20049000
20049001
20049003
20049004
20049006
20049007
20049010
20049011
20049023
20049025
20049031
20049037
20049038
20049041
20049042
20049043
20049047
20049050
20049051
20049054
20049060
20049065
20049068
20049076
20049081
20049084
20049085
20049091
20049094
20049097
20049099
20049100
20049103
20049105
20049108
20049110
20049111
20049112
20049114
20049115
20049116
20049117
20049120
20049133
20049136
20049140
20049141
20049143
20049145
20049147
20049152
20049156
20049158
20049159
20049162
20049166
20049167
20049173
20049181
20049182
20049184
20049194
20049200
20049201
20049202
20049203
20049208
20049209
20049211
20049212
20049215
20049216
20049222
20049226
20049228
20049230
20049231
20049232
20049234
20049236
20049242
20049246
20049247
20049252
20049255
20049256
20049261
20049265
20049267
20049270
20049280
20049283
20049284
20049285
20049287
20049292
20049293
20049297
20049303
20049308
20049312
20049313
20049314
20049315
20049321
20049324
20049328
20049331
20049332
20049343
20049344
20049346
20049350
20049352
20049360
20049365
20049374
20049377
20049380
20049389
20049391
20049403
20049404
20049407
20049415
20049417
20049420
20049421
20049422
20049426
20049434
20049435
20049439
20049441
20049443
20049448
20049449
20049450
20049453
20049455
20049460
20049461
20049464
20049466
20049467
20049473
20049474
20049476
20049481
20049482
20049486
20049491
20049495
20049509
20049513
20049518
20049520
20049522
20049523
20049529
20049533
20049536
20049537
20049538
20049540
20049545
20049550
20049551
20049557
20049559
20049560
20049565
20049566
20049570
20049574
20049577
20049578
20049582
20049583
20049585
20049586
20049594
20049605
20049611
20049613
20049617
20049619
20049620
20049622
20049623
20049625
20049627
20049629
20049631
20049636
20049637
20049638
20049639
20049647
20049648
20049649
20049653
20049656
20049657
20049661
20049668
20049670
20049675
20049676
20049677
20049678
20049680
20049683
20049685
20049686
20049687
20049688
20049689
20049690
20049692
20049695
20049698
20049701
20049702
20049703
20049708
20049709
20049712
20049715
20049716
20049717
20049718
20049719
20049721
20049724
20049725
20049731
20049733
20049734
20049736
20049737
20049741
20049742
20049744
20049745
20049746
20049750
20049752
20049755
20049757
20049761
20049762
20049765
20049766
20049768
20049773
20049780
20049785
20049787
20049794
20049795
20049796
20049799
20049804
20049811
20049812
20049813
20049815
20049821
20049822
20049823
20049825
20049826
20049831
20049838
20049839
20049841
20049846
20049850
20049852
20049854
20049856
20049858
20049862
20049865
20049866
20049870
20049877
20049879
20049881
20049884
20049888
20049895
20049896
20049899
20049903
20049904
20049905
20049911
20049912
20049913
20049916
20049917
20049922
20049934
20049936
20049938
20049940
20049942
20049944
20049947
20049951
20049952
20049953
20049957
20049958
20049959
20049965
20049967
20049969
20049970
20049971
20049974
20049977
20049981
20049984
20049986
20049990
20049991
20049992
20049993
20049994
20049997
20049999
20050003
20050008
20050010
20050011
20050012
20050019
20050022
20050023
20050026
20050032
20050033
20050035
20050040
20050045
20050046
20050047
20050048
20050050
20050053
20050055
20050056
20050060
20050064
20050066
20050073
20050080
20050085
20050087
20050088
20050092
20050093
20050100
20050102
20050105
20050106
20050107
20050112
20050114
20050116
20050118
20050120
20050124
20050125
20050132
20050133
20050137
20050139
20050141
20050143
20050146
20050147
20050149
20050150
20050154
20050160
20050161
20050165
20050167
20050171
20050179
20050185
20050186
20050187
20050189
20050191
20050195
20050197
20050198
20050201
20050203
20050206
20050207
20050212
20050216
20050219
20050220
20050228
20050233
20050234
20050241
20050248
20050249
20050250
20050254
20050256
20050257
20050258
20050262
20050265
20050266
20050268
20050269
20050270
20050272
20050273
20050274
20050275
20050279
20050281
20050282
20050283
20050284
20050289
20050290
20050293
20050295
20050299
20050300
20050301
20050304
20050306
20050307
20050310
20050315
20050316
20050319
20050320
20050326
20050327
20050331
20050332
20050339
20050341
20050342
20050346
20050358
20050360
20050363
20050366
20050369
20050370
20050372
20050374
20050376
20050377
20050379
20050381
20050382
20050383
20050388
20050392
20050396
20050397
20050401
20050402
20050403
20050406
20050408
20050416
20050427
20050434
20050437
20050438
20050442
20050444
20050455
20050459
20050461
20050470
20050471
20050472
20050475
20050478
20050481
20050484
20050493
20050495
20050497
20050498
20050504
20050508
20050509
20050510
20050513
20050514
20050516
20050521
20050522
20050523
20050527
20050531
20050532
20050533
20050534
20050538
20050539
20050540
20050547
20050548
20050549
20050551
20050554
20050557
20050560
20050565
20050566
20050568
20050570
20050571
20050572
20050575
20050578
20050582
20050588
20050589
20050592
20050595
20050596
20050600
20050601
20050603
20050607
20050609
20050610
20050612
20050617
20050618
20050623
20050633
20050640
20050641
20050643
20050645
20050647
20050648
20050649
20050652
20050653
20050654
20050656
20050657
20050660
20050663
20050665
20050668
20050676
20050677
20050679
20050680
20050686
20050693
20050694
20050695
20050697
20050701
20050710
20050711
20050716
20050717
20050721
20050722
20050725
20050726
20050727
20050730
20050734
20050737
20050739
20050740
20050747
20050752
20050753
20050754
20050755
20050759
20050761
20050763
20050764
20050767
20050770
20050776
20050778
20050780
20050781
20050783
20050789
20050792
20050794
20050795
20050798
20050802
20050803
20050805
20050808
20050811
20050813
20050814
20050818
20050823
20050826
20050827
20050830
20050841
20050843
20050847
20050849
20050852
20050853
20050854
20050858
20050860
20050866
20050870
20050872
20050875
20050879
20050880
20050883
20050884
20050886
20050890
20050891
20050892
20050894
20050901
20050902
20050905
20050906
20050911
20050921
20050925
20050930
20050932
20050936
20050939
20050940
20050943
20050961
20050964
20050972
20050973
20050974
20050976
20050978
20050979
20050981
20050982
20050984
20050986
20050988
20050990
20050994
20050999
20051003
20051005
20051007
20051011
20051015
20051016
20051017
20051019
20051020
20051023
20051032
20051037
20051040
20051041
20051042
20051050
20051051
20051056
20051058
20051059
20051064
20051066
20051067
20051068
20051070
20051075
20051076
20051077
20051079
20051080
20051081
20051082
20051083
20051086
20051098
20051099
20051112
20051117
20051120
20051122
20051124
20051127
20051129
20051139
20051155
20051170
20051171
20051173
20051176
20051181
20051182
20051186
20051188
20051193
20051195
20051198
20051199
20051204
20051206
20051209
20051210
20051211
20051216
20051217
20051218
20051219
20051221
20051223
20051229
20051230
20051231
20051233
20051234
20051235
20051238
20051239
20051241
20051247
20051254
20051259
20051260
20051264
20051269
20051270
20051275
20051276
20051277
20051278
20051282
20051285
20051294
20051297
20051299
20051300
20051301
20051302
20051304
20051309
20051311
20051314
20051317
20051318
20051324
20051325
20051326
20051327
20051328
20051337
20051338
20051340
20051343
20051351
20051354
20051360
20051361
20051365
20051366
20051367
20051369
20051370
20051371
20051374
20051379
20051385
20051388
20051390
20051391
20051400
20051402
20051405
20051407
20051412
20051416
20051431
20051438
20051439
20051440
20051441
20051442
20051444
20051446
20051448
20051451
20051457
20051462
20051472
20051473
20051475
20051476
20051477
20051480
20051483
20051491
20051496
20051500
20051501
20051502
20051503
20051504
20051506
20051509
20051510
20051511
20051512
20051513
20051517
20051518
20051522
20051530
20051536
20051539
20051540
20051543
20051545
20051547
20051549
20051550
20051551
20051552
20051553
20051554
20051560
20051561
20051564
20051569
20051570
20051582
20051587
20051588
20051590
20051591
20051594
20051595
20051596
20051600
20051605
20051607
20051610
20051611
20051617
20051618
20051619
20051625
20051626
20051628
20051629
20051631
20051632
20051634
20051636
20051637
20051639
20051641
20051644
20051645
20051648
20051649
20051650
20051654
20051656
20051662
20051663
20051664
20051668
20051669
20051672
20051674
20051678
20051680
20051681
20051685
20051686
20051687
20051689
20051690
20051693
20051696
20051702
20051706
20051707
20051718
20051726
20051730
20051735
20051736
20051740
20051741
20051743
20051745
20051746
20051750
20051756
20051761
20051765
20051768
20051773
20051774
20051777
20051778
20051780
20051782
20051785
20051791
20051792
20051793
20051794
20051796
20051799
20051802
20051805
20051807
20051809
20051810
20051817
20051820
20051821
20051824
20051826
20051828
20051834
20051839
20051841
20051844
20051849
20051850
20051851
20051854
20051857
20051864
20051872
20051875
20051879
20051881
20051883
20051889
20051891
20051892
20051895
20051896
20051911
20051917
20051918
20051919
20051920
20051922
20051924
20051928
20051929
20051931
20051934
20051937
20051939
20051944
20051948
20051949
20051952
20051953
20051955
20051956
20051958
20051967
20051968
20051971
20051972
20051981
20051982
20051983
20051988
20051990
20051992
20051995
20051997
20051998
20051999
20052000
20052001
20052006
20052008
20052011
20052023
20052024
20052025
20052030
20052031
20052035
20052036
20052043
20052047
20052050
20052054
20052055
20052057
20052059
20052061
20052064
20052066
20052068
20052070
20052071
20052075
20052077
20052083
20052087
20052088
20052090
20052091
20052094
20052096
20052098
20052106
20052108
20052109
20052117
20052131
20052134
20052136
20052138
20052140
20052144
20052146
20052147
20052149
20052151
20052157
20052164
20052168
20052172
20052181
20052182
20052184
20052186
20052189
20052192
20052193
20052196
20052198
20052209
20052210
20052212
20052214
20052217
20052221
20052227
20052228
20052229
20052230
20052231
20052241
20052244
20052246
20052248
20052253
20052256
20052260
20052263
20052265
20052266
20052267
20052268
20052270
20052279
20052284
20052287
20052289
20052293
20052294
20052297
20052298
20052307
20052308
20052310
20052312
20052314
20052315
20052319
20052326
20052327
20052330
20052331
20052333
20052338
20052347
20052348
20052349
20052350
20052351
20052353
20052364
20052368
20052370
20052372
20052374
20052376
20052379
20052380
20052381
20052382
20052384
20052386
20052387
20052392
20052393
20052396
20052398
20052399
20052400
20052401
20052402
20052403
20052404
20052406
20052411
20052415
20052417
20052419
20052422
20052423
20052424
20052426
20052433
20052438
20052443
20052444
20052446
20052447
20052450
20052452
20052456
20052460
20052461
20052464
20052465
20052467
20052468
20052473
20052476
20052477
20052480
20052481
20052486
20052487
20052490
20052491
20052493
20052496
20052497
20052498
20052502
20052503
20052504
20052505
20052507
20052509
20052511
20052513
20052515
20052519
20052520
20052522
20052523
20052524
20052525
20052529
20052532
20052535
20052537
20052541
20052542
20052553
20052554
20052555
20052560
20052568
20052569
20052570
20052571
20052573
20052576
20052577
20052580
20052582
20052584
20052588
20052590
20052594
20052602
20052611
20052612
20052618
20052619
20052620
20052621
20052629
20052635
20052641
20052646
20052649
20052651
20052653
20052658
20052660
20052662
20052663
20052666
20052670
20052671
20052673
20052674
20052676
20052677
20052679
20052687
20052689
20052690
20052691
20052692
20052698
20052703
20052705
20052706
20052709
20052710
20052711
20052714
20052719
20052722
20052726
20052733
20052738
20052739
20052741
20052745
20052748
20052759
20052762
20052774
20052783
20052785
20052788
20052789
20052790
20052791
20052793
20052799
20052801
20052807
20052815
20052817
20052823
20052825
20052826
20052827
20052828
20052830
20052834
20052835
20052840
20052846
20052849
20052850
20052852
20052853
20052854
20052855
20052856
20052858
20052863
20052865
20052866
20052867
20052876
20052877
20052878
20052879
20052881
20052884
20052887
20052897
20052898
20052903
20052905
20052907
20052916
20052918
20052921
20052924
20052925
20052931
20052935
20052937
20052942
20052947
20052950
20052954
20052960
20052961
20052966
20052970
20052972
20052975
20052977
20052978
20052979
20052980
20052981
20052984
20052989
20052990
20052992
20052996
20052997
20053006
20053009
20053015
20053018
20053019
20053022
20053024
20053028
20053031
20053032
20053033
20053034
20053037
20053038
20053039
20053044
20053049
20053050
20053051
20053052
20053054
20053055
20053057
20053058
20053059
20053060
20053061
20053062
20053063
20053064
20053065
20053066
20053067
20053069
20053075
20053078
20053090
20053091
20053093
20053094
20053101
20053104
20053111
20053112
20053114
20053115
20053117
20053118
20053119
20053120
20053122
20053126
20053129
20053132
20053134
20053137
20053145
20053147
20053150
20053152
20053162
20053165
20053167
20053169
20053170
20053173
20053174
20053175
20053176
20053177
20053180
20053184
20053186
20053187
20053189
20053192
20053193
20053201
20053208
20053212
20053214
20053216
20053218
20053219
20053220
20053224
20053225
20053226
20053230
20053231
20053232
20053238
20053239
20053247
20053248
20053251
20053253
20053254
20053256
20053258
20053259
20053266
20053273
20053277
20053278
20053279
20053281
20053283
20053284
20053285
20053286
20053289
20053294
20053298
20053302
20053310
20053312
20053313
20053318
20053323
20053326
20053328
20053329
20053331
20053333
20053343
20053345
20053353
20053355
20053367
20053371
20053375
20053378
20053380
20053384
20053385
20053386
20053387
20053390
20053397
20053399
20053402
20053406
20053409
20053416
20053419
20053423
20053424
20053425
20053427
20053429
20053430
20053431
20053432
20053435
20053441
20053446
20053447
20053448
20053457
20053459
20053461
20053465
20053467
20053469
20053473
20053476
20053477
20053479
20053480
20053483
20053484
20053485
20053487
20053493
20053496
20053497
20053499
20053501
20053503
20053504
20053506
20053507
20053508
20053513
20053514
20053517
20053519
20053520
20053521
20053522
20053523
20053529
20053533
20053534
20053539
20053541
20053542
20053546
20053547
20053550
20053551
20053553
20053558
20053560
20053562
20053566
20053577
20053578
20053579
20053585
20053586
20053596
20053597
20053600
20053601
20053603
20053604
20053606
20053611
20053612
20053614
20053616
20053618
20053619
20053631
20053637
20053639
20053641
20053644
20053646
20053647
20053648
20053655
20053656
20053657
20053658
20053659
20053660
20053661
20053662
20053664
20053665
20053669
20053671
20053675
20053676
20053677
20053678
20053679
20053682
20053683
20053685
20053687
20053689
20053690
20053691
20053694
20053697
20053699
20053700
20053701
20053702
20053703
20053705
20053707
20053712
20053713
20053714
20053720
20053729
20053731
20053734
20053740
20053743
20053744
20053747
20053748
20053752
20053754
20053755
20053756
20053761
20053770
20053772
20053776
20053777
20053778
20053780
20053787
20053788
20053796
20053806
20053810
20053812
20053814
20053820
20053822
20053825
20053826
20053828
20053829
20053835
20053837
20053838
20053839
20053843
20053847
20053849
20053851
20053861
20053863
20053865
20053867
20053868
20053869
20053873
20053874
20053875
20053877
20053878
20053879
20053886
20053889
20053891
20053893
20053894
20053896
20053897
20053898
20053904
20053905
20053906
20053908
20053912
20053915
20053919
20053932
20053939
20053946
20053948
20053953
20053956
20053960
20053963
20053965
20053967
20053975
20053979
20053988
20053989
20053992
20053993
20053995
20053996
20054000
20054004
20054009
20054011
20054012
20054016
20054017
20054019
20054023
20054024
20054027
20054029
20054032
20054034
20054036
20054037
20054045
20054048
20054049
20054051
20054053
20054054
20054055
20054057
20054058
20054061
20054062
20054068
20054072
20054073
20054075
20054081
20054085
20054091
20054100
20054103
20054107
20054114
20054116
20054120
20054124
20054126
20054128
20054131
20054132
20054136
20054137
20054138
20054144
20054146
20054148
20054149
20054151
20054152
20054153
20054157
20054158
20054160
20054161
20054169
20054170
20054171
20054174
20054175
20054178
20054182
20054186
20054187
20054188
20054190
20054191
20054192
20054193
20054197
20054198
20054199
20054200
20054201
20054209
20054210
20054213
20054214
20054215
20054216
20054222
20054239
20054240
20054244
20054253
20054258
20054259
20054260
20054262
20054263
20054265
20054267
20054268
20054275
20054279
20054284
20054286
20054287
20054289
20054290
20054292
20054294
20054298
20054299
20054300
20054301
20054302
20054303
20054307
20054308
20054309
20054311
20054315
20054318
20054322
20054324
20054325
20054330
20054331
20054336
20054337
20054341
20054347
20054349
20054350
20054351
20054352
20054356
20054359
20054368
20054370
20054379
20054381
20054385
20054387
20054398
20054399
20054403
20054406
20054415
20054417
20054419
20054424
20054428
20054432
20054433
20054435
20054443
20054446
20054448
20054449
20054452
20054460
20054464
20054465
20054466
20054470
20054471
20054475
20054478
20054480
20054484
20054487
20054488
20054490
20054491
20054493
20054494
20054497
20054500
20054501
20054508
20054516
20054523
20054525
20054531
20054532
20054535
20054537
20054539
20054541
20054543
20054545
20054547
20054554
20054558
20054565
20054570
20054573
20054576
20054584
20054589
20054596
20054597
20054598
20054602
20054608
20054610
20054611
20054614
20054616
20054619
20054621
20054624
20054633
20054634
20054638
20054639
20054640
20054641
20054648
20054649
20054650
20054661
20054668
20054669
20054672
20054675
20054676
20054677
20054685
20054686
20054687
20054689
20054691
20054692
20054695
20054699
20054701
20054703
20054709
20054711
20054715
20054717
20054730
20054732
20054735
20054736
20054738
20054742
20054748
20054749
20054752
20054754
20054755
20054760
20054761
20054774
20054775
20054776
20054784
20054787
20054788
20054792
20054793
20054795
20054797
20054798
20054799
20054804
20054811
20054813
20054818
20054821
20054825
20054826
20054827
20054829
20054830
20054831
20054834
20054837
20054838
20054852
20054853
20054860
20054861
20054863
20054869
20054872
20054873
20054875
20054877
20054881
20054883
20054884
20054885
20054892
20054893
20054899
20054901
20054907
20054909
20054914
20054915
20054924
20054926
20054927
20054933
20054936
20054943
20054948
20054949
20054953
20054954
20054955
20054962
20054963
20054964
20054966
20054968
20054970
20054973
20054978
20054979
20054984
20054986
20054989
20054995
20054997
20054999
20055000
20055004
20055006
20055010
20055013
20055014
20055015
20055017
20055023
20055025
20055027
20055029
20055032
20055039
20055043
20055045
20055046
20055048
20055049
20055050
20055051
20055056
20055062
20055063
20055065
20055069
20055070
20055074
20055078
20055081
20055082
20055087
20055088
20055090
20055096
20055097
20055098
20055100
20055106
20055108
20055109
20055113
20055116
20055117
20055128
20055135
20055142
20055144
20055147
20055153
20055154
20055155
20055159
20055160
20055163
20055164
20055167
20055168
20055172
20055182
20055183
20055191
20055192
20055206
20055207
20055209
20055214
20055215
20055217
20055218
20055219
20055224
20055229
20055232
20055236
20055237
20055240
20055242
20055243
20055244
20055246
20055252
20055257
20055259
20055266
20055268
20055271
20055272
20055274
20055280
20055295
20055298
20055299
20055300
20055307
20055311
20055312
20055319
20055321
20055325
20055326
20055327
20055330
20055337
20055340
20055343
20055345
20055350
20055354
20055356
20055360
20055372
20055374
20055378
20055381
20055383
20055386
20055390
20055400
20055402
20055409
20055411
20055412
20055417
20055418
20055419
20055420
20055421
20055424
20055429
20055430
20055432
20055437
20055439
20055440
20055445
20055446
20055448
20055449
20055452
20055453
20055455
20055457
20055459
20055460
20055462
20055464
20055466
20055469
20055478
20055479
20055480
20055482
20055485
20055487
20055496
20055501
20055502
20055503
20055506
20055508
20055510
20055516
20055518
20055529
20055534
20055537
20055539
20055541
20055547
20055548
20055549
20055556
20055561
20055566
20055567
20055568
20055573
20055574
20055575
20055583
20055588
20055590
20055594
20055595
20055596
20055597
20055604
20055605
20055607
20055610
20055611
20055612
20055614
20055615
20055620
20055627
20055631
20055632
20055637
20055641
20055644
20055647
20055648
20055649
20055651
20055653
20055656
20055664
20055667
20055675
20055678
20055682
20055686
20055691
20055692
20055695
20055698
20055700
20055705
20055707
20055710
20055712
20055714
20055716
20055721
20055722
20055723
20055725
20055726
20055727
20055730
20055732
20055735
20055736
20055741
20055747
20055749
20055751
20055757
20055759
20055760
20055762
20055764
20055766
20055768
20055772
20055775
20055776
20055777
20055778
20055781
20055783
20055785
20055791
20055795
20055798
20055805
20055807
20055811
20055820
20055822
20055824
20055827
20055828
20055829
20055832
20055841
20055844
20055851
20055852
20055859
20055860
20055862
20055864
20055867
20055869
20055874
20055875
20055876
20055877
20055882
20055883
20055884
20055885
20055889
20055890
20055892
20055896
20055900
20055909
20055910
20055914
20055915
20055917
20055918
20055919
20055920
20055922
20055923
20055926
20055939
20055941
20055946
20055947
20055951
20055952
20055955
20055958
20055959
20055960
20055967
20055969
20055973
20055977
20055982
20055985
20055986
20055990
20055991
20056001
20056004
20056009
20056010
20056011
20056012
20056018
20056020
20056021
20056023
20056026
20056027
20056028
20056029
20056037
20056038
20056042
20056044
20056045
20056046
20056049
20056050
20056051
20056052
20056053
20056055
20056060
20056063
20056064
20056066
20056069
20056072
20056074
20056076
20056077
20056080
20056081
20056084
20056085
20056087
20056089
20056093
20056096
20056098
20056099
20056103
20056105
20056106
20056108
20056112
20056114
20056115
20056118
20056119
20056124
20056125
20056126
20056127
20056129
20056132
20056134
20056137
20056143
20056145
20056146
20056147
20056148
20056151
20056152
20056153
20056155
20056160
20056165
20056172
20056177
20056181
20056189
20056190
20056192
20056193
20056194
20056198
20056203
20056204
20056205
20056207
20056209
20056214
20056215
20056218
20056219
20056220
20056221
20056223
20056224
20056227
20056228
20056237
20056238
20056239
20056249
20056250
20056255
20056257
20056263
20056264
20056266
20056270
20056271
20056272
20056273
20056280
20056282
20056289
20056295
20056299
20056300
20056301
20056302
20056308
20056311
20056312
20056313
20056314
20056318
20056323
20056326
20056327
20056329
20056331
20056332
20056334
20056337
20056342
20056347
20056352
20056353
20056355
20056357
20056364
20056365
20056367
20056375
20056380
20056386
20056387
20056388
20056393
20056397
20056412
20056413
20056422
20056423
20056424
20056425
20056430
20056433
20056436
20056438
20056442
20056452
20056460
20056464
20056465
20056467
20056469
20056470
20056476
20056477
20056491
20056492
20056493
20056495
20056500
20056501
20056502
20056506
20056507
20056508
20056512
20056513
20056521
20056522
20056523
20056535
20056539
20056541
20056542
20056547
20056553
20056557
20056559
20056560
20056562
20056566
20056571
20056573
20056575
20056578
20056579
20056587
20056591
20056594
20056599
20056600
20056603
20056607
20056609
20056614
20056615
20056620
20056622
20056623
20056632
20056638
20056640
20056641
20056645
20056649
20056650
20056651
20056652
20056653
20056655
20056658
20056660
20056662
20056665
20056666
20056675
20056677
20056678
20056687
20056696
20056697
20056698
20056699
20056703
20056706
20056712
20056716
20056718
20056719
20056722
20056724
20056727
20056728
20056730
20056733
20056734
20056737
20056738
20056747
20056754
20056755
20056759
20056763
20056766
20056771
20056772
20056774
20056779
20056780
20056783
20056785
20056789
20056790
20056797
20056799
20056800
20056803
20056806
20056807
20056808
20056810
20056813
20056816
20056817
20056818
20056819
20056820
20056824
20056825
20056828
20056832
20056834
20056839
20056848
20056851
20056852
20056853
20056854
20056855
20056858
20056862
20056870
20056871
20056884
20056885
20056886
20056889
20056890
20056892
20056895
20056902
20056904
20056905
20056906
20056909
20056911
20056912
20056913
20056920
20056921
20056922
20056927
20056928
20056935
20056939
20056942
20056946
20056947
20056954
20056956
20056960
20056961
20056962
20056968
20056970
20056972
20056973
20056974
20056977
20056979
20056982
20056985
20056986
20056989
20056990
20056994
20056996
20056999
20057000
20057001
20057004
20057006
20057008
20057010
20057011
20057012
20057020
20057023
20057024
20057029
20057031
20057037
20057040
20057042
20057044
20057047
20057048
20057049
20057054
20057060
20057063
20057064
20057066
20057074
20057082
20057085
20057086
20057091
20057093
20057094
20057096
20057100
20057102
20057103
20057104
20057110
20057111
20057113
20057115
20057116
20057121
20057122
20057124
20057131
20057136
20057138
20057139
20057145
20057147
20057148
20057149
20057153
20057154
20057165
20057166
20057169
20057171
20057174
20057178
20057179
20057185
20057187
20057192
20057193
20057194
20057195
20057197
20057204
20057208
20057214
20057215
20057220
20057222
20057224
20057227
20057228
20057230
20057234
20057236
20057238
20057241
20057242
20057246
20057248
20057252
20057254
20057259
20057262
20057263
20057270
20057273
20057277
20057278
20057281
20057286
20057291
20057296
20057297
20057303
20057305
20057310
20057312
20057313
20057321
20057323
20057326
20057334
20057335
20057336
20057338
20057339
20057346
20057348
20057349
20057353
20057355
20057363
20057364
20057366
20057369
20057372
20057374
20057375
20057376
20057378
20057379
20057383
20057384
20057388
20057391
20057393
20057394
20057398
20057400
20057401
20057402
20057405
20057412
20057414
20057415
20057419
20057420
20057423
20057424
20057426
20057431
20057432
20057435
20057436
20057437
20057438
20057439
20057442
20057446
20057450
20057452
20057455
20057461
20057462
20057464
20057465
20057466
20057469
20057471
20057472
20057473
20057475
20057479
20057480
20057481
20057482
20057485
20057487
20057492
20057494
20057495
20057496
20057500
20057507
20057509
20057512
20057518
20057521
20057523
20057528
20057531
20057540
20057542
20057546
20057550
20057551
20057553
20057555
20057558
20057564
20057567
20057570
20057571
20057572
20057574
20057575
20057577
20057584
20057592
20057593
20057595
20057596
20057599
20057600
20057603
20057604
20057608
20057611
20057613
20057615
20057617
20057618
20057623
20057624
20057625
20057628
20057629
20057630
20057634
20057640
20057642
20057648
20057649
20057654
20057655
20057657
20057662
20057663
20057664
20057667
20057672
20057673
20057678
20057679
20057680
20057682
20057683
20057686
20057689
20057691
20057692
20057694
20057695
20057696
20057702
20057703
20057710
20057716
20057718
20057722
20057724
20057725
20057726
20057729
20057731
20057733
20057734
20057742
20057743
20057753
20057754
20057758
20057760
20057761
20057763
20057764
20057767
20057774
20057777
20057783
20057794
20057795
20057797
20057799
20057800
20057805
20057808
20057810
20057815
20057818
20057821
20057826
20057827
20057829
20057830
20057831
20057832
20057836
20057839
20057840
20057843
20057852
20057861
20057866
20057871
20057872
20057878
20057881
20057883
20057885
20057888
20057889
20057890
20057892
20057895
20057898
20057901
20057905
20057906
20057909
20057911
20057912
20057918
20057920
20057934
20057935
20057937
20057939
20057942
20057947
20057949
20057954
20057960
20057961
20057965
20057966
20057974
20057975
20057977
20057981
20057985
20057986
20057991
20057994
20057995
20057997
20057998
20057999
20058001
20058003
20058009
20058015
20058023
20058030
20058031
20058032
20058036
20058040
20058041
20058042
20058050
20058057
20058060
20058061
20058063
20058069
20058071
20058072
20058078
20058086
20058090
20058093
20058094
20058096
20058098
20058100
20058102
20058110
20058112
20058114
20058121
20058123
20058127
20058128
20058130
20058133
20058134
20058142
20058145
20058146
20058147
20058155
20058158
20058160
20058163
20058166
20058169
20058180
20058184
20058188
20058189
20058196
20058197
20058200
20058204
20058207
20058215
20058216
20058221
20058225
20058226
20058228
20058230
20058231
20058232
20058235
20058239
20058244
20058245
20058246
20058251
20058252
20058253
20058255
20058257
20058259
20058264
20058269
20058270
20058272
20058273
20058276
20058281
20058285
20058286
20058294
20058298
20058304
20058306
20058308
20058318
20058319
20058327
20058329
20058331
20058332
20058334
20058335
20058336
20058338
20058339
20058342
20058343
20058346
20058352
20058355
20058360
20058366
20058367
20058373
20058378
20058381
20058387
20058388
20058392
20058394
20058397
20058399
20058409
20058410
20058411
20058418
20058419
20058420
20058421
20058422
20058433
20058438
20058440
20058442
20058443
20058444
20058445
20058447
20058449
20058453
20058455
20058456
20058457
20058458
20058460
20058461
20058466
20058467
20058469
20058472
20058477
20058479
20058483
20058484
20058487
20058491
20058496
20058499
20058506
20058508
20058513
20058514
20058515
20058520
20058521
20058523
20058527
20058529
20058530
20058531
20058534
20058535
20058537
20058538
20058540
20058542
20058548
20058551
20058552
20058555
20058562
20058564
20058565
20058566
20058571
20058575
20058577
20058582
20058583
20058586
20058587
20058589
20058591
20058598
20058604
20058609
20058610
20058614
20058619
20058624
20058625
20058626
20058627
20058630
20058633
20058635
20058638
20058643
20058646
20058648
20058651
20058652
20058661
20058663
20058667
20058669
20058671
20058675
20058678
20058679
20058683
20058686
20058690
20058691
20058692
20058704
20058707
20058709
20058713
20058716
20058718
20058729
20058730
20058731
20058738
20058739
20058740
20058742
20058746
20058750
20058754
20058756
20058762
20058766
20058768
20058770
20058777
20058778
20058780
20058785
20058786
20058787
20058788
20058789
20058790
20058791
20058796
20058797
20058799
20058806
20058807
20058809
20058810
20058812
20058813
20058814
20058815
20058824
20058825
20058826
20058830
20058831
20058835
20058844
20058845
20058848
20058849
20058853
20058857
20058860
20058865
20058867
20058870
20058871
20058873
20058875
20058876
20058879
20058882
20058887
20058888
20058890
20058891
20058893
20058898
20058900
20058901
20058903
20058904
20058906
20058912
20058914
20058921
20058922
20058923
20058928
20058930
20058931
20058932
20058935
20058936
20058939
20058942
20058943
20058945
20058953
20058954
20058955
20058957
20058959
20058964
20058967
20058973
20058975
20058980
20058981
20058983
20058986
20058996
20058997
20059002
20059004
20059007
20059010
20059014
20059017
20059018
20059027
20059029
20059032
20059034
20059042
20059044
20059050
20059051
20059052
20059053
20059056
20059057
20059063
20059065
20059067
20059069
20059078
20059085
20059089
20059092
20059094
20059095
20059099
20059100
20059101
20059102
20059103
20059106
20059107
20059112
20059116
20059117
20059119
20059122
20059125
20059128
20059132
20059135
20059137
20059139
20059140
20059145
20059148
20059154
20059155
20059158
20059162
20059164
20059165
20059166
20059168
20059170
20059171
20059172
20059178
20059180
20059183
20059184
20059188
20059195
20059201
20059204
20059206
20059211
20059221
20059225
20059228
20059231
20059234
20059235
20059239
20059240
20059249
20059250
20059253
20059261
20059262
20059263
20059268
20059272
20059273
20059278
20059279
20059282
20059283
20059290
20059291
20059294
20059298
20059301
20059302
20059305
20059308
20059310
20059313
20059314
20059315
20059322
20059324
20059326
20059327
20059330
20059347
20059349
20059352
20059357
20059369
20059372
20059374
20059377
20059382
20059383
20059385
20059386
20059394
20059395
20059396
20059397
20059399
20059401
20059402
20059403
20059405
20059408
20059411
20059415
20059423
20059430
20059431
20059438
20059445
20059449
20059451
20059452
20059453
20059455
20059456
20059457
20059459
20059460
20059462
20059466
20059467
20059474
20059475
20059477
20059479
20059480
20059481
20059484
20059488
20059492
20059493
20059494
20059496
20059497
20059509
20059510
20059511
20059514
20059529
20059530
20059532
20059534
20059536
20059537
20059542
20059546
20059550
20059551
20059554
20059564
20059569
20059570
20059571
20059574
20059576
20059578
20059579
20059580
20059584
20059587
20059589
20059590
20059593
20059597
20059600
20059602
20059606
20059611
20059612
20059613
20059615
20059618
20059622
20059624
20059626
20059630
20059631
20059636
20059638
20059639
20059643
20059646
20059650
20059652
20059654
20059656
20059657
20059659
20059662
20059674
20059675
20059676
20059681
20059684
20059686
20059687
20059688
20059691
20059693
20059702
20059703
20059714
20059717
20059721
20059722
20059728
20059730
20059732
20059734
20059736
20059742
20059751
20059752
20059753
20059754
20059758
20059760
20059762
20059769
20059779
20059780
20059782
20059791
20059792
20059793
20059797
20059804
20059810
20059811
20059812
20059814
20059815
20059816
20059819
20059822
20059824
20059827
20059828
20059829
20059832
20059838
20059845
20059852
20059854
20059855
20059866
20059868
20059871
20059873
20059874
20059877
20059878
20059879
20059883
20059891
20059894
20059896
20059900
20059901
20059905
20059906
20059908
20059909
20059917
20059919
20059924
20059928
20059930
20059931
20059935
20059936
20059937
20059938
20059942
20059943
20059944
20059947
20059951
20059954
20059955
20059957
20059960
20059968
20059972
20059974
20059977
20059981
20059984
20059988
20059989
20059991
20059994
20059995
30000003
30000004
30000005
30000007
30000008
30000009
30000012
30000017
30000026
30000027
30000030
30000034
30000038
30000040
30000042
30000044
30000047
30000051
30000052
30000057
30000063
30000066
30000068
30000069
30000070
30000076
30000079
30000080
30000085
30000094
30000096
30000098
30000104
30000105
30000106
30000107
30000109
30000111
30000120
30000122
30000124
30000126
30000128
30000129
30000130
30000132
30000134
30000135
30000139
30000140
30000143
30000145
30000152
30000154
30000156
30000159
30000165
30000167
30000169
30000170
30000173
30000177
30000178
30000182
30000183
30000187
30000188
30000190
30000191
30000195
30000197
30000198
30000199
30000200
30000201
30000204
30000208
30000210
30000211
30000213
30000215
30000216
30000219
30000220
30000227
30000229
30000231
30000232
30000237
30000244
30000249
30000250
30000256
30000260
30000266
30000270
30000272
30000274
30000276
30000278
30000279
30000282
30000284
30000286
30000290
30000291
30000292
30000293
30000294
30000296
30000304
30000305
30000308
30000312
30000314
30000315
30000316
30000320
30000327
30000330
30000338
30000340
30000343
30000347
30000350
30000351
30000356
30000361
30000363
30000372
30000373
30000375
30000376
30000377
30000380
30000381
30000391
30000395
30000396
30000397
30000401
30000404
30000408
30000410
30000415
30000419
30000424
30000425
30000426
30000427
30000430
30000432
30000434
30000438
30000440
30000442
30000443
30000444
30000449
30000451
30000453
30000454
30000456
30000459
30000460
30000465
30000466
30000468
30000471
30000472
30000473
30000475
30000477
30000482
30000483
30000484
30000485
30000486
30000487
30000498
30000503
30000505
30000506
30000514
30000515
30000517
30000521
30000524
30000526
30000531
30000534
30000537
30000538
30000542
30000543
30000546
30000547
30000550
30000553
30000558
30000561
30000562
30000569
30000571
30000573
30000575
30000593
30000599
30000600
30000607
30000611
30000617
30000626
30000629
30000631
30000634
30000636
30000640
30000641
30000646
30000650
30000656
30000658
30000659
30000660
30000661
30000665
30000678
30000682
30000685
30000686
30000687
30000688
30000695
30000696
30000700
30000704
30000705
30000706
30000710
30000712
30000714
30000716
30000721
30000725
30000728
30000732
30000734
30000736
30000741
30000745
30000749
30000751
30000754
30000758
30000763
30000764
30000777
30000778
30000788
30000794
30000800
30000802
30000807
30000811
30000815
30000816
30000817
30000818
30000819
30000822
30000823
30000824
30000827
30000831
30000832
30000835
30000842
30000852
30000853
30000856
30000859
30000862
30000869
30000874
30000875
30000876
30000884
30000885
30000886
30000890
30000892
30000897
30000900
30000903
30000904
30000909
30000910
30000912
30000914
30000917
30000918
30000921
30000922
30000924
30000926
30000931
30000934
30000935
30000940
30000941
30000952
30000953
30000954
30000955
30000964
30000965
30000966
30000973
30000978
30000981
30000984
30000986
30000988
30000989
30000990
30000991
30000994
30000996
30000997
30001003
30001004
30001006
30001009
30001010
30001012
30001013
30001016
30001017
30001022
30001023
30001026
30001027
30001028
30001032
30001036
30001041
30001045
30001051
30001058
30001063
30001066
30001075
30001076
30001079
30001081
30001082
30001083
30001090
30001091
30001094
30001105
30001110
30001111
30001112
30001114
30001117
30001118
30001125
30001126
30001127
30001129
30001134
30001136
30001138
30001140
30001142
30001145
30001154
30001157
30001159
30001161
30001162
30001164
30001165
30001169
30001170
30001172
30001176
30001177
30001179
30001182
30001183
30001184
30001189
30001193
30001194
30001196
30001197
30001205
30001207
30001209
30001210
30001213
30001215
30001216
30001219
30001222
30001230
30001232
30001234
30001236
30001241
30001245
30001249
30001250
30001255
30001257
30001260
30001263
30001266
30001267
30001272
30001273
30001274
30001275
30001287
30001289
30001291
30001293
30001294
30001295
30001296
30001297
30001300
30001303
30001304
30001305
30001310
30001314
30001315
30001316
30001319
30001327
30001328
30001334
30001336
30001348
30001349
30001352
30001354
30001355
30001356
30001358
30001359
30001364
30001365
30001366
30001367
30001368
30001369
30001370
30001371
30001373
30001377
30001380
30001383
30001385
30001392
30001393
30001395
30001397
30001401
30001402
30001404
30001406
30001411
30001417
30001424
30001434
30001435
30001438
30001440
30001443
30001444
30001449
30001450
30001452
30001456
30001464
30001465
30001469
30001474
30001480
30001482
30001485
30001486
30001490
30001498
30001499
30001501
30001502
30001507
30001508
30001511
30001512
30001513
30001514
30001520
30001521
30001522
30001526
30001527
30001529
30001535
30001537
30001539
30001540
30001542
30001544
30001546
30001548
30001549
30001551
30001553
30001555
30001559
30001567
30001570
30001584
30001586
30001592
30001598
30001600
30001602
30001603
30001605
30001606
30001609
30001611
30001614
30001615
30001620
30001625
30001626
30001629
30001631
30001634
30001637
30001642
30001643
30001645
30001649
30001654
30001657
30001660
30001663
30001666
30001668
30001669
30001671
30001672
30001677
30001679
30001681
30001682
30001685
30001686
30001688
30001691
30001693
30001695
30001696
30001704
30001706
30001707
30001714
30001715
30001718
30001722
30001723
30001725
30001728
30001729
30001737
30001740
30001741
30001742
30001744
30001750
30001752
30001753
30001756
30001757
30001763
30001767
30001770
30001773
30001774
30001777
30001783
30001784
30001786
30001787
30001788
30001796
30001798
30001799
30001808
30001809
30001813
30001815
30001821
30001827
30001829
30001831
30001832
30001834
30001837
30001838
30001839
30001841
30001845
30001851
30001852
30001853
30001859
30001861
30001866
30001869
30001872
30001875
30001877
30001879
30001881
30001887
30001889
30001892
30001898
30001905
30001906
30001907
30001911
30001912
30001913
30001915
30001916
30001918
30001921
30001923
30001924
30001926
30001931
30001932
30001935
30001940
30001941
30001943
30001947
30001951
30001952
30001957
30001959
30001960
30001964
30001970
30001973
30001974
30001976
30001984
30001986
30001987
30001989
30001992
30001994
30001997
30002000
30002002
30002007
30002014
30002016
30002018
30002019
30002023
30002028
30002030
30002032
30002033
30002035
30002040
30002046
30002048
30002050
30002054
30002055
30002056
30002058
30002061
30002069
30002070
30002073
30002075
30002086
30002088
30002089
30002092
30002093
30002094
30002096
30002097
30002100
30002104
30002112
30002114
30002115
30002119
30002120
30002131
30002136
30002143
30002146
30002149
30002154
30002158
30002159
30002161
30002162
30002166
30002168
30002170
30002174
30002178
30002182
30002187
30002188
30002192
30002193
30002194
30002198
30002202
30002203
30002206
30002219
30002224
30002227
30002228
30002232
30002234
30002237
30002239
30002245
30002253
30002256
30002258
30002259
30002262
30002263
30002264
30002265
30002267
30002270
30002276
30002280
30002282
30002288
30002290
30002292
30002294
30002297
30002300
30002305
30002306
30002308
30002310
30002314
30002320
30002323
30002325
30002326
30002328
30002336
30002337
30002342
30002343
30002344
30002349
30002350
30002353
30002357
30002359
30002361
30002366
30002367
30002370
30002372
30002377
30002380
30002382
30002402
30002412
30002419
30002420
30002421
30002424
30002425
30002428
30002434
30002436
30002438
30002442
30002445
30002451
30002456
30002459
30002462
30002464
30002468
30002469
30002472
30002473
30002476
30002483
30002486
30002491
30002494
30002498
30002499
30002501
30002513
30002520
30002521
30002536
30002538
30002549
30002550
30002554
30002555
30002559
30002560
30002564
30002568
30002569
30002571
30002574
30002577
30002579
30002581
30002584
30002594
30002597
30002599
30002604
30002605
30002607
30002608
30002609
30002620
30002621
30002625
30002627
30002628
30002629
30002640
30002641
30002645
30002655
30002662
30002663
30002668
30002669
30002673
30002681
30002682
30002683
30002687
30002688
30002689
30002694
30002696
30002700
30002704
30002705
30002709
30002715
30002719
30002720
30002723
30002725
30002727
30002730
30002731
30002736
30002741
30002743
30002750
30002752
30002755
30002761
30002762
30002770
30002772
30002774
30002776
30002777
30002779
30002781
30002782
30002783
30002786
30002788
30002793
30002795
30002798
30002800
30002805
30002807
30002810
30002811
30002813
30002816
30002818
30002821
30002823
30002826
30002831
30002833
30002836
30002840
30002842
30002848
30002853
30002854
30002855
30002864
30002867
30002869
30002870
30002872
30002876
30002878
30002880
30002882
30002886
30002890
30002893
30002894
30002898
30002899
30002902
30002903
30002907
30002909
30002910
30002914
30002916
30002923
30002931
30002933
30002938
30002946
30002953
30002954
30002961
30002965
30002966
30002971
30002973
30002975
30002977
30002978
30002979
30002980
30002985
30002990
30002991
30002995
30003003
30003009
30003010
30003012
30003030
30003037
30003039
30003040
30003042
30003043
30003044
30003045
30003046
30003051
30003057
30003058
30003059
30003063
30003064
30003066
30003068
30003072
30003073
30003079
30003080
30003081
30003084
30003085
30003086
30003087
30003089
30003090
30003091
30003092
30003094
30003095
30003096
30003099
30003100
30003102
30003107
30003108
30003110
30003118
30003122
30003123
30003127
30003128
30003129
30003134
30003135
30003142
30003144
30003149
30003150
30003152
30003155
30003156
30003157
30003161
30003166
30003171
30003182
30003189
30003190
30003191
30003198
30003202
30003208
30003213
30003215
30003216
30003217
30003222
30003223
30003225
30003226
30003228
30003230
30003232
30003234
30003236
30003237
30003238
30003241
30003251
30003253
30003257
30003259
30003266
30003268
30003269
30003275
30003276
30003282
30003285
30003286
30003288
30003289
30003290
30003300
30003302
30003303
30003306
30003307
30003308
30003310
30003311
30003315
30003317
30003328
30003332
30003333
30003337
30003342
30003349
30003360
30003361
30003364
30003365
30003370
30003371
30003374
30003375
30003376
30003377
30003381
30003382
30003391
30003394
30003405
30003406
30003418
30003420
30003421
30003423
30003424
30003425
30003428
30003435
30003436
30003438
30003447
30003448
30003449
30003450
30003453
30003454
30003457
30003460
30003468
30003469
30003472
30003474
30003476
30003477
30003478
30003482
30003485
30003486
30003488
30003491
30003492
30003495
30003498
30003500
30003503
30003508
30003509
30003510
30003517
30003521
30003522
30003524
30003525
30003526
30003531
30003535
30003549
30003550
30003553
30003561
30003562
30003563
30003569
30003572
30003577
30003581
30003582
30003585
30003588
30003589
30003590
30003591
30003592
30003594
30003595
30003596
30003600
30003602
30003606
30003607
30003608
30003611
30003612
30003614
30003615
30003619
30003622
30003623
30003626
30003634
30003637
30003640
30003641
30003643
30003649
30003652
30003653
30003654
30003655
30003656
30003657
30003659
30003663
30003664
30003665
30003670
30003671
30003676
30003680
30003684
30003690
30003692
30003696
30003700
30003702
30003704
30003706
30003707
30003709
30003715
30003717
30003719
30003721
30003722
30003727
30003731
30003740
30003742
30003750
30003751
30003752
30003754
30003758
30003760
30003761
30003762
30003765
30003769
30003773
30003780
30003789
30003792
30003794
30003796
30003797
30003798
30003799
30003800
30003806
30003807
30003815
30003816
30003819
30003824
30003825
30003826
30003832
30003833
30003837
30003840
30003843
30003844
30003846
30003848
30003852
30003854
30003856
30003859
30003861
30003865
30003866
30003870
30003872
30003879
30003880
30003882
30003883
30003884
30003887
30003891
30003892
30003893
30003896
30003899
30003903
30003904
30003909
30003913
30003916
30003919
30003923
30003924
30003929
30003931
30003934
30003937
30003943
30003944
30003950
30003954
30003956
30003961
30003962
30003964
30003968
30003977
30003981
30003984
30003988
30003991
30003992
30003993
30003994
30003999
30004004
30004006
30004009
30004013
30004014
30004016
30004017
30004022
30004024
30004026
30004030
30004032
30004033
30004034
30004036
30004043
30004045
30004046
30004048
30004050
30004052
30004054
30004058
30004059
30004069
30004070
30004071
30004074
30004078
30004086
30004089
30004090
30004091
30004092
30004096
30004097
30004098
30004099
30004102
30004103
30004106
30004111
30004114
30004118
30004121
30004123
30004125
30004128
30004130
30004132
30004133
30004137
30004139
30004144
30004146
30004148
30004151
30004154
30004158
30004162
30004164
30004166
30004167
30004170
30004173
30004174
30004177
30004178
30004180
30004183
30004184
30004189
30004195
30004196
30004198
30004199
30004201
30004207
30004208
30004211
30004212
30004213
30004214
30004217
30004218
30004219
30004222
30004226
30004227
30004228
30004230
30004232
30004245
30004246
30004248
30004253
30004257
30004258
30004262
30004263
30004266
30004267
30004270
30004271
30004281
30004282
30004284
30004288
30004291
30004297
30004299
30004301
30004303
30004305
30004306
30004307
30004308
30004309
30004312
30004314
30004319
30004322
30004328
30004329
30004334
30004339
30004342
30004343
30004344
30004348
30004350
30004351
30004355
30004356
30004360
30004366
30004367
30004369
30004371
30004372
30004376
30004380
30004389
30004392
30004393
30004394
30004400
30004407
30004411
30004412
30004413
30004415
30004417
30004423
30004425
30004428
30004430
30004431
30004439
30004440
30004442
30004446
30004452
30004453
30004456
30004460
30004466
30004467
30004470
30004471
30004472
30004474
30004475
30004477
30004484
30004485
30004488
30004491
30004494
30004495
30004501
30004503
30004508
30004511
30004512
30004516
30004519
30004522
30004524
30004527
30004528
30004529
30004530
30004534
30004536
30004538
30004539
30004547
30004548
30004551
30004552
30004555
30004559
30004561
30004566
30004567
30004578
30004582
30004583
30004584
30004586
30004587
30004590
30004592
30004597
30004599
30004602
30004605
30004607
30004608
30004611
30004616
30004619
30004621
30004622
30004627
30004630
30004631
30004632
30004633
30004642
30004643
30004644
30004645
30004649
30004650
30004651
30004654
30004655
30004665
30004667
30004668
30004669
30004671
30004675
30004678
30004679
30004693
30004694
30004695
30004699
30004701
30004711
30004716
30004719
30004728
30004729
30004731
30004743
30004744
30004751
30004758
30004760
30004761
30004762
30004763
30004773
30004774
30004779
30004783
30004793
30004798
30004801
30004804
30004809
30004810
30004812
30004815
30004823
30004829
30004830
30004832
30004838
30004841
30004848
30004850
30004852
30004858
30004865
30004867
30004874
30004876
30004878
30004879
30004884
30004886
30004890
30004896
30004898
30004902
30004905
30004908
30004912
30004914
30004915
30004917
30004919
30004920
30004925
30004926
30004927
30004930
30004931
30004933
30004934
30004935
30004939
30004945
30004947
30004961
30004969
30004973
30004975
30004979
30004980
30004982
30004985
30004989
30004990
30004995
30004997
30005000
30005004
30005006
30005009
30005010
30005017
30005019
30005021
30005023
30005025
30005026
30005027
30005028
30005034
30005035
30005037
30005038
30005040
30005042
30005043
30005047
30005052
30005056
30005057
30005061
30005066
30005069
30005072
30005073
30005076
30005080
30005083
30005086
30005087
30005088
30005091
30005095
30005097
30005098
30005099
30005100
30005101
30005102
30005104
30005107
30005108
30005109
30005111
30005112
30005113
30005117
30005118
30005119
30005123
30005124
30005125
30005126
30005129
30005131
30005132
30005134
30005137
30005139
30005141
30005145
30005146
30005150
30005152
30005155
30005158
30005159
30005160
30005162
30005167
30005168
30005170
30005176
30005177
30005178
30005182
30005186
30005187
30005188
30005190
30005193
30005195
30005196
30005199
30005200
30005206
30005210
30005211
30005214
30005218
30005222
30005225
30005232
30005238
30005241
30005244
30005246
30005247
30005254
30005260
30005261
30005262
30005264
30005265
30005267
30005270
30005275
30005279
30005283
30005286
30005287
30005288
30005289
30005290
30005300
30005302
30005303
30005307
30005311
30005312
30005313
30005319
30005322
30005323
30005327
30005330
30005331
30005339
30005340
30005343
30005345
30005346
30005350
30005352
30005354
30005355
30005356
30005364
30005365
30005366
30005370
30005373
30005374
30005376
30005378
30005380
30005382
30005387
30005389
30005391
30005394
30005396
30005397
30005403
30005409
30005410
30005414
30005416
30005419
30005420
30005423
30005430
30005434
30005435
30005440
30005446
30005447
30005448
30005455
30005458
30005460
30005463
30005468
30005469
30005470
30005473
30005476
30005478
30005480
30005481
30005482
30005483
30005484
30005491
30005493
30005495
30005498
30005499
30005503
30005510
30005516
30005520
30005521
30005522
30005527
30005528
30005529
30005536
30005540
30005542
30005545
30005546
30005547
30005548
30005555
30005559
30005561
30005566
30005567
30005572
30005575
30005576
30005578
30005580
30005586
30005587
30005588
30005590
30005591
30005593
30005595
30005596
30005599
30005601
30005603
30005609
30005611
30005617
30005620
30005621
30005622
30005623
30005626
30005628
30005629
30005634
30005637
30005648
30005654
30005655
30005656
30005657
30005661
30005663
30005664
30005666
30005667
30005669
30005671
30005672
30005675
30005677
30005678
30005679
30005682
30005685
30005687
30005694
30005695
30005698
30005699
30005701
30005707
30005709
30005710
30005711
30005715
30005719
30005728
30005730
30005739
30005741
30005743
30005746
30005748
30005749
30005751
30005754
30005757
30005762
30005764
30005766
30005768
30005769
30005772
30005776
30005777
30005778
30005779
30005780
30005786
30005789
30005790
30005791
30005792
30005795
30005796
30005797
30005802
30005804
30005808
30005811
30005814
30005822
30005825
30005828
30005829
30005830
30005832
30005833
30005837
30005842
30005845
30005849
30005851
30005856
30005860
30005863
30005870
30005874
30005875
30005879
30005880
30005881
30005885
30005886
30005890
30005891
30005899
30005900
30005902
30005904
30005913
30005916
30005922
30005928
30005936
30005942
30005947
30005955
30005957
30005961
30005965
30005966
30005968
30005972
30005975
30005976
30005989
30005990
30005992
30005994
30005996
30006000
30006003
30006004
30006013
30006022
30006023
30006024
30006028
30006029
30006030
30006032
30006033
30006034
30006036
30006039
30006043
30006045
30006052
30006053
30006056
30006059
30006060
30006063
30006064
30006071
30006072
30006073
30006078
30006083
30006084
30006094
30006098
30006102
30006104
30006106
30006107
30006108
30006110
30006112
30006114
30006116
30006118
30006119
30006120
30006123
30006127
30006132
30006135
30006137
30006138
30006139
30006144
30006146
30006147
30006150
30006153
30006155
30006161
30006165
30006166
30006169
30006182
30006184
30006186
30006189
30006192
30006201
30006202
30006209
30006210
30006218
30006220
30006223
30006224
30006227
30006230
30006231
30006234
30006235
30006238
30006245
30006246
30006250
30006255
30006262
30006265
30006267
30006268
30006270
30006272
30006275
30006278
30006282
30006283
30006284
30006285
30006286
30006288
30006291
30006292
30006293
30006296
30006298
30006303
30006305
30006307
30006310
30006311
30006312
30006313
30006314
30006315
30006318
30006319
30006320
30006322
30006324
30006326
30006327
30006330
30006333
30006336
30006341
30006345
30006346
30006348
30006349
30006353
30006355
30006358
30006362
30006369
30006374
30006376
30006378
30006380
30006381
30006382
30006386
30006389
30006391
30006392
30006396
30006397
30006401
30006403
30006405
30006415
30006417
30006418
30006419
30006420
30006423
30006425
30006428
30006432
30006438
30006441
30006443
30006447
30006451
30006452
30006455
30006456
30006458
30006461
30006464
30006465
30006468
30006469
30006472
30006474
30006478
30006485
30006490
30006491
30006493
30006496
30006503
30006505
30006507
30006508
30006510
30006511
30006513
30006514
30006516
30006518
30006523
30006528
30006529
30006530
30006531
30006534
30006536
30006541
30006542
30006543
30006545
30006548
30006552
30006554
30006557
30006559
30006561
30006562
30006566
30006568
30006569
30006571
30006573
30006575
30006579
30006580
30006581
30006583
30006584
30006586
30006589
30006591
30006600
30006601
30006607
30006608
30006609
30006612
30006614
30006617
30006619
30006621
30006627
30006630
30006634
30006640
30006641
30006646
30006652
30006655
30006660
30006662
30006663
30006665
30006666
30006678
30006682
30006684
30006685
30006689
30006691
30006693
30006695
30006698
30006703
30006707
30006708
30006712
30006715
30006716
30006717
30006720
30006723
30006727
30006729
30006737
30006738
30006743
30006745
30006756
30006762
30006763
30006764
30006767
30006768
30006770
30006771
30006781
30006782
30006784
30006785
30006788
30006789
30006790
30006796
30006800
30006801
30006804
30006805
30006807
30006809
30006811
30006812
30006815
30006817
30006818
30006819
30006822
30006823
30006824
30006831
30006833
30006834
30006836
30006837
30006838
30006839
30006842
30006845
30006846
30006852
30006855
30006857
30006858
30006860
30006862
30006863
30006864
30006865
30006867
30006869
30006870
30006871
30006872
30006883
30006888
30006891
30006893
30006895
30006900
30006907
30006908
30006909
30006913
30006914
30006917
30006918
30006919
30006920
30006925
30006927
30006928
30006929
30006931
30006932
30006933
30006934
30006935
30006938
30006940
30006944
30006946
30006949
30006960
30006962
30006964
30006967
30006970
30006972
30006973
30006979
30006981
30006985
30006986
30006987
30006988
30006992
30006995
30006997
30007001
30007002
30007005
30007011
30007013
30007014
30007015
30007016
30007022
30007031
30007032
30007035
30007039
30007042
30007044
30007046
30007059
30007061
30007062
30007069
30007070
30007074
30007076
30007079
30007080
30007081
30007082
30007087
30007089
30007093
30007095
30007098
30007099
30007100
30007105
30007106
30007112
30007113
30007120
30007122
30007128
30007129
30007131
30007139
30007142
30007147
30007149
30007150
30007152
30007153
30007154
30007156
30007157
30007161
30007165
30007177
30007180
30007182
30007185
30007187
30007190
30007191
30007196
30007201
30007202
30007203
30007205
30007207
30007220
30007223
30007224
30007225
30007232
30007236
30007238
30007243
30007246
30007248
30007253
30007258
30007269
30007273
30007276
30007278
30007282
30007287
30007288
30007291
30007292
30007298
30007301
30007302
30007304
30007305
30007306
30007310
30007311
30007313
30007315
30007317
30007320
30007326
30007327
30007331
30007332
30007333
30007336
30007338
30007340
30007341
30007342
30007344
30007346
30007348
30007352
30007354
30007361
30007362
30007365
30007367
30007370
30007376
30007384
30007388
30007390
30007391
30007395
30007397
30007398
30007400
30007401
30007405
30007408
30007410
30007413
30007415
30007417
30007418
30007419
30007423
30007424
30007426
30007428
30007437
30007439
30007440
30007445
30007450
30007453
30007456
30007457
30007469
30007471
30007474
30007480
30007488
30007497
30007498
30007500
30007501
30007502
30007505
30007506
30007512
30007514
30007515
30007518
30007519
30007525
30007527
30007530
30007536
30007537
30007538
30007539
30007546
30007549
30007550
30007553
30007557
30007558
30007560
30007565
30007573
30007575
30007576
30007579
30007580
30007581
30007583
30007585
30007586
30007588
30007590
30007591
30007593
30007594
30007597
30007598
30007603
30007608
30007611
30007614
30007619
30007623
30007625
30007630
30007631
30007637
30007639
30007642
30007649
30007651
30007662
30007665
30007667
30007668
30007669
30007672
30007675
30007676
30007677
30007680
30007681
30007682
30007683
30007686
30007687
30007690
30007691
30007694
30007696
30007699
30007700
30007701
30007702
30007706
30007707
30007710
30007711
30007713
30007714
30007721
30007725
30007735
30007736
30007738
30007739
30007743
30007744
30007745
30007750
30007755
30007760
30007762
30007765
30007766
30007771
30007773
30007776
30007777
30007778
30007779
30007782
30007783
30007787
30007790
30007792
30007795
30007796
30007800
30007812
30007817
30007819
30007823
30007827
30007829
30007830
30007832
30007833
30007839
30007840
30007845
30007846
30007848
30007851
30007852
30007862
30007863
30007864
30007869
30007871
30007872
30007883
30007891
30007893
30007896
30007897
30007899
30007901
30007904
30007905
30007907
30007908
30007909
30007911
30007912
30007914
30007915
30007916
30007922
30007923
30007925
30007926
30007929
30007932
30007935
30007936
30007937
30007940
30007948
30007956
30007961
30007964
30007965
30007979
30007980
30007988
30007990
30007994
30007995
30007996
30008003
30008004
30008006
30008007
30008008
30008011
30008015
30008018
30008021
30008025
30008028
30008032
30008033
30008034
30008045
30008049
30008050
30008051
30008052
30008056
30008059
30008061
30008062
30008063
30008069
30008072
30008082
30008084
30008090
30008118
30008120
30008129
30008134
30008140
30008147
30008148
30008151
30008152
30008153
30008156
30008164
30008166
30008168
30008169
30008170
30008172
30008175
30008186
30008188
30008199
30008200
30008201
30008203
30008207
30008213
30008215
30008216
30008219
30008228
30008229
30008235
30008236
30008237
30008238
30008242
30008246
30008254
30008255
30008260
30008264
30008266
30008284
30008287
30008288
30008289
30008293
30008294
30008297
30008299
30008306
30008309
30008310
30008314
30008315
30008316
30008320
30008324
30008326
30008328
30008329
30008333
30008334
30008335
30008348
30008349
30008351
30008354
30008358
30008362
30008363
30008369
30008374
30008377
30008378
30008380
30008382
30008389
30008392
30008394
30008397
30008399
30008401
30008402
30008410
30008413
30008414
30008416
30008419
30008426
30008427
30008429
30008434
30008438
30008443
30008444
30008451
30008457
30008458
30008461
30008465
30008467
30008469
30008474
30008477
30008478
30008481
30008482
30008484
30008486
30008488
30008496
30008497
30008500
30008503
30008506
30008508
30008510
30008515
30008523
30008525
30008530
30008531
30008534
30008535
30008536
30008538
30008550
30008551
30008553
30008554
30008556
30008557
30008561
30008565
30008568
30008570
30008571
30008579
30008582
30008593
30008594
30008596
30008597
30008599
30008600
30008602
30008605
30008611
30008614
30008617
30008618
30008620
30008621
30008623
30008624
30008627
30008632
30008641
30008642
30008647
30008652
30008653
30008661
30008662
30008666
30008668
30008669
30008670
30008672
30008677
30008683
30008684
30008688
30008689
30008690
30008691
30008692
30008693
30008697
30008701
30008705
30008708
30008709
30008711
30008713
30008714
30008715
30008718
30008720
30008721
30008723
30008725
30008727
30008741
30008747
30008748
30008749
30008751
30008754
30008759
30008761
30008763
30008767
30008768
30008771
30008772
30008774
30008777
30008778
30008781
30008783
30008786
30008787
30008788
30008792
30008793
30008803
30008805
30008807
30008809
30008821
30008822
30008823
30008825
30008831
30008836
30008841
30008844
30008855
30008858
30008859
30008860
30008861
30008862
30008863
30008865
30008866
30008867
30008869
30008871
30008874
30008877
30008879
30008881
30008883
30008884
30008887
30008890
30008891
30008894
30008898
30008900
30008905
30008909
30008918
30008925
30008927
30008928
30008931
30008934
30008936
30008937
30008938
30008939
30008942
30008943
30008948
30008953
30008954
30008963
30008972
30008985
30008990
30008994
30008997
30008999
30009001
30009007
30009011
30009014
30009018
30009019
30009020
30009023
30009024
30009026
30009035
30009038
30009049
30009050
30009051
30009052
30009055
30009056
30009057
30009059
30009060
30009063
30009064
30009065
30009067
30009069
30009070
30009071
30009072
30009075
30009076
30009078
30009080
30009082
30009083
30009084
30009090
30009095
30009104
30009105
30009106
30009107
30009108
30009109
30009113
30009118
30009119
30009122
30009127
30009128
30009129
30009132
30009135
30009142
30009147
30009149
30009154
30009161
30009162
30009165
30009166
30009167
30009169
30009171
30009174
30009175
30009178
30009184
30009186
30009190
30009193
30009194
30009196
30009197
30009202
30009203
30009204
30009205
30009211
30009213
30009214
30009217
30009223
30009226
30009227
30009228
30009229
30009230
30009233
30009236
30009237
30009241
30009244
30009247
30009248
30009253
30009254
30009255
30009258
30009259
30009260
30009265
30009273
30009274
30009276
30009280
30009283
30009284
30009287
30009289
30009290
30009301
30009306
30009307
30009308
30009309
30009310
30009311
30009313
30009318
30009320
30009324
30009326
30009327
30009331
30009332
30009333
30009338
30009345
30009349
30009350
30009359
30009360
30009362
30009364
30009366
30009372
30009379
30009381
30009384
30009387
30009388
30009391
30009392
30009394
30009398
30009402
30009406
30009407
30009409
30009411
30009413
30009414
30009415
30009422
30009425
30009429
30009430
30009432
30009439
30009450
30009453
30009462
30009463
30009464
30009469
30009470
30009473
30009477
30009481
30009483
30009486
30009488
30009497
30009500
30009502
30009504
30009506
30009507
30009508
30009510
30009512
30009520
30009526
30009528
30009534
30009540
30009542
30009543
30009544
30009545
30009548
30009553
30009557
30009558
30009567
30009568
30009569
30009570
30009574
30009575
30009577
30009583
30009585
30009600
30009604
30009607
30009613
30009614
30009615
30009617
30009622
30009624
30009626
30009632
30009635
30009636
30009641
30009644
30009646
30009647
30009650
30009651
30009653
30009654
30009661
30009662
30009677
30009679
30009683
30009684
30009693
30009695
30009698
30009701
30009702
30009720
30009723
30009726
30009729
30009732
30009733
30009735
30009736
30009741
30009742
30009746
30009749
30009751
30009752
30009760
30009762
30009767
30009771
30009773
30009780
30009781
30009786
30009788
30009796
30009797
30009802
30009803
30009807
30009808
30009809
30009810
30009815
30009816
30009818
30009819
30009820
30009830
30009831
30009832
30009836
30009837
30009842
30009845
30009850
30009856
30009857
30009861
30009865
30009867
30009874
30009875
30009879
30009887
30009892
30009896
30009897
30009910
30009917
30009919
30009920
30009921
30009922
30009923
30009927
30009931
30009935
30009937
30009942
30009944
30009945
30009948
30009952
30009954
30009959
30009962
30009968
30009975
30009976
30009977
30009983
30009984
30009985
30009987
30009988
30009990
30010004
30010008
30010013
30010019
30010023
30010035
30010038
30010039
30010046
30010050
30010052
30010053
30010054
30010058
30010064
30010068
30010072
30010074
30010077
30010082
30010083
30010086
30010087
30010090
30010091
30010096
30010099
30010101
30010104
30010106
30010107
30010109
30010112
30010114
30010116
30010122
30010124
30010127
30010128
30010129
30010130
30010132
30010137
30010141
30010142
30010147
30010152
30010154
30010160
30010163
30010169
30010172
30010173
30010174
30010175
30010179
30010182
30010183
30010184
30010193
30010195
30010198
30010203
30010204
30010207
30010210
30010212
30010215
30010219
30010220
30010224
30010227
30010228
30010230
30010233
30010236
30010237
30010240
30010241
30010245
30010248
30010249
30010251
30010254
30010256
30010259
30010265
30010266
30010268
30010270
30010273
30010274
30010276
30010277
30010279
30010281
30010289
30010292
30010293
30010295
30010304
30010309
30010311
30010313
30010315
30010325
30010326
30010334
30010335
30010336
30010341
30010343
30010347
30010348
30010356
30010362
30010363
30010365
30010367
30010369
30010372
30010373
30010376
30010377
30010378
30010382
30010384
30010389
30010391
30010399
30010400
30010401
30010402
30010403
30010412
30010413
30010414
30010415
30010416
30010418
30010423
30010424
30010427
30010433
30010435
30010439
30010442
30010445
30010452
30010457
30010459
30010460
30010462
30010467
30010475
30010476
30010477
30010478
30010484
30010489
30010490
30010493
30010495
30010496
30010502
30010505
30010510
30010512
30010515
30010516
30010517
30010518
30010520
30010524
30010526
30010531
30010535
30010537
30010539
30010540
30010544
30010547
30010550
30010553
30010554
30010556
30010558
30010564
30010573
30010574
30010575
30010577
30010585
30010587
30010588
30010593
30010594
30010596
30010599
30010603
30010604
30010606
30010608
30010611
30010612
30010614
30010618
30010620
30010623
30010631
30010632
30010633
30010638
30010641
30010642
30010646
30010648
30010652
30010653
30010655
30010661
30010664
30010666
30010671
30010675
30010676
30010681
30010682
30010684
30010689
30010694
30010697
30010701
30010703
30010704
30010705
30010707
30010710
30010715
30010716
30010717
30010720
30010723
30010732
30010735
30010738
30010739
30010743
30010744
30010746
30010752
30010753
30010756
30010758
30010760
30010763
30010765
30010767
30010772
30010773
30010774
30010776
30010782
30010786
30010787
30010788
30010789
30010791
30010793
30010794
30010795
30010796
30010807
30010808
30010810
30010814
30010815
30010821
30010824
30010833
30010835
30010840
30010841
30010843
30010848
30010849
30010858
30010859
30010862
30010864
30010865
30010867
30010875
30010876
30010883
30010884
30010887
30010890
30010891
30010896
30010898
30010900
30010903
30010906
30010909
30010910
30010913
30010916
30010922
30010927
30010928
30010932
30010933
30010935
30010941
30010945
30010948
30010953
30010958
30010959
30010961
30010964
30010966
30010968
30010970
30010971
30010974
30010975
30010976
30010978
30010981
30010982
30010987
30010988
30010993
30010994
30010995
30010997
30010998
30011003
30011012
30011013
30011017
30011022
30011025
30011029
30011032
30011034
30011036
30011039
30011040
30011043
30011049
30011054
30011058
30011060
30011061
30011062
30011063
30011064
30011069
30011077
30011087
30011091
30011093
30011096
30011100
30011101
30011102
30011103
30011106
30011107
30011108
30011109
30011111
30011113
30011115
30011121
30011122
30011126
30011127
30011129
30011132
30011134
30011138
30011140
30011143
30011144
30011145
30011150
30011151
30011156
30011166
30011171
30011172
30011175
30011178
30011180
30011182
30011183
30011184
30011186
30011187
30011189
30011192
30011194
30011207
30011209
30011210
30011211
30011213
30011215
30011223
30011224
30011226
30011227
30011230
30011241
30011244
30011252
30011253
30011256
30011257
30011261
30011265
30011277
30011280
30011282
30011283
30011285
30011287
30011288
30011291
30011292
30011293
30011294
30011297
30011298
30011300
30011303
30011307
30011316
30011318
30011319
30011321
30011323
30011324
30011325
30011329
30011330
30011335
30011336
30011337
30011341
30011346
30011349
30011350
30011356
30011357
30011359
30011360
30011363
30011367
30011369
30011372
30011379
30011384
30011385
30011389
30011394
30011404
30011405
30011407
30011408
30011409
30011410
30011414
30011420
30011421
30011423
30011425
30011430
30011432
30011436
30011437
30011439
30011442
30011444
30011447
30011448
30011449
30011450
30011454
30011457
30011458
30011461
30011462
30011463
30011470
30011475
30011482
30011485
30011487
30011493
30011495
30011496
30011497
30011500
30011507
30011513
30011515
30011518
30011521
30011523
30011528
30011530
30011533
30011534
30011542
30011546
30011547
30011549
30011552
30011557
30011563
30011564
30011565
30011566
30011567
30011570
30011572
30011573
30011575
30011576
30011577
30011581
30011582
30011585
30011586
30011592
30011593
30011594
30011595
30011597
30011599
30011605
30011607
30011609
30011620
30011622
30011623
30011627
30011629
30011642
30011646
30011647
30011648
30011649
30011651
30011657
30011660
30011661
30011664
30011665
30011670
30011671
30011674
30011676
30011679
30011681
30011682
30011684
30011685
30011691
30011692
30011695
30011696
30011698
30011699
30011701
30011702
30011705
30011707
30011714
30011716
30011717
30011719
30011722
30011730
30011734
30011735
30011739
30011740
30011741
30011745
30011753
30011754
30011755
30011759
30011760
30011761
30011762
30011763
30011764
30011766
30011776
30011777
30011778
30011783
30011790
30011791
30011798
30011800
30011801
30011803
30011806
30011807
30011810
30011815
30011824
30011825
30011827
30011830
30011831
30011832
30011835
30011838
30011839
30011840
30011841
30011844
30011846
30011851
30011853
30011860
30011862
30011863
30011865
30011868
30011870
30011871
30011873
30011875
30011881
30011882
30011884
30011885
30011887
30011892
30011894
30011900
30011902
30011905
30011906
30011910
30011912
30011916
30011921
30011934
30011937
30011947
30011950
30011951
30011954
30011955
30011957
30011959
30011960
30011961
30011968
30011970
30011975
30011980
30011989
30011995
30012003
30012004
30012006
30012011
30012012
30012013
30012014
30012015
30012020
30012021
30012024
30012028
30012029
30012031
30012032
30012034
30012042
30012044
30012045
30012047
30012048
30012053
30012057
30012059
30012067
30012075
30012079
30012081
30012087
30012094
30012096
30012101
30012106
30012108
30012112
30012113
30012118
30012119
30012121
30012125
30012130
30012132
30012135
30012136
30012138
30012140
30012142
30012145
30012148
30012150
30012158
30012159
30012167
30012168
30012169
30012172
30012174
30012177
30012183
30012184
30012185
30012186
30012187
30012190
30012192
30012194
30012195
30012196
30012198
30012201
30012202
30012205
30012206
30012211
30012213
30012214
30012216
30012217
30012219
30012220
30012222
30012229
30012236
30012238
30012239
30012240
30012241
30012242
30012243
30012244
30012245
30012246
30012248
30012253
30012256
30012261
30012262
30012264
30012267
30012268
30012270
30012271
30012273
30012274
30012275
30012280
30012281
30012284
30012287
30012290
30012293
30012294
30012296
30012298
30012300
30012306
30012308
30012309
30012314
30012316
30012325
30012329
30012330
30012333
30012334
30012336
30012338
30012343
30012348
30012349
30012363
30012366
30012371
30012374
30012377
30012379
30012380
30012382
30012386
30012387
30012389
30012393
30012395
30012397
30012398
30012400
30012403
30012404
30012408
30012414
30012421
30012422
30012423
30012425
30012432
30012437
30012440
30012446
30012450
30012451
30012456
30012458
30012459
30012461
30012463
30012464
30012471
30012476
30012478
30012480
30012483
30012486
30012487
30012493
30012494
30012495
30012496
30012497
30012500
30012501
30012504
30012507
30012514
30012517
30012519
30012522
30012523
30012528
30012529
30012530
30012532
30012533
30012534
30012538
30012541
30012542
30012545
30012547
30012549
30012553
30012564
30012565
30012567
30012569
30012573
30012580
30012581
30012582
30012592
30012593
30012599
30012601
30012602
30012605
30012607
30012612
30012614
30012620
30012621
30012623
30012629
30012631
30012633
30012635
30012636
30012640
30012642
30012646
30012649
30012650
30012652
30012653
30012659
30012665
30012666
30012667
30012668
30012669
30012673
30012675
30012683
30012687
30012690
30012692
30012693
30012695
30012704
30012706
30012713
30012720
30012721
30012730
30012733
30012736
30012737
30012740
30012742
30012743
30012745
30012747
30012752
30012755
30012758
30012762
30012763
30012777
30012780
30012781
30012787
30012789
30012791
30012794
30012796
30012797
30012799
30012801
30012804
30012808
30012810
30012811
30012814
30012817
30012818
30012819
30012822
30012823
30012824
30012825
30012828
30012831
30012832
30012833
30012834
30012835
30012839
30012840
30012842
30012843
30012844
30012846
30012847
30012849
30012850
30012852
30012854
30012855
30012856
30012863
30012866
30012867
30012870
30012871
30012874
30012878
30012879
30012885
30012894
30012897
30012899
30012900
30012901
30012908
30012910
30012912
30012917
30012927
30012928
30012929
30012930
30012931
30012933
30012935
30012938
30012942
30012943
30012944
30012945
30012949
30012954
30012963
30012964
30012965
30012968
30012973
30012975
30012978
30012981
30012982
30012983
30012985
30012989
30012991
30012992
30012996
30013002
30013004
30013008
30013009
30013011
30013013
30013015
30013025
30013030
30013032
30013043
30013046
30013048
30013057
30013059
30013060
30013061
30013065
30013076
30013084
30013086
30013087
30013088
30013092
30013094
30013096
30013100
30013104
30013107
30013109
30013111
30013113
30013114
30013118
30013120
30013122
30013123
30013127
30013132
30013135
30013138
30013144
30013147
30013149
30013157
30013165
30013166
30013167
30013169
30013173
30013174
30013175
30013176
30013181
30013183
30013188
30013193
30013195
30013199
30013200
30013201
30013202
30013207
30013208
30013209
30013212
30013213
30013214
30013217
30013219
30013220
30013222
30013223
30013226
30013227
30013228
30013234
30013235
30013236
30013237
30013240
30013244
30013248
30013254
30013255
30013259
30013264
30013265
30013267
30013271
30013273
30013281
30013282
30013284
30013286
30013294
30013298
30013301
30013302
30013304
30013308
30013311
30013312
30013327
30013328
30013334
30013340
30013343
30013346
30013353
30013356
30013358
30013362
30013363
30013368
30013369
30013370
30013379
30013380
30013383
30013389
30013391
30013393
30013399
30013400
30013402
30013403
30013405
30013412
30013415
30013420
30013421
30013423
30013425
30013427
30013428
30013429
30013433
30013438
30013439
30013442
30013445
30013449
30013451
30013453
30013465
30013467
30013468
30013469
30013472
30013473
30013476
30013482
30013486
30013487
30013498
30013500
30013502
30013507
30013508
30013509
30013510
30013515
30013516
30013517
30013520
30013521
30013523
30013527
30013529
30013532
30013540
30013541
30013542
30013548
30013549
30013551
30013553
30013562
30013564
30013567
30013568
30013569
30013576
30013577
30013580
30013582
30013583
30013584
30013597
30013598
30013600
30013601
30013603
30013606
30013607
30013609
30013615
30013616
30013618
30013620
30013621
30013622
30013623
30013625
30013627
30013628
30013629
30013631
30013634
30013635
30013637
30013641
30013643
30013644
30013650
30013652
30013661
30013663
30013664
30013667
30013671
30013672
30013674
30013675
30013679
30013680
30013683
30013684
30013687
30013695
30013702
30013708
30013709
30013710
30013711
30013712
30013724
30013731
30013734
30013737
30013739
30013742
30013743
30013745
30013755
30013759
30013760
30013769
30013770
30013772
30013774
30013776
30013777
30013779
30013783
30013784
30013785
30013787
30013788
30013793
30013794
30013795
30013797
30013799
30013802
30013806
30013808
30013809
30013810
30013811
30013812
30013814
30013816
30013817
30013820
30013823
30013828
30013832
30013838
30013839
30013840
30013842
30013844
30013845
30013846
30013848
30013849
30013859
30013863
30013864
30013866
30013869
30013872
30013873
30013875
30013880
30013883
30013884
30013885
30013886
30013887
30013889
30013890
30013892
30013894
30013895
30013900
30013901
30013905
30013906
30013909
30013910
30013911
30013914
30013916
30013920
30013921
30013924
30013927
30013928
30013929
30013931
30013934
30013938
30013943
30013953
30013954
30013958
30013963
30013964
30013965
30013966
30013969
30013973
30013981
30013987
30013990
30013992
30013999
30014003
30014006
30014011
30014013
30014015
30014016
30014020
30014024
30014025
30014029
30014030
30014031
30014036
30014041
30014042
30014045
30014047
30014048
30014051
30014055
30014056
30014057
30014064
30014067
30014077
30014079
30014085
30014087
30014088
30014091
30014092
30014095
30014098
30014099
30014104
30014106
30014107
30014109
30014111
30014115
30014117
30014119
30014120
30014122
30014123
30014124
30014125
30014126
30014127
30014129
30014133
30014136
30014139
30014140
30014150
30014152
30014155
30014157
30014159
30014160
30014161
30014165
30014167
30014174
30014175
30014177
30014178
30014179
30014182
30014190
30014191
30014194
30014196
30014199
30014200
30014203
30014207
30014212
30014214
30014216
30014220
30014223
30014224
30014227
30014234
30014235
30014238
30014239
30014241
30014242
30014246
30014248
30014250
30014252
30014254
30014256
30014259
30014265
30014267
30014269
30014270
30014271
30014274
30014276
30014277
30014279
30014281
30014282
30014283
30014286
30014287
30014291
30014294
30014296
30014298
30014299
30014304
30014310
30014311
30014315
30014316
30014318
30014321
30014322
30014329
30014331
30014332
30014337
30014338
30014348
30014351
30014352
30014355
30014359
30014361
30014363
30014365
30014366
30014367
30014368
30014372
30014374
30014376
30014379
30014392
30014394
30014400
30014406
30014409
30014412
30014414
30014419
30014420
30014423
30014429
30014434
30014436
30014437
30014441
30014442
30014443
30014446
30014451
30014457
30014459
30014460
30014466
30014475
30014480
30014487
30014488
30014490
30014494
30014496
30014499
30014500
30014502
30014505
30014507
30014508
30014509
30014511
30014519
30014523
30014528
30014532
30014547
30014556
30014557
30014564
30014566
30014568
30014569
30014573
30014574
30014577
30014578
30014581
30014583
30014584
30014586
30014587
30014591
30014594
30014595
30014596
30014597
30014598
30014599
30014600
30014604
30014608
30014610
30014611
30014612
30014614
30014615
30014616
30014618
30014620
30014624
30014627
30014628
30014629
30014630
30014633
30014637
30014638
30014639
30014640
30014646
30014653
30014654
30014657
30014662
30014667
30014669
30014670
30014672
30014673
30014678
30014690
30014694
30014695
30014696
30014700
30014703
30014706
30014707
30014710
30014712
30014716
30014718
30014726
30014728
30014735
30014739
30014740
30014743
30014744
30014745
30014748
30014753
30014754
30014755
30014756
30014761
30014763
30014764
30014765
30014766
30014776
30014778
30014790
30014793
30014794
30014796
30014800
30014804
30014805
30014816
30014818
30014824
30014829
30014832
30014835
30014841
30014842
30014845
30014849
30014851
30014854
30014855
30014856
30014862
30014863
30014865
30014868
30014876
30014879
30014883
30014885
30014886
30014887
30014892
30014896
30014900
30014903
30014904
30014908
30014918
30014920
30014923
30014926
30014929
30014934
30014935
30014938
30014941
30014952
30014960
30014962
30014965
30014967
30014968
30014972
30014973
30014976
30014977
30014978
30014983
30014986
30014987
30015000
30015002
30015003
30015004
30015006
30015020
30015021
30015024
30015029
30015032
30015034
30015036
30015043
30015045
30015053
30015057
30015060
30015061
30015063
30015068
30015069
30015076
30015079
30015080
30015082
30015088
30015089
30015095
30015098
30015100
30015102
30015104
30015109
30015111
30015117
30015118
30015123
30015127
30015131
30015134
30015136
30015137
30015139
30015142
30015143
30015146
30015151
30015164
30015167
30015169
30015174
30015182
30015194
30015196
30015197
30015200
30015201
30015206
30015216
30015221
30015223
30015230
30015231
30015232
30015233
30015234
30015235
30015237
30015241
30015242
30015243
30015244
30015246
30015249
30015251
30015253
30015254
30015255
30015259
30015265
30015266
30015268
30015269
30015276
30015288
30015291
30015292
30015298
30015306
30015307
30015312
30015314
30015315
30015316
30015317
30015321
30015323
30015326
30015333
30015339
30015343
30015345
30015347
30015348
30015353
30015354
30015355
30015357
30015358
30015359
30015364
30015367
30015371
30015372
30015374
30015381
30015383
30015387
30015391
30015392
30015394
30015395
30015397
30015401
30015403
30015404
30015407
30015409
30015410
30015414
30015415
30015418
30015419
30015420
30015421
30015422
30015426
30015431
30015433
30015435
30015436
30015437
30015442
30015444
30015449
30015452
30015453
30015454
30015459
30015462
30015468
30015473
30015474
30015475
30015480
30015481
30015483
30015486
30015490
30015493
30015496
30015499
30015502
30015504
30015517
30015518
30015523
30015525
30015526
30015527
30015528
30015532
30015541
30015542
30015551
30015561
30015563
30015568
30015571
30015572
30015574
30015575
30015576
30015578
30015579
30015580
30015581
30015592
30015597
30015604
30015611
30015612
30015613
30015616
30015620
30015623
30015624
30015626
30015628
30015629
30015631
30015632
30015634
30015635
30015638
30015641
30015645
30015646
30015649
30015650
30015651
30015653
30015662
30015664
30015666
30015668
30015670
30015671
30015673
30015674
30015677
30015678
30015679
30015682
30015684
30015685
30015686
30015687
30015702
30015707
30015712
30015713
30015716
30015717
30015719
30015720
30015721
30015722
30015727
30015728
30015732
30015736
30015740
30015743
30015744
30015745
30015749
30015754
30015757
30015758
30015763
30015768
30015770
30015773
30015778
30015779
30015783
30015784
30015791
30015792
30015793
30015794
30015796
30015797
30015800
30015802
30015805
30015807
30015809
30015810
30015814
30015819
30015821
30015822
30015827
30015828
30015834
30015844
30015845
30015847
30015853
30015854
30015857
30015860
30015864
30015868
30015869
30015871
30015873
30015874
30015876
30015878
30015879
30015881
30015882
30015883
30015893
30015905
30015908
30015909
30015911
30015913
30015915
30015918
30015919
30015921
30015923
30015930
30015932
30015936
30015940
30015947
30015948
30015949
30015956
30015967
30015968
30015969
30015970
30015976
30015982
30015988
30015998
30016005
30016007
30016013
30016022
30016023
30016027
30016030
30016036
30016044
30016045
30016047
30016053
30016057
30016059
30016061
30016063
30016064
30016071
30016081
30016085
30016086
30016089
30016090
30016093
30016094
30016096
30016097
30016098
30016100
30016101
30016103
30016104
30016106
30016109
30016112
30016114
30016117
30016120
30016128
30016129
30016130
30016131
30016132
30016138
30016146
30016153
30016156
30016157
30016160
30016161
30016164
30016169
30016170
30016171
30016174
30016175
30016176
30016189
30016202
30016205
30016208
30016209
30016215
30016217
30016222
30016226
30016228
30016239
30016240
30016250
30016254
30016256
30016259
30016264
30016265
30016269
30016273
30016274
30016276
30016280
30016282
30016285
30016288
30016295
30016299
30016305
30016307
30016311
30016312
30016315
30016316
30016318
30016319
30016323
30016326
30016328
30016330
30016331
30016337
30016339
30016343
30016345
30016346
30016349
30016353
30016356
30016358
30016362
30016365
30016366
30016371
30016372
30016373
30016376
30016379
30016382
30016384
30016386
30016393
30016395
30016396
30016401
30016405
30016406
30016407
30016410
30016416
30016419
30016424
30016426
30016430
30016432
30016438
30016441
30016450
30016455
30016456
30016457
30016458
30016460
30016473
30016474
30016475
30016477
30016478
30016480
30016481
30016484
30016491
30016503
30016504
30016506
30016509
30016510
30016511
30016515
30016518
30016520
30016523
30016524
30016526
30016528
30016535
30016541
30016543
30016544
30016546
30016549
30016550
30016551
30016559
30016560
30016571
30016572
30016573
30016577
30016584
30016592
30016593
30016596
30016607
30016608
30016611
30016612
30016613
30016620
30016622
30016623
30016625
30016630
30016632
30016643
30016647
30016655
30016657
30016659
30016662
30016663
30016664
30016665
30016668
30016673
30016678
30016684
30016685
30016688
30016689
30016690
30016692
30016695
30016706
30016707
30016708
30016709
30016712
30016716
30016725
30016728
30016729
30016732
30016733
30016737
30016738
30016741
30016743
30016745
30016753
30016754
30016755
30016759
30016760
30016761
30016765
30016767
30016772
30016774
30016776
30016780
30016781
30016782
30016783
30016784
30016785
30016786
30016788
30016796
30016797
30016799
30016802
30016803
30016805
30016808
30016809
30016814
30016815
30016818
30016820
30016823
30016824
30016827
30016828
30016830
30016835
30016843
30016844
30016845
30016846
30016848
30016851
30016853
30016856
30016858
30016860
30016861
30016863
30016865
30016866
30016867
30016868
30016871
30016873
30016874
30016875
30016878
30016884
30016896
30016898
30016899
30016908
30016918
30016919
30016921
30016923
30016927
30016929
30016930
30016931
30016932
30016937
30016938
30016940
30016947
30016950
30016953
30016954
30016962
30016973
30016975
30016976
30016984
30016988
30016997
30017001
30017008
30017010
30017012
30017016
30017017
30017018
30017019
30017020
30017023
30017027
30017035
30017036
30017037
30017039
30017041
30017045
30017049
30017050
30017053
30017057
30017059
30017063
30017066
30017067
30017068
30017070
30017071
30017075
30017077
30017078
30017080
30017082
30017085
30017086
30017087
30017095
30017099
30017109
30017112
30017115
30017117
30017120
30017121
30017123
30017127
30017128
30017132
30017136
30017137
30017138
30017139
30017140
30017144
30017146
30017148
30017150
30017151
30017152
30017153
30017154
30017160
30017161
30017163
30017164
30017169
30017170
30017173
30017180
30017182
30017190
30017192
30017193
30017194
30017197
30017198
30017201
30017205
30017206
30017208
30017212
30017213
30017214
30017216
30017217
30017221
30017222
30017226
30017228
30017230
30017232
30017233
30017235
30017239
30017241
30017242
30017247
30017251
30017252
30017256
30017260
30017265
30017270
30017271
30017272
30017276
30017279
30017281
30017284
30017290
30017292
30017296
30017297
30017299
30017302
30017306
30017309
30017310
30017311
30017313
30017319
30017326
30017328
30017329
30017332
30017333
30017338
30017340
30017343
30017346
30017349
30017350
30017351
30017352
30017354
30017358
30017359
30017360
30017368
30017369
30017372
30017375
30017379
30017382
30017385
30017387
30017390
30017391
30017396
30017398
30017400
30017403
30017413
30017416
30017421
30017423
30017426
30017429
30017432
30017436
30017438
30017441
30017442
30017443
30017448
30017454
30017455
30017459
30017462
30017464
30017466
30017468
30017469
30017474
30017476
30017479
30017481
30017483
30017490
30017494
30017496
30017500
30017504
30017506
30017513
30017516
30017522
30017535
30017536
30017539
30017541
30017542
30017546
30017547
30017548
30017550
30017552
30017554
30017555
30017557
30017558
30017559
30017560
30017561
30017562
30017565
30017569
30017572
30017574
30017580
30017584
30017589
30017597
30017598
30017599
30017600
30017601
30017603
30017604
30017607
30017608
30017610
30017617
30017619
30017621
30017623
30017624
30017628
30017630
30017633
30017634
30017636
30017637
30017641
30017643
30017649
30017650
30017651
30017653
30017654
30017657
30017660
30017664
30017665
30017666
30017672
30017676
30017678
30017679
30017682
30017683
30017685
30017694
30017700
30017703
30017705
30017712
30017715
30017716
30017720
30017723
30017724
30017725
30017726
30017731
30017734
30017737
30017739
30017744
30017746
30017751
30017756
30017758
30017761
30017766
30017769
30017774
30017775
30017780
30017785
30017787
30017788
30017790
30017795
30017797
30017798
30017800
30017805
30017808
30017813
30017814
30017816
30017817
30017822
30017825
30017827
30017829
30017831
30017832
30017833
30017836
30017839
30017848
30017849
30017850
30017858
30017860
30017861
30017862
30017863
30017869
30017871
30017875
30017877
30017880
30017881
30017882
30017883
30017891
30017897
30017904
30017905
30017912
30017915
30017918
30017930
30017937
30017939
30017940
30017943
30017947
30017948
30017949
30017958
30017959
30017962
30017964
30017968
30017970
30017971
30017976
30017984
30017985
30017989
30017990
30017995
30017997
30017999
30018001
30018002
30018003
30018005
30018006
30018009
30018011
30018013
30018021
30018025
30018027
30018029
30018031
30018035
30018038
30018041
30018046
30018047
30018048
30018049
30018052
30018053
30018054
30018057
30018061
30018064
30018072
30018074
30018082
30018084
30018090
30018093
30018097
30018099
30018105
30018106
30018108
30018110
30018116
30018117
30018118
30018119
30018123
30018125
30018128
30018129
30018130
30018134
30018137
30018140
30018150
30018155
30018163
30018165
30018169
30018170
30018172
30018176
30018183
30018185
30018187
30018194
30018201
30018203
30018204
30018207
30018212
30018215
30018219
30018220
30018221
30018222
30018224
30018229
30018235
30018236
30018239
30018240
30018243
30018247
30018249
30018251
30018255
30018256
30018257
30018258
30018262
30018266
30018267
30018268
30018273
30018277
30018279
30018287
30018289
30018290
30018299
30018302
30018303
30018308
30018311
30018313
30018315
30018317
30018320
30018321
30018326
30018327
30018328
30018334
30018335
30018338
30018339
30018341
30018345
30018347
30018353
30018354
30018357
30018358
30018359
30018367
30018369
30018379
30018382
30018387
30018390
30018391
30018393
30018394
30018395
30018398
30018400
30018401
30018405
30018407
30018408
30018409
30018413
30018414
30018425
30018431
30018434
30018435
30018438
30018443
30018444
30018445
30018451
30018453
30018455
30018456
30018460
30018461
30018463
30018464
30018467
30018468
30018470
30018476
30018478
30018480
30018483
30018484
30018490
30018496
30018499
30018503
30018504
30018515
30018519
30018522
30018525
30018526
30018528
30018534
30018538
30018541
30018543
30018546
30018548
30018554
30018557
30018558
30018559
30018561
30018563
30018567
30018573
30018579
30018581
30018582
30018585
30018587
30018594
30018597
30018598
30018602
30018606
30018616
30018624
30018632
30018634
30018636
30018637
30018639
30018642
30018643
30018644
30018654
30018658
30018665
30018667
30018669
30018670
30018671
30018675
30018677
30018683
30018684
30018686
30018687
30018689
30018692
30018693
30018694
30018695
30018697
30018702
30018706
30018711
30018716
30018717
30018719
30018721
30018724
30018728
30018735
30018740
30018743
30018746
30018753
30018756
30018758
30018765
30018766
30018767
30018771
30018774
30018777
30018782
30018785
30018788
30018790
30018795
30018798
30018802
30018804
30018805
30018807
30018815
30018817
30018820
30018824
30018826
30018828
30018830
30018840
30018843
30018845
30018846
30018853
30018857
30018858
30018863
30018865
30018869
30018872
30018878
30018881
30018883
30018884
30018889
30018902
30018903
30018907
30018908
30018909
30018910
30018912
30018919
30018921
30018927
30018929
30018935
30018938
30018939
30018940
30018943
30018944
30018946
30018948
30018950
30018953
30018955
30018958
30018959
30018960
30018965
30018969
30018970
30018973
30018974
30018977
30018981
30018982
30018989
30018995
30019002
30019005
30019007
30019008
30019012
30019016
30019017
30019019
30019020
30019022
30019024
30019029
30019031
30019035
30019036
30019037
30019042
30019045
30019048
30019049
30019057
30019059
30019061
30019063
30019065
30019066
30019068
30019069
30019071
30019072
30019073
30019077
30019079
30019082
30019084
30019085
30019088
30019091
30019101
30019102
30019103
30019112
30019115
30019120
30019121
30019124
30019125
30019128
30019135
30019140
30019143
30019151
30019152
30019154
30019157
30019158
30019159
30019163
30019165
30019172
30019173
30019176
30019188
30019190
30019195
30019196
30019199
30019205
30019206
30019207
30019211
30019212
30019217
30019219
30019220
30019221
30019223
30019224
30019225
30019227
30019228
30019229
30019230
30019234
30019237
30019241
30019243
30019244
30019246
30019247
30019248
30019250
30019251
30019252
30019254
30019260
30019266
30019269
30019274
30019280
30019281
30019283
30019284
30019285
30019286
30019287
30019288
30019289
30019293
30019294
30019301
30019302
30019303
30019304
30019305
30019306
30019310
30019316
30019317
30019319
30019321
30019323
30019326
30019328
30019330
30019331
30019332
30019334
30019339
30019346
30019352
30019356
30019359
30019360
30019361
30019362
30019365
30019370
30019372
30019377
30019378
30019382
30019383
30019388
30019392
30019393
30019397
30019400
30019402
30019403
30019409
30019420
30019427
30019434
30019437
30019438
30019442
30019445
30019447
30019448
30019457
30019458
30019459
30019460
30019461
30019463
30019465
30019466
30019468
30019469
30019470
30019471
30019472
30019484
30019495
30019497
30019498
30019502
30019507
30019512
30019516
30019517
30019518
30019520
30019521
30019526
30019528
30019529
30019534
30019537
30019538
30019543
30019546
30019551
30019554
30019555
30019557
30019558
30019561
30019563
30019565
30019567
30019579
30019581
30019582
30019585
30019589
30019590
30019591
30019599
30019601
30019605
30019606
30019607
30019608
30019610
30019613
30019614
30019620
30019621
30019631
30019637
30019640
30019646
30019654
30019657
30019662
30019665
30019666
30019669
30019671
30019674
30019677
30019680
30019681
30019689
30019691
30019694
30019695
30019696
30019698
30019700
30019702
30019705
30019706
30019708
30019709
30019710
30019713
30019716
30019717
30019719
30019727
30019730
30019732
30019735
30019739
30019740
30019744
30019746
30019747
30019751
30019753
30019754
30019757
30019760
30019761
30019770
30019771
30019774
30019781
30019786
30019787
30019790
30019791
30019793
30019796
30019800
30019806
30019809
30019813
30019815
30019820
30019829
30019830
30019833
30019834
30019837
30019838
30019840
30019850
30019860
30019862
30019867
30019871
30019873
30019874
30019875
30019876
30019880
30019882
30019890
30019891
30019899
30019900
30019901
30019903
30019905
30019906
30019907
30019913
30019914
30019916
30019919
30019921
30019922
30019924
30019925
30019929
30019930
30019931
30019934
30019937
30019941
30019943
30019949
30019950
30019951
30019954
30019958
30019959
30019960
30019961
30019967
30019968
30019970
30019973
30019976
30019977
30019982
30019985
30019986
30019989
30019993
30019996
30019999
30020000
30020003
30020004
30020006
30020009
30020011
30020012
30020019
30020020
30020021
30020023
30020031
30020034
30020035
30020036
30020038
30020039
30020041
30020045
30020047
30020048
30020049
30020050
30020051
30020057
30020059
30020062
30020064
30020065
30020067
30020076
30020077
30020089
30020090
30020091
30020094
30020095
30020097
30020101
30020107
30020109
30020114
30020116
30020122
30020127
30020128
30020130
30020134
30020138
30020139
30020141
30020145
30020147
30020148
30020150
30020152
30020153
30020154
30020156
30020164
30020167
30020172
30020175
30020178
30020179
30020180
30020187
30020195
30020196
30020197
30020200
30020201
30020202
30020204
30020205
30020209
30020210
30020212
30020216
30020218
30020223
30020229
30020230
30020231
30020233
30020234
30020237
30020242
30020246
30020252
30020256
30020259
30020261
30020264
30020266
30020268
30020275
30020276
30020277
30020278
30020280
30020284
30020285
30020287
30020288
30020289
30020290
30020293
30020298
30020300
30020301
30020307
30020308
30020317
30020318
30020321
30020322
30020323
30020332
30020334
30020335
30020338
30020339
30020341
30020342
30020344
30020346
30020347
30020348
30020356
30020357
30020359
30020362
30020363
30020364
30020369
30020370
30020372
30020375
30020377
30020379
30020381
30020384
30020385
30020388
30020389
30020392
30020393
30020398
30020399
30020400
30020402
30020403
30020405
30020407
30020408
30020411
30020412
30020414
30020422
30020423
30020429
30020431
30020434
30020438
30020439
30020440
30020444
30020446
30020448
30020449
30020450
30020458
30020459
30020462
30020463
30020467
30020471
30020473
30020475
30020476
30020494
30020499
30020505
30020511
30020513
30020517
30020522
30020523
30020524
30020526
30020527
30020529
30020531
30020532
30020533
30020535
30020537
30020538
30020546
30020548
30020552
30020555
30020558
30020560
30020564
30020575
30020576
30020579
30020582
30020583
30020584
30020587
30020589
30020593
30020595
30020601
30020607
30020608
30020610
30020611
30020614
30020619
30020623
30020625
30020632
30020633
30020639
30020646
30020651
30020652
30020653
30020656
30020661
30020662
30020663
30020668
30020673
30020675
30020678
30020680
30020681
30020682
30020685
30020688
30020697
30020707
30020708
30020711
30020713
30020715
30020717
30020718
30020722
30020726
30020732
30020734
30020736
30020739
30020741
30020755
30020757
30020763
30020765
30020769
30020772
30020774
30020779
30020784
30020785
30020786
30020787
30020788
30020791
30020794
30020797
30020802
30020803
30020805
30020808
30020814
30020816
30020817
30020821
30020829
30020835
30020837
30020839
30020840
30020844
30020847
30020849
30020850
30020851
30020853
30020858
30020861
30020863
30020866
30020873
30020874
30020876
30020877
30020881
30020885
30020887
30020888
30020894
30020905
30020907
30020912
30020916
30020917
30020918
30020922
30020926
30020928
30020931
30020932
30020933
30020934
30020942
30020946
30020950
30020955
30020956
30020961
30020964
30020968
30020973
30020977
30020980
30020981
30020982
30020984
30020986
30020987
30020989
30020994
30020998
30020999
30021001
30021002
30021003
30021006
30021016
30021018
30021019
30021021
30021022
30021027
30021028
30021029
30021031
30021036
30021046
30021048
30021053
30021055
30021057
30021059
30021062
30021066
30021070
30021073
30021075
30021082
30021084
30021085
30021087
30021089
30021092
30021094
30021096
30021099
30021100
30021101
30021102
30021107
30021109
30021110
30021114
30021117
30021118
30021122
30021124
30021128
30021139
30021143
30021148
30021149
30021155
30021163
30021168
30021173
30021179
30021180
30021182
30021183
30021185
30021189
30021194
30021198
30021203
30021204
30021208
30021210
30021211
30021214
30021217
30021218
30021220
30021224
30021232
30021235
30021245
30021246
30021253
30021255
30021258
30021259
30021260
30021261
30021263
30021275
30021276
30021279
30021287
30021291
30021293
30021298
30021306
30021307
30021310
30021311
30021315
30021316
30021321
30021322
30021324
30021327
30021329
30021331
30021336
30021337
30021338
30021339
30021340
30021344
30021347
30021349
30021351
30021356
30021357
30021361
30021363
30021365
30021367
30021368
30021369
30021374
30021375
30021378
30021379
30021380
30021382
30021383
30021384
30021386
30021388
30021395
30021398
30021401
30021405
30021408
30021412
30021414
30021418
30021419
30021421
30021423
30021425
30021433
30021434
30021436
30021439
30021449
30021454
30021456
30021463
30021464
30021471
30021472
30021473
30021474
30021475
30021476
30021477
30021478
30021479
30021480
30021481
30021482
30021488
30021502
30021505
30021506
30021508
30021509
30021512
30021515
30021520
30021524
30021527
30021528
30021533
30021535
30021540
30021541
30021543
30021548
30021557
30021558
30021563
30021576
30021580
30021581
30021584
30021590
30021592
30021594
30021601
30021602
30021603
30021608
30021609
30021610
30021615
30021616
30021619
30021621
30021630
30021631
30021632
30021633
30021634
30021636
30021638
30021640
30021642
30021645
30021649
30021650
30021656
30021657
30021658
30021659
30021660
30021661
30021662
30021663
30021670
30021675
30021677
30021679
30021680
30021685
30021686
30021689
30021695
30021697
30021698
30021702
30021705
30021714
30021715
30021716
30021717
30021719
30021724
30021728
30021731
30021735
30021737
30021740
30021742
30021746
30021747
30021748
30021752
30021754
30021764
30021766
30021769
30021775
30021782
30021783
30021784
30021785
30021788
30021789
30021791
30021792
30021798
30021803
30021808
30021812
30021813
30021814
30021816
30021817
30021819
30021820
30021823
30021824
30021827
30021829
30021831
30021833
30021838
30021839
30021843
30021844
30021851
30021857
30021859
30021860
30021863
30021865
30021866
30021867
30021868
30021871
30021872
30021875
30021876
30021877
30021885
30021887
30021890
30021892
30021895
30021904
30021907
30021910
30021912
30021915
30021916
30021919
30021920
30021923
30021927
30021928
30021930
30021933
30021936
30021939
30021944
30021945
30021946
30021948
30021951
30021953
30021958
30021962
30021964
30021965
30021968
30021972
30021976
30021981
30021982
30021985
30021993
30021994
30021995
30021997
30021999
30022005
30022006
30022007
30022008
30022013
30022018
30022020
30022023
30022025
30022028
30022030
30022033
30022034
30022036
30022039
30022041
30022051
30022056
30022059
30022063
30022069
30022070
30022071
30022074
30022075
30022078
30022079
30022080
30022085
30022091
30022092
30022093
30022097
30022102
30022105
30022106
30022108
30022110
30022111
30022113
30022114
30022115
30022116
30022121
30022122
30022124
30022125
30022126
30022131
30022140
30022141
30022143
30022146
30022149
30022151
30022157
30022167
30022172
30022176
30022177
30022179
30022181
30022184
30022186
30022191
30022197
30022198
30022199
30022201
30022204
30022207
30022208
30022211
30022216
30022221
30022226
30022229
30022240
30022243
30022246
30022247
30022248
30022249
30022254
30022257
30022259
30022261
30022262
30022264
30022265
30022266
30022268
30022273
30022274
30022276
30022281
30022289
30022290
30022296
30022297
30022299
30022300
30022303
30022304
30022306
30022307
30022308
30022309
30022311
30022312
30022313
30022314
30022316
30022317
30022319
30022325
30022328
30022330
30022333
30022339
30022343
30022347
30022349
30022351
30022352
30022355
30022360
30022362
30022363
30022365
30022372
30022373
30022374
30022378
30022380
30022383
30022384
30022385
30022386
30022390
30022402
30022404
30022406
30022408
30022413
30022414
30022415
30022424
30022430
30022432
30022433
30022436
30022444
30022445
30022446
30022453
30022455
30022456
30022458
30022461
30022463
30022464
30022465
30022468
30022469
30022470
30022475
30022482
30022487
30022493
30022494
30022499
30022505
30022507
30022512
30022513
30022514
30022517
30022522
30022531
30022532
30022534
30022537
30022538
30022542
30022546
30022548
30022552
30022555
30022556
30022558
30022560
30022567
30022569
30022570
30022573
30022574
30022576
30022577
30022578
30022580
30022581
30022585
30022586
30022589
30022592
30022597
30022598
30022599
30022605
30022606
30022607
30022610
30022612
30022615
30022616
30022622
30022623
30022624
30022625
30022628
30022633
30022639
30022642
30022643
30022645
30022646
30022647
30022648
30022650
30022655
30022657
30022660
30022662
30022663
30022666
30022667
30022675
30022676
30022681
30022682
30022684
30022688
30022689
30022690
30022691
30022693
30022697
30022698
30022701
30022702
30022703
30022704
30022705
30022709
30022712
30022714
30022719
30022722
30022740
30022741
30022743
30022744
30022745
30022747
30022748
30022751
30022752
30022754
30022755
30022760
30022762
30022765
30022768
30022769
30022770
30022771
30022773
30022775
30022776
30022777
30022781
30022782
30022783
30022784
30022786
30022790
30022800
30022805
30022807
30022810
30022811
30022812
30022816
30022818
30022820
30022822
30022823
30022826
30022829
30022830
30022831
30022832
30022835
30022836
30022838
30022841
30022842
30022845
30022849
30022851
30022857
30022859
30022862
30022864
30022865
30022868
30022869
30022871
30022875
30022876
30022879
30022880
30022886
30022889
30022893
30022895
30022896
30022900
30022902
30022905
30022907
30022909
30022915
30022916
30022917
30022924
30022925
30022926
30022932
30022933
30022935
30022938
30022940
30022941
30022942
30022943
30022947
30022949
30022955
30022956
30022958
30022964
30022965
30022967
30022983
30022992
30022994
30022996
30022997
30023000
30023001
30023002
30023003
30023005
30023006
30023007
30023009
30023012
30023013
30023014
30023018
30023019
30023024
30023026
30023029
30023032
30023034
30023035
30023038
30023042
30023043
30023047
30023055
30023057
30023062
30023065
30023066
30023072
30023081
30023083
30023086
30023087
30023091
30023095
30023097
30023101
30023103
30023110
30023124
30023130
30023131
30023133
30023145
30023146
30023147
30023151
30023166
30023169
30023170
30023175
30023176
30023177
30023181
30023191
30023192
30023193
30023196
30023198
30023199
30023200
30023202
30023206
30023207
30023214
30023220
30023222
30023226
30023229
30023234
30023244
30023248
30023250
30023254
30023258
30023259
30023260
30023265
30023270
30023271
30023273
30023278
30023279
30023280
30023284
30023286
30023288
30023289
30023295
30023297
30023299
30023301
30023304
30023308
30023311
30023312
30023313
30023315
30023316
30023320
30023322
30023324
30023325
30023327
30023328
30023335
30023339
30023342
30023345
30023348
30023349
30023355
30023358
30023359
30023371
30023372
30023375
30023381
30023382
30023383
30023385
30023389
30023394
30023403
30023404
30023408
30023409
30023411
30023414
30023415
30023420
30023421
30023430
30023436
30023442
30023443
30023449
30023454
30023457
30023458
30023463
30023465
30023468
30023470
30023471
30023472
30023474
30023476
30023479
30023480
30023482
30023483
30023484
30023490
30023495
30023496
30023513
30023514
30023515
30023519
30023521
30023523
30023525
30023527
30023534
30023536
30023538
30023547
30023551
30023553
30023554
30023557
30023562
30023564
30023569
30023573
30023575
30023586
30023587
30023589
30023592
30023594
30023597
30023598
30023601
30023605
30023610
30023612
30023613
30023617
30023619
30023627
30023630
30023633
30023636
30023639
30023640
30023641
30023642
30023643
30023660
30023661
30023666
30023667
30023671
30023674
30023676
30023677
30023678
30023681
30023682
30023683
30023684
30023685
30023690
30023693
30023694
30023698
30023703
30023717
30023720
30023722
30023724
30023725
30023726
30023727
30023733
30023736
30023742
30023743
30023744
30023748
30023751
30023756
30023760
30023761
30023763
30023765
30023768
30023771
30023773
30023776
30023782
30023783
30023784
30023789
30023790
30023791
30023793
30023796
30023801
30023803
30023805
30023810
30023811
30023815
30023817
30023818
30023819
30023827
30023830
30023832
30023833
30023839
30023840
30023841
30023844
30023849
30023853
30023854
30023855
30023857
30023858
30023862
30023864
30023866
30023869
30023871
30023874
30023875
30023876
30023881
30023882
30023883
30023884
30023885
30023886
30023887
30023892
30023893
30023894
30023898
30023903
30023905
30023910
30023913
30023917
30023919
30023923
30023924
30023930
30023934
30023941
30023942
30023943
30023946
30023948
30023949
30023953
30023958
30023963
30023965
30023966
30023968
30023973
30023976
30023979
30023980
30023982
30023985
30023987
30023989
30023992
30023995
30023998
30024000
30024001
30024003
30024004
30024014
30024019
30024028
30024030
30024031
30024033
30024034
30024037
30024043
30024044
30024046
30024053
30024054
30024061
30024063
30024064
30024065
30024066
30024070
30024073
30024074
30024077
30024078
30024081
30024086
30024087
30024093
30024096
30024103
30024110
30024114
30024115
30024117
30024118
30024119
30024120
30024122
30024127
30024129
30024130
30024131
30024132
30024141
30024144
30024155
30024156
30024157
30024159
30024161
30024167
30024179
30024181
30024185
30024186
30024187
30024188
30024190
30024191
30024192
30024194
30024197
30024198
30024202
30024204
30024211
30024212
30024216
30024217
30024219
30024221
30024222
30024226
30024227
30024228
30024233
30024234
30024237
30024239
30024240
30024241
30024246
30024247
30024251
30024253
30024254
30024257
30024259
30024266
30024267
30024272
30024274
30024279
30024281
30024282
30024283
30024286
30024287
30024289
30024290
30024291
30024294
30024296
30024298
30024307
30024308
30024324
30024325
30024332
30024334
30024336
30024344
30024348
30024350
30024354
30024356
30024359
30024360
30024363
30024365
30024366
30024371
30024374
30024381
30024384
30024389
30024391
30024392
30024394
30024401
30024407
30024409
30024410
30024419
30024422
30024424
30024426
30024429
30024433
30024435
30024436
30024442
30024448
30024449
30024453
30024458
30024461
30024462
30024463
30024464
30024467
30024472
30024474
30024476
30024479
30024481
30024484
30024485
30024487
30024488
30024490
30024496
30024501
30024505
30024506
30024513
30024514
30024519
30024524
30024530
30024532
30024534
30024542
30024544
30024549
30024556
30024562
30024567
30024569
30024574
30024580
30024586
30024589
30024595
30024597
30024599
30024601
30024604
30024608
30024609
30024613
30024615
30024625
30024628
30024630
30024631
30024632
30024633
30024634
30024636
30024639
30024640
30024643
30024645
30024646
30024651
30024653
30024655
30024659
30024661
30024662
30024665
30024667
30024669
30024670
30024680
30024681
30024688
30024690
30024694
30024695
30024700
30024705
30024706
30024707
30024708
30024711
30024715
30024717
30024719
30024728
30024729
30024734
30024735
30024739
30024742
30024743
30024747
30024748
30024750
30024753
30024755
30024757
30024758
30024761
30024762
30024763
30024766
30024767
30024773
30024774
30024778
30024782
30024786
30024788
30024795
30024802
30024803
30024804
30024807
30024810
30024811
30024813
30024814
30024818
30024820
30024822
30024825
30024829
30024831
30024832
30024833
30024839
30024840
30024842
30024844
30024848
30024854
30024856
30024863
30024866
30024868
30024872
30024877
30024880
30024882
30024885
30024886
30024887
30024889
30024891
30024892
30024893
30024895
30024902
30024907
30024908
30024915
30024920
30024921
30024922
30024924
30024925
30024927
30024929
30024931
30024933
30024938
30024940
30024944
30024945
30024946
30024950
30024954
30024955
30024957
30024961
30024966
30024967
30024968
30024972
30024977
30024978
30024980
30024982
30024983
30024984
30024987
30024990
30024991
30024992
30024999
30025003
30025004
30025006
30025007
30025015
30025018
30025021
30025023
30025024
30025025
30025028
30025033
30025035
30025036
30025037
30025042
30025046
30025050
30025051
30025061
30025062
30025063
30025066
30025069
30025070
30025071
30025072
30025075
30025077
30025085
30025087
30025094
30025095
30025096
30025098
30025102
30025103
30025104
30025105
30025106
30025112
30025114
30025118
30025121
30025124
30025129
30025130
30025131
30025139
30025143
30025146
30025148
30025151
30025154
30025158
30025159
30025163
30025164
30025165
30025172
30025177
30025180
30025183
30025187
30025189
30025194
30025198
30025199
30025202
30025204
30025208
30025213
30025214
30025217
30025218
30025220
30025222
30025223
30025226
30025231
30025233
30025235
30025237
30025239
30025242
30025243
30025245
30025246
30025248
30025252
30025253
30025255
30025258
30025261
30025263
30025265
30025273
30025274
30025278
30025280
30025286
30025288
30025291
30025292
30025298
30025303
30025304
30025306
30025307
30025308
30025313
30025315
30025319
30025323
30025326
30025327
30025331
30025333
30025339
30025342
30025343
30025346
30025350
30025351
30025354
30025355
30025364
30025366
30025368
30025370
30025375
30025378
30025386
30025387
30025393
30025394
30025395
30025396
30025399
30025401
30025402
30025404
30025405
30025408
30025411
30025413
30025419
30025422
30025425
30025428
30025429
30025432
30025437
30025438
30025441
30025442
30025443
30025444
30025445
30025446
30025448
30025451
30025452
30025454
30025458
30025460
30025461
30025470
30025471
30025476
30025478
30025480
30025482
30025483
30025484
30025485
30025487
30025488
30025489
30025491
30025495
30025496
30025497
30025502
30025506
30025508
30025511
30025516
30025518
30025525
30025526
30025528
30025529
30025532
30025539
30025540
30025541
30025542
30025543
30025546
30025548
30025549
30025550
30025551
30025554
30025558
30025560
30025561
30025562
30025570
30025571
30025573
30025576
30025581
30025583
30025586
30025587
30025588
30025590
30025604
30025605
30025614
30025617
30025618
30025621
30025622
30025625
30025626
30025627
30025629
30025630
30025632
30025637
30025638
30025644
30025646
30025651
30025654
30025657
30025663
30025669
30025671
30025672
30025673
30025676
30025677
30025680
30025682
30025685
30025686
30025688
30025695
30025697
30025699
30025701
30025703
30025710
30025711
30025712
30025713
30025714
30025717
30025718
30025720
30025721
30025722
30025732
30025734
30025735
30025738
30025740
30025744
30025748
30025750
30025760
30025765
30025767
30025768
30025771
30025774
30025775
30025776
30025778
30025785
30025790
30025791
30025793
30025799
30025800
30025802
30025804
30025809
30025814
30025815
30025823
30025824
30025825
30025830
30025840
30025848
30025852
30025858
30025861
30025862
30025866
30025869
30025871
30025872
30025874
30025882
30025889
30025891
30025894
30025895
30025899
30025900
30025901
30025905
30025922
30025928
30025936
30025938
30025939
30025953
30025955
30025959
30025968
30025972
30025978
30025980
30025981
30025985
30025986
30025988
30025994
30025999
30026000
30026002
30026004
30026009
30026011
30026012
30026014
30026015
30026016
30026017
30026018
30026020
30026022
30026025
30026029
30026031
30026032
30026033
30026034
30026037
30026039
30026042
30026045
30026050
30026052
30026054
30026056
30026057
30026058
30026064
30026065
30026067
30026070
30026071
30026072
30026074
30026076
30026078
30026080
30026081
30026087
30026088
30026092
30026093
30026098
30026104
30026106
30026111
30026113
30026115
30026116
30026119
30026120
30026121
30026127
30026130
30026142
30026144
30026147
30026151
30026152
30026156
30026164
30026168
30026169
30026174
30026175
30026178
30026181
30026189
30026195
30026206
30026208
30026212
30026213
30026214
30026215
30026224
30026225
30026226
30026228
30026230
30026231
30026234
30026236
30026239
30026247
30026250
30026251
30026252
30026255
30026257
30026260
30026262
30026266
30026267
30026270
30026275
30026284
30026287
30026291
30026295
30026304
30026313
30026315
30026320
30026321
30026334
30026335
30026340
30026341
30026347
30026355
30026359
30026361
30026364
30026366
30026367
30026368
30026371
30026372
30026373
30026381
30026383
30026387
30026388
30026390
30026400
30026403
30026406
30026407
30026408
30026409
30026420
30026421
30026424
30026425
30026426
30026427
30026428
30026437
30026439
30026441
30026443
30026444
30026446
30026447
30026449
30026450
30026454
30026455
30026456
30026457
30026459
30026460
30026462
30026463
30026467
30026468
30026469
30026470
30026474
30026478
30026479
30026480
30026486
30026490
30026493
30026495
30026498
30026501
30026502
30026504
30026506
30026510
30026515
30026520
30026521
30026524
30026530
30026533
30026542
30026543
30026548
30026553
30026555
30026556
30026558
30026568
30026569
30026573
30026574
30026580
30026581
30026587
30026588
30026591
30026595
30026597
30026599
30026605
30026608
30026611
30026614
30026615
30026618
30026621
30026622
30026626
30026628
30026629
30026630
30026632
30026649
30026651
30026658
30026662
30026670
30026671
30026672
30026673
30026675
30026676
30026677
30026678
30026680
30026681
30026688
30026693
30026694
30026696
30026698
30026700
30026706
30026708
30026711
30026715
30026719
30026721
30026728
30026732
30026734
30026737
30026740
30026741
30026742
30026744
30026745
30026746
30026747
30026748
30026749
30026750
30026759
30026760
30026764
30026769
30026771
30026775
30026779
30026783
30026788
30026789
30026790
30026792
30026794
30026797
30026800
30026808
30026815
30026818
30026819
30026822
30026823
30026826
30026827
30026829
30026830
30026837
30026839
30026851
30026853
30026854
30026857
30026860
30026864
30026874
30026880
30026883
30026885
30026890
30026896
30026901
30026905
30026910
30026913
30026921
30026925
30026927
30026930
30026933
30026935
30026937
30026938
30026945
30026946
30026948
30026952
30026954
30026956
30026958
30026959
30026963
30026966
30026967
30026978
30026983
30026987
30026995
30026996
30026998
30027000
30027005
30027007
30027015
30027017
30027018
30027021
30027025
30027027
30027028
30027030
30027034
30027037
30027046
30027048
30027049
30027055
30027058
30027061
30027066
30027067
30027068
30027070
30027076
30027079
30027080
30027083
30027086
30027087
30027093
30027102
30027104
30027107
30027108
30027116
30027117
30027125
30027127
30027131
30027133
30027135
30027142
30027143
30027148
30027149
30027153
30027154
30027156
30027157
30027159
30027160
30027165
30027166
30027168
30027171
30027173
30027174
30027175
30027178
30027180
30027183
30027189
30027194
30027196
30027199
30027201
30027204
30027205
30027208
30027211
30027214
30027218
30027222
30027223
30027234
30027238
30027242
30027244
30027246
30027247
30027249
30027250
30027251
30027253
30027254
30027255
30027260
30027262
30027263
30027266
30027268
30027272
30027279
30027281
30027282
30027286
30027289
30027292
30027294
30027297
30027300
30027301
30027305
30027306
30027307
30027311
30027318
30027330
30027331
30027332
30027333
30027340
30027343
30027344
30027355
30027356
30027357
30027362
30027363
30027364
30027365
30027366
30027367
30027368
30027369
30027372
30027373
30027379
30027380
30027384
30027387
30027388
30027390
30027398
30027400
30027401
30027402
30027403
30027404
30027405
30027408
30027409
30027415
30027416
30027419
30027420
30027423
30027425
30027430
30027431
30027432
30027434
30027435
30027440
30027441
30027444
30027448
30027453
30027455
30027461
30027465
30027470
30027471
30027476
30027478
30027482
30027483
30027484
30027486
30027490
30027492
30027493
30027495
30027496
30027498
30027499
30027508
30027509
30027510
30027511
30027513
30027516
30027517
30027518
30027519
30027523
30027527
30027528
30027532
30027534
30027537
30027544
30027545
30027549
30027554
30027555
30027558
30027559
30027560
30027566
30027567
30027570
30027576
30027578
30027581
30027582
30027583
30027586
30027589
30027590
30027592
30027593
30027604
30027606
30027607
30027614
30027615
30027616
30027618
30027624
30027626
30027627
30027628
30027634
30027639
30027643
30027645
30027647
30027648
30027651
30027660
30027661
30027670
30027671
30027686
30027687
30027688
30027694
30027698
30027703
30027705
30027706
30027707
30027709
30027710
30027723
30027724
30027726
30027727
30027729
30027731
30027739
30027740
30027749
30027751
30027753
30027755
30027758
30027761
30027763
30027767
30027771
30027775
30027777
30027778
30027779
30027780
30027781
30027782
30027783
30027793
30027794
30027796
30027797
30027798
30027800
30027801
30027804
30027806
30027807
30027808
30027810
30027812
30027813
30027817
30027820
30027822
30027827
30027831
30027834
30027836
30027841
30027849
30027850
30027851
30027852
30027863
30027868
30027869
30027873
30027874
30027882
30027888
30027889
30027895
30027897
30027898
30027900
30027905
30027913
30027915
30027922
30027923
30027924
30027928
30027930
30027931
30027932
30027933
30027934
30027936
30027939
30027940
30027941
30027942
30027943
30027946
30027950
30027951
30027953
30027954
30027959
30027960
30027963
30027965
30027967
30027969
30027983
30027984
30027990
30027994
30027996
30027997
30027998
30028001
30028008
30028010
30028011
30028012
30028014
30028016
30028019
30028022
30028023
30028028
30028031
30028033
30028034
30028036
30028039
30028040
30028041
30028042
30028045
30028050
30028051
30028059
30028062
30028063
30028072
30028074
30028076
30028080
30028081
30028083
30028086
30028087
30028088
30028097
30028101
30028103
30028106
30028108
30028109
30028112
30028117
30028119
30028122
30028130
30028131
30028132
30028133
30028136
30028137
30028142
30028146
30028147
30028149
30028152
30028153
30028154
30028156
30028157
30028165
30028169
30028177
30028182
30028184
30028191
30028193
30028198
30028207
30028210
30028214
30028220
30028222
30028223
30028229
30028230
30028231
30028233
30028237
30028240
30028244
30028246
30028248
30028250
30028251
30028253
30028259
30028263
30028264
30028265
30028266
30028268
30028269
30028270
30028271
30028275
30028280
30028281
30028284
30028287
30028288
30028290
30028296
30028299
30028300
30028303
30028306
30028310
30028314
30028318
30028322
30028323
30028325
30028326
30028329
30028334
30028337
30028341
30028344
30028345
30028347
30028352
30028353
30028354
30028357
30028358
30028361
30028363
30028369
30028381
30028386
30028390
30028391
30028392
30028393
30028404
30028407
30028409
30028413
30028414
30028415
30028417
30028420
30028421
30028422
30028424
30028429
30028431
30028435
30028436
30028437
30028438
30028439
30028441
30028442
30028443
30028445
30028447
30028453
30028456
30028460
30028464
30028465
30028469
30028470
30028472
30028474
30028478
30028479
30028480
30028482
30028483
30028486
30028487
30028488
30028489
30028490
30028494
30028497
30028499
30028505
30028515
30028518
30028521
30028523
30028529
30028531
30028533
30028537
30028544
30028546
30028547
30028550
30028554
30028556
30028565
30028566
30028570
30028573
30028576
30028582
30028586
30028597
30028598
30028605
30028606
30028614
30028616
30028619
30028620
30028621
30028623
30028627
30028629
30028630
30028632
30028633
30028635
30028636
30028637
30028638
30028641
30028642
30028645
30028648
30028650
30028653
30028655
30028658
30028661
30028668
30028669
30028673
30028677
30028679
30028682
30028683
30028689
30028690
30028694
30028696
30028701
30028703
30028705
30028706
30028707
30028709
30028710
30028711
30028713
30028714
30028715
30028716
30028720
30028725
30028728
30028730
30028736
30028741
30028746
30028748
30028751
30028754
30028758
30028759
30028761
30028762
30028766
30028769
30028770
30028773
30028775
30028777
30028778
30028781
30028783
30028789
30028791
30028800
30028801
30028802
30028804
30028805
30028808
30028811
30028812
30028815
30028818
30028823
30028824
30028825
30028826
30028827
30028828
30028831
30028833
30028836
30028838
30028842
30028847
30028849
30028850
30028853
30028856
30028858
30028859
30028864
30028868
30028870
30028874
30028875
30028878
30028879
30028880
30028885
30028888
30028893
30028894
30028899
30028902
30028912
30028914
30028920
30028921
30028922
30028927
30028929
30028932
30028933
30028938
30028939
30028941
30028947
30028949
30028951
30028955
30028960
30028962
30028963
30028964
30028969
30028970
30028973
30028978
30028987
30028988
30028993
30028995
30028996
30028998
30029001
30029002
30029004
30029005
30029008
30029017
30029018
30029020
30029022
30029025
30029027
30029028
30029030
30029031
30029036
30029037
30029040
30029041
30029043
30029050
30029051
30029067
30029068
30029071
30029072
30029073
30029077
30029082
30029084
30029085
30029086
30029092
30029095
30029112
30029113
30029114
30029116
30029121
30029126
30029128
30029133
30029137
30029138
30029139
30029140
30029143
30029144
30029145
30029151
30029155
30029157
30029158
30029159
30029166
30029168
30029174
30029176
30029178
30029180
30029185
30029189
30029191
30029192
30029197
30029198
30029203
30029209
30029213
30029214
30029219
30029223
30029227
30029233
30029234
30029235
30029236
30029242
30029243
30029244
30029247
30029249
30029250
30029252
30029257
30029258
30029259
30029267
30029268
30029269
30029271
30029273
30029277
30029278
30029280
30029285
30029286
30029287
30029291
30029293
30029294
30029296
30029302
30029309
30029310
30029311
30029315
30029317
30029321
30029322
30029323
30029325
30029327
30029331
30029333
30029343
30029344
30029345
30029346
30029349
30029362
30029363
30029379
30029380
30029381
30029384
30029389
30029390
30029391
30029392
30029396
30029399
30029400
30029402
30029404
30029411
30029412
30029413
30029414
30029421
30029422
30029425
30029429
30029430
30029433
30029434
30029441
30029446
30029448
30029450
30029459
30029462
30029463
30029465
30029473
30029477
30029481
30029482
30029483
30029484
30029485
30029492
30029497
30029498
30029499
30029500
30029503
30029504
30029505
30029511
30029521
30029522
30029526
30029527
30029538
30029539
30029549
30029553
30029556
30029558
30029560
30029563
30029566
30029567
30029577
30029580
30029581
30029583
30029584
30029592
30029595
30029596
30029597
30029599
30029600
30029601
30029602
30029608
30029609
30029612
30029615
30029616
30029622
30029623
30029626
30029628
30029635
30029637
30029639
30029640
30029643
30029644
30029647
30029648
30029651
30029655
30029658
30029661
30029664
30029665
30029666
30029670
30029672
30029673
30029674
30029680
30029681
30029683
30029687
30029688
30029691
30029693
30029695
30029696
30029698
30029701
30029707
30029711
30029712
30029715
30029718
30029722
30029723
30029725
30029727
30029729
30029730
30029733
30029736
30029738
30029745
30029757
30029759
30029760
30029761
30029762
30029767
30029771
30029773
30029775
30029776
30029779
30029781
30029788
30029789
30029790
30029792
30029793
30029794
30029797
30029802
30029811
30029816
30029817
30029818
30029819
30029823
30029826
30029828
30029836
30029839
30029846
30029847
30029852
30029854
30029856
30029858
30029863
30029864
30029865
30029868
30029874
30029881
30029887
30029888
30029889
30029890
30029891
30029893
30029895
30029898
30029900
30029901
30029908
30029909
30029910
30029913
30029916
30029918
30029923
30029929
30029931
30029933
30029934
30029935
30029938
30029943
30029944
30029945
30029948
30029953
30029967
30029973
30029977
30029981
30029983
30029986
30029987
30029989
30029995
30029997
30030000
30030002
30030004
30030006
30030014
30030015
30030018
30030020
30030022
30030023
30030026
30030028
30030031
30030039
30030040
30030041
30030042
30030043
30030048
30030050
30030060
30030063
30030064
30030066
30030067
30030072
30030078
30030080
30030084
30030086
30030088
30030089
30030093
30030105
30030107
30030109
30030112
30030114
30030115
30030116
30030121
30030122
30030124
30030125
30030127
30030135
30030138
30030140
30030145
30030147
30030149
30030150
30030154
30030158
30030159
30030160
30030163
30030165
30030172
30030173
30030174
30030178
30030179
30030183
30030186
30030195
30030196
30030197
30030202
30030203
30030204
30030207
30030208
30030214
30030219
30030223
30030224
30030225
30030229
30030231
30030232
30030233
30030234
30030236
30030237
30030239
30030240
30030242
30030243
30030255
30030257
30030259
30030264
30030265
30030267
30030269
30030274
30030278
30030280
30030286
30030288
30030292
30030293
30030301
30030308
30030309
30030310
30030311
30030315
30030317
30030320
30030324
30030330
30030333
30030339
30030343
30030344
30030345
30030350
30030351
30030353
30030356
30030359
30030363
30030364
30030365
30030367
30030373
30030376
30030378
30030383
30030385
30030388
30030393
30030403
30030406
30030407
30030411
30030412
30030419
30030421
30030422
30030424
30030425
30030427
30030430
30030431
30030436
30030437
30030438
30030446
30030452
30030453
30030454
30030458
30030460
30030464
30030468
30030470
30030471
30030472
30030474
30030479
30030480
30030482
30030488
30030489
30030490
30030491
30030494
30030497
30030498
30030502
30030504
30030506
30030507
30030512
30030513
30030525
30030531
30030536
30030543
30030544
30030548
30030549
30030550
30030552
30030555
30030556
30030558
30030559
30030562
30030564
30030570
30030571
30030578
30030579
30030584
30030587
30030588
30030590
30030591
30030592
30030593
30030596
30030600
30030602
30030605
30030608
30030610
30030612
30030616
30030617
30030622
30030624
30030629
30030630
30030632
30030645
30030646
30030648
30030650
30030651
30030653
30030654
30030656
30030658
30030660
30030662
30030665
30030671
30030673
30030686
30030690
30030692
30030697
30030699
30030703
30030704
30030705
30030709
30030710
30030720
30030722
30030723
30030725
30030728
30030729
30030733
30030734
30030737
30030739
30030742
30030744
30030745
30030746
30030748
30030754
30030755
30030758
30030760
30030763
30030767
30030775
30030777
30030781
30030794
30030797
30030808
30030812
30030815
30030816
30030823
30030824
30030826
30030830
30030832
30030838
30030840
30030843
30030844
30030845
30030847
30030848
30030850
30030851
30030853
30030854
30030855
30030856
30030859
30030860
30030862
30030863
30030864
30030870
30030872
30030873
30030874
30030877
30030878
30030882
30030886
30030889
30030890
30030898
30030899
30030906
30030910
30030911
30030917
30030926
30030928
30030931
30030936
30030938
30030940
30030943
30030944
30030948
30030949
30030950
30030953
30030955
30030958
30030964
30030967
30030968
30030969
30030971
30030972
30030976
30030983
30030985
30030996
30030997
30030998
30031000
30031001
30031006
30031009
30031012
30031013
30031015
30031016
30031024
30031025
30031028
30031029
30031030
30031032
30031034
30031035
30031036
30031038
30031043
30031045
30031046
30031052
30031053
30031055
30031058
30031059
30031061
30031062
30031066
30031068
30031072
30031076
30031080
30031085
30031097
30031101
30031102
30031109
30031110
30031112
30031113
30031115
30031116
30031117
30031118
30031119
30031120
30031122
30031123
30031126
30031130
30031133
30031134
30031140
30031146
30031155
30031159
30031166
30031167
30031168
30031170
30031171
30031172
30031177
30031178
30031181
30031182
30031183
30031184
30031185
30031186
30031189
30031190
30031201
30031202
30031207
30031210
30031211
30031214
30031216
30031220
30031234
30031238
30031239
30031241
30031243
30031244
30031245
30031246
30031247
30031248
30031251
30031254
30031257
30031260
30031265
30031266
30031272
30031278
30031279
30031283
30031289
30031293
30031295
30031298
30031304
30031305
30031310
30031315
30031316
30031318
30031331
30031333
30031334
30031335
30031341
30031342
30031343
30031344
30031347
30031348
30031352
30031353
30031355
30031356
30031361
30031365
30031370
30031376
30031381
30031382
30031383
30031385
30031387
30031391
30031395
30031404
30031405
30031408
30031412
30031414
30031416
30031417
30031418
30031420
30031425
30031427
30031428
30031429
30031432
30031434
30031436
30031437
30031445
30031449
30031451
30031452
30031454
30031457
30031463
30031465
30031466
30031468
30031476
30031477
30031478
30031481
30031484
30031485
30031489
30031490
30031491
30031492
30031507
30031510
30031511
30031513
30031515
30031517
30031521
30031526
30031529
30031533
30031536
30031541
30031544
30031549
30031550
30031553
30031554
30031557
30031558
30031561
30031563
30031566
30031568
30031570
30031576
30031577
30031578
30031583
30031591
30031597
30031598
30031602
30031607
30031610
30031611
30031612
30031613
30031614
30031617
30031619
30031624
30031626
30031630
30031639
30031642
30031652
30031654
30031655
30031659
30031661
30031671
30031674
30031680
30031681
30031686
30031692
30031696
30031700
30031705
30031711
30031713
30031716
30031719
30031721
30031723
30031725
30031726
30031730
30031734
30031737
30031738
30031740
30031743
30031744
30031745
30031753
30031754
30031756
30031758
30031763
30031764
30031765
30031768
30031769
30031771
30031777
30031778
30031780
30031781
30031782
30031784
30031787
30031791
30031792
30031794
30031795
30031799
30031800
30031805
30031806
30031807
30031814
30031818
30031826
30031829
30031838
30031840
30031843
30031844
30031846
30031854
30031857
30031859
30031860
30031861
30031863
30031871
30031872
30031876
30031879
30031880
30031883
30031884
30031887
30031890
30031892
30031894
30031895
30031897
30031901
30031905
30031906
30031909
30031913
30031915
30031921
30031922
30031923
30031926
30031927
30031929
30031931
30031934
30031937
30031938
30031941
30031945
30031948
30031949
30031952
30031957
30031959
30031960
30031964
30031966
30031974
30031979
30031980
30031989
30031990
30031993
30031994
30031995
30031997
30031999
30032001
30032003
30032004
30032009
30032010
30032014
30032016
30032017
30032018
30032021
30032024
30032028
30032030
30032033
30032041
30032046
30032048
30032051
30032053
30032059
30032060
30032062
30032065
30032068
30032070
30032077
30032079
30032083
30032086
30032091
30032095
30032098
30032102
30032104
30032105
30032109
30032111
30032113
30032117
30032118
30032119
30032124
30032125
30032128
30032134
30032138
30032141
30032142
30032144
30032147
30032148
30032154
30032157
30032159
30032160
30032161
30032163
30032165
30032167
30032168
30032170
30032172
30032173
30032175
30032183
30032185
30032188
30032191
30032192
30032197
30032198
30032203
30032204
30032206
30032207
30032213
30032217
30032218
30032221
30032222
30032225
30032229
30032231
30032232
30032234
30032239
30032240
30032242
30032243
30032245
30032247
30032256
30032260
30032262
30032266
30032271
30032275
30032281
30032283
30032286
30032290
30032293
30032302
30032307
30032309
30032310
30032312
30032313
30032316
30032319
30032320
30032324
30032325
30032329
30032345
30032348
30032350
30032355
30032357
30032358
30032360
30032361
30032362
30032363
30032366
30032369
30032370
30032377
30032380
30032381
30032383
30032384
30032388
30032392
30032393
30032395
30032396
30032397
30032402
30032403
30032408
30032409
30032415
30032418
30032421
30032423
30032427
30032432
30032435
30032438
30032441
30032447
30032452
30032456
30032457
30032458
30032461
30032462
30032464
30032466
30032467
30032469
30032470
30032471
30032473
30032478
30032486
30032488
30032490
30032491
30032493
30032502
30032503
30032504
30032505
30032507
30032514
30032517
30032518
30032521
30032522
30032524
30032533
30032535
30032536
30032539
30032540
30032541
30032545
30032549
30032550
30032551
30032556
30032560
30032562
30032563
30032565
30032568
30032569
30032577
30032579
30032585
30032587
30032591
30032592
30032593
30032600
30032604
30032611
30032612
30032616
30032617
30032618
30032619
30032625
30032632
30032633
30032634
30032637
30032640
30032641
30032643
30032647
30032651
30032655
30032656
30032661
30032666
30032667
30032673
30032678
30032679
30032680
30032681
30032683
30032685
30032686
30032687
30032688
30032690
30032691
30032693
30032696
30032702
30032704
30032709
30032718
30032719
30032730
30032733
30032736
30032737
30032740
30032743
30032745
30032748
30032753
30032755
30032763
30032764
30032768
30032770
30032771
30032774
30032775
30032782
30032787
30032789
30032791
30032796
30032799
30032802
30032804
30032805
30032806
30032810
30032814
30032821
30032822
30032830
30032831
30032839
30032845
30032847
30032849
30032852
30032858
30032860
30032861
30032868
30032869
30032870
30032872
30032873
30032874
30032881
30032886
30032887
30032892
30032894
30032895
30032897
30032898
30032899
30032901
30032906
30032907
30032910
30032912
30032913
30032914
30032919
30032921
30032922
30032927
30032928
30032929
30032931
30032935
30032937
30032940
30032942
30032946
30032948
30032950
30032955
30032957
30032959
30032960
30032961
30032963
30032967
30032969
30032972
30032974
30032975
30032976
30032979
30032984
30032985
30032989
30032992
30033007
30033015
30033016
30033020
30033027
30033028
30033031
30033036
30033040
30033045
30033049
30033051
30033054
30033064
30033068
30033074
30033075
30033078
30033079
30033088
30033091
30033095
30033096
30033097
30033100
30033102
30033103
30033113
30033114
30033115
30033116
30033118
30033121
30033124
30033125
30033126
30033129
30033134
30033137
30033138
30033139
30033144
30033146
30033153
30033155
30033157
30033158
30033163
30033164
30033166
30033168
30033170
30033171
30033172
30033174
30033175
30033177
30033178
30033183
30033190
30033192
30033197
30033199
30033203
30033204
30033209
30033210
30033212
30033215
30033216
30033218
30033223
30033224
30033227
30033232
30033233
30033236
30033239
30033241
30033244
30033248
30033250
30033252
30033255
30033258
30033264
30033265
30033268
30033271
30033275
30033276
30033279
30033280
30033286
30033287
30033289
30033293
30033295
30033298
30033300
30033305
30033306
30033309
30033311
30033312
30033313
30033316
30033321
30033322
30033330
30033336
30033339
30033340
30033341
30033342
30033343
30033345
30033346
30033348
30033352
30033353
30033355
30033356
30033358
30033359
30033361
30033365
30033375
30033376
30033379
30033382
30033386
30033387
30033389
30033394
30033398
30033401
30033404
30033406
30033412
30033416
30033426
30033428
30033429
30033430
30033432
30033433
30033434
30033438
30033439
30033440
30033441
30033442
30033446
30033447
30033454
30033461
30033467
30033471
30033472
30033473
30033476
30033479
30033480
30033482
30033486
30033498
30033499
30033500
30033502
30033504
30033506
30033510
30033511
30033516
30033517
30033518
30033521
30033522
30033526
30033527
30033528
30033529
30033533
30033536
30033537
30033542
30033544
30033547
30033548
30033553
30033556
30033558
30033560
30033561
30033566
30033568
30033569
30033570
30033576
30033578
30033583
30033585
30033587
30033589
30033592
30033593
30033594
30033597
30033598
30033601
30033602
30033609
30033610
30033613
30033617
30033620
30033623
30033624
30033625
30033626
30033627
30033633
30033636
30033637
30033641
30033644
30033652
30033655
30033656
30033659
30033661
30033662
30033664
30033670
30033673
30033675
30033677
30033678
30033680
30033681
30033682
30033683
30033686
30033687
30033695
30033700
30033706
30033712
30033713
30033727
30033731
30033736
30033737
30033741
30033744
30033745
30033749
30033752
30033753
30033755
30033758
30033759
30033764
30033767
30033769
30033773
30033779
30033781
30033785
30033787
30033790
30033791
30033792
30033795
30033796
30033797
30033798
30033800
30033801
30033802
30033805
30033806
30033807
30033809
30033811
30033812
30033813
30033817
30033819
30033822
30033833
30033834
30033835
30033836
30033838
30033839
30033841
30033843
30033845
30033848
30033851
30033854
30033855
30033859
30033864
30033865
30033866
30033867
30033869
30033875
30033881
30033883
30033884
30033887
30033892
30033895
30033899
30033901
30033908
30033912
30033913
30033916
30033917
30033918
30033919
30033925
30033928
30033929
30033930
30033933
30033934
30033939
30033940
30033942
30033946
30033947
30033951
30033955
30033957
30033958
30033960
30033961
30033964
30033969
30033971
30033974
30033975
30033981
30033985
30033989
30033991
30033993
30033998
30034000
30034002
30034003
30034005
30034006
30034012
30034017
30034018
30034023
30034036
30034037
30034038
30034040
30034042
30034043
30034046
30034053
30034054
30034055
30034058
30034059
30034063
30034064
30034065
30034067
30034068
30034073
30034076
30034084
30034085
30034089
30034092
30034093
30034095
30034097
30034101
30034104
30034105
30034108
30034111
30034112
30034115
30034121
30034125
30034126
30034130
30034131
30034136
30034138
30034142
30034146
30034151
30034152
30034153
30034156
30034158
30034159
30034161
30034163
30034168
30034170
30034171
30034172
30034175
30034177
30034178
30034181
30034189
30034196
30034201
30034202
30034205
30034208
30034210
30034212
30034219
30034221
30034222
30034223
30034225
30034228
30034229
30034230
30034235
30034236
30034238
30034239
30034242
30034247
30034248
30034250
30034251
30034253
30034254
30034256
30034257
30034260
30034265
30034276
30034278
30034286
30034287
30034288
30034289
30034290
30034292
30034296
30034299
30034301
30034303
30034308
30034313
30034321
30034322
30034331
30034332
30034333
30034341
30034342
30034354
30034359
30034361
30034365
30034370
30034371
30034372
30034373
30034374
30034378
30034380
30034381
30034382
30034383
30034384
30034385
30034387
30034388
30034398
30034399
30034407
30034409
30034415
30034416
30034418
30034420
30034421
30034422
30034423
30034425
30034434
30034441
30034442
30034446
30034449
30034451
30034452
30034459
30034464
30034468
30034470
30034477
30034480
30034481
30034482
30034485
30034487
30034495
30034496
30034497
30034499
30034500
30034501
30034502
30034504
30034507
30034513
30034514
30034516
30034520
30034528
30034529
30034533
30034536
30034537
30034539
30034540
30034541
30034556
30034557
30034566
30034569
30034571
30034572
30034584
30034587
30034590
30034591
30034592
30034597
30034599
30034602
30034608
30034612
30034613
30034614
30034615
30034620
30034622
30034624
30034625
30034626
30034630
30034631
30034633
30034643
30034644
30034645
30034647
30034648
30034649
30034651
30034655
30034668
30034670
30034674
30034677
30034685
30034686
30034688
30034689
30034691
30034697
30034698
30034700
30034702
30034709
30034711
30034712
30034717
30034720
30034725
30034729
30034730
30034739
30034746
30034749
30034753
30034758
30034760
30034763
30034766
30034767
30034772
30034775
30034776
30034783
30034786
30034788
30034789
30034795
30034798
30034801
30034802
30034803
30034805
30034810
30034814
30034816
30034817
30034818
30034819
30034820
30034824
30034827
30034830
30034832
30034833
30034841
30034845
30034851
30034855
30034857
30034859
30034861
30034865
30034870
30034879
30034880
30034884
30034891
30034899
30034900
30034902
30034906
30034908
30034915
30034918
30034921
30034927
30034928
30034929
30034933
30034934
30034935
30034944
30034945
30034959
30034960
30034963
30034965
30034968
30034982
30034985
30034994
30034996
30035000
30035001
30035003
30035004
30035005
30035006
30035007
30035013
30035014
30035015
30035032
30035035
30035037
30035040
30035041
30035042
30035044
30035046
30035048
30035049
30035051
30035052
30035055
30035057
30035060
30035062
30035064
30035066
30035068
30035071
30035079
30035095
30035102
30035106
30035107
30035109
30035112
30035113
30035118
30035124
30035126
30035129
30035131
30035132
30035137
30035148
30035149
30035161
30035162
30035163
30035166
30035170
30035174
30035175
30035176
30035178
30035183
30035184
30035185
30035186
30035193
30035194
30035201
30035207
30035208
30035212
30035214
30035216
30035220
30035221
30035224
30035225
30035227
30035230
30035232
30035240
30035242
30035243
30035245
30035247
30035248
30035249
30035251
30035253
30035254
30035255
30035261
30035262
30035263
30035264
30035266
30035268
30035272
30035273
30035275
30035277
30035282
30035283
30035289
30035290
30035292
30035295
30035302
30035303
30035306
30035313
30035317
30035324
30035325
30035327
30035334
30035335
30035339
30035341
30035346
30035347
30035349
30035350
30035356
30035361
30035364
30035367
30035369
30035374
30035378
30035380
30035381
30035385
30035389
30035390
30035392
30035393
30035400
30035401
30035403
30035405
30035406
30035409
30035417
30035418
30035419
30035423
30035429
30035432
30035433
30035437
30035440
30035445
30035446
30035447
30035450
30035451
30035452
30035453
30035455
30035458
30035459
30035460
30035461
30035462
30035466
30035470
30035472
30035476
30035478
30035481
30035482
30035487
30035488
30035496
30035497
30035498
30035499
30035505
30035506
30035507
30035515
30035516
30035518
30035519
30035520
30035522
30035525
30035526
30035529
30035532
30035546
30035562
30035569
30035571
30035572
30035575
30035581
30035585
30035597
30035599
30035600
30035604
30035605
30035607
30035611
30035612
30035613
30035615
30035617
30035618
30035622
30035626
30035632
30035633
30035634
30035635
30035638
30035644
30035653
30035657
30035660
30035663
30035664
30035669
30035673
30035677
30035680
30035682
30035685
30035686
30035687
30035688
30035689
30035691
30035692
30035698
30035699
30035701
30035705
30035721
30035723
30035724
30035727
30035730
30035731
30035735
30035736
30035738
30035739
30035740
30035745
30035747
30035750
30035751
30035752
30035758
30035760
30035761
30035762
30035763
30035765
30035769
30035771
30035773
30035776
30035779
30035781
30035786
30035787
30035791
30035792
30035794
30035801
30035802
30035804
30035806
30035808
30035816
30035818
30035819
30035824
30035830
30035834
30035836
30035844
30035848
30035851
30035855
30035858
30035859
30035860
30035863
30035866
30035868
30035871
30035874
30035880
30035883
30035884
30035886
30035887
30035890
30035894
30035903
30035909
30035910
30035912
30035914
30035917
30035919
30035926
30035927
30035931
30035933
30035936
30035939
30035941
30035946
30035957
30035958
30035959
30035960
30035964
30035965
30035966
30035967
30035971
30035974
30035975
30035979
30035980
30035982
30035986
30035988
30035989
30035996
30036003
30036004
30036012
30036014
30036019
30036020
30036025
30036030
30036031
30036034
30036035
30036036
30036052
30036053
30036054
30036060
30036061
30036065
30036067
30036074
30036079
30036082
30036084
30036087
30036088
30036092
30036093
30036094
30036095
30036099
30036104
30036107
30036114
30036124
30036129
30036133
30036134
30036136
30036137
30036138
30036146
30036147
30036149
30036151
30036153
30036155
30036156
30036161
30036163
30036164
30036166
30036168
30036169
30036172
30036173
30036178
30036181
30036182
30036186
30036187
30036189
30036193
30036195
30036199
30036202
30036206
30036208
30036211
30036216
30036221
30036225
30036229
30036232
30036235
30036243
30036250
30036254
30036256
30036260
30036265
30036266
30036270
30036276
30036277
30036281
30036285
30036287
30036292
30036293
30036301
30036312
30036315
30036316
30036321
30036331
30036334
30036337
30036347
30036348
30036351
30036356
30036357
30036358
30036360
30036370
30036371
30036372
30036377
30036378
30036386
30036387
30036388
30036389
30036393
30036397
30036398
30036400
30036404
30036407
30036408
30036414
30036418
30036421
30036425
30036428
30036431
30036436
30036437
30036444
30036446
30036447
30036448
30036450
30036451
30036452
30036456
30036461
30036468
30036469
30036473
30036476
30036477
30036478
30036481
30036482
30036488
30036489
30036494
30036497
30036503
30036504
30036506
30036509
30036510
30036511
30036515
30036518
30036522
30036525
30036527
30036530
30036532
30036537
30036539
30036540
30036545
30036551
30036563
30036567
30036570
30036572
30036575
30036582
30036586
30036592
30036594
30036595
30036598
30036600
30036606
30036608
30036611
30036613
30036622
30036624
30036631
30036634
30036636
30036637
30036639
30036644
30036646
30036654
30036663
30036666
30036668
30036671
30036674
30036675
30036676
30036678
30036682
30036686
30036688
30036689
30036695
30036701
30036703
30036704
30036706
30036710
30036713
30036717
30036718
30036720
30036726
30036730
30036735
30036738
30036744
30036747
30036748
30036752
30036756
30036757
30036760
30036761
30036762
30036764
30036768
30036770
30036776
30036781
30036785
30036789
30036791
30036793
30036795
30036800
30036801
30036806
30036807
30036809
30036812
30036816
30036817
30036820
30036826
30036828
30036832
30036833
30036837
30036839
30036844
30036847
30036850
30036856
30036858
30036859
30036861
30036864
30036871
30036872
30036874
30036876
30036877
30036878
30036883
30036887
30036894
30036896
30036900
30036904
30036906
30036907
30036908
30036909
30036918
30036919
30036920
30036924
30036926
30036927
30036928
30036931
30036934
30036935
30036937
30036939
30036940
30036942
30036944
30036946
30036951
30036952
30036955
30036957
30036959
30036960
30036961
30036962
30036964
30036974
30036986
30036987
30036989
30036990
30036991
30036994
30036997
30037003
30037006
30037008
30037010
30037013
30037017
30037021
30037022
30037025
30037027
30037030
30037032
30037034
30037037
30037043
30037044
30037046
30037049
30037052
30037058
30037060
30037062
30037064
30037065
30037067
30037072
30037076
30037078
30037079
30037084
30037085
30037088
30037091
30037095
30037099
30037103
30037104
30037106
30037107
30037111
30037112
30037113
30037118
30037120
30037121
30037127
30037128
30037129
30037130
30037136
30037137
30037139
30037140
30037146
30037147
30037150
30037151
30037155
30037157
30037160
30037163
30037164
30037166
30037170
30037174
30037175
30037178
30037180
30037183
30037186
30037187
30037196
30037202
30037203
30037205
30037206
30037210
30037211
30037212
30037217
30037223
30037232
30037234
30037235
30037236
30037240
30037243
30037245
30037249
30037250
30037252
30037253
30037254
30037258
30037259
30037261
30037267
30037272
30037277
30037278
30037283
30037285
30037288
30037290
30037297
30037300
30037307
30037313
30037322
30037327
30037329
30037330
30037332
30037334
30037336
30037337
30037345
30037347
30037350
30037354
30037355
30037356
30037359
30037360
30037362
30037363
30037366
30037373
30037375
30037377
30037380
30037386
30037387
30037389
30037390
30037391
30037393
30037396
30037401
30037402
30037403
30037404
30037406
30037408
30037410
30037418
30037419
30037425
30037427
30037428
30037429
30037433
30037434
30037437
30037440
30037443
30037445
30037447
30037448
30037449
30037450
30037451
30037461
30037467
30037469
30037472
30037474
30037475
30037477
30037479
30037486
30037493
30037496
30037497
30037498
30037499
30037502
30037504
30037509
30037513
30037514
30037521
30037522
30037523
30037525
30037541
30037545
30037547
30037548
30037550
30037557
30037560
30037561
30037566
30037569
30037570
30037575
30037577
30037578
30037581
30037589
30037590
30037594
30037595
30037597
30037600
30037602
30037607
30037609
30037610
30037611
30037612
30037614
30037615
30037616
30037618
30037621
30037623
30037624
30037625
30037626
30037627
30037628
30037633
30037634
30037635
30037638
30037645
30037647
30037649
30037651
30037656
30037659
30037662
30037663
30037669
30037672
30037674
30037676
30037680
30037682
30037685
30037686
30037689
30037694
30037697
30037699
30037701
30037706
30037708
30037716
30037718
30037720
30037721
30037722
30037728
30037729
30037730
30037732
30037733
30037736
30037738
30037739
30037742
30037746
30037748
30037755
30037757
30037760
30037761
30037763
30037765
30037767
30037768
30037769
30037770
30037771
30037773
30037777
30037780
30037784
30037786
30037788
30037790
30037798
30037801
30037804
30037812
30037814
30037821
30037826
30037827
30037830
30037833
30037841
30037850
30037853
30037855
30037856
30037869
30037870
30037873
30037874
30037876
30037880
30037893
30037894
30037896
30037902
30037904
30037906
30037907
30037908
30037910
30037912
30037919
30037921
30037925
30037931
30037932
30037936
30037941
30037942
30037947
30037948
30037952
30037954
30037955
30037958
30037959
30037962
30037963
30037965
30037966
30037967
30037981
30037985
30037987
30037988
30037991
30037995
30037997
30038000
30038008
30038010
30038011
30038012
30038013
30038014
30038018
30038020
30038024
30038025
30038028
30038030
30038031
30038032
30038033
30038035
30038036
30038040
30038041
30038045
30038047
30038052
30038053
30038054
30038060
30038066
30038069
30038070
30038074
30038077
30038079
30038080
30038081
30038086
30038093
30038094
30038096
30038108
30038110
30038113
30038119
30038120
30038123
30038126
30038128
30038130
30038133
30038136
30038139
30038142
30038144
30038146
30038149
30038150
30038153
30038154
30038156
30038161
30038162
30038169
30038170
30038175
30038176
30038178
30038182
30038185
30038188
30038190
30038192
30038197
30038199
30038200
30038201
30038203
30038204
30038207
30038208
30038209
30038211
30038214
30038215
30038218
30038221
30038223
30038225
30038227
30038228
30038232
30038233
30038237
30038242
30038243
30038249
30038253
30038256
30038259
30038269
30038270
30038271
30038278
30038280
30038282
30038284
30038285
30038287
30038297
30038300
30038302
30038303
30038304
30038316
30038320
30038322
30038336
30038337
30038339
30038340
30038341
30038347
30038348
30038349
30038350
30038351
30038358
30038364
30038365
30038366
30038368
30038373
30038374
30038376
30038384
30038387
30038397
30038398
30038407
30038412
30038418
30038427
30038431
30038432
30038434
30038436
30038440
30038443
30038453
30038455
30038456
30038458
30038463
30038464
30038467
30038469
30038470
30038484
30038486
30038491
30038496
30038500
30038501
30038503
30038504
30038509
30038510
30038512
30038515
30038516
30038518
30038525
30038531
30038533
30038535
30038536
30038537
30038538
30038540
30038543
30038546
30038550
30038560
30038562
30038568
30038581
30038585
30038586
30038587
30038588
30038590
30038593
30038594
30038597
30038605
30038607
30038615
30038623
30038627
30038629
30038631
30038632
30038635
30038640
30038642
30038645
30038646
30038651
30038652
30038654
30038657
30038659
30038660
30038661
30038664
30038670
30038671
30038673
30038677
30038682
30038683
30038687
30038688
30038691
30038693
30038694
30038701
30038702
30038704
30038705
30038708
30038714
30038715
30038717
30038724
30038726
30038732
30038735
30038738
30038742
30038745
30038746
30038749
30038759
30038762
30038766
30038767
30038774
30038776
30038779
30038780
30038786
30038788
30038790
30038792
30038800
30038805
30038809
30038813
30038814
30038824
30038827
30038828
30038829
30038831
30038832
30038834
30038838
30038841
30038844
30038846
30038847
30038848
30038855
30038859
30038861
30038863
30038871
30038873
30038887
30038889
30038894
30038895
30038899
30038900
30038901
30038904
30038906
30038909
30038910
30038915
30038917
30038919
30038922
30038925
30038926
30038928
30038931
30038933
30038937
30038943
30038945
30038947
30038950
30038951
30038954
30038956
30038959
30038962
30038964
30038969
30038973
30038978
30038981
30038982
30038983
30038985
30038986
30038988
30038998
30038999
30039000
30039004
30039005
30039008
30039009
30039010
30039017
30039022
30039024
30039028
30039032
30039043
30039045
30039046
30039047
30039048
30039050
30039055
30039056
30039064
30039065
30039067
30039068
30039074
30039079
30039080
30039083
30039086
30039091
30039093
30039096
30039100
30039104
30039107
30039108
30039112
30039113
30039115
30039118
30039119
30039120
30039121
30039122
30039124
30039127
30039131
30039134
30039136
30039143
30039145
30039149
30039151
30039152
30039154
30039162
30039167
30039169
30039170
30039172
30039173
30039176
30039177
30039178
30039180
30039181
30039183
30039185
30039192
30039195
30039198
30039204
30039205
30039207
30039209
30039212
30039215
30039218
30039220
30039223
30039227
30039228
30039231
30039234
30039242
30039244
30039250
30039259
30039261
30039262
30039269
30039270
30039276
30039278
30039280
30039283
30039286
30039290
30039301
30039302
30039307
30039308
30039313
30039324
30039328
30039330
30039333
30039334
30039349
30039351
30039355
30039362
30039364
30039371
30039375
30039380
30039382
30039383
30039385
30039390
30039392
30039393
30039394
30039395
30039401
30039407
30039412
30039413
30039416
30039418
30039420
30039424
30039427
30039429
30039432
30039434
30039435
30039436
30039442
30039443
30039444
30039445
30039446
30039450
30039452
30039454
30039456
30039459
30039465
30039467
30039470
30039471
30039472
30039476
30039477
30039482
30039484
30039485
30039486
30039487
30039491
30039496
30039498
30039501
30039503
30039508
30039510
30039511
30039512
30039514
30039517
30039518
30039519
30039521
30039531
30039532
30039535
30039536
30039541
30039557
30039558
30039559
30039561
30039562
30039565
30039577
30039579
30039583
30039586
30039590
30039592
30039593
30039594
30039602
30039604
30039605
30039607
30039611
30039613
30039615
30039618
30039625
30039631
30039635
30039639
30039650
30039652
30039654
30039660
30039662
30039663
30039669
30039678
30039680
30039681
30039682
30039684
30039688
30039692
30039693
30039696
30039697
30039710
30039714
30039721
30039726
30039728
30039729
30039742
30039743
30039745
30039746
30039751
30039756
30039757
30039759
30039760
30039763
30039769
30039770
30039772
30039774
30039775
30039780
30039782
30039786
30039788
30039790
30039793
30039795
30039796
30039801
30039803
30039806
30039808
30039815
30039823
30039830
30039835
30039836
30039839
30039844
30039845
30039846
30039850
30039855
30039861
30039863
30039864
30039870
30039871
30039873
30039876
30039880
30039883
30039887
30039890
30039891
30039892
30039894
30039897
30039898
30039902
30039903
30039909
30039910
30039911
30039915
30039918
30039919
30039925
30039928
30039929
30039931
30039932
30039935
30039936
30039937
30039938
30039941
30039947
30039949
30039951
30039953
30039955
30039956
30039957
30039958
30039963
30039965
30039968
30039969
30039970
30039971
30039973
30039977
30039978
30039979
30039981
30039982
30039983
30039984
30039986
30039987
30039989
30039990
30039998
30040000
30040001
30040004
30040005
30040015
30040022
30040023
30040024
30040025
30040027
30040029
30040031
30040033
30040034
30040036
30040038
30040039
30040041
30040043
30040044
30040046
30040048
30040052
30040055
30040056
30040059
30040062
30040064
30040074
30040075
30040076
30040077
30040089
30040091
30040096
30040099
30040102
30040104
30040105
30040112
30040116
30040117
30040118
30040127
30040129
30040130
30040131
30040136
30040138
30040142
30040144
30040145
30040147
30040149
30040151
30040158
30040160
30040161
30040164
30040167
30040168
30040169
30040175
30040180
30040186
30040188
30040190
30040194
30040195
30040196
30040202
30040206
30040210
30040213
30040215
30040217
30040219
30040221
30040223
30040229
30040230
30040231
30040232
30040240
30040242
30040243
30040244
30040246
30040247
30040248
30040252
30040255
30040258
30040259
30040265
30040268
30040270
30040271
30040273
30040274
30040276
30040283
30040286
30040288
30040290
30040295
30040297
30040299
30040300
30040302
30040305
30040306
30040307
30040313
30040317
30040320
30040322
30040323
30040326
30040327
30040338
30040340
30040344
30040349
30040350
30040351
30040352
30040353
30040354
30040357
30040358
30040361
30040362
30040364
30040365
30040367
30040368
30040369
30040370
30040371
30040374
30040375
30040378
30040379
30040385
30040386
30040387
30040388
30040392
30040393
30040395
30040399
30040403
30040419
30040422
30040424
30040425
30040429
30040430
30040433
30040434
30040435
30040436
30040437
30040439
30040440
30040442
30040446
30040447
30040449
30040450
30040451
30040454
30040457
30040460
30040465
30040468
30040470
30040473
30040474
30040477
30040478
30040480
30040482
30040484
30040486
30040491
30040492
30040494
30040496
30040497
30040499
30040500
30040503
30040509
30040512
30040513
30040516
30040519
30040521
30040525
30040526
30040529
30040530
30040531
30040533
30040537
30040542
30040543
30040544
30040545
30040553
30040555
30040558
30040566
30040572
30040573
30040574
30040581
30040582
30040585
30040591
30040594
30040596
30040597
30040603
30040609
30040610
30040612
30040617
30040619
30040624
30040625
30040628
30040635
30040637
30040638
30040640
30040643
30040645
30040647
30040655
30040657
30040663
30040664
30040667
30040671
30040674
30040675
30040676
30040679
30040682
30040684
30040686
30040688
30040695
30040696
30040697
30040700
30040709
30040727
30040730
30040734
30040742
30040744
30040745
30040748
30040749
30040751
30040755
30040756
30040757
30040758
30040763
30040769
30040770
30040771
30040773
30040775
30040776
30040779
30040780
30040781
30040784
30040787
30040790
30040794
30040798
30040800
30040802
30040804
30040807
30040808
30040809
30040812
30040813
30040814
30040820
30040822
30040825
30040828
30040829
30040831
30040833
30040834
30040838
30040841
30040843
30040845
30040849
30040856
30040860
30040863
30040865
30040870
30040873
30040874
30040876
30040877
30040884
30040888
30040890
30040891
30040898
30040899
30040900
30040903
30040909
30040916
30040925
30040931
30040932
30040936
30040937
30040944
30040945
30040953
30040955
30040956
30040958
30040959
30040964
30040967
30040968
30040970
30040976
30040980
30040981
30040983
30040984
30040989
30040992
30040993
30040996
30041000
30041002
30041007
30041008
30041013
30041014
30041017
30041019
30041023
30041025
30041027
30041028
30041030
30041033
30041035
30041037
30041041
30041042
30041043
30041045
30041047
30041048
30041051
30041056
30041057
30041061
30041066
30041067
30041068
30041069
30041075
30041076
30041079
30041083
30041085
30041086
30041091
30041092
30041093
30041095
30041096
30041098
30041102
30041103
30041105
30041107
30041108
30041110
30041111
30041112
30041117
30041123
30041127
30041134
30041138
30041140
30041145
30041148
30041150
30041151
30041153
30041157
30041161
30041162
30041165
30041167
30041168
30041170
30041180
30041181
30041184
30041186
30041189
30041191
30041196
30041197
30041198
30041202
30041203
30041211
30041218
30041219
30041221
30041226
30041228
30041230
30041233
30041234
30041237
30041238
30041241
30041243
30041245
30041252
30041253
30041254
30041257
30041259
30041260
30041263
30041264
30041265
30041269
30041274
30041279
30041284
30041287
30041290
30041294
30041298
30041300
30041301
30041310
30041316
30041317
30041319
30041323
30041325
30041326
30041328
30041331
30041333
30041334
30041344
30041347
30041353
30041354
30041360
30041361
30041362
30041363
30041364
30041366
30041368
30041374
30041375
30041376
30041379
30041390
30041391
30041395
30041396
30041403
30041405
30041406
30041409
30041417
30041418
30041421
30041422
30041423
30041427
30041430
30041435
30041437
30041440
30041441
30041445
30041448
30041452
30041458
30041465
30041469
30041470
30041471
30041477
30041479
30041482
30041483
30041487
30041488
30041489
30041492
30041493
30041496
30041497
30041499
30041502
30041507
30041514
30041516
30041517
30041521
30041522
30041526
30041528
30041529
30041530
30041532
30041534
30041536
30041538
30041539
30041541
30041542
30041544
30041546
30041548
30041549
30041550
30041551
30041554
30041555
30041563
30041575
30041577
30041580
30041581
30041583
30041585
30041586
30041587
30041588
30041589
30041592
30041595
30041600
30041603
30041611
30041614
30041615
30041617
30041619
30041622
30041624
30041626
30041629
30041632
30041643
30041644
30041646
30041648
30041650
30041651
30041655
30041657
30041660
30041661
30041667
30041669
30041672
30041675
30041678
30041681
30041689
30041691
30041692
30041695
30041696
30041698
30041701
30041704
30041710
30041711
30041713
30041714
30041715
30041721
30041725
30041727
30041731
30041732
30041741
30041742
30041744
30041745
30041748
30041752
30041753
30041754
30041759
30041760
30041761
30041763
30041764
30041769
30041770
30041775
30041779
30041784
30041793
30041794
30041801
30041803
30041807
30041808
30041813
30041821
30041822
30041824
30041825
30041832
30041835
30041837
30041840
30041852
30041853
30041856
30041865
30041866
30041867
30041868
30041870
30041871
30041873
30041876
30041877
30041878
30041885
30041888
30041889
30041891
30041894
30041898
30041903
30041905
30041908
30041916
30041919
30041920
30041928
30041929
30041930
30041931
30041934
30041936
30041939
30041940
30041948
30041951
30041953
30041954
30041955
30041961
30041964
30041968
30041971
30041972
30041975
30041978
30041979
30041981
30041983
30041984
30041986
30041988
30041989
30041991
30041992
30042000
30042002
30042004
30042006
30042007
30042008
30042009
30042012
30042013
30042017
30042018
30042019
30042022
30042025
30042028
30042031
30042032
30042035
30042039
30042050
30042051
30042053
30042057
30042060
30042063
30042069
30042070
30042076
30042078
30042083
30042086
30042087
30042088
30042092
30042093
30042097
30042100
30042103
30042104
30042106
30042107
30042108
30042109
30042110
30042111
30042115
30042119
30042120
30042121
30042124
30042125
30042128
30042132
30042133
30042134
30042135
30042142
30042146
30042147
30042148
30042149
30042152
30042155
30042168
30042173
30042174
30042175
30042178
30042187
30042189
30042195
30042196
30042198
30042199
30042200
30042201
30042205
30042206
30042212
30042213
30042221
30042224
30042231
30042232
30042234
30042235
30042245
30042246
30042249
30042253
30042254
30042255
30042256
30042261
30042262
30042263
30042266
30042268
30042269
30042270
30042272
30042277
30042279
30042281
30042283
30042284
30042288
30042295
30042297
30042298
30042304
30042305
30042309
30042310
30042316
30042317
30042318
30042328
30042331
30042333
30042336
30042341
30042342
30042345
30042350
30042351
30042352
30042354
30042356
30042357
30042360
30042364
30042367
30042368
30042370
30042371
30042373
30042375
30042377
30042379
30042381
30042384
30042387
30042389
30042392
30042393
30042398
30042405
30042409
30042410
30042411
30042412
30042413
30042415
30042420
30042421
30042424
30042425
30042433
30042434
30042435
30042436
30042437
30042440
30042441
30042443
30042446
30042447
30042450
30042454
30042457
30042458
30042459
30042463
30042464
30042465
30042466
30042468
30042469
30042470
30042475
30042476
30042478
30042479
30042483
30042489
30042492
30042493
30042499
30042500
30042501
30042506
30042507
30042510
30042514
30042517
30042520
30042522
30042525
30042526
30042529
30042530
30042531
30042532
30042538
30042545
30042547
30042552
30042555
30042558
30042562
30042568
30042569
30042570
30042573
30042576
30042578
30042587
30042589
30042594
30042596
30042603
30042604
30042606
30042608
30042610
30042611
30042622
30042631
30042632
30042633
30042634
30042637
30042638
30042646
30042647
30042650
30042651
30042653
30042655
30042659
30042664
30042665
30042672
30042678
30042686
30042690
30042691
30042692
30042693
30042696
30042697
30042706
30042707
30042709
30042711
30042715
30042717
30042719
30042721
30042723
30042725
30042729
30042733
30042734
30042736
30042738
30042739
30042740
30042742
30042746
30042747
30042749
30042750
30042751
30042760
30042762
30042763
30042767
30042769
30042773
30042776
30042779
30042789
30042790
30042794
30042796
30042804
30042805
30042812
30042813
30042815
30042816
30042817
30042824
30042826
30042828
30042838
30042845
30042849
30042855
30042863
30042866
30042868
30042869
30042883
30042887
30042889
30042895
30042903
30042907
30042908
30042910
30042911
30042912
30042914
30042918
30042919
30042923
30042926
30042929
30042935
30042939
30042940
30042941
30042945
30042947
30042957
30042961
30042964
30042967
30042968
30042970
30042974
30042977
30042980
30042985
30042987
30042988
30042992
30042993
30042998
30043000
30043010
30043011
30043012
30043013
30043019
30043024
30043030
30043033
30043037
30043038
30043043
30043044
30043050
30043051
30043053
30043056
30043058
30043060
30043066
30043068
30043071
30043077
30043078
30043081
30043091
30043096
30043100
30043102
30043107
30043110
30043112
30043113
30043114
30043115
30043117
30043119
30043124
30043125
30043128
30043132
30043133
30043139
30043141
30043145
30043148
30043150
30043152
30043154
30043161
30043164
30043167
30043168
30043169
30043172
30043175
30043180
30043181
30043184
30043185
30043189
30043190
30043191
30043194
30043195
30043198
30043199
30043201
30043203
30043205
30043207
30043209
30043211
30043216
30043218
30043220
30043221
30043222
30043233
30043234
30043238
30043250
30043253
30043254
30043258
30043259
30043262
30043264
30043269
30043272
30043273
30043274
30043283
30043285
30043287
30043292
30043297
30043299
30043301
30043302
30043303
30043309
30043314
30043315
30043316
30043319
30043320
30043329
30043333
30043341
30043342
30043343
30043344
30043345
30043346
30043350
30043353
30043356
30043357
30043360
30043361
30043364
30043369
30043372
30043373
30043376
30043383
30043384
30043385
30043394
30043398
30043400
30043401
30043403
30043404
30043405
30043407
30043413
30043414
30043417
30043419
30043424
30043428
30043430
30043431
30043434
30043437
30043439
30043443
30043444
30043449
30043450
30043451
30043453
30043460
30043461
30043463
30043464
30043466
30043473
30043474
30043479
30043487
30043496
30043499
30043500
30043502
30043503
30043508
30043510
30043513
30043516
30043518
30043528
30043536
30043541
30043543
30043546
30043550
30043551
30043552
30043553
30043555
30043557
30043560
30043563
30043566
30043567
30043569
30043570
30043577
30043582
30043584
30043588
30043590
30043591
30043592
30043594
30043596
30043600
30043601
30043603
30043605
30043608
30043610
30043612
30043616
30043620
30043630
30043631
30043634
30043636
30043637
30043655
30043665
30043666
30043667
30043669
30043670
30043672
30043675
30043677
30043679
30043687
30043688
30043689
30043693
30043697
30043698
30043705
30043713
30043714
30043715
30043717
30043719
30043736
30043740
30043743
30043745
30043748
30043749
30043752
30043753
30043757
30043760
30043766
30043770
30043771
30043773
30043774
30043777
30043778
30043782
30043787
30043788
30043790
30043799
30043801
30043802
30043803
30043806
30043807
30043809
30043810
30043811
30043812
30043814
30043817
30043818
30043819
30043822
30043828
30043833
30043836
30043844
30043845
30043846
30043847
30043851
30043852
30043854
30043855
30043856
30043859
30043862
30043864
30043867
30043869
30043872
30043873
30043875
30043878
30043884
30043885
30043889
30043891
30043898
30043901
30043908
30043910
30043912
30043915
30043916
30043917
30043919
30043926
30043930
30043931
30043932
30043933
30043935
30043936
30043944
30043945
30043949
30043954
30043955
30043957
30043964
30043974
30043984
30043990
30043992
30044000
30044005
30044011
30044014
30044015
30044017
30044018
30044025
30044029
30044030
30044033
30044039
30044041
30044042
30044045
30044050
30044053
30044054
30044059
30044062
30044065
30044066
30044067
30044072
30044076
30044077
30044078
30044083
30044085
30044090
30044091
30044093
30044100
30044107
30044112
30044117
30044118
30044124
30044125
30044126
30044127
30044130
30044131
30044132
30044134
30044143
30044146
30044147
30044151
30044152
30044154
30044156
30044157
30044158
30044162
30044164
30044165
30044166
30044168
30044174
30044176
30044178
30044182
30044184
30044185
30044187
30044189
30044192
30044195
30044197
30044200
30044204
30044205
30044214
30044219
30044220
30044223
30044226
30044228
30044229
30044234
30044235
30044241
30044242
30044244
30044247
30044251
30044252
30044259
30044263
30044264
30044266
30044267
30044268
30044270
30044271
30044274
30044275
30044279
30044285
30044286
30044290
30044291
30044292
30044295
30044296
30044298
30044300
30044305
30044306
30044308
30044314
30044318
30044320
30044323
30044325
30044326
30044327
30044331
30044334
30044335
30044341
30044342
30044352
30044358
30044361
30044363
30044365
30044366
30044368
30044369
30044370
30044371
30044376
30044378
30044380
30044382
30044389
30044391
30044394
30044399
30044400
30044402
30044404
30044412
30044415
30044418
30044421
30044426
30044430
30044433
30044434
30044440
30044443
30044444
30044447
30044448
30044450
30044455
30044456
30044458
30044460
30044467
30044468
30044469
30044481
30044482
30044484
30044489
30044491
30044493
30044496
30044498
30044501
30044506
30044510
30044512
30044520
30044525
30044530
30044534
30044539
30044540
30044541
30044545
30044546
30044548
30044551
30044555
30044559
30044564
30044565
30044570
30044571
30044575
30044577
30044582
30044583
30044585
30044587
30044591
30044593
30044595
30044597
30044598
30044600
30044605
30044609
30044610
30044614
30044617
30044620
30044623
30044630
30044633
30044638
30044639
30044641
30044642
30044645
30044647
30044648
30044653
30044657
30044658
30044661
30044667
30044669
30044670
30044671
30044673
30044674
30044677
30044680
30044681
30044685
30044692
30044694
30044696
30044698
30044699
30044703
30044705
30044709
30044710
30044718
30044720
30044726
30044727
30044728
30044735
30044749
30044751
30044757
30044759
30044761
30044763
30044769
30044771
30044772
30044776
30044780
30044781
30044785
30044787
30044788
30044791
30044792
30044793
30044798
30044800
30044804
30044805
30044806
30044812
30044813
30044817
30044823
30044826
30044827
30044831
30044832
30044837
30044838
30044840
30044842
30044853
30044856
30044862
30044865
30044869
30044871
30044874
30044875
30044880
30044881
30044883
30044884
30044886
30044887
30044890
30044895
30044902
30044905
30044907
30044908
30044911
30044913
30044915
30044924
30044925
30044926
30044932
30044936
30044938
30044947
30044954
30044960
30044962
30044965
30044966
30044970
30044972
30044974
30044976
30044977
30044983
30044987
30044990
30044994
30044995
30045002
30045003
30045007
30045012
30045019
30045022
30045023
30045025
30045031
30045037
30045040
30045044
30045045
30045051
30045052
30045053
30045054
30045056
30045059
30045060
30045067
30045069
30045070
30045072
30045074
30045078
30045080
30045084
30045085
30045088
30045091
30045097
30045100
30045105
30045106
30045110
30045113
30045117
30045119
30045122
30045127
30045130
30045133
30045144
30045146
30045148
30045152
30045156
30045158
30045159
30045160
30045165
30045169
30045170
30045171
30045174
30045175
30045176
30045177
30045181
30045182
30045184
30045187
30045188
30045190
30045194
30045197
30045198
30045199
30045201
30045202
30045205
30045207
30045212
30045224
30045225
30045227
30045232
30045233
30045236
30045238
30045239
30045248
30045249
30045250
30045252
30045254
30045257
30045262
30045263
30045267
30045271
30045273
30045274
30045280
30045282
30045284
30045286
30045288
30045292
30045294
30045296
30045299
30045300
30045306
30045308
30045309
30045314
30045315
30045322
30045325
30045329
30045334
30045336
30045339
30045340
30045341
30045343
30045344
30045345
30045346
30045356
30045360
30045364
30045365
30045367
30045370
30045371
30045372
30045375
30045376
30045382
30045383
30045387
30045388
30045389
30045391
30045396
30045397
30045402
30045407
30045408
30045410
30045411
30045416
30045418
30045419
30045423
30045425
30045427
30045428
30045429
30045431
30045436
30045449
30045452
30045453
30045456
30045457
30045459
30045463
30045465
30045466
30045468
30045475
30045479
30045482
30045483
30045489
30045490
30045491
30045496
30045498
30045499
30045503
30045505
30045506
30045507
30045508
30045513
30045515
30045517
30045518
30045521
30045522
30045523
30045524
30045526
30045530
30045531
30045532
30045533
30045534
30045535
30045536
30045540
30045542
30045545
30045546
30045548
30045549
30045550
30045551
30045552
30045558
30045560
30045564
30045568
30045572
30045579
30045582
30045583
30045584
30045586
30045592
30045595
30045597
30045602
30045606
30045608
30045612
30045613
30045614
30045616
30045618
30045620
30045627
30045628
30045632
30045633
30045634
30045645
30045647
30045650
30045652
30045663
30045666
30045672
30045675
30045677
30045679
30045680
30045687
30045694
30045696
30045698
30045700
30045702
30045711
30045712
30045720
30045727
30045730
30045734
30045735
30045741
30045742
30045746
30045748
30045751
30045753
30045757
30045761
30045763
30045772
30045785
30045786
30045787
30045788
30045789
30045791
30045794
30045795
30045796
30045799
30045801
30045805
30045807
30045809
30045815
30045819
30045820
30045828
30045830
30045833
30045835
30045838
30045839
30045842
30045845
30045850
30045853
30045854
30045855
30045856
30045860
30045864
30045865
30045871
30045874
30045875
30045884
30045886
30045892
30045896
30045899
30045904
30045912
30045913
30045915
30045916
30045918
30045921
30045923
30045927
30045928
30045929
30045933
30045939
30045941
30045947
30045949
30045955
30045959
30045967
30045968
30045978
30045980
30045984
30045986
30045990
30045996
30045999
30046002
30046003
30046004
30046007
30046012
30046013
30046015
30046016
30046017
30046019
30046020
30046021
30046022
30046024
30046026
30046027
30046030
30046031
30046035
30046036
30046037
30046043
30046045
30046046
30046047
30046049
30046051
30046064
30046065
30046070
30046088
30046091
30046092
30046096
30046098
30046102
30046103
30046104
30046107
30046109
30046111
30046115
30046118
30046120
30046121
30046126
30046128
30046129
30046130
30046131
30046135
30046136
30046145
30046148
30046150
30046156
30046157
30046158
30046163
30046165
30046167
30046171
30046172
30046177
30046178
30046184
30046190
30046193
30046198
30046199
30046200
30046203
30046206
30046209
30046212
30046214
30046218
30046219
30046225
30046226
30046227
30046233
30046237
30046245
30046247
30046248
30046254
30046257
30046261
30046262
30046267
30046268
30046272
30046274
30046275
30046277
30046283
30046288
30046289
30046298
30046299
30046301
30046302
30046304
30046311
30046316
30046317
30046320
30046324
30046327
30046328
30046332
30046338
30046342
30046345
30046347
30046350
30046352
30046353
30046367
30046373
30046379
30046381
30046388
30046394
30046395
30046396
30046405
30046410
30046412
30046415
30046418
30046419
30046423
30046426
30046427
30046429
30046430
30046431
30046434
30046436
30046438
30046443
30046445
30046448
30046450
30046452
30046455
30046458
30046459
30046462
30046464
30046466
30046468
30046469
30046473
30046474
30046475
30046477
30046479
30046480
30046483
30046486
30046487
30046488
30046495
30046496
30046501
30046504
30046508
30046509
30046510
30046511
30046512
30046515
30046518
30046519
30046520
30046528
30046529
30046530
30046532
30046533
30046534
30046539
30046547
30046551
30046553
30046557
30046561
30046562
30046566
30046569
30046572
30046576
30046581
30046582
30046585
30046587
30046591
30046593
30046595
30046598
30046601
30046605
30046611
30046612
30046613
30046615
30046616
30046617
30046618
30046622
30046623
30046624
30046626
30046633
30046635
30046638
30046641
30046645
30046647
30046650
30046657
30046658
30046661
30046668
30046670
30046671
30046673
30046680
30046681
30046682
30046684
30046688
30046693
30046694
30046699
30046702
30046706
30046707
30046712
30046713
30046720
30046721
30046723
30046725
30046727
30046729
30046731
30046739
30046740
30046741
30046743
30046746
30046749
30046751
30046753
30046758
30046763
30046765
30046766
30046781
30046785
30046786
30046789
30046797
30046802
30046813
30046814
30046815
30046820
30046823
30046825
30046830
30046833
30046841
30046843
30046852
30046855
30046857
30046859
30046861
30046863
30046864
30046865
30046867
30046871
30046879
30046890
30046892
30046897
30046902
30046907
30046908
30046913
30046914
30046921
30046923
30046924
30046925
30046929
30046930
30046931
30046932
30046933
30046936
30046938
30046943
30046948
30046949
30046952
30046953
30046954
30046957
30046959
30046961
30046963
30046964
30046965
30046966
30046976
30046978
30046979
30046987
30046988
30046991
30046992
30046993
30046994
30047003
30047008
30047013
30047018
30047021
30047023
30047025
30047027
30047034
30047037
30047038
30047042
30047045
30047046
30047049
30047054
30047058
30047063
30047066
30047068
30047072
30047074
30047076
30047080
30047084
30047087
30047091
30047093
30047094
30047098
30047103
30047105
30047107
30047110
30047113
30047116
30047119
30047120
30047122
30047124
30047126
30047132
30047134
30047135
30047143
30047145
30047146
30047150
30047153
30047154
30047158
30047159
30047162
30047165
30047167
30047171
30047180
30047185
30047187
30047191
30047202
30047213
30047214
30047223
30047224
30047229
30047230
30047233
30047236
30047239
30047241
30047242
30047243
30047249
30047253
30047257
30047261
30047265
30047268
30047270
30047271
30047272
30047276
30047280
30047282
30047287
30047289
30047292
30047293
30047295
30047297
30047307
30047308
30047310
30047318
30047320
30047325
30047330
30047339
30047344
30047345
30047346
30047349
30047350
30047352
30047354
30047355
30047356
30047362
30047369
30047376
30047381
30047388
30047389
30047394
30047397
30047398
30047401
30047404
30047405
30047411
30047414
30047415
30047419
30047430
30047431
30047434
30047436
30047438
30047440
30047441
30047444
30047445
30047448
30047450
30047452
30047459
30047462
30047464
30047465
30047466
30047467
30047472
30047476
30047477
30047480
30047481
30047483
30047484
30047487
30047488
30047489
30047490
30047495
30047498
30047499
30047501
30047502
30047507
30047509
30047512
30047513
30047520
30047521
30047522
30047523
30047527
30047534
30047536
30047538
30047545
30047549
30047555
30047559
30047566
30047568
30047571
30047574
30047577
30047581
30047587
30047588
30047589
30047594
30047596
30047597
30047598
30047601
30047604
30047606
30047607
30047608
30047609
30047613
30047614
30047618
30047623
30047625
30047629
30047632
30047633
30047643
30047652
30047656
30047661
30047667
30047669
30047670
30047671
30047679
30047685
30047688
30047690
30047697
30047698
30047701
30047704
30047706
30047713
30047714
30047715
30047720
30047722
30047723
30047724
30047725
30047729
30047732
30047736
30047737
30047739
30047742
30047746
30047750
30047754
30047758
30047765
30047767
30047768
30047769
30047770
30047771
30047773
30047777
30047783
30047787
30047790
30047797
30047799
30047801
30047802
30047807
30047811
30047812
30047813
30047814
30047818
30047821
30047831
30047835
30047841
30047842
30047845
30047849
30047853
30047855
30047856
30047857
30047861
30047862
30047866
30047870
30047876
30047877
30047880
30047882
30047891
30047894
30047899
30047904
30047907
30047908
30047909
30047913
30047914
30047915
30047916
30047917
30047921
30047922
30047925
30047929
30047930
30047933
30047939
30047949
30047955
30047963
30047964
30047966
30047970
30047971
30047974
30047975
30047983
30047986
30047987
30047991
30047992
30047995
30047997
30048002
30048003
30048005
30048006
30048007
30048009
30048010
30048018
30048019
30048022
30048028
30048031
30048032
30048036
30048039
30048043
30048047
30048048
30048049
30048053
30048057
30048062
30048064
30048069
30048070
30048071
30048073
30048078
30048079
30048080
30048081
30048090
30048093
30048094
30048095
30048098
30048099
30048100
30048101
30048104
30048112
30048120
30048126
30048128
30048133
30048138
30048141
30048144
30048147
30048151
30048153
30048156
30048157
30048158
30048159
30048165
30048166
30048167
30048170
30048172
30048176
30048178
30048182
30048183
30048184
30048185
30048187
30048193
30048194
30048195
30048196
30048197
30048198
30048199
30048204
30048221
30048222
30048229
30048232
30048236
30048237
30048238
30048240
30048241
30048245
30048253
30048255
30048258
30048262
30048263
30048267
30048268
30048270
30048272
30048279
30048282
30048283
30048284
30048287
30048288
30048290
30048297
30048298
30048303
30048304
30048305
30048306
30048310
30048312
30048313
30048316
30048318
30048320
30048327
30048328
30048340
30048341
30048347
30048353
30048356
30048359
30048361
30048362
30048374
30048376
30048377
30048381
30048388
30048394
30048396
30048405
30048408
30048409
30048415
30048416
30048421
30048422
30048423
30048425
30048427
30048429
30048430
30048432
30048434
30048436
30048440
30048447
30048449
30048452
30048454
30048460
30048462
30048470
30048476
30048477
30048481
30048485
30048493
30048502
30048504
30048507
30048509
30048514
30048515
30048517
30048521
30048524
30048525
30048527
30048528
30048531
30048532
30048538
30048546
30048549
30048551
30048552
30048556
30048561
30048563
30048565
30048572
30048578
30048579
30048583
30048584
30048588
30048590
30048600
30048601
30048602
30048606
30048615
30048616
30048620
30048625
30048626
30048631
30048633
30048634
30048637
30048638
30048644
30048646
30048651
30048653
30048654
30048656
30048660
30048663
30048666
30048672
30048673
30048674
30048677
30048678
30048680
30048681
30048684
30048686
30048690
30048691
30048692
30048693
30048700
30048701
30048703
30048704
30048708
30048709
30048718
30048719
30048720
30048723
30048724
30048726
30048727
30048728
30048729
30048730
30048731
30048732
30048733
30048734
30048742
30048749
30048750
30048754
30048756
30048761
30048767
30048773
30048776
30048777
30048780
30048785
30048786
30048787
30048788
30048792
30048794
30048796
30048797
30048799
30048800
30048802
30048803
30048806
30048812
30048814
30048818
30048825
30048827
30048831
30048836
30048837
30048849
30048855
30048861
30048867
30048868
30048869
30048871
30048872
30048875
30048882
30048887
30048889
30048890
30048893
30048894
30048903
30048908
30048913
30048917
30048918
30048920
30048922
30048937
30048938
30048939
30048940
30048946
30048947
30048951
30048953
30048962
30048972
30048973
30048975
30048978
30048980
30048982
30048983
30048984
30048991
30048994
30048995
30048998
30049002
30049004
30049005
30049010
30049011
30049014
30049017
30049018
30049028
30049034
30049035
30049036
30049038
30049042
30049045
30049047
30049053
30049056
30049060
30049065
30049066
30049068
30049069
30049070
30049071
30049073
30049076
30049077
30049083
30049086
30049088
30049095
30049096
30049109
30049115
30049116
30049119
30049121
30049122
30049124
30049125
30049126
30049142
30049145
30049149
30049158
30049159
30049160
30049165
30049167
30049169
30049175
30049176
30049180
30049184
30049188
30049193
30049198
30049211
30049213
30049214
30049218
30049221
30049222
30049224
30049228
30049230
30049231
30049240
30049241
30049244
30049247
30049251
30049255
30049256
30049276
30049277
30049281
30049283
30049288
30049294
30049297
30049298
30049303
30049304
30049305
30049307
30049308
30049309
30049310
30049311
30049312
30049315
30049318
30049326
30049327
30049328
30049331
30049333
30049341
30049345
30049349
30049354
30049358
30049362
30049363
30049365
30049368
30049369
30049371
30049374
30049379
30049381
30049386
30049389
30049390
30049391
30049392
30049393
30049394
30049398
30049400
30049402
30049403
30049406
30049418
30049426
30049427
30049434
30049439
30049440
30049441
30049443
30049445
30049450
30049454
30049467
30049470
30049476
30049483
30049489
30049493
30049495
30049498
30049501
30049508
30049509
30049511
30049512
30049516
30049519
30049523
30049525
30049526
30049527
30049529
30049530
30049534
30049535
30049536
30049537
30049539
30049541
30049542
30049544
30049545
30049546
30049548
30049549
30049552
30049554
30049555
30049558
30049566
30049567
30049574
30049575
30049579
30049582
30049583
30049590
30049591
30049592
30049594
30049595
30049597
30049599
30049600
30049603
30049607
30049614
30049618
30049619
30049620
30049624
30049627
30049629
30049631
30049635
30049636
30049637
30049647
30049648
30049650
30049651
30049659
30049661
30049663
30049666
30049668
30049676
30049677
30049678
30049681
30049682
30049683
30049690
30049691
30049700
30049705
30049706
30049714
30049716
30049717
30049718
30049719
30049725
30049726
30049728
30049737
30049738
30049742
30049743
30049749
30049751
30049754
30049756
30049757
30049759
30049761
30049762
30049763
30049764
30049765
30049767
30049769
30049771
30049772
30049773
30049774
30049775
30049777
30049779
30049784
30049785
30049786
30049787
30049789
30049791
30049793
30049795
30049809
30049811
30049822
30049824
30049826
30049838
30049840
30049844
30049845
30049846
30049848
30049849
30049850
30049854
30049856
30049859
30049862
30049863
30049869
30049870
30049871
30049874
30049879
30049881
30049885
30049886
30049888
30049894
30049896
30049908
30049910
30049914
30049915
30049916
30049917
30049918
30049923
30049929
30049930
30049932
30049936
30049937
30049941
30049950
30049951
30049959
30049961
30049964
30049965
30049967
30049969
30049972
30049973
30049974
30049975
30049976
30049983
30049988
30049989
30049991
30049995
30050001
30050002
30050003
30050004
30050008
30050011
30050014
30050015
30050016
30050020
30050023
30050028
30050030
30050041
30050042
30050049
30050051
30050054
30050057
30050059
30050060
30050065
30050066
30050069
30050073
30050075
30050076
30050077
30050087
30050091
30050092
30050093
30050097
30050098
30050101
30050103
30050104
30050112
30050115
30050116
30050120
30050121
30050123
30050128
30050130
30050131
30050136
30050139
30050143
30050144
30050149
30050150
30050156
30050159
30050160
30050161
30050163
30050168
30050170
30050173
30050174
30050176
30050179
30050184
30050188
30050191
30050193
30050196
30050197
30050201
30050203
30050206
30050208
30050210
30050211
30050217
30050225
30050229
30050235
30050236
30050242
30050244
30050246
30050254
30050257
30050260
30050261
30050264
30050272
30050275
30050278
30050280
30050282
30050290
30050292
30050294
30050295
30050297
30050299
30050301
30050302
30050306
30050307
30050312
30050318
30050328
30050329
30050332
30050334
30050335
30050338
30050339
30050345
30050348
30050353
30050358
30050360
30050361
30050366
30050367
30050370
30050374
30050377
30050379
30050383
30050386
30050387
30050391
30050393
30050395
30050398
30050399
30050400
30050401
30050403
30050405
30050407
30050408
30050413
30050414
30050416
30050417
30050419
30050421
30050422
30050424
30050433
30050437
30050439
30050440
30050444
30050446
30050447
30050450
30050454
30050458
30050459
30050461
30050463
30050467
30050471
30050474
30050483
30050485
30050494
30050495
30050496
30050497
30050502
30050504
30050505
30050512
30050516
30050520
30050522
30050525
30050527
30050529
30050533
30050535
30050537
30050539
30050541
30050544
30050547
30050549
30050550
30050551
30050552
30050555
30050558
30050560
30050561
30050563
30050564
30050565
30050567
30050568
30050574
30050578
30050579
30050581
30050589
30050595
30050626
30050627
30050631
30050632
30050633
30050634
30050635
30050638
30050642
30050647
30050651
30050657
30050659
30050660
30050662
30050663
30050669
30050670
30050672
30050679
30050687
30050691
30050693
30050696
30050698
30050702
30050708
30050709
30050710
30050713
30050716
30050717
30050724
30050727
30050728
30050730
30050744
30050745
30050746
30050749
30050753
30050759
30050760
30050765
30050766
30050770
30050771
30050773
30050775
30050776
30050778
30050779
30050780
30050783
30050784
30050786
30050790
30050793
30050796
30050800
30050803
30050815
30050819
30050825
30050826
30050828
30050838
30050839
30050841
30050844
30050847
30050848
30050854
30050857
30050862
30050863
30050864
30050870
30050871
30050874
30050881
30050889
30050892
30050895
30050896
30050899
30050901
30050910
30050913
30050914
30050918
30050927
30050931
30050938
30050940
30050941
30050942
30050954
30050955
30050957
30050958
30050966
30050967
30050969
30050971
30050972
30050978
30050980
30050981
30050984
30050988
30050993
30050999
30051002
30051013
30051015
30051018
30051019
30051020
30051021
30051025
30051026
30051028
30051031
30051032
30051034
30051035
30051038
30051039
30051040
30051042
30051049
30051052
30051053
30051054
30051056
30051057
30051066
30051069
30051070
30051074
30051075
30051077
30051082
30051084
30051085
30051088
30051089
30051090
30051093
30051096
30051097
30051098
30051103
30051104
30051108
30051109
30051110
30051111
30051113
30051115
30051121
30051124
30051129
30051137
30051138
30051140
30051143
30051144
30051151
30051152
30051156
30051157
30051159
30051165
30051166
30051167
30051173
30051174
30051178
30051180
30051182
30051183
30051185
30051187
30051190
30051192
30051193
30051195
30051200
30051202
30051204
30051205
30051208
30051209
30051212
30051215
30051216
30051217
30051220
30051221
30051225
30051230
30051232
30051234
30051236
30051237
30051238
30051239
30051244
30051245
30051249
30051252
30051256
30051258
30051260
30051261
30051266
30051270
30051277
30051279
30051281
30051284
30051286
30051289
30051292
30051293
30051299
30051302
30051303
30051305
30051309
30051314
30051319
30051323
30051324
30051327
30051328
30051329
30051334
30051335
30051342
30051350
30051356
30051359
30051364
30051365
30051371
30051374
30051375
30051377
30051379
30051385
30051390
30051394
30051400
30051403
30051406
30051408
30051414
30051416
30051417
30051418
30051423
30051427
30051430
30051438
30051440
30051441
30051451
30051452
30051454
30051455
30051458
30051459
30051460
30051461
30051462
30051466
30051468
30051475
30051476
30051480
30051483
30051485
30051487
30051488
30051494
30051498
30051499
30051501
30051504
30051508
30051509
30051519
30051520
30051522
30051524
30051525
30051528
30051529
30051531
30051535
30051538
30051539
30051541
30051546
30051547
30051550
30051557
30051562
30051563
30051571
30051576
30051583
30051584
30051585
30051586
30051587
30051595
30051599
30051604
30051609
30051611
30051615
30051622
30051624
30051625
30051626
30051627
30051629
30051631
30051632
30051634
30051635
30051639
30051642
30051645
30051647
30051648
30051650
30051652
30051656
30051659
30051660
30051666
30051669
30051670
30051673
30051679
30051684
30051685
30051689
30051690
30051691
30051692
30051697
30051701
30051707
30051709
30051711
30051716
30051722
30051729
30051730
30051731
30051733
30051735
30051739
30051740
30051743
30051747
30051748
30051755
30051756
30051764
30051767
30051769
30051770
30051771
30051777
30051778
30051780
30051781
30051787
30051791
30051793
30051805
30051807
30051813
30051817
30051818
30051819
30051821
30051823
30051826
30051830
30051840
30051844
30051846
30051847
30051848
30051849
30051850
30051851
30051854
30051856
30051857
30051859
30051860
30051864
30051866
30051867
30051868
30051871
30051876
30051877
30051878
30051879
30051881
30051885
30051887
30051889
30051897
30051900
30051904
30051907
30051909
30051910
30051911
30051912
30051916
30051917
30051918
30051922
30051923
30051927
30051929
30051930
30051933
30051934
30051937
30051950
30051955
30051956
30051958
30051962
30051963
30051967
30051968
30051970
30051971
30051975
30051979
30051980
30051982
30051983
30051991
30051993
30051999
30052000
30052002
30052005
30052006
30052007
30052009
30052013
30052014
30052016
30052017
30052019
30052025
30052026
30052028
30052029
30052030
30052041
30052047
30052054
30052057
30052058
30052060
30052062
30052063
30052076
30052079
30052081
30052082
30052084
30052087
30052090
30052091
30052093
30052095
30052100
30052106
30052113
30052114
30052115
30052116
30052118
30052124
30052125
30052127
30052129
30052130
30052131
30052135
30052136
30052145
30052149
30052154
30052156
30052161
30052165
30052168
30052173
30052174
30052177
30052179
30052180
30052182
30052186
30052195
30052198
30052200
30052201
30052205
30052209
30052214
30052220
30052222
30052225
30052227
30052229
30052230
30052236
30052242
30052243
30052248
30052250
30052256
30052258
30052261
30052262
30052267
30052269
30052272
30052273
30052276
30052281
30052282
30052287
30052289
30052290
30052291
30052299
30052303
30052309
30052310
30052312
30052313
30052315
30052316
30052328
30052329
30052333
30052343
30052344
30052347
30052349
30052352
30052356
30052358
30052360
30052362
30052363
30052368
30052370
30052374
30052377
30052380
30052382
30052384
30052387
30052388
30052395
30052397
30052400
30052409
30052410
30052413
30052415
30052418
30052420
30052421
30052422
30052423
30052427
30052433
30052435
30052438
30052442
30052446
30052456
30052462
30052463
30052469
30052472
30052473
30052475
30052477
30052480
30052481
30052482
30052484
30052486
30052488
30052490
30052491
30052492
30052493
30052494
30052496
30052497
30052501
30052503
30052511
30052512
30052517
30052519
30052520
30052523
30052527
30052528
30052531
30052532
30052534
30052541
30052543
30052544
30052550
30052553
30052556
30052557
30052559
30052564
30052566
30052567
30052570
30052573
30052574
30052575
30052585
30052586
30052589
30052594
30052597
30052601
30052602
30052603
30052605
30052610
30052611
30052614
30052615
30052616
30052618
30052619
30052623
30052624
30052626
30052631
30052632
30052633
30052635
30052637
30052643
30052646
30052648
30052656
30052663
30052665
30052666
30052669
30052681
30052684
30052690
30052691
30052696
30052710
30052712
30052713
30052714
30052718
30052719
30052724
30052726
30052732
30052734
30052736
30052739
30052742
30052749
30052752
30052754
30052756
30052757
30052761
30052762
30052767
30052774
30052779
30052782
30052783
30052785
30052786
30052787
30052790
30052792
30052794
30052795
30052798
30052805
30052806
30052808
30052816
30052817
30052821
30052822
30052823
30052828
30052831
30052832
30052838
30052839
30052842
30052850
30052851
30052852
30052853
30052855
30052856
30052857
30052863
30052871
30052873
30052876
30052882
30052883
30052886
30052888
30052889
30052890
30052895
30052897
30052899
30052900
30052902
30052904
30052907
30052909
30052911
30052914
30052915
30052925
30052938
30052955
30052956
30052960
30052967
30052972
30052976
30052979
30052980
30052984
30052988
30052990
30052993
30053002
30053004
30053006
30053007
30053008
30053012
30053015
30053020
30053022
30053023
30053029
30053031
30053032
30053035
30053039
30053043
30053046
30053057
30053058
30053063
30053071
30053073
30053074
30053076
30053077
30053078
30053080
30053083
30053089
30053093
30053098
30053099
30053101
30053102
30053104
30053107
30053109
30053120
30053122
30053126
30053127
30053128
30053129
30053130
30053131
30053132
30053134
30053135
30053136
30053137
30053141
30053143
30053147
30053149
30053150
30053151
30053155
30053158
30053165
30053168
30053171
30053173
30053174
30053179
30053182
30053184
30053185
30053187
30053192
30053195
30053197
30053205
30053209
30053212
30053213
30053214
30053216
30053227
30053232
30053233
30053235
30053237
30053240
30053242
30053243
30053244
30053245
30053252
30053257
30053258
30053261
30053262
30053263
30053266
30053271
30053272
30053274
30053275
30053279
30053280
30053281
30053285
30053286
30053287
30053290
30053298
30053301
30053304
30053306
30053308
30053314
30053321
30053325
30053326
30053328
30053332
30053334
30053336
30053337
30053344
30053347
30053349
30053351
30053354
30053357
30053359
30053360
30053361
30053364
30053365
30053368
30053370
30053373
30053377
30053385
30053389
30053392
30053393
30053395
30053396
30053399
30053400
30053404
30053408
30053413
30053416
30053421
30053422
30053423
30053427
30053431
30053432
30053442
30053447
30053450
30053455
30053456
30053457
30053459
30053463
30053464
30053472
30053474
30053477
30053478
30053480
30053481
30053483
30053484
30053486
30053487
30053492
30053493
30053495
30053496
30053498
30053500
30053504
30053515
30053516
30053517
30053520
30053525
30053526
30053535
30053538
30053540
30053546
30053547
30053551
30053552
30053553
30053556
30053561
30053563
30053568
30053582
30053583
30053585
30053586
30053589
30053597
30053600
30053603
30053605
30053609
30053616
30053621
30053622
30053625
30053627
30053628
30053630
30053631
30053632
30053636
30053637
30053640
30053647
30053648
30053650
30053654
30053658
30053665
30053671
30053673
30053680
30053683
30053686
30053689
30053691
30053692
30053697
30053698
30053701
30053702
30053704
30053708
30053709
30053712
30053715
30053716
30053719
30053723
30053724
30053730
30053737
30053741
30053744
30053748
30053752
30053756
30053759
30053760
30053761
30053762
30053765
30053770
30053774
30053777
30053779
30053781
30053783
30053784
30053786
30053788
30053794
30053797
30053802
30053806
30053814
30053816
30053824
30053827
30053832
30053833
30053834
30053835
30053837
30053838
30053845
30053846
30053849
30053853
30053855
30053856
30053857
30053864
30053866
30053867
30053868
30053869
30053870
30053873
30053874
30053875
30053876
30053878
30053881
30053883
30053884
30053885
30053886
30053888
30053889
30053895
30053896
30053898
30053904
30053905
30053916
30053919
30053920
30053924
30053928
30053932
30053934
30053937
30053949
30053965
30053970
30053972
30053976
30053978
30053979
30053980
30053983
30053986
30053990
30053993
30053998
30054002
30054008
30054011
30054014
30054018
30054030
30054031
30054038
30054041
30054042
30054045
30054046
30054047
30054055
30054056
30054059
30054060
30054065
30054066
30054069
30054070
30054073
30054075
30054078
30054082
30054083
30054085
30054087
30054089
30054092
30054096
30054099
30054101
30054103
30054105
30054106
30054107
30054111
30054113
30054114
30054117
30054125
30054127
30054130
30054132
30054136
30054137
30054139
30054140
30054141
30054145
30054147
30054149
30054150
30054151
30054157
30054160
30054161
30054167
30054170
30054173
30054180
30054182
30054189
30054191
30054194
30054196
30054200
30054205
30054206
30054210
30054212
30054213
30054215
30054220
30054221
30054223
30054224
30054228
30054229
30054231
30054233
30054236
30054237
30054240
30054253
30054255
30054257
30054260
30054262
30054265
30054266
30054267
30054268
30054271
30054275
30054277
30054279
30054282
30054284
30054285
30054286
30054287
30054289
30054290
30054291
30054292
30054299
30054306
30054307
30054308
30054310
30054317
30054319
30054323
30054324
30054327
30054330
30054333
30054334
30054336
30054342
30054345
30054346
30054351
30054352
30054353
30054354
30054355
30054357
30054358
30054363
30054370
30054372
30054373
30054374
30054375
30054376
30054377
30054379
30054383
30054385
30054386
30054388
30054389
30054391
30054393
30054399
30054400
30054408
30054410
30054413
30054414
30054415
30054418
30054419
30054421
30054422
30054423
30054426
30054428
30054435
30054444
30054450
30054455
30054457
30054462
30054465
30054468
30054471
30054474
30054477
30054480
30054481
30054484
30054486
30054490
30054491
30054492
30054500
30054501
30054504
30054506
30054507
30054511
30054512
30054514
30054515
30054525
30054526
30054527
30054530
30054531
30054535
30054536
30054537
30054538
30054543
30054548
30054549
30054550
30054557
30054559
30054560
30054561
30054563
30054564
30054565
30054568
30054569
30054570
30054572
30054574
30054577
30054578
30054579
30054580
30054581
30054583
30054587
30054588
30054589
30054594
30054595
30054597
30054601
30054613
30054616
30054617
30054621
30054624
30054625
30054626
30054628
30054633
30054635
30054641
30054642
30054643
30054646
30054649
30054650
30054652
30054656
30054657
30054659
30054671
30054676
30054680
30054681
30054683
30054686
30054687
30054689
30054694
30054696
30054697
30054700
30054701
30054707
30054708
30054711
30054713
30054714
30054715
30054716
30054718
30054726
30054727
30054728
30054732
30054736
30054739
30054740
30054741
30054744
30054745
30054754
30054756
30054758
30054762
30054765
30054767
30054771
30054772
30054774
30054779
30054780
30054781
30054782
30054786
30054790
30054791
30054809
30054811
30054820
30054833
30054834
30054835
30054836
30054837
30054838
30054840
30054847
30054850
30054851
30054855
30054856
30054857
30054859
30054861
30054862
30054863
30054866
30054874
30054877
30054882
30054883
30054885
30054887
30054889
30054890
30054891
30054892
30054893
30054895
30054896
30054899
30054902
30054904
30054909
30054921
30054922
30054925
30054926
30054932
30054934
30054935
30054937
30054939
30054943
30054944
30054946
30054950
30054959
30054963
30054964
30054965
30054969
30054974
30054975
30054978
30054982
30054985
30054992
30054998
30055000
30055002
30055009
30055011
30055013
30055014
30055015
30055024
30055027
30055030
30055034
30055040
30055041
30055042
30055044
30055049
30055050
30055052
30055060
30055065
30055066
30055069
30055071
30055072
30055073
30055076
30055077
30055079
30055080
30055081
30055082
30055088
30055089
30055090
30055091
30055092
30055093
30055095
30055096
30055097
30055098
30055104
30055105
30055106
30055107
30055113
30055115
30055116
30055117
30055119
30055124
30055126
30055127
30055128
30055131
30055132
30055135
30055138
30055140
30055144
30055147
30055150
30055154
30055157
30055159
30055171
30055176
30055181
30055183
30055184
30055186
30055190
30055195
30055196
30055198
30055202
30055204
30055206
30055210
30055212
30055213
30055216
30055220
30055222
30055223
30055226
30055229
30055234
30055235
30055240
30055241
30055244
30055245
30055248
30055251
30055252
30055253
30055258
30055260
30055267
30055269
30055270
30055271
30055272
30055276
30055278
30055287
30055289
30055297
30055299
30055300
30055301
30055305
30055308
30055309
30055312
30055317
30055322
30055327
30055332
30055337
30055338
30055339
30055342
30055343
30055345
30055347
30055350
30055351
30055355
30055356
30055358
30055359
30055361
30055362
30055365
30055366
30055368
30055369
30055371
30055376
30055377
30055380
30055381
30055382
30055384
30055386
30055389
30055390
30055393
30055394
30055398
30055400
30055403
30055405
30055409
30055410
30055411
30055412
30055413
30055415
30055417
30055421
30055424
30055426
30055429
30055432
30055436
30055438
30055440
30055442
30055450
30055452
30055454
30055455
30055456
30055461
30055465
30055471
30055475
30055477
30055478
30055480
30055481
30055483
30055486
30055487
30055489
30055490
30055494
30055496
30055506
30055507
30055509
30055510
30055513
30055521
30055522
30055524
30055525
30055529
30055532
30055533
30055536
30055538
30055540
30055544
30055547
30055555
30055557
30055562
30055563
30055564
30055567
30055572
30055576
30055577
30055581
30055589
30055596
30055597
30055598
30055609
30055610
30055617
30055621
30055624
30055628
30055629
30055633
30055634
30055648
30055652
30055653
30055654
30055655
30055657
30055666
30055673
30055683
30055690
30055691
30055692
30055693
30055694
30055695
30055696
30055697
30055701
30055706
30055709
30055711
30055713
30055717
30055718
30055720
30055724
30055727
30055729
30055731
30055732
30055733
30055739
30055740
30055743
30055744
30055756
30055761
30055767
30055769
30055770
30055773
30055776
30055783
30055785
30055787
30055788
30055790
30055791
30055793
30055797
30055798
30055799
30055800
30055803
30055807
30055808
30055811
30055813
30055814
30055815
30055819
30055833
30055834
30055838
30055841
30055843
30055844
30055848
30055850
30055852
30055853
30055854
30055855
30055857
30055859
30055863
30055864
30055865
30055867
30055873
30055874
30055875
30055881
30055884
30055890
30055899
30055905
30055906
30055908
30055909
30055911
30055916
30055919
30055922
30055928
30055934
30055938
30055941
30055946
30055949
30055951
30055952
30055954
30055955
30055958
30055960
30055963
30055964
30055966
30055969
30055970
30055974
30055975
30055978
30055982
30055989
30055993
30055996
30055998
30055999
30056000
30056005
30056006
30056007
30056015
30056022
30056024
30056025
30056028
30056029
30056038
30056039
30056041
30056045
30056050
30056053
30056054
30056056
30056057
30056064
30056066
30056067
30056077
30056078
30056081
30056083
30056085
30056089
30056091
30056093
30056094
30056095
30056096
30056098
30056099
30056104
30056108
30056115
30056127
30056131
30056134
30056135
30056140
30056143
30056146
30056152
30056153
30056154
30056156
30056159
30056160
30056164
30056165
30056166
30056175
30056176
30056177
30056178
30056184
30056189
30056191
30056195
30056196
30056203
30056208
30056209
30056213
30056215
30056223
30056224
30056227
30056229
30056231
30056244
30056245
30056250
30056251
30056252
30056256
30056260
30056261
30056262
30056264
30056266
30056267
30056268
30056270
30056286
30056287
30056288
30056294
30056295
30056296
30056298
30056299
30056300
30056302
30056306
30056308
30056309
30056311
30056313
30056318
30056319
30056320
30056327
30056334
30056335
30056338
30056341
30056347
30056348
30056353
30056357
30056358
30056359
30056361
30056363
30056366
30056367
30056369
30056374
30056376
30056379
30056383
30056385
30056390
30056392
30056393
30056394
30056396
30056397
30056402
30056408
30056417
30056418
30056420
30056426
30056428
30056432
30056433
30056434
30056435
30056438
30056439
30056446
30056447
30056448
30056451
30056454
30056458
30056461
30056472
30056473
30056474
30056476
30056479
30056480
30056485
30056486
30056488
30056489
30056491
30056492
30056494
30056495
30056501
30056502
30056503
30056504
30056505
30056507
30056509
30056516
30056532
30056533
30056534
30056540
30056544
30056545
30056546
30056547
30056552
30056555
30056557
30056561
30056565
30056567
30056569
30056574
30056576
30056578
30056582
30056583
30056590
30056591
30056592
30056597
30056598
30056607
30056610
30056612
30056621
30056622
30056625
30056630
30056635
30056636
30056638
30056642
30056648
30056649
30056656
30056658
30056659
30056661
30056663
30056665
30056667
30056672
30056674
30056675
30056678
30056680
30056682
30056683
30056684
30056685
30056692
30056696
30056698
30056699
30056702
30056703
30056708
30056713
30056715
30056716
30056719
30056720
30056724
30056726
30056727
30056734
30056737
30056744
30056745
30056746
30056749
30056750
30056755
30056756
30056758
30056763
30056765
30056768
30056778
30056780
30056782
30056783
30056790
30056792
30056794
30056795
30056799
30056803
30056807
30056809
30056810
30056812
30056815
30056819
30056821
30056826
30056828
30056830
30056835
30056837
30056838
30056839
30056840
30056845
30056848
30056850
30056852
30056853
30056859
30056862
30056863
30056865
30056867
30056869
30056873
30056885
30056886
30056887
30056894
30056896
30056898
30056900
30056906
30056907
30056909
30056913
30056915
30056917
30056918
30056920
30056921
30056922
30056927
30056928
30056930
30056931
30056932
30056933
30056934
30056937
30056941
30056943
30056946
30056949
30056952
30056956
30056958
30056960
30056961
30056962
30056972
30056977
30056978
30056979
30056980
30056985
30056986
30056993
30056994
30056996
30057003
30057004
30057006
30057007
30057010
30057012
30057013
30057014
30057017
30057020
30057022
30057025
30057026
30057028
30057032
30057034
30057035
30057036
30057040
30057041
30057042
30057044
30057045
30057048
30057049
30057057
30057059
30057063
30057065
30057070
30057076
30057078
30057079
30057080
30057081
30057082
30057086
30057087
30057092
30057095
30057098
30057099
30057104
30057108
30057110
30057111
30057113
30057123
30057136
30057139
30057141
30057143
30057146
30057149
30057154
30057155
30057157
30057167
30057171
30057173
30057176
30057177
30057181
30057182
30057183
30057186
30057187
30057193
30057194
30057196
30057197
30057198
30057201
30057204
30057205
30057207
30057208
30057212
30057218
30057219
30057225
30057226
30057229
30057234
30057238
30057239
30057240
30057245
30057246
30057248
30057251
30057257
30057258
30057259
30057260
30057261
30057277
30057280
30057281
30057282
30057285
30057286
30057297
30057301
30057303
30057305
30057311
30057312
30057315
30057316
30057329
30057331
30057334
30057337
30057338
30057339
30057340
30057344
30057349
30057350
30057355
30057356
30057359
30057361
30057368
30057377
30057383
30057384
30057385
30057390
30057397
30057398
30057399
30057402
30057404
30057407
30057408
30057409
30057413
30057414
30057416
30057422
30057424
30057425
30057426
30057442
30057444
30057447
30057448
30057450
30057451
30057452
30057454
30057459
30057460
30057461
30057463
30057467
30057469
30057470
30057471
30057475
30057477
30057481
30057486
30057494
30057498
30057506
30057508
30057514
30057516
30057517
30057518
30057519
30057525
30057526
30057533
30057543
30057547
30057550
30057555
30057557
30057558
30057559
30057566
30057571
30057572
30057574
30057576
30057591
30057594
30057595
30057601
30057603
30057605
30057612
30057614
30057619
30057621
30057624
30057627
30057634
30057638
30057641
30057648
30057656
30057657
30057662
30057663
30057666
30057667
30057668
30057669
30057670
30057671
30057673
30057675
30057677
30057678
30057680
30057682
30057687
30057688
30057692
30057696
30057702
30057704
30057706
30057707
30057712
30057714
30057716
30057717
30057724
30057725
30057731
30057733
30057735
30057737
30057741
30057747
30057749
30057751
30057752
30057762
30057766
30057779
30057784
30057787
30057799
30057800
30057801
30057804
30057805
30057813
30057814
30057821
30057824
30057825
30057826
30057828
30057829
30057834
30057838
30057845
30057846
30057847
30057849
30057851
30057852
30057854
30057856
30057857
30057867
30057871
30057872
30057876
30057881
30057887
30057896
30057900
30057905
30057910
30057918
30057921
30057925
30057926
30057927
30057929
30057930
30057931
30057934
30057943
30057947
30057948
30057951
30057955
30057956
30057958
30057959
30057960
30057961
30057964
30057965
30057966
30057970
30057971
30057972
30057980
30057981
30057984
30057985
30057994
30058000
30058011
30058014
30058015
30058022
30058025
30058027
30058031
30058034
30058036
30058038
30058044
30058045
30058049
30058051
30058054
30058055
30058058
30058060
30058061
30058063
30058066
30058067
30058078
30058082
30058083
30058088
30058095
30058096
30058100
30058102
30058106
30058110
30058112
30058115
30058117
30058120
30058121
30058123
30058129
30058131
30058133
30058134
30058138
30058142
30058144
30058146
30058147
30058149
30058152
30058157
30058162
30058167
30058169
30058171
30058173
30058176
30058180
30058181
30058183
30058190
30058191
30058196
30058197
30058200
30058202
30058203
30058204
30058206
30058208
30058213
30058214
30058219
30058223
30058233
30058235
30058236
30058237
30058239
30058244
30058254
30058256
30058263
30058264
30058266
30058267
30058268
30058269
30058276
30058279
30058283
30058285
30058286
30058287
30058288
30058298
30058299
30058306
30058311
30058314
30058317
30058320
30058326
30058334
30058338
30058339
30058340
30058341
30058342
30058345
30058346
30058349
30058355
30058356
30058361
30058364
30058368
30058369
30058370
30058371
30058372
30058373
30058374
30058375
30058379
30058385
30058386
30058387
30058388
30058390
30058392
30058393
30058400
30058402
30058403
30058404
30058405
30058408
30058412
30058413
30058416
30058423
30058425
30058429
30058445
30058446
30058448
30058450
30058452
30058458
30058459
30058461
30058466
30058467
30058472
30058475
30058476
30058478
30058485
30058486
30058493
30058497
30058498
30058499
30058500
30058503
30058504
30058505
30058509
30058510
30058514
30058518
30058523
30058525
30058528
30058534
30058536
30058537
30058540
30058541
30058549
30058551
30058553
30058559
30058568
30058569
30058570
30058571
30058576
30058579
30058580
30058581
30058585
30058586
30058590
30058592
30058597
30058598
30058603
30058605
30058606
30058609
30058610
30058611
30058615
30058619
30058621
30058625
30058626
30058629
30058630
30058631
30058636
30058637
30058638
30058643
30058648
30058650
30058656
30058657
30058661
30058662
30058663
30058665
30058667
30058668
30058671
30058677
30058688
30058690
30058695
30058697
30058699
30058700
30058701
30058706
30058708
30058709
30058711
30058715
30058716
30058720
30058721
30058722
30058731
30058736
30058738
30058742
30058751
30058752
30058753
30058754
30058761
30058765
30058768
30058769
30058772
30058773
30058775
30058780
30058784
30058786
30058787
30058791
30058793
30058794
30058795
30058797
30058799
30058800
30058801
30058802
30058804
30058807
30058809
30058810
30058812
30058814
30058815
30058816
30058817
30058818
30058821
30058826
30058832
30058838
30058839
30058842
30058844
30058845
30058851
30058852
30058855
30058859
30058861
30058864
30058867
30058873
30058875
30058878
30058880
30058886
30058887
30058888
30058892
30058893
30058894
30058896
30058902
30058906
30058920
30058923
30058924
30058925
30058929
30058930
30058931
30058936
30058940
30058941
30058945
30058946
30058948
30058953
30058960
30058965
30058971
30058975
30058977
30058982
30058984
30058985
30058988
30058996
30058997
30058999
30059004
30059008
30059017
30059019
30059023
30059027
30059028
30059030
30059035
30059036
30059040
30059041
30059043
30059047
30059048
30059057
30059058
30059064
30059067
30059068
30059070
30059077
30059079
30059081
30059090
30059091
30059092
30059094
30059095
30059096
30059102
30059103
30059105
30059106
30059107
30059113
30059120
30059125
30059127
30059131
30059133
30059139
30059144
30059145
30059146
30059156
30059159
30059160
30059164
30059168
30059171
30059185
30059193
30059205
30059206
30059208
30059213
30059217
30059223
30059224
30059228
30059231
30059237
30059238
30059242
30059244
30059246
30059248
30059252
30059253
30059256
30059257
30059258
30059259
30059264
30059271
30059274
30059275
30059276
30059277
30059279
30059284
30059285
30059286
30059289
30059291
30059292
30059295
30059298
30059312
30059317
30059324
30059326
30059332
30059333
30059337
30059340
30059344
30059345
30059348
30059351
30059357
30059358
30059366
30059369
30059375
30059378
30059382
30059386
30059388
30059392
30059394
30059396
30059398
30059399
30059400
30059402
30059403
30059404
30059405
30059407
30059417
30059419
30059421
30059423
30059425
30059428
30059430
30059432
30059433
30059445
30059447
30059453
30059454
30059458
30059460
30059463
30059467
30059468
30059472
30059476
30059484
30059490
30059493
30059495
30059497
30059498
30059499
30059501
30059505
30059506
30059510
30059512
30059515
30059517
30059527
30059529
30059531
30059535
30059536
30059541
30059542
30059546
30059547
30059549
30059550
30059555
30059558
30059566
30059577
30059579
30059580
30059585
30059586
30059588
30059589
30059593
30059594
30059595
30059597
30059600
30059601
30059602
30059604
30059605
30059612
30059619
30059620
30059628
30059631
30059632
30059635
30059636
30059643
30059644
30059653
30059655
30059657
30059663
30059666
30059668
30059671
30059672
30059674
30059677
30059680
30059682
30059684
30059686
30059687
30059692
30059693
30059697
30059698
30059704
30059706
30059709
30059715
30059716
30059717
30059719
30059723
30059726
30059727
30059728
30059729
30059731
30059735
30059736
30059738
30059739
30059742
30059744
30059745
30059748
30059749
30059752
30059753
30059756
30059774
30059784
30059786
30059789
30059791
30059794
30059796
30059797
30059798
30059799
30059803
30059804
30059807
30059821
30059827
30059830
30059832
30059835
30059838
30059839
30059840
30059846
30059849
30059851
30059852
30059853
30059860
30059861
30059862
30059864
30059866
30059867
30059872
30059873
30059883
30059895
30059899
30059900
30059902
30059911
30059914
30059915
30059927
30059931
30059932
30059936
30059938
30059939
30059940
30059942
30059945
30059950
30059952
30059953
30059955
30059961
30059962
30059964
30059966
30059968
30059970
30059973
30059976
30059977
30059979
30059984
30059989
30059990
30059992
30059996
30059997
40000003
40000004
40000006
40000007
40000009
40000010
40000018
40000029
40000030
40000031
40000035
40000044
40000048
40000050
40000058
40000061
40000065
40000072
40000075
40000080
40000083
40000091
40000093
40000095
40000100
40000103
40000107
40000110
40000111
40000119
40000120
40000122
40000126
40000127
40000129
40000130
40000136
40000137
40000139
40000142
40000143
40000144
40000148
40000149
40000160
40000164
40000169
40000170
40000171
40000172
40000177
40000186
40000195
40000203
40000208
40000210
40000212
40000214
40000216
40000218
40000219
40000230
40000231
40000233
40000234
40000240
40000245
40000247
40000250
40000255
40000261
40000263
40000270
40000276
40000292
40000295
40000296
40000297
40000299
40000300
40000314
40000320
40000324
40000331
40000342
40000344
40000347
40000348
40000350
40000352
40000356
40000357
40000360
40000363
40000365
40000366
40000372
40000373
40000374
40000375
40000379
40000385
40000386
40000391
40000398
40000399
40000400
40000403
40000407
40000408
40000411
40000412
40000413
40000419
40000420
40000421
40000425
40000427
40000428
40000431
40000432
40000436
40000437
40000442
40000443
40000448
40000450
40000451
40000458
40000461
40000468
40000470
40000472
40000477
40000480
40000482
40000483
40000484
40000486
40000491
40000494
40000496
40000501
40000503
40000508
40000509
40000510
40000513
40000515
40000516
40000521
40000523
40000526
40000527
40000534
40000540
40000542
40000543
40000545
40000546
40000548
40000552
40000559
40000560
40000562
40000577
40000578
40000579
40000582
40000585
40000588
40000589
40000592
40000593
40000595
40000603
40000606
40000609
40000611
40000612
40000613
40000618
40000620
40000623
40000624
40000625
40000626
40000627
40000629
40000632
40000635
40000636
40000637
40000639
40000642
40000646
40000648
40000653
40000654
40000655
40000656
40000659
40000669
40000673
40000675
40000681
40000682
40000684
40000685
40000686
40000687
40000688
40000690
40000694
40000698
40000699
40000700
40000704
40000705
40000706
40000707
40000711
40000712
40000715
40000716
40000717
40000724
40000727
40000728
40000732
40000737
40000738
40000739
40000741
40000751
40000753
40000754
40000757
40000759
40000764
40000765
40000769
40000775
40000778
40000780
40000782
40000783
40000787
40000790
40000792
40000793
40000798
40000800
40000805
40000815
40000816
40000819
40000821
40000822
40000823
40000824
40000825
40000827
40000831
40000832
40000834
40000836
40000837
40000840
40000842
40000843
40000849
40000851
40000855
40000856
40000857
40000858
40000860
40000861
40000863
40000864
40000865
40000869
40000877
40000881
40000885
40000888
40000893
40000896
40000899
40000900
40000907
40000910
40000916
40000918
40000919
40000920
40000922
40000924
40000926
40000928
40000929
40000931
40000941
40000947
40000948
40000949
40000950
40000958
40000966
40000968
40000973
40000974
40000975
40000976
40000983
40000987
40000989
40000990
40001008
40001015
40001020
40001022
40001023
40001029
40001031
40001035
40001037
40001040
40001053
40001055
40001058
40001059
40001063
40001064
40001068
40001069
40001071
40001073
40001075
40001080
40001082
40001083
40001084
40001086
40001091
40001096
40001100
40001104
40001105
40001108
40001111
40001115
40001117
40001119
40001121
40001122
40001125
40001126
40001132
40001133
40001135
40001137
40001138
40001146
40001150
40001156
40001159
40001160
40001162
40001166
40001168
40001171
40001178
40001179
40001182
40001187
40001188
40001192
40001193
40001194
40001198
40001199
40001208
40001209
40001210
40001212
40001213
40001214
40001216
40001217
40001219
40001221
40001225
40001231
40001237
40001238
40001239
40001240
40001241
40001245
40001247
40001254
40001262
40001263
40001265
40001266
40001270
40001277
40001281
40001283
40001285
40001286
40001291
40001292
40001293
40001300
40001301
40001308
40001310
40001311
40001316
40001318
40001320
40001325
40001326
40001327
40001328
40001329
40001330
40001331
40001332
40001336
40001337
40001338
40001340
40001343
40001347
40001349
40001354
40001357
40001358
40001366
40001367
40001370
40001373
40001376
40001379
40001382
40001386
40001393
40001398
40001400
40001401
40001405
40001406
40001407
40001408
40001409
40001410
40001411
40001412
40001415
40001417
40001418
40001419
40001424
40001425
40001429
40001432
40001433
40001435
40001436
40001441
40001444
40001446
40001452
40001453
40001455
40001459
40001460
40001467
40001472
40001474
40001477
40001478
40001480
40001482
40001495
40001497
40001500
40001505
40001506
40001507
40001508
40001511
40001514
40001515
40001519
40001520
40001523
40001525
40001527
40001528
40001530
40001533
40001538
40001541
40001545
40001546
40001548
40001550
40001560
40001564
40001566
40001569
40001576
40001580
40001581
40001584
40001591
40001599
40001602
40001603
40001605
40001607
40001610
40001613
40001619
40001621
40001624
40001626
40001630
40001631
40001632
40001633
40001636
40001639
40001640
40001646
40001651
40001652
40001653
40001657
40001659
40001661
40001670
40001671
40001674
40001678
40001679
40001680
40001681
40001683
40001686
40001689
40001690
40001692
40001694
40001695
40001700
40001710
40001711
40001712
40001713
40001720
40001721
40001723
40001724
40001725
40001726
40001729
40001737
40001740
40001745
40001748
40001750
40001757
40001761
40001762
40001767
40001768
40001769
40001773
40001774
40001775
40001777
40001786
40001792
40001793
40001794
40001798
40001799
40001801
40001803
40001804
40001805
40001807
40001811
40001813
40001816
40001817
40001824
40001828
40001830
40001831
40001833
40001836
40001837
40001838
40001840
40001841
40001842
40001843
40001844
40001846
40001851
40001852
40001853
40001862
40001864
40001866
40001869
40001871
40001874
40001877
40001878
40001881
40001883
40001888
40001889
40001890
40001891
40001896
40001898
40001899
40001901
40001904
40001909
40001910
40001911
40001912
40001913
40001914
40001918
40001919
40001921
40001922
40001926
40001927
40001934
40001938
40001939
40001940
40001945
40001946
40001947
40001954
40001958
40001960
40001963
40001968
40001971
40001972
40001973
40001975
40001976
40001979
40001980
40001986
40001987
40001988
40001997
40001998
40002000
40002006
40002008
40002009
40002021
40002028
40002030
40002032
40002035
40002040
40002041
40002043
40002046
40002051
40002062
40002065
40002068
40002069
40002071
40002072
40002079
40002084
40002086
40002089
40002096
40002097
40002099
40002100
40002101
40002102
40002105
40002106
40002108
40002120
40002122
40002128
40002130
40002131
40002135
40002138
40002139
40002143
40002154
40002156
40002157
40002159
40002162
40002164
40002168
40002169
40002172
40002173
40002177
40002179
40002180
40002181
40002183
40002186
40002189
40002193
40002196
40002198
40002199
40002200
40002202
40002210
40002219
40002220
40002221
40002224
40002231
40002234
40002240
40002242
40002246
40002253
40002256
40002257
40002265
40002268
40002273
40002276
40002278
40002279
40002280
40002283
40002285
40002288
40002289
40002290
40002291
40002296
40002299
40002301
40002306
40002307
40002308
40002311
40002313
40002324
40002326
40002327
40002328
40002331
40002332
40002333
40002335
40002340
40002341
40002345
40002346
40002347
40002349
40002351
40002352
40002360
40002362
40002364
40002372
40002373
40002374
40002376
40002379
40002381
40002383
40002384
40002386
40002392
40002394
40002397
40002399
40002402
40002404
40002408
40002412
40002414
40002419
40002423
40002425
40002427
40002430
40002431
40002436
40002437
40002439
40002441
40002444
40002448
40002451
40002453
40002454
40002455
40002456
40002462
40002472
40002477
40002481
40002486
40002492
40002494
40002495
40002496
40002500
40002502
40002506
40002507
40002510
40002512
40002519
40002523
40002524
40002529
40002530
40002532
40002533
40002540
40002541
40002550
40002553
40002555
40002556
40002557
40002560
40002561
40002562
40002563
40002564
40002565
40002570
40002572
40002573
40002576
40002577
40002584
40002585
40002587
40002589
40002590
40002593
40002594
40002595
40002598
40002599
40002602
40002603
40002604
40002607
40002609
40002612
40002616
40002619
40002621
40002625
40002628
40002630
40002633
40002639
40002648
40002649
40002650
40002652
40002656
40002658
40002659
40002662
40002665
40002666
40002667
40002668
40002669
40002671
40002672
40002676
40002688
40002689
40002699
40002700
40002716
40002718
40002719
40002721
40002722
40002724
40002726
40002732
40002741
40002745
40002746
40002754
40002756
40002760
40002761
40002763
40002767
40002768
40002775
40002783
40002789
40002792
40002806
40002811
40002812
40002823
40002827
40002832
40002834
40002836
40002839
40002841
40002842
40002843
40002847
40002848
40002851
40002852
40002856
40002858
40002859
40002860
40002862
40002864
40002875
40002876
40002878
40002880
40002883
40002889
40002892
40002898
40002899
40002901
40002905
40002907
40002910
40002911
40002912
40002920
40002921
40002922
40002926
40002928
40002929
40002935
40002936
40002937
40002939
40002942
40002954
40002955
40002956
40002957
40002958
40002967
40002968
40002974
40002975
40002977
40002978
40002992
40002995
40002997
40002999
40003005
40003009
40003011
40003012
40003013
40003015
40003018
40003019
40003022
40003023
40003024
40003026
40003028
40003030
40003041
40003043
40003046
40003048
40003049
40003058
40003059
40003061
40003070
40003072
40003074
40003078
40003079
40003080
40003083
40003086
40003087
40003090
40003095
40003097
40003098
40003102
40003110
40003111
40003114
40003118
40003123
40003124
40003125
40003126
40003127
40003133
40003135
40003137
40003140
40003144
40003146
40003147
40003150
40003169
40003175
40003176
40003179
40003180
40003182
40003183
40003184
40003186
40003187
40003193
40003195
40003200
40003201
40003208
40003219
40003220
40003222
40003226
40003232
40003234
40003240
40003241
40003246
40003247
40003248
40003253
40003256
40003259
40003264
40003267
40003268
40003271
40003273
40003277
40003279
40003281
40003283
40003286
40003287
40003288
40003289
40003296
40003297
40003300
40003302
40003305
40003306
40003309
40003319
40003323
40003324
40003328
40003330
40003334
40003336
40003347
40003349
40003352
40003355
40003357
40003358
40003359
40003360
40003364
40003366
40003369
40003370
40003373
40003374
40003375
40003378
40003379
40003381
40003384
40003385
40003393
40003394
40003395
40003396
40003397
40003398
40003403
40003406
40003409
40003414
40003416
40003418
40003420
40003421
40003424
40003426
40003428
40003432
40003434
40003437
40003439
40003445
40003446
40003452
40003454
40003455
40003458
40003459
40003463
40003466
40003472
40003473
40003474
40003475
40003478
40003480
40003482
40003487
40003492
40003496
40003499
40003500
40003502
40003503
40003505
40003508
40003510
40003515
40003518
40003519
40003523
40003524
40003527
40003528
40003529
40003530
40003532
40003536
40003540
40003541
40003543
40003546
40003550
40003552
40003560
40003563
40003564
40003568
40003569
40003571
40003574
40003578
40003582
40003587
40003589
40003591
40003592
40003594
40003602
40003603
40003605
40003606
40003609
40003612
40003614
40003616
40003619
40003620
40003622
40003623
40003624
40003625
40003627
40003629
40003631
40003634
40003641
40003644
40003645
40003647
40003648
40003653
40003655
40003656
40003661
40003663
40003665
40003667
40003669
40003670
40003674
40003675
40003676
40003677
40003682
40003683
40003690
40003695
40003699
40003700
40003703
40003711
40003712
40003713
40003714
40003716
40003717
40003719
40003720
40003724
40003725
40003727
40003730
40003731
40003736
40003737
40003742
40003746
40003749
40003751
40003752
40003755
40003756
40003759
40003762
40003768
40003769
40003770
40003772
40003781
40003786
40003792
40003794
40003797
40003800
40003802
40003804
40003806
40003808
40003814
40003817
40003820
40003823
40003824
40003826
40003829
40003830
40003836
40003843
40003849
40003852
40003854
40003856
40003859
40003861
40003866
40003870
40003878
40003879
40003880
40003885
40003889
40003891
40003896
40003899
40003903
40003905
40003906
40003923
40003924
40003925
40003926
40003929
40003930
40003932
40003935
40003937
40003940
40003941
40003944
40003949
40003955
40003957
40003959
40003962
40003966
40003967
40003968
40003972
40003974
40003977
40003980
40003981
40003982
40003985
40003986
40003996
40003997
40004005
40004006
40004007
40004009
40004012
40004025
40004026
40004031
40004032
40004037
40004040
40004043
40004045
40004046
40004048
40004051
40004052
40004053
40004056
40004060
40004064
40004066
40004067
40004069
40004071
40004074
40004075
40004083
40004084
40004086
40004089
40004090
40004091
40004092
40004093
40004096
40004098
40004101
40004113
40004115
40004125
40004126
40004129
40004131
40004137
40004141
40004142
40004143
40004145
40004146
40004149
40004152
40004153
40004154
40004161
40004162
40004165
40004168
40004169
40004177
40004181
40004182
40004183
40004185
40004188
40004191
40004196
40004199
40004201
40004203
40004205
40004208
40004210
40004213
40004215
40004228
40004232
40004234
40004236
40004245
40004247
40004251
40004253
40004258
40004262
40004263
40004265
40004266
40004268
40004270
40004272
40004273
40004280
40004282
40004283
40004287
40004288
40004292
40004293
40004299
40004300
40004301
40004304
40004306
40004307
40004309
40004316
40004324
40004325
40004327
40004340
40004341
40004342
40004343
40004346
40004347
40004348
40004350
40004355
40004357
40004358
40004361
40004366
40004367
40004369
40004370
40004372
40004373
40004374
40004375
40004380
40004382
40004383
40004386
40004388
40004391
40004393
40004397
40004398
40004400
40004402
40004403
40004404
40004406
40004412
40004413
40004415
40004417
40004420
40004422
40004423
40004425
40004427
40004434
40004435
40004436
40004440
40004444
40004445
40004447
40004451
40004453
40004455
40004457
40004458
40004460
40004463
40004475
40004483
40004487
40004490
40004491
40004493
40004497
40004500
40004501
40004507
40004512
40004518
40004519
40004522
40004524
40004527
40004528
40004532
40004533
40004534
40004535
40004537
40004539
40004544
40004545
40004548
40004550
40004554
40004555
40004557
40004558
40004562
40004569
40004571
40004578
40004585
40004586
40004589
40004593
40004594
40004597
40004598
40004599
40004602
40004605
40004606
40004607
40004608
40004609
40004611
40004619
40004620
40004623
40004624
40004625
40004626
40004627
40004630
40004633
40004638
40004639
40004640
40004642
40004643
40004646
40004647
40004648
40004649
40004653
40004655
40004659
40004662
40004672
40004673
40004674
40004683
40004684
40004686
40004687
40004693
40004697
40004698
40004700
40004701
40004702
40004703
40004704
40004706
40004707
40004708
40004709
40004712
40004713
40004715
40004718
40004723
40004725
40004726
40004727
40004728
40004729
40004735
40004740
40004742
40004745
40004757
40004761
40004764
40004769
40004770
40004773
40004774
40004777
40004780
40004781
40004784
40004786
40004788
40004790
40004791
40004796
40004799
40004801
40004802
40004803
40004811
40004813
40004817
40004820
40004821
40004828
40004837
40004843
40004849
40004850
40004851
40004855
40004856
40004858
40004861
40004862
40004864
40004866
40004867
40004868
40004873
40004874
40004876
40004882
40004884
40004886
40004887
40004889
40004899
40004900
40004902
40004909
40004911
40004912
40004913
40004918
40004919
40004926
40004929
40004935
40004936
40004937
40004940
40004943
40004945
40004949
40004950
40004951
40004959
40004960
40004961
40004962
40004965
40004968
40004969
40004971
40004981
40004989
40004991
40004992
40004993
40004995
40004997
40005003
40005007
40005008
40005010
40005013
40005016
40005017
40005019
40005020
40005026
40005027
40005028
40005030
40005032
40005036
40005038
40005042
40005048
40005050
40005054
40005055
40005062
40005063
40005068
40005070
40005074
40005086
40005091
40005095
40005096
40005097
40005098
40005105
40005106
40005114
40005115
40005122
40005123
40005124
40005125
40005126
40005129
40005130
40005131
40005133
40005135
40005139
40005147
40005149
40005150
40005152
40005155
40005157
40005160
40005166
40005172
40005175
40005179
40005182
40005186
40005189
40005193
40005194
40005196
40005197
40005198
40005199
40005206
40005209
40005210
40005212
40005213
40005214
40005215
40005217
40005218
40005221
40005222
40005224
40005227
40005230
40005231
40005236
40005240
40005241
40005242
40005254
40005255
40005259
40005260
40005261
40005264
40005268
40005270
40005274
40005276
40005280
40005283
40005284
40005286
40005287
40005290
40005295
40005297
40005299
40005300
40005301
40005304
40005312
40005313
40005315
40005321
40005326
40005328
40005329
40005330
40005333
40005338
40005347
40005350
40005355
40005356
40005358
40005365
40005366
40005367
40005371
40005372
40005374
40005376
40005377
40005378
40005381
40005392
40005393
40005398
40005401
40005403
40005407
40005413
40005414
40005415
40005418
40005421
40005424
40005425
40005427
40005434
40005437
40005438
40005440
40005444
40005450
40005453
40005456
40005459
40005461
40005463
40005464
40005465
40005466
40005470
40005472
40005473
40005476
40005480
40005487
40005488
40005491
40005495
40005496
40005503
40005507
40005510
40005513
40005520
40005521
40005522
40005525
40005530
40005534
40005543
40005546
40005556
40005558
40005561
40005563
40005564
40005575
40005576
40005579
40005581
40005583
40005585
40005586
40005588
40005595
40005596
40005598
40005599
40005604
40005607
40005610
40005618
40005621
40005625
40005627
40005628
40005630
40005648
40005651
40005652
40005653
40005654
40005657
40005659
40005661
40005663
40005664
40005666
40005669
40005675
40005677
40005679
40005681
40005683
40005684
40005689
40005691
40005692
40005693
40005700
40005704
40005709
40005710
40005713
40005716
40005719
40005720
40005721
40005722
40005724
40005726
40005728
40005735
40005736
40005737
40005738
40005740
40005744
40005745
40005747
40005754
40005767
40005769
40005772
40005774
40005776
40005779
40005780
40005781
40005787
40005793
40005794
40005795
40005800
40005810
40005814
40005815
40005819
40005821
40005823
40005826
40005829
40005833
40005842
40005843
40005847
40005849
40005854
40005858
40005861
40005866
40005873
40005883
40005884
40005886
40005889
40005890
40005894
40005898
40005899
40005900
40005901
40005902
40005904
40005907
40005908
40005909
40005911
40005913
40005915
40005916
40005917
40005922
40005923
40005924
40005925
40005930
40005935
40005940
40005944
40005951
40005959
40005967
40005968
40005972
40005974
40005978
40005979
40005980
40005987
40005993
40005995
40005997
40006000
40006003
40006006
40006007
40006008
40006010
40006011
40006013
40006018
40006020
40006027
40006033
40006036
40006044
40006045
40006046
40006050
40006052
40006053
40006061
40006063
40006070
40006073
40006077
40006078
40006079
40006080
40006082
40006083
40006089
40006092
40006093
40006095
40006097
40006098
40006099
40006100
40006101
40006104
40006106
40006110
40006111
40006113
40006122
40006125
40006126
40006130
40006131
40006133
40006134
40006135
40006141
40006147
40006151
40006154
40006158
40006159
40006164
40006165
40006168
40006170
40006174
40006176
40006192
40006193
40006198
40006200
40006201
40006202
40006205
40006206
40006208
40006210
40006221
40006222
40006231
40006233
40006234
40006236
40006240
40006246
40006247
40006258
40006261
40006264
40006267
40006274
40006276
40006278
40006281
40006285
40006286
40006287
40006290
40006291
40006294
40006296
40006297
40006302
40006308
40006315
40006317
40006321
40006325
40006326
40006329
40006330
40006334
40006335
40006336
40006338
40006343
40006344
40006345
40006346
40006348
40006351
40006352
40006354
40006355
40006357
40006365
40006366
40006369
40006370
40006372
40006373
40006374
40006376
40006381
40006383
40006387
40006388
40006390
40006391
40006392
40006396
40006397
40006400
40006402
40006403
40006404
40006405
40006407
40006410
40006414
40006415
40006425
40006428
40006432
40006434
40006438
40006449
40006450
40006454
40006455
40006461
40006462
40006475
40006480
40006482
40006489
40006491
40006493
40006494
40006497
40006498
40006499
40006505
40006509
40006512
40006515
40006517
40006521
40006523
40006524
40006525
40006529
40006533
40006534
40006536
40006541
40006545
40006547
40006548
40006553
40006556
40006558
40006562
40006564
40006567
40006568
40006569
40006571
40006572
40006573
40006576
40006580
40006584
40006586
40006587
40006598
40006599
40006603
40006608
40006613
40006614
40006618
40006620
40006627
40006629
40006632
40006633
40006634
40006635
40006638
40006642
40006643
40006646
40006647
40006649
40006666
40006667
40006669
40006670
40006671
40006675
40006676
40006680
40006681
40006691
40006692
40006697
40006698
40006701
40006702
40006703
40006705
40006706
40006707
40006720
40006721
40006723
40006725
40006726
40006731
40006732
40006737
40006738
40006739
40006741
40006743
40006749
40006752
40006753
40006756
40006757
40006758
40006759
40006762
40006766
40006770
40006771
40006772
40006776
40006777
40006778
40006782
40006789
40006797
40006799
40006805
40006811
40006812
40006813
40006814
40006822
40006825
40006828
40006842
40006843
40006850
40006851
40006852
40006854
40006855
40006857
40006860
40006861
40006867
40006873
40006874
40006875
40006884
40006886
40006887
40006888
40006889
40006891
40006893
40006894
40006900
40006905
40006908
40006913
40006916
40006917
40006921
40006926
40006938
40006940
40006941
40006944
40006945
40006953
40006956
40006961
40006964
40006968
40006969
40006971
40006972
40006976
40006986
40006991
40006999
40007001
40007005
40007011
40007013
40007015
40007017
40007019
40007026
40007029
40007030
40007032
40007035
40007042
40007043
40007044
40007045
40007047
40007048
40007057
40007059
40007062
40007068
40007069
40007070
40007079
40007080
40007082
40007083
40007086
40007090
40007094
40007103
40007106
40007107
40007108
40007109
40007113
40007114
40007116
40007117
40007120
40007123
40007124
40007127
40007129
40007138
40007143
40007144
40007149
40007150
40007152
40007153
40007154
40007156
40007158
40007159
40007160
40007161
40007163
40007166
40007167
40007169
40007172
40007175
40007180
40007182
40007185
40007187
40007188
40007193
40007194
40007195
40007200
40007203
40007208
40007210
40007215
40007217
40007218
40007222
40007223
40007226
40007229
40007233
40007234
40007237
40007238
40007240
40007241
40007242
40007244
40007248
40007250
40007251
40007252
40007253
40007255
40007257
40007258
40007259
40007262
40007263
40007264
40007265
40007266
40007267
40007270
40007271
40007272
40007273
40007277
40007278
40007283
40007284
40007286
40007288
40007290
40007291
40007293
40007300
40007302
40007307
40007315
40007316
40007317
40007319
40007325
40007326
40007328
40007332
40007338
40007345
40007353
40007355
40007357
40007359
40007366
40007375
40007376
40007382
40007385
40007391
40007392
40007393
40007395
40007399
40007401
40007405
40007407
40007413
40007416
40007421
40007424
40007425
40007428
40007431
40007434
40007435
40007436
40007437
40007440
40007441
40007443
40007447
40007448
40007453
40007459
40007461
40007462
40007464
40007467
40007468
40007469
40007475
40007480
40007481
40007483
40007485
40007486
40007491
40007492
40007493
40007495
40007501
40007503
40007505
40007506
40007507
40007508
40007510
40007512
40007513
40007516
40007528
40007538
40007539
40007541
40007544
40007554
40007555
40007559
40007561
40007563
40007566
40007569
40007571
40007574
40007575
40007579
40007585
40007587
40007588
40007589
40007591
40007593
40007594
40007595
40007601
40007606
40007611
40007612
40007618
40007621
40007623
40007625
40007630
40007633
40007634
40007638
40007639
40007640
40007647
40007650
40007651
40007652
40007656
40007659
40007663
40007673
40007675
40007677
40007680
40007682
40007684
40007686
40007692
40007699
40007703
40007705
40007711
40007713
40007714
40007719
40007724
40007725
40007726
40007728
40007729
40007738
40007740
40007746
40007747
40007748
40007749
40007752
40007754
40007757
40007758
40007759
40007762
40007763
40007784
40007787
40007788
40007790
40007795
40007796
40007799
40007805
40007811
40007812
40007817
40007818
40007819
40007821
40007822
40007825
40007827
40007829
40007836
40007842
40007843
40007844
40007852
40007856
40007859
40007861
40007863
40007865
40007870
40007877
40007879
40007881
40007882
40007886
40007889
40007890
40007892
40007893
40007898
40007903
40007907
40007909
40007912
40007913
40007920
40007921
40007922
40007924
40007926
40007928
40007934
40007937
40007940
40007942
40007943
40007945
40007955
40007957
40007959
40007966
40007969
40007971
40007972
40007980
40007981
40007984
40007992
40007996
40007997
40007998
40008002
40008005
40008006
40008007
40008012
40008016
40008018
40008020
40008021
40008022
40008025
40008029
40008030
40008031
40008033
40008034
40008036
40008038
40008044
40008048
40008053
40008055
40008062
40008066
40008069
40008070
40008072
40008074
40008075
40008080
40008082
40008085
40008086
40008087
40008089
40008093
40008101
40008104
40008105
40008111
40008112
40008116
40008118
40008121
40008131
40008135
40008140
40008143
40008145
40008147
40008148
40008150
40008151
40008154
40008156
40008157
40008162
40008163
40008169
40008172
40008173
40008179
40008182
40008187
40008190
40008192
40008193
40008199
40008201
40008209
40008214
40008216
40008220
40008225
40008226
40008227
40008228
40008230
40008240
40008242
40008243
40008250
40008251
40008252
40008257
40008258
40008259
40008260
40008262
40008263
40008274
40008275
40008278
40008279
40008280
40008283
40008284
40008288
40008290
40008300
40008306
40008308
40008310
40008315
40008316
40008324
40008326
40008327
40008329
40008330
40008332
40008333
40008334
40008343
40008348
40008350
40008352
40008354
40008355
40008356
40008362
40008363
40008365
40008369
40008375
40008376
40008379
40008382
40008384
40008385
40008389
40008391
40008393
40008394
40008397
40008399
40008401
40008402
40008412
40008413
40008421
40008427
40008430
40008433
40008434
40008435
40008439
40008441
40008447
40008459
40008460
40008463
40008466
40008468
40008473
40008475
40008476
40008479
40008480
40008481
40008483
40008486
40008492
40008495
40008500
40008503
40008505
40008508
40008509
40008512
40008513
40008516
40008518
40008519
40008525
40008526
40008527
40008530
40008536
40008537
40008539
40008541
40008546
40008547
40008548
40008551
40008552
40008558
40008559
40008563
40008564
40008568
40008571
40008572
40008580
40008583
40008584
40008585
40008587
40008588
40008592
40008593
40008594
40008595
40008601
40008603
40008609
40008612
40008613
40008614
40008617
40008624
40008626
40008635
40008636
40008639
40008641
40008642
40008652
40008655
40008661
40008663
40008664
40008665
40008667
40008670
40008672
40008673
40008681
40008684
40008686
40008688
40008695
40008699
40008700
40008701
40008706
40008707
40008713
40008715
40008721
40008723
40008729
40008730
40008732
40008735
40008736
40008738
40008739
40008741
40008743
40008749
40008750
40008751
40008753
40008755
40008757
40008758
40008762
40008765
40008766
40008767
40008770
40008771
40008773
40008777
40008778
40008780
40008782
40008783
40008784
40008786
40008787
40008791
40008792
40008795
40008799
40008802
40008804
40008805
40008809
40008811
40008812
40008814
40008815
40008822
40008824
40008828
40008829
40008833
40008834
40008836
40008839
40008847
40008848
40008849
40008856
40008857
40008858
40008861
40008866
40008879
40008881
40008888
40008892
40008896
40008899
40008900
40008907
40008908
40008911
40008913
40008916
40008922
40008924
40008926
40008931
40008932
40008933
40008936
40008938
40008940
40008943
40008945
40008953
40008954
40008957
40008958
40008959
40008960
40008963
40008964
40008966
40008967
40008970
40008973
40008975
40008981
40008987
40008989
40008998
40008999
40009002
40009006
40009007
40009009
40009011
40009013
40009017
40009018
40009020
40009022
40009031
40009035
40009037
40009040
40009043
40009044
40009045
40009047
40009058
40009059
40009060
40009061
40009064
40009065
40009069
40009070
40009075
40009077
40009080
40009081
40009082
40009087
40009089
40009090
40009091
40009092
40009098
40009101
40009105
40009109
40009112
40009115
40009119
40009120
40009125
40009127
40009130
40009132
40009134
40009135
40009139
40009141
40009142
40009143
40009149
40009152
40009154
40009168
40009172
40009180
40009182
40009183
40009187
40009188
40009192
40009193
40009195
40009200
40009202
40009206
40009209
40009210
40009213
40009214
40009217
40009220
40009221
40009222
40009225
40009226
40009229
40009233
40009234
40009239
40009241
40009242
40009244
40009246
40009248
40009251
40009253
40009256
40009259
40009264
40009271
40009273
40009274
40009276
40009278
40009280
40009283
40009284
40009286
40009287
40009288
40009290
40009291
40009292
40009293
40009296
40009302
40009303
40009304
40009307
40009313
40009318
40009321
40009323
40009324
40009327
40009328
40009332
40009333
40009338
40009342
40009347
40009349
40009350
40009357
40009362
40009369
40009370
40009371
40009373
40009374
40009376
40009379
40009382
40009384
40009390
40009395
40009396
40009397
40009400
40009403
40009406
40009407
40009408
40009410
40009411
40009413
40009419
40009420
40009422
40009423
40009432
40009433
40009438
40009443
40009448
40009450
40009451
40009452
40009453
40009454
40009459
40009466
40009467
40009469
40009471
40009473
40009475
40009477
40009485
40009486
40009488
40009491
40009492
40009495
40009496
40009499
40009500
40009501
40009503
40009504
40009505
40009508
40009512
40009516
40009518
40009520
40009521
40009522
40009527
40009528
40009532
40009534
40009536
40009538
40009539
40009540
40009543
40009544
40009549
40009550
40009555
40009557
40009558
40009560
40009561
40009564
40009565
40009568
40009569
40009572
40009576
40009578
40009582
40009591
40009593
40009595
40009596
40009598
40009601
40009604
40009605
40009606
40009609
40009621
40009622
40009623
40009626
40009627
40009634
40009642
40009643
40009646
40009648
40009649
40009657
40009660
40009667
40009669
40009670
40009674
40009679
40009680
40009684
40009685
40009687
40009690
40009692
40009694
40009699
40009703
40009706
40009707
40009708
40009710
40009712
40009717
40009720
40009726
40009732
40009733
40009734
40009735
40009737
40009739
40009740
40009741
40009742
40009761
40009762
40009764
40009765
40009768
40009771
40009773
40009775
40009776
40009777
40009778
40009780
40009782
40009783
40009793
40009795
40009797
40009799
40009801
40009806
40009811
40009812
40009814
40009816
40009819
40009823
40009827
40009830
40009832
40009833
40009834
40009835
40009838
40009839
40009840
40009848
40009850
40009852
40009854
40009856
40009870
40009871
40009876
40009877
40009885
40009887
40009888
40009891
40009893
40009894
40009897
40009899
40009900
40009904
40009905
40009906
40009911
40009912
40009914
40009915
40009916
40009918
40009919
40009920
40009926
40009929
40009930
40009933
40009938
40009939
40009940
40009943
40009944
40009947
40009949
40009950
40009953
40009960
40009961
40009963
40009967
40009970
40009972
40009973
40009974
40009976
40009977
40009978
40009983
40009984
40009985
40009991
40009994
40009996
40009999
40010001
40010010
40010013
40010023
40010025
40010034
40010043
40010046
40010051
40010058
40010061
40010063
40010064
40010070
40010073
40010082
40010094
40010098
40010101
40010103
40010104
40010106
40010109
40010113
40010115
40010116
40010120
40010124
40010130
40010131
40010136
40010138
40010142
40010149
40010151
40010152
40010156
40010160
40010163
40010166
40010167
40010172
40010174
40010175
40010176
40010177
40010178
40010185
40010190
40010192
40010193
40010194
40010196
40010199
40010201
40010209
40010213
40010214
40010222
40010226
40010227
40010230
40010233
40010234
40010238
40010239
40010241
40010243
40010245
40010248
40010251
40010252
40010254
40010257
40010260
40010263
40010267
40010273
40010274
40010276
40010279
40010280
40010281
40010282
40010283
40010286
40010287
40010293
40010297
40010304
40010307
40010310
40010320
40010321
40010326
40010328
40010329
40010332
40010333
40010334
40010338
40010339
40010341
40010343
40010346
40010350
40010351
40010354
40010359
40010360
40010364
40010368
40010374
40010377
40010379
40010385
40010387
40010391
40010393
40010399
40010403
40010404
40010405
40010419
40010420
40010430
40010432
40010434
40010435
40010436
40010438
40010443
40010450
40010451
40010453
40010454
40010455
40010456
40010457
40010458
40010460
40010464
40010466
40010467
40010474
40010476
40010481
40010484
40010485
40010487
40010488
40010489
40010490
40010491
40010492
40010493
40010494
40010495
40010496
40010498
40010499
40010502
40010514
40010515
40010516
40010518
40010520
40010528
40010532
40010537
40010538
40010542
40010547
40010549
40010550
40010554
40010555
40010560
40010563
40010570
40010571
40010573
40010577
40010578
40010585
40010590
40010591
40010597
40010598
40010602
40010603
40010604
40010607
40010609
40010615
40010618
40010623
40010624
40010629
40010631
40010635
40010638
40010641
40010642
40010643
40010652
40010653
40010658
40010659
40010661
40010662
40010666
40010668
40010671
40010676
40010681
40010684
40010686
40010687
40010688
40010693
40010703
40010705
40010706
40010710
40010720
40010721
40010722
40010723
40010727
40010728
40010729
40010733
40010736
40010744
40010747
40010750
40010754
40010756
40010757
40010765
40010766
40010771
40010772
40010774
40010775
40010776
40010782
40010784
40010786
40010792
40010794
40010796
40010812
40010813
40010814
40010816
40010817
40010818
40010821
40010826
40010828
40010830
40010832
40010836
40010839
40010840
40010842
40010846
40010847
40010848
40010850
40010854
40010856
40010857
40010858
40010869
40010870
40010873
40010876
40010881
40010882
40010884
40010886
40010887
40010890
40010891
40010900
40010904
40010907
40010909
40010915
40010918
40010920
40010928
40010933
40010935
40010937
40010939
40010943
40010949
40010950
40010956
40010958
40010959
40010960
40010967
40010975
40010976
40010977
40010980
40010992
40010993
40010995
40010997
40010998
40011004
40011006
40011010
40011011
40011014
40011019
40011022
40011024
40011030
40011033
40011034
40011036
40011037
40011041
40011042
40011044
40011046
40011051
40011054
40011057
40011059
40011060
40011063
40011067
40011072
40011073
40011078
40011079
40011080
40011082
40011085
40011089
40011090
40011092
40011093
40011098
40011108
40011109
40011110
40011114
40011125
40011136
40011141
40011146
40011147
40011149
40011150
40011153
40011157
40011161
40011168
40011169
40011170
40011171
40011175
40011177
40011178
40011181
40011184
40011188
40011191
40011198
40011205
40011206
40011212
40011213
40011228
40011231
40011232
40011234
40011240
40011247
40011250
40011253
40011254
40011257
40011258
40011262
40011265
40011268
40011269
40011270
40011271
40011276
40011281
40011283
40011287
40011295
40011299
40011303
40011307
40011309
40011310
40011313
40011315
40011324
40011325
40011328
40011330
40011331
40011334
40011336
40011337
40011338
40011339
40011341
40011342
40011343
40011345
40011348
40011350
40011352
40011356
40011357
40011360
40011361
40011372
40011373
40011376
40011378
40011379
40011382
40011385
40011387
40011393
40011398
40011399
40011406
40011407
40011412
40011414
40011422
40011423
40011424
40011426
40011429
40011431
40011434
40011435
40011439
40011442
40011445
40011446
40011448
40011459
40011460
40011462
40011464
40011465
40011466
40011469
40011470
40011475
40011482
40011483
40011485
40011488
40011494
40011495
40011496
40011505
40011506
40011507
40011508
40011511
40011516
40011518
40011521
40011522
40011527
40011529
40011532
40011533
40011535
40011541
40011545
40011547
40011549
40011550
40011551
40011553
40011554
40011562
40011563
40011564
40011568
40011572
40011573
40011575
40011576
40011583
40011585
40011586
40011587
40011588
40011589
40011597
40011604
40011607
40011608
40011613
40011620
40011621
40011622
40011626
40011631
40011633
40011634
40011636
40011645
40011648
40011649
40011651
40011654
40011655
40011658
40011659
40011661
40011665
40011666
40011668
40011673
40011675
40011681
40011684
40011687
40011690
40011696
40011699
40011704
40011706
40011707
40011709
40011710
40011711
40011712
40011713
40011714
40011723
40011725
40011730
40011733
40011737
40011743
40011746
40011759
40011763
40011766
40011767
40011769
40011770
40011771
40011784
40011787
40011788
40011791
40011810
40011811
40011813
40011814
40011818
40011819
40011823
40011824
40011828
40011829
40011832
40011833
40011834
40011836
40011837
40011840
40011841
40011842
40011846
40011849
40011854
40011856
40011858
40011860
40011866
40011871
40011878
40011879
40011882
40011885
40011886
40011894
40011899
40011900
40011903
40011904
40011905
40011908
40011910
40011913
40011923
40011924
40011928
40011929
40011930
40011931
40011944
40011945
40011948
40011950
40011951
40011952
40011955
40011958
40011959
40011963
40011964
40011965
40011966
40011971
40011973
40011974
40011977
40011980
40011986
40011988
40011989
40011991
40011995
40011998
40011999
40012004
40012006
40012011
40012012
40012019
40012023
40012033
40012037
40012041
40012043
40012044
40012049
40012051
40012056
40012061
40012063
40012069
40012070
40012072
40012074
40012081
40012083
40012084
40012091
40012093
40012101
40012106
40012109
40012113
40012115
40012119
40012123
40012126
40012127
40012128
40012129
40012131
40012133
40012136
40012137
40012139
40012142
40012143
40012150
40012152
40012154
40012161
40012165
40012166
40012169
40012174
40012177
40012178
40012181
40012185
40012188
40012190
40012196
40012197
40012200
40012202
40012206
40012209
40012212
40012214
40012215
40012216
40012230
40012231
40012234
40012237
40012239
40012242
40012246
40012249
40012252
40012253
40012255
40012256
40012257
40012262
40012268
40012271
40012272
40012274
40012276
40012277
40012283
40012289
40012292
40012296
40012303
40012314
40012319
40012322
40012323
40012325
40012327
40012328
40012329
40012331
40012335
40012336
40012339
40012341
40012346
40012348
40012351
40012353
40012360
40012361
40012366
40012368
40012369
40012374
40012375
40012376
40012377
40012380
40012381
40012386
40012389
40012392
40012393
40012395
40012399
40012401
40012404
40012405
40012407
40012411
40012416
40012417
40012422
40012423
40012425
40012427
40012428
40012435
40012436
40012437
40012438
40012439
40012443
40012444
40012445
40012447
40012449
40012450
40012451
40012454
40012455
40012459
40012461
40012462
40012463
40012465
40012466
40012471
40012472
40012477
40012482
40012483
40012489
40012490
40012492
40012501
40012502
40012504
40012505
40012506
40012508
40012510
40012511
40012512
40012513
40012516
40012523
40012524
40012525
40012528
40012530
40012535
40012538
40012539
40012546
40012547
40012549
40012554
40012556
40012557
40012559
40012560
40012562
40012572
40012573
40012574
40012576
40012578
40012579
40012583
40012584
40012586
40012589
40012590
40012592
40012593
40012594
40012600
40012602
40012603
40012609
40012611
40012612
40012613
40012617
40012619
40012621
40012623
40012627
40012629
40012638
40012641
40012642
40012644
40012646
40012647
40012650
40012654
40012655
40012659
40012661
40012664
40012666
40012669
40012671
40012672
40012673
40012678
40012685
40012687
40012693
40012694
40012698
40012699
40012702
40012703
40012704
40012708
40012709
40012711
40012713
40012715
40012717
40012718
40012720
40012723
40012724
40012725
40012729
40012733
40012734
40012737
40012739
40012746
40012747
40012749
40012750
40012756
40012757
40012758
40012759
40012763
40012774
40012777
40012781
40012785
40012787
40012788
40012790
40012797
40012801
40012804
40012805
40012806
40012811
40012815
40012818
40012819
40012825
40012826
40012828
40012830
40012833
40012835
40012838
40012844
40012848
40012855
40012858
40012861
40012863
40012864
40012866
40012869
40012871
40012872
40012876
40012880
40012882
40012887
40012892
40012896
40012899
40012901
40012906
40012908
40012910
40012915
40012917
40012918
40012921
40012922
40012923
40012925
40012926
40012927
40012931
40012932
40012933
40012941
40012950
40012952
40012954
40012955
40012956
40012957
40012958
40012960
40012967
40012970
40012973
40012977
40012978
40012993
40012994
40012996
40012998
40012999
40013000
40013005
40013009
40013019
40013023
40013024
40013026
40013028
40013029
40013030
40013035
40013036
40013037
40013045
40013046
40013048
40013053
40013055
40013057
40013058
40013060
40013068
40013069
40013070
40013071
40013074
40013079
40013081
40013083
40013087
40013089
40013092
40013098
40013100
40013102
40013104
40013106
40013110
40013112
40013113
40013120
40013127
40013133
40013135
40013137
40013139
40013155
40013157
40013159
40013160
40013163
40013165
40013166
40013170
40013171
40013178
40013179
40013180
40013181
40013183
40013185
40013186
40013188
40013192
40013193
40013194
40013202
40013207
40013209
40013213
40013215
40013216
40013217
40013221
40013227
40013229
40013230
40013234
40013241
40013243
40013244
40013246
40013247
40013251
40013254
40013256
40013257
40013258
40013259
40013267
40013271
40013274
40013276
40013279
40013280
40013284
40013286
40013288
40013289
40013290
40013291
40013292
40013293
40013295
40013297
40013298
40013300
40013304
40013306
40013308
40013315
40013326
40013331
40013332
40013333
40013338
40013342
40013345
40013347
40013349
40013350
40013351
40013352
40013355
40013359
40013361
40013364
40013366
40013369
40013373
40013374
40013376
40013379
40013382
40013385
40013386
40013388
40013390
40013391
40013392
40013399
40013400
40013402
40013405
40013407
40013410
40013411
40013412
40013414
40013423
40013428
40013430
40013432
40013435
40013436
40013441
40013444
40013446
40013449
40013450
40013451
40013455
40013460
40013468
40013470
40013472
40013476
40013480
40013482
40013485
40013487
40013488
40013491
40013506
40013508
40013509
40013513
40013518
40013519
40013520
40013531
40013533
40013536
40013539
40013540
40013542
40013545
40013549
40013551
40013554
40013557
40013560
40013563
40013574
40013575
40013576
40013582
40013588
40013589
40013603
40013604
40013607
40013609
40013614
40013615
40013618
40013626
40013629
40013633
40013639
40013641
40013645
40013647
40013655
40013656
40013657
40013659
40013663
40013665
40013666
40013667
40013670
40013672
40013674
40013675
40013681
40013683
40013687
40013688
40013689
40013695
40013696
40013697
40013699
40013705
40013711
40013712
40013715
40013716
40013720
40013723
40013728
40013731
40013732
40013733
40013741
40013745
40013746
40013747
40013752
40013757
40013763
40013765
40013774
40013775
40013776
40013781
40013782
40013783
40013785
40013787
40013789
40013792
40013798
40013801
40013805
40013807
40013811
40013812
40013813
40013815
40013816
40013818
40013820
40013822
40013824
40013828
40013833
40013835
40013837
40013844
40013847
40013853
40013860
40013865
40013867
40013868
40013871
40013874
40013875
40013880
40013883
40013889
40013891
40013896
40013899
40013902
40013903
40013905
40013906
40013907
40013908
40013911
40013914
40013915
40013916
40013917
40013921
40013923
40013926
40013928
40013932
40013933
40013934
40013937
40013948
40013953
40013954
40013956
40013957
40013962
40013964
40013968
40013971
40013972
40013976
40013977
40013982
40013988
40013995
40013996
40013998
40014001
40014002
40014005
40014006
40014007
40014011
40014017
40014019
40014022
40014026
40014028
40014029
40014032
40014033
40014035
40014039
40014041
40014046
40014048
40014049
40014052
40014055
40014056
40014059
40014061
40014063
40014064
40014068
40014069
40014071
40014073
40014076
40014077
40014083
40014084
40014087
40014091
40014092
40014096
40014099
40014103
40014104
40014106
40014108
40014113
40014114
40014119
40014123
40014128
40014130
40014137
40014142
40014143
40014150
40014155
40014158
40014165
40014166
40014169
40014180
40014187
40014188
40014192
40014193
40014195
40014197
40014199
40014200
40014202
40014206
40014211
40014214
40014216
40014218
40014220
40014225
40014227
40014229
40014232
40014236
40014240
40014249
40014258
40014264
40014266
40014268
40014272
40014273
40014274
40014276
40014280
40014282
40014284
40014287
40014292
40014293
40014294
40014295
40014296
40014300
40014301
40014302
40014307
40014312
40014315
40014318
40014324
40014325
40014330
40014337
40014338
40014344
40014345
40014347
40014348
40014349
40014350
40014351
40014352
40014354
40014356
40014358
40014360
40014361
40014363
40014364
40014365
40014366
40014370
40014371
40014377
40014380
40014382
40014388
40014389
40014392
40014398
40014399
40014400
40014407
40014408
40014409
40014413
40014424
40014427
40014428
40014430
40014431
40014432
40014437
40014441
40014442
40014444
40014445
40014446
40014447
40014450
40014452
40014454
40014456
40014463
40014464
40014467
40014469
40014475
40014483
40014485
40014486
40014488
40014489
40014493
40014495
40014496
40014501
40014518
40014519
40014520
40014522
40014525
40014526
40014528
40014529
40014532
40014535
40014537
40014547
40014548
40014550
40014551
40014554
40014555
40014558
40014559
40014563
40014570
40014571
40014575
40014578
40014580
40014581
40014582
40014583
40014585
40014587
40014590
40014593
40014596
40014598
40014601
40014602
40014603
40014607
40014608
40014609
40014612
40014615
40014616
40014618
40014621
40014627
40014631
40014632
40014634
40014638
40014639
40014644
40014646
40014651
40014653
40014657
40014658
40014659
40014660
40014661
40014662
40014665
40014668
40014669
40014670
40014674
40014675
40014677
40014678
40014679
40014684
40014693
40014697
40014702
40014703
40014704
40014705
40014709
40014710
40014712
40014721
40014722
40014725
40014726
40014728
40014729
40014731
40014737
40014740
40014749
40014753
40014754
40014755
40014760
40014766
40014773
40014775
40014776
40014783
40014787
40014791
40014793
40014796
40014797
40014798
40014799
40014801
40014802
40014803
40014804
40014808
40014817
40014819
40014821
40014823
40014828
40014833
40014835
40014836
40014838
40014839
40014844
40014847
40014850
40014851
40014855
40014859
40014860
40014866
40014867
40014870
40014871
40014873
40014875
40014876
40014879
40014888
40014889
40014891
40014894
40014896
40014897
40014898
40014899
40014901
40014904
40014905
40014907
40014909
40014910
40014917
40014920
40014922
40014930
40014931
40014932
40014936
40014940
40014942
40014946
40014949
40014954
40014958
40014960
40014961
40014962
40014965
40014966
40014970
40014975
40014980
40014988
40014991
40014992
40014993
40014998
40014999
40015002
40015006
40015008
40015009
40015010
40015012
40015013
40015014
40015015
40015016
40015018
40015020
40015023
40015029
40015031
40015036
40015037
40015044
40015045
40015051
40015055
40015057
40015058
40015062
40015065
40015069
40015072
40015076
40015077
40015080
40015081
40015082
40015083
40015087
40015088
40015092
40015093
40015096
40015097
40015106
40015109
40015111
40015112
40015114
40015117
40015120
40015125
40015126
40015131
40015132
40015133
40015137
40015141
40015147
40015152
40015158
40015160
40015167
40015169
40015171
40015176
40015180
40015181
40015182
40015187
40015190
40015191
40015195
40015196
40015197
40015200
40015201
40015205
40015209
40015211
40015213
40015215
40015217
40015218
40015224
40015225
40015228
40015229
40015231
40015232
40015234
40015238
40015240
40015244
40015245
40015251
40015255
40015259
40015260
40015261
40015262
40015265
40015267
40015269
40015270
40015274
40015279
40015284
40015285
40015287
40015291
40015292
40015296
40015299
40015311
40015315
40015316
40015323
40015326
40015329
40015333
40015337
40015340
40015341
40015342
40015350
40015353
40015357
40015359
40015360
40015368
40015369
40015370
40015371
40015376
40015380
40015381
40015383
40015384
40015394
40015397
40015399
40015404
40015412
40015413
40015414
40015419
40015427
40015428
40015433
40015435
40015437
40015438
40015440
40015442
40015443
40015445
40015446
40015448
40015454
40015455
40015456
40015459
40015463
40015464
40015466
40015470
40015471
40015476
40015478
40015479
40015480
40015481
40015488
40015493
40015494
40015496
40015498
40015504
40015505
40015507
40015508
40015511
40015512
40015516
40015519
40015521
40015524
40015530
40015532
40015535
40015541
40015543
40015552
40015560
40015564
40015568
40015572
40015581
40015582
40015588
40015604
40015607
40015608
40015609
40015611
40015617
40015618
40015622
40015626
40015632
40015635
40015638
40015642
40015643
40015644
40015646
40015647
40015649
40015651
40015655
40015656
40015658
40015663
40015666
40015667
40015677
40015679
40015682
40015683
40015686
40015689
40015690
40015692
40015698
40015700
40015706
40015707
40015710
40015711
40015716
40015717
40015719
40015721
40015722
40015725
40015726
40015730
40015732
40015734
40015737
40015741
40015742
40015744
40015747
40015748
40015750
40015754
40015761
40015764
40015766
40015768
40015781
40015787
40015793
40015794
40015798
40015807
40015813
40015814
40015815
40015821
40015824
40015830
40015833
40015835
40015838
40015842
40015843
40015844
40015846
40015853
40015855
40015860
40015864
40015867
40015868
40015874
40015880
40015882
40015887
40015892
40015893
40015894
40015896
40015897
40015902
40015908
40015910
40015914
40015929
40015930
40015938
40015939
40015945
40015946
40015947
40015950
40015956
40015961
40015965
40015968
40015970
40015972
40015973
40015979
40015980
40015981
40015983
40015984
40015988
40015998
40015999
40016007
40016010
40016011
40016012
40016016
40016017
40016019
40016023
40016027
40016032
40016035
40016036
40016037
40016043
40016044
40016046
40016054
40016062
40016067
40016068
40016070
40016071
40016074
40016079
40016080
40016081
40016089
40016104
40016105
40016107
40016112
40016114
40016115
40016116
40016118
40016125
40016130
40016132
40016139
40016140
40016146
40016147
40016148
40016149
40016151
40016152
40016153
40016156
40016172
40016174
40016175
40016177
40016179
40016180
40016181
40016184
40016187
40016190
40016191
40016197
40016203
40016205
40016206
40016215
40016216
40016223
40016228
40016234
40016237
40016238
40016243
40016244
40016246
40016247
40016252
40016255
40016257
40016261
40016262
40016263
40016267
40016268
40016270
40016272
40016274
40016276
40016277
40016280
40016281
40016282
40016283
40016286
40016291
40016295
40016296
40016299
40016309
40016312
40016313
40016314
40016316
40016318
40016321
40016326
40016332
40016334
40016344
40016356
40016357
40016359
40016364
40016367
40016375
40016376
40016377
40016378
40016379
40016381
40016385
40016388
40016392
40016393
40016396
40016397
40016401
40016404
40016408
40016409
40016413
40016415
40016420
40016426
40016433
40016435
40016440
40016442
40016445
40016446
40016450
40016452
40016455
40016459
40016461
40016462
40016463
40016466
40016467
40016468
40016471
40016473
40016480
40016482
40016483
40016491
40016492
40016495
40016496
40016498
40016499
40016500
40016516
40016517
40016518
40016522
40016524
40016526
40016530
40016531
40016532
40016533
40016534
40016538
40016540
40016542
40016545
40016546
40016551
40016552
40016553
40016560
40016562
40016564
40016566
40016573
40016576
40016581
40016583
40016586
40016590
40016592
40016597
40016610
40016613
40016616
40016618
40016623
40016627
40016628
40016630
40016639
40016642
40016643
40016644
40016646
40016649
40016650
40016656
40016657
40016661
40016662
40016665
40016667
40016674
40016675
40016678
40016688
40016690
40016693
40016698
40016700
40016701
40016703
40016705
40016709
40016711
40016712
40016721
40016723
40016725
40016726
40016727
40016729
40016736
40016737
40016739
40016741
40016745
40016746
40016749
40016752
40016753
40016754
40016756
40016757
40016758
40016761
40016762
40016765
40016767
40016769
40016771
40016781
40016785
40016789
40016790
40016802
40016805
40016814
40016817
40016819
40016827
40016831
40016833
40016837
40016838
40016841
40016845
40016846
40016854
40016855
40016859
40016862
40016863
40016864
40016865
40016870
40016875
40016881
40016886
40016887
40016892
40016893
40016894
40016896
40016898
40016899
40016901
40016908
40016912
40016913
40016914
40016918
40016919
40016921
40016922
40016923
40016924
40016926
40016931
40016932
40016934
40016936
40016942
40016943
40016944
40016945
40016951
40016953
40016954
40016959
40016963
40016965
40016967
40016973
40016974
40016978
40016983
40016987
40016990
40017000
40017001
40017005
40017009
40017010
40017011
40017012
40017014
40017025
40017032
40017034
40017037
40017041
40017042
40017043
40017045
40017048
40017052
40017053
40017054
40017062
40017064
40017065
40017069
40017071
40017072
40017074
40017077
40017079
40017080
40017082
40017085
40017086
40017088
40017089
40017092
40017093
40017096
40017097
40017099
40017101
40017102
40017103
40017107
40017109
40017111
40017114
40017117
40017119
40017122
40017123
40017127
40017133
40017135
40017141
40017142
40017143
40017144
40017153
40017156
40017159
40017161
40017162
40017163
40017173
40017174
40017175
40017176
40017177
40017179
40017180
40017182
40017185
40017190
40017194
40017206
40017207
40017217
40017219
40017220
40017222
40017225
40017226
40017227
40017229
40017231
40017241
40017245
40017246
40017255
40017257
40017263
40017269
40017270
40017275
40017276
40017279
40017284
40017291
40017292
40017294
40017295
40017296
40017298
40017299
40017300
40017302
40017303
40017307
40017309
40017314
40017316
40017317
40017319
40017326
40017335
40017340
40017342
40017343
40017353
40017354
40017358
40017366
40017371
40017374
40017376
40017377
40017380
40017381
40017383
40017386
40017388
40017389
40017390
40017399
40017402
40017407
40017409
40017410
40017416
40017426
40017427
40017429
40017430
40017435
40017438
40017439
40017440
40017446
40017448
40017450
40017454
40017455
40017457
40017459
40017465
40017466
40017467
40017469
40017470
40017473
40017476
40017479
40017489
40017492
40017499
40017506
40017512
40017519
40017520
40017521
40017522
40017523
40017528
40017529
40017531
40017543
40017544
40017550
40017555
40017558
40017559
40017563
40017569
40017570
40017571
40017572
40017575
40017579
40017582
40017585
40017588
40017590
40017594
40017595
40017599
40017600
40017611
40017612
40017613
40017614
40017615
40017617
40017620
40017625
40017630
40017634
40017644
40017655
40017656
40017658
40017662
40017663
40017666
40017668
40017670
40017676
40017682
40017687
40017691
40017692
40017694
40017695
40017696
40017700
40017701
40017703
40017705
40017711
40017712
40017713
40017715
40017717
40017718
40017719
40017721
40017723
40017725
40017726
40017727
40017733
40017735
40017740
40017749
40017751
40017752
40017753
40017754
40017755
40017760
40017761
40017762
40017763
40017764
40017766
40017767
40017768
40017771
40017772
40017774
40017776
40017779
40017781
40017783
40017784
40017790
40017796
40017798
40017803
40017804
40017805
40017812
40017814
40017815
40017817
40017818
40017831
40017832
40017834
40017840
40017851
40017853
40017855
40017857
40017860
40017861
40017863
40017868
40017869
40017872
40017875
40017878
40017887
40017888
40017890
40017898
40017901
40017903
40017904
40017905
40017906
40017907
40017913
40017914
40017915
40017916
40017917
40017918
40017920
40017924
40017928
40017932
40017938
40017944
40017945
40017948
40017949
40017953
40017955
40017962
40017963
40017964
40017965
40017966
40017968
40017969
40017974
40017976
40017981
40017982
40017990
40017992
40017993
40017995
40017996
40018001
40018004
40018008
40018011
40018019
40018020
40018026
40018032
40018037
40018038
40018039
40018043
40018046
40018050
40018053
40018054
40018055
40018057
40018061
40018062
40018064
40018065
40018067
40018068
40018078
40018079
40018081
40018083
40018084
40018086
40018087
40018088
40018092
40018093
40018097
40018104
40018110
40018111
40018116
40018117
40018122
40018123
40018125
40018132
40018136
40018145
40018150
40018154
40018158
40018163
40018167
40018168
40018169
40018171
40018177
40018179
40018181
40018182
40018189
40018191
40018198
40018201
40018203
40018211
40018213
40018215
40018217
40018220
40018225
40018228
40018231
40018235
40018236
40018238
40018240
40018247
40018248
40018251
40018253
40018255
40018259
40018262
40018264
40018276
40018277
40018280
40018285
40018293
40018295
40018300
40018304
40018305
40018306
40018307
40018310
40018311
40018315
40018320
40018321
40018323
40018325
40018326
40018329
40018333
40018338
40018339
40018343
40018347
40018348
40018349
40018350
40018351
40018354
40018355
40018359
40018361
40018362
40018370
40018371
40018379
40018381
40018382
40018388
40018395
40018396
40018399
40018400
40018405
40018406
40018422
40018428
40018430
40018431
40018433
40018436
40018438
40018440
40018445
40018448
40018453
40018454
40018455
40018458
40018460
40018462
40018468
40018471
40018472
40018473
40018475
40018477
40018478
40018479
40018481
40018484
40018486
40018487
40018489
40018495
40018496
40018501
40018503
40018511
40018512
40018517
40018519
40018522
40018524
40018525
40018529
40018530
40018532
40018533
40018534
40018548
40018551
40018553
40018554
40018555
40018556
40018559
40018560
40018562
40018570
40018571
40018575
40018576
40018577
40018584
40018588
40018592
40018593
40018594
40018596
40018597
40018599
40018600
40018602
40018605
40018609
40018610
40018613
40018615
40018616
40018618
40018619
40018623
40018624
40018626
40018628
40018629
40018630
40018636
40018639
40018640
40018647
40018652
40018658
40018659
40018666
40018670
40018671
40018675
40018677
40018679
40018681
40018685
40018686
40018687
40018689
40018691
40018692
40018703
40018707
40018714
40018717
40018718
40018721
40018723
40018724
40018725
40018730
40018731
40018732
40018736
40018737
40018741
40018743
40018744
40018754
40018756
40018760
40018763
40018766
40018770
40018774
40018779
40018780
40018785
40018787
40018790
40018792
40018796
40018798
40018802
40018805
40018809
40018811
40018823
40018824
40018828
40018831
40018833
40018836
40018839
40018840
40018855
40018856
40018857
40018859
40018863
40018866
40018870
40018875
40018876
40018882
40018886
40018893
40018896
40018903
40018904
40018905
40018906
40018908
40018910
40018912
40018913
40018915
40018917
40018920
40018921
40018927
40018928
40018934
40018935
40018938
40018943
40018946
40018947
40018969
40018982
40018984
40018985
40018990
40018996
40018997
40018998
40019003
40019005
40019007
40019012
40019013
40019017
40019020
40019025
40019028
40019030
40019032
40019033
40019035
40019043
40019044
40019047
40019048
40019054
40019056
40019057
40019058
40019060
40019062
40019067
40019069
40019071
40019074
40019078
40019083
40019084
40019086
40019087
40019092
40019095
40019096
40019099
40019102
40019104
40019105
40019109
40019110
40019115
40019117
40019118
40019123
40019124
40019126
40019130
40019134
40019135
40019137
40019139
40019141
40019146
40019147
40019154
40019156
40019160
40019161
40019162
40019167
40019169
40019171
40019176
40019180
40019182
40019183
40019190
40019194
40019195
40019204
40019217
40019218
40019220
40019221
40019226
40019227
40019228
40019229
40019230
40019232
40019237
40019241
40019246
40019248
40019249
40019250
40019251
40019253
40019259
40019261
40019262
40019275
40019278
40019279
40019281
40019284
40019287
40019289
40019295
40019296
40019297
40019302
40019303
40019306
40019308
40019310
40019316
40019322
40019327
40019328
40019330
40019333
40019337
40019339
40019342
40019344
40019349
40019354
40019357
40019359
40019365
40019367
40019368
40019369
40019371
40019375
40019377
40019379
40019381
40019383
40019388
40019392
40019394
40019396
40019399
40019400
40019406
40019410
40019411
40019413
40019416
40019418
40019423
40019427
40019430
40019434
40019435
40019436
40019440
40019441
40019444
40019448
40019450
40019454
40019457
40019461
40019465
40019468
40019470
40019471
40019472
40019475
40019481
40019484
40019485
40019486
40019488
40019490
40019491
40019493
40019496
40019499
40019500
40019504
40019506
40019513
40019514
40019522
40019535
40019539
40019540
40019551
40019552
40019553
40019554
40019556
40019557
40019558
40019560
40019561
40019564
40019566
40019573
40019576
40019577
40019582
40019586
40019587
40019589
40019591
40019592
40019596
40019604
40019606
40019609
40019610
40019615
40019617
40019619
40019620
40019621
40019622
40019623
40019628
40019630
40019631
40019633
40019637
40019638
40019639
40019642
40019644
40019645
40019646
40019647
40019648
40019649
40019654
40019658
40019660
40019662
40019663
40019664
40019666
40019667
40019668
40019671
40019676
40019677
40019692
40019695
40019697
40019698
40019699
40019701
40019710
40019712
40019713
40019714
40019717
40019719
40019720
40019727
40019729
40019731
40019733
40019736
40019737
40019742
40019747
40019751
40019753
40019760
40019764
40019767
40019768
40019769
40019772
40019773
40019775
40019776
40019778
40019784
40019790
40019791
40019793
40019798
40019799
40019807
40019813
40019814
40019823
40019824
40019828
40019830
40019833
40019834
40019838
40019840
40019842
40019843
40019847
40019848
40019853
40019854
40019856
40019859
40019861
40019869
40019873
40019877
40019878
40019880
40019881
40019883
40019884
40019885
40019892
40019900
40019903
40019906
40019907
40019908
40019910
40019911
40019912
40019918
40019923
40019928
40019930
40019933
40019934
40019935
40019939
40019943
40019949
40019950
40019957
40019961
40019963
40019965
40019966
40019968
40019974
40019977
40019980
40019988
40019990
40019994
40019996
40019997
40019998
40020001
40020003
40020013
40020018
40020020
40020026
40020028
40020031
40020032
40020037
40020039
40020040
40020041
40020042
40020046
40020047
40020048
40020049
40020055
40020057
40020059
40020060
40020064
40020065
40020066
40020068
40020078
40020080
40020085
40020098
40020100
40020105
40020111
40020113
40020114
40020117
40020122
40020125
40020127
40020128
40020131
40020136
40020143
40020145
40020150
40020157
40020162
40020168
40020176
40020182
40020183
40020186
40020188
40020196
40020203
40020204
40020205
40020207
40020208
40020213
40020218
40020220
40020224
40020227
40020229
40020230
40020231
40020236
40020237
40020240
40020246
40020249
40020250
40020253
40020254
40020257
40020259
40020265
40020273
40020274
40020278
40020283
40020288
40020289
40020293
40020304
40020309
40020312
40020313
40020314
40020315
40020318
40020320
40020322
40020325
40020329
40020330
40020333
40020334
40020335
40020336
40020341
40020342
40020343
40020348
40020353
40020354
40020358
40020360
40020362
40020365
40020368
40020370
40020375
40020383
40020384
40020385
40020388
40020393
40020394
40020396
40020405
40020407
40020408
40020412
40020414
40020417
40020420
40020421
40020422
40020423
40020424
40020426
40020428
40020430
40020434
40020439
40020440
40020444
40020445
40020446
40020447
40020448
40020451
40020452
40020456
40020459
40020460
40020461
40020463
40020464
40020465
40020466
40020467
40020468
40020472
40020473
40020474
40020475
40020476
40020482
40020492
40020496
40020498
40020502
40020504
40020507
40020510
40020515
40020516
40020517
40020521
40020522
40020528
40020538
40020541
40020542
40020543
40020545
40020548
40020553
40020557
40020559
40020562
40020565
40020569
40020571
40020580
40020582
40020585
40020587
40020598
40020600
40020602
40020609
40020614
40020615
40020622
40020623
40020633
40020638
40020640
40020646
40020650
40020656
40020660
40020663
40020667
40020668
40020669
40020670
40020671
40020673
40020680
40020683
40020685
40020687
40020690
40020698
40020702
40020703
40020704
40020705
40020709
40020710
40020713
40020714
40020717
40020722
40020723
40020731
40020739
40020743
40020744
40020746
40020750
40020751
40020755
40020761
40020764
40020768
40020770
40020771
40020772
40020781
40020786
40020790
40020796
40020797
40020799
40020802
40020807
40020808
40020813
40020815
40020818
40020823
40020824
40020827
40020836
40020843
40020844
40020848
40020854
40020865
40020866
40020885
40020886
40020891
40020896
40020899
40020907
40020912
40020913
40020915
40020920
40020923
40020924
40020928
40020936
40020938
40020940
40020942
40020943
40020947
40020949
40020951
40020953
40020954
40020956
40020958
40020960
40020962
40020966
40020970
40020973
40020974
40020977
40020980
40020983
40020985
40020989
40020992
40020994
40020996
40021000
40021001
40021002
40021007
40021012
40021013
40021014
40021016
40021017
40021020
40021022
40021024
40021025
40021032
40021034
40021042
40021043
40021046
40021048
40021055
40021056
40021057
40021063
40021064
40021070
40021072
40021073
40021074
40021076
40021077
40021079
40021084
40021086
40021092
40021094
40021096
40021098
40021104
40021107
40021112
40021115
40021116
40021117
40021118
40021122
40021125
40021126
40021127
40021133
40021137
40021139
40021140
40021142
40021144
40021145
40021147
40021148
40021157
40021158
40021161
40021163
40021164
40021165
40021170
40021174
40021176
40021183
40021186
40021189
40021196
40021197
40021198
40021199
40021203
40021205
40021208
40021210
40021212
40021214
40021215
40021216
40021217
40021224
40021231
40021236
40021244
40021246
40021248
40021250
40021257
40021261
40021266
40021272
40021274
40021276
40021279
40021282
40021289
40021292
40021299
40021302
40021305
40021306
40021309
40021312
40021318
40021321
40021324
40021325
40021336
40021338
40021346
40021347
40021348
40021349
40021350
40021355
40021358
40021360
40021362
40021364
40021368
40021374
40021384
40021385
40021387
40021390
40021395
40021398
40021399
40021402
40021404
40021405
40021408
40021412
40021419
40021423
40021432
40021436
40021443
40021444
40021447
40021451
40021452
40021453
40021454
40021455
40021457
40021463
40021468
40021469
40021474
40021475
40021480
40021481
40021486
40021487
40021489
40021490
40021492
40021496
40021502
40021508
40021510
40021514
40021515
40021519
40021529
40021535
40021536
40021537
40021538
40021540
40021550
40021553
40021557
40021562
40021563
40021565
40021567
40021568
40021570
40021571
40021577
40021578
40021583
40021588
40021591
40021594
40021595
40021607
40021608
40021609
40021612
40021613
40021617
40021620
40021624
40021628
40021633
40021639
40021640
40021647
40021653
40021661
40021663
40021665
40021668
40021673
40021676
40021679
40021686
40021687
40021690
40021695
40021696
40021697
40021702
40021703
40021706
40021707
40021710
40021712
40021715
40021722
40021723
40021725
40021726
40021728
40021733
40021737
40021740
40021741
40021745
40021751
40021755
40021757
40021759
40021761
40021769
40021773
40021774
40021777
40021778
40021779
40021789
40021792
40021796
40021797
40021798
40021799
40021812
40021815
40021817
40021819
40021826
40021830
40021833
40021836
40021838
40021843
40021845
40021847
40021849
40021851
40021852
40021855
40021856
40021859
40021860
40021861
40021867
40021869
40021873
40021874
40021875
40021879
40021890
40021893
40021894
40021896
40021901
40021903
40021904
40021907
40021908
40021912
40021913
40021914
40021916
40021925
40021929
40021930
40021932
40021934
40021936
40021937
40021940
40021945
40021947
40021948
40021951
40021952
40021953
40021955
40021956
40021958
40021962
40021964
40021968
40021969
40021970
40021972
40021973
40021976
40021977
40021982
40021983
40021984
40021986
40021989
40021991
40021992
40021994
40021996
40021999
40022003
40022004
40022010
40022011
40022013
40022017
40022025
40022026
40022032
40022033
40022034
40022036
40022037
40022038
40022041
40022042
40022047
40022048
40022053
40022055
40022059
40022061
40022062
40022067
40022068
40022069
40022070
40022077
40022079
40022085
40022089
40022093
40022095
40022096
40022097
40022099
40022101
40022104
40022105
40022112
40022114
40022115
40022116
40022118
40022124
40022125
40022141
40022146
40022148
40022152
40022155
40022157
40022161
40022167
40022172
40022180
40022181
40022185
40022188
40022190
40022196
40022197
40022198
40022199
40022200
40022202
40022205
40022206
40022211
40022213
40022214
40022218
40022227
40022230
40022231
40022235
40022237
40022239
40022240
40022242
40022246
40022249
40022252
40022253
40022254
40022260
40022263
40022266
40022277
40022285
40022286
40022288
40022289
40022290
40022291
40022294
40022295
40022300
40022301
40022302
40022306
40022307
40022315
40022318
40022319
40022321
40022323
40022326
40022327
40022337
40022339
40022344
40022346
40022347
40022348
40022353
40022354
40022355
40022358
40022360
40022365
40022366
40022367
40022369
40022376
40022380
40022383
40022384
40022387
40022388
40022389
40022391
40022393
40022402
40022404
40022406
40022408
40022414
40022417
40022422
40022424
40022426
40022430
40022431
40022434
40022441
40022443
40022447
40022449
40022453
40022455
40022457
40022460
40022461
40022465
40022467
40022469
40022475
40022476
40022487
40022490
40022491
40022492
40022493
40022498
40022500
40022503
40022506
40022507
40022510
40022515
40022516
40022518
40022519
40022521
40022522
40022523
40022529
40022532
40022540
40022541
40022543
40022546
40022548
40022550
40022554
40022557
40022558
40022561
40022562
40022566
40022569
40022574
40022577
40022578
40022579
40022582
40022585
40022587
40022589
40022591
40022596
40022601
40022606
40022607
40022616
40022623
40022625
40022627
40022628
40022629
40022630
40022634
40022635
40022646
40022649
40022650
40022653
40022654
40022664
40022666
40022668
40022670
40022671
40022673
40022680
40022686
40022696
40022698
40022702
40022705
40022707
40022712
40022717
40022719
40022723
40022726
40022729
40022731
40022737
40022740
40022742
40022743
40022744
40022749
40022750
40022753
40022754
40022755
40022757
40022758
40022759
40022762
40022768
40022777
40022781
40022783
40022789
40022792
40022802
40022807
40022808
40022810
40022811
40022815
40022816
40022819
40022828
40022831
40022833
40022834
40022835
40022837
40022844
40022846
40022847
40022850
40022851
40022853
40022863
40022866
40022869
40022870
40022875
40022879
40022881
40022891
40022894
40022895
40022897
40022899
40022901
40022904
40022906
40022907
40022917
40022918
40022924
40022925
40022926
40022928
40022937
40022940
40022941
40022943
40022944
40022945
40022946
40022947
40022948
40022951
40022952
40022959
40022962
40022964
40022966
40022971
40022972
40022984
40022986
40022987
40022988
40022995
40022997
40023003
40023008
40023009
40023010
40023011
40023015
40023017
40023018
40023021
40023023
40023029
40023037
40023038
40023044
40023046
40023047
40023048
40023052
40023061
40023062
40023066
40023067
40023068
40023073
40023076
40023081
40023092
40023099
40023104
40023105
40023106
40023110
40023114
40023117
40023124
40023126
40023128
40023133
40023137
40023143
40023144
40023147
40023151
40023153
40023156
40023158
40023161
40023162
40023165
40023166
40023173
40023178
40023179
40023183
40023186
40023187
40023189
40023191
40023192
40023194
40023195
40023197
40023201
40023204
40023205
40023206
40023211
40023216
40023217
40023220
40023221
40023230
40023234
40023236
40023238
40023240
40023241
40023243
40023246
40023252
40023254
40023255
40023256
40023257
40023260
40023265
40023266
40023274
40023277
40023281
40023284
40023287
40023289
40023291
40023294
40023295
40023296
40023312
40023317
40023319
40023328
40023330
40023333
40023334
40023338
40023342
40023343
40023344
40023346
40023347
40023348
40023349
40023350
40023356
40023360
40023361
40023364
40023365
40023371
40023376
40023381
40023382
40023392
40023393
40023401
40023407
40023415
40023416
40023418
40023425
40023428
40023433
40023434
40023439
40023441
40023443
40023446
40023451
40023453
40023456
40023458
40023459
40023460
40023467
40023468
40023469
40023470
40023472
40023479
40023481
40023482
40023489
40023493
40023496
40023500
40023503
40023506
40023508
40023511
40023512
40023513
40023521
40023522
40023523
40023525
40023527
40023528
40023529
40023535
40023549
40023551
40023552
40023553
40023555
40023557
40023559
40023562
40023564
40023571
40023572
40023573
40023581
40023582
40023584
40023586
40023588
40023591
40023596
40023603
40023607
40023611
40023614
40023617
40023625
40023629
40023630
40023631
40023634
40023637
40023638
40023641
40023643
40023646
40023647
40023648
40023659
40023661
40023664
40023674
40023675
40023676
40023679
40023688
40023694
40023696
40023697
40023699
40023700
40023702
40023703
40023712
40023717
40023720
40023723
40023725
40023727
40023728
40023731
40023735
40023736
40023738
40023741
40023745
40023746
40023748
40023750
40023755
40023758
40023759
40023760
40023761
40023768
40023771
40023772
40023774
40023775
40023794
40023795
40023797
40023804
40023806
40023807
40023810
40023811
40023814
40023816
40023820
40023821
40023822
40023823
40023826
40023827
40023832
40023838
40023842
40023843
40023844
40023847
40023852
40023853
40023854
40023857
40023858
40023859
40023868
40023872
40023874
40023877
40023880
40023884
40023885
40023888
40023894
40023897
40023898
40023900
40023902
40023907
40023916
40023919
40023925
40023929
40023930
40023931
40023937
40023939
40023942
40023943
40023948
40023950
40023951
40023953
40023959
40023962
40023964
40023966
40023967
40023968
40023969
40023971
40023972
40023973
40023975
40023980
40023982
40023984
40023987
40023989
40023990
40023992
40023996
40023997
40023999
40024000
40024002
40024003
40024010
40024012
40024014
40024017
40024024
40024031
40024032
40024038
40024040
40024049
40024052
40024057
40024060
40024061
40024062
40024066
40024076
40024081
40024082
40024083
40024084
40024085
40024089
40024090
40024091
40024094
40024095
40024097
40024100
40024101
40024103
40024109
40024114
40024118
40024122
40024124
40024125
40024131
40024133
40024137
40024141
40024145
40024153
40024154
40024155
40024156
40024163
40024164
40024167
40024169
40024172
40024174
40024179
40024180
40024183
40024189
40024192
40024194
40024195
40024197
40024199
40024206
40024212
40024213
40024214
40024216
40024220
40024224
40024228
40024229
40024230
40024231
40024232
40024234
40024240
40024242
40024244
40024249
40024250
40024251
40024252
40024254
40024255
40024261
40024263
40024275
40024276
40024278
40024280
40024281
40024284
40024289
40024290
40024296
40024303
40024304
40024308
40024310
40024311
40024313
40024320
40024322
40024323
40024325
40024329
40024342
40024345
40024350
40024352
40024354
40024359
40024360
40024364
40024367
40024371
40024373
40024374
40024377
40024379
40024380
40024381
40024386
40024389
40024391
40024394
40024397
40024401
40024406
40024408
40024409
40024416
40024419
40024421
40024425
40024426
40024428
40024438
40024440
40024442
40024445
40024446
40024449
40024451
40024454
40024455
40024460
40024461
40024470
40024471
40024475
40024477
40024479
40024480
40024489
40024491
40024492
40024493
40024494
40024495
40024496
40024497
40024500
40024501
40024513
40024514
40024516
40024519
40024522
40024523
40024524
40024525
40024527
40024529
40024531
40024532
40024541
40024542
40024543
40024548
40024551
40024553
40024556
40024557
40024563
40024566
40024567
40024568
40024569
40024576
40024577
40024580
40024585
40024586
40024588
40024589
40024592
40024597
40024598
40024603
40024604
40024606
40024608
40024611
40024617
40024619
40024622
40024624
40024629
40024630
40024636
40024638
40024639
40024641
40024644
40024648
40024651
40024652
40024655
40024657
40024659
40024661
40024667
40024670
40024677
40024681
40024682
40024684
40024685
40024689
40024693
40024700
40024703
40024706
40024707
40024708
40024715
40024716
40024723
40024724
40024727
40024733
40024736
40024737
40024739
40024742
40024743
40024745
40024750
40024752
40024758
40024759
40024761
40024762
40024763
40024766
40024769
40024771
40024773
40024774
40024775
40024777
40024784
40024786
40024794
40024800
40024804
40024805
40024806
40024807
40024809
40024812
40024816
40024817
40024820
40024822
40024823
40024826
40024828
40024841
40024842
40024843
40024846
40024853
40024856
40024863
40024865
40024873
40024875
40024876
40024879
40024881
40024882
40024887
40024888
40024892
40024896
40024898
40024904
40024913
40024914
40024919
40024922
40024924
40024926
40024929
40024930
40024932
40024937
40024938
40024939
40024943
40024945
40024947
40024948
40024951
40024953
40024956
40024959
40024960
40024961
40024966
40024971
40024976
40024977
40024978
40024981
40024984
40024985
40024988
40024994
40024997
40024999
40025005
40025006
40025007
40025012
40025015
40025025
40025027
40025030
40025031
40025032
40025034
40025039
40025040
40025041
40025042
40025055
40025056
40025057
40025058
40025070
40025075
40025080
40025082
40025084
40025087
40025088
40025089
40025090
40025091
40025093
40025094
40025096
40025101
40025106
40025108
40025109
40025112
40025115
40025116
40025118
40025123
40025125
40025126
40025127
40025131
40025132
40025136
40025137
40025142
40025143
40025150
40025154
40025155
40025158
40025160
40025161
40025167
40025168
40025174
40025175
40025177
40025179
40025180
40025183
40025188
40025194
40025195
40025197
40025198
40025200
40025203
40025204
40025205
40025209
40025215
40025217
40025218
40025220
40025222
40025223
40025224
40025225
40025228
40025229
40025231
40025232
40025243
40025244
40025245
40025247
40025248
40025250
40025254
40025256
40025262
40025263
40025264
40025266
40025268
40025272
40025274
40025276
40025277
40025279
40025280
40025286
40025288
40025295
40025301
40025306
40025307
40025308
40025309
40025310
40025312
40025315
40025317
40025318
40025320
40025321
40025322
40025323
40025324
40025331
40025332
40025335
40025337
40025338
40025339
40025340
40025343
40025345
40025346
40025352
40025353
40025355
40025356
40025360
40025361
40025362
40025364
40025365
40025370
40025374
40025375
40025379
40025380
40025382
40025385
40025387
40025390
40025392
40025394
40025397
40025404
40025405
40025408
40025409
40025414
40025416
40025423
40025424
40025425
40025435
40025438
40025440
40025442
40025447
40025449
40025450
40025452
40025454
40025461
40025464
40025468
40025469
40025472
40025477
40025482
40025483
40025485
40025486
40025490
40025491
40025492
40025497
40025498
40025501
40025503
40025510
40025513
40025514
40025518
40025519
40025524
40025525
40025530
40025531
40025541
40025542
40025544
40025545
40025546
40025548
40025549
40025550
40025551
40025552
40025554
40025555
40025558
40025559
40025561
40025568
40025570
40025571
40025576
40025581
40025585
40025590
40025593
40025595
40025596
40025600
40025607
40025610
40025611
40025613
40025621
40025623
40025624
40025625
40025628
40025630
40025634
40025639
40025640
40025647
40025652
40025655
40025656
40025657
40025659
40025661
40025666
40025668
40025673
40025674
40025681
40025682
40025685
40025691
40025692
40025694
40025696
40025697
40025698
40025701
40025708
40025709
40025711
40025712
40025717
40025720
40025725
40025726
40025727
40025731
40025739
40025740
40025743
40025746
40025749
40025752
40025754
40025755
40025757
40025759
40025763
40025765
40025766
40025767
40025773
40025774
40025775
40025776
40025779
40025781
40025783
40025785
40025789
40025792
40025798
40025800
40025804
40025805
40025806
40025808
40025809
40025811
40025812
40025813
40025814
40025820
40025829
40025830
40025838
40025840
40025844
40025845
40025849
40025852
40025853
40025856
40025859
40025861
40025864
40025866
40025873
40025875
40025880
40025882
40025883
40025888
40025893
40025895
40025903
40025904
40025905
40025911
40025912
40025917
40025920
40025922
40025926
40025934
40025939
40025941
40025944
40025947
40025948
40025951
40025952
40025953
40025954
40025960
40025963
40025965
40025968
40025972
40025973
40025977
40025980
40025981
40025984
40025986
40025990
40025991
40026000
40026002
40026003
40026005
40026006
40026010
40026011
40026012
40026018
40026020
40026022
40026032
40026033
40026034
40026035
40026037
40026038
40026042
40026044
40026047
40026049
40026054
40026063
40026064
40026066
40026074
40026075
40026079
40026082
40026086
40026098
40026102
40026103
40026106
40026109
40026111
40026114
40026115
40026116
40026118
40026122
40026125
40026127
40026134
40026139
40026145
40026146
40026147
40026150
40026153
40026155
40026156
40026159
40026161
40026163
40026166
40026167
40026168
40026173
40026191
40026196
40026198
40026199
40026201
40026206
40026208
40026210
40026212
40026216
40026217
40026219
40026220
40026222
40026228
40026235
40026237
40026238
40026251
40026258
40026269
40026270
40026273
40026276
40026281
40026287
40026290
40026291
40026297
40026299
40026302
40026304
40026307
40026308
40026315
40026316
40026320
40026322
40026323
40026325
40026327
40026334
40026335
40026336
40026338
40026344
40026345
40026346
40026349
40026351
40026353
40026354
40026361
40026362
40026364
40026370
40026375
40026383
40026384
40026388
40026390
40026391
40026392
40026393
40026401
40026404
40026405
40026407
40026409
40026412
40026413
40026414
40026417
40026418
40026420
40026425
40026427
40026431
40026432
40026434
40026435
40026436
40026438
40026441
40026442
40026444
40026449
40026461
40026462
40026464
40026465
40026468
40026471
40026474
40026480
40026486
40026487
40026488
40026489
40026492
40026493
40026501
40026502
40026511
40026512
40026514
40026515
40026519
40026524
40026525
40026526
40026528
40026530
40026534
40026536
40026537
40026543
40026549
40026550
40026556
40026557
40026559
40026564
40026566
40026571
40026572
40026574
40026580
40026585
40026587
40026592
40026593
40026595
40026597
40026602
40026603
40026604
40026606
40026609
40026610
40026613
40026616
40026619
40026626
40026631
40026632
40026633
40026635
40026636
40026638
40026639
40026641
40026644
40026646
40026651
40026659
40026662
40026663
40026666
40026672
40026674
40026676
40026679
40026683
40026689
40026697
40026699
40026701
40026704
40026706
40026709
40026710
40026713
40026714
40026717
40026719
40026720
40026721
40026722
40026723
40026725
40026726
40026727
40026728
40026729
40026731
40026737
40026738
40026741
40026742
40026747
40026753
40026754
40026755
40026757
40026758
40026761
40026766
40026769
40026770
40026773
40026774
40026777
40026781
40026784
40026787
40026788
40026790
40026796
40026803
40026804
40026806
40026808
40026810
40026811
40026813
40026817
40026819
40026820
40026821
40026824
40026825
40026827
40026829
40026832
40026833
40026834
40026836
40026837
40026839
40026844
40026846
40026847
40026850
40026852
40026855
40026856
40026859
40026866
40026868
40026872
40026875
40026876
40026880
40026883
40026888
40026890
40026891
40026900
40026903
40026904
40026907
40026908
40026912
40026916
40026920
40026922
40026924
40026929
40026934
40026935
40026937
40026940
40026942
40026943
40026946
40026948
40026949
40026950
40026951
40026956
40026959
40026960
40026967
40026972
40026973
40026974
40026981
40026982
40026985
40026986
40026991
40026994
40026995
40026997
40027002
40027003
40027009
40027015
40027016
40027025
40027026
40027028
40027030
40027040
40027041
40027045
40027046
40027047
40027049
40027051
40027056
40027058
40027069
40027071
40027073
40027074
40027076
40027080
40027081
40027100
40027103
40027104
40027105
40027109
40027110
40027117
40027120
40027121
40027126
40027131
40027135
40027136
40027137
40027138
40027141
40027144
40027145
40027148
40027151
40027161
40027164
40027167
40027168
40027174
40027177
40027178
40027182
40027184
40027187
40027194
40027195
40027198
40027202
40027204
40027205
40027207
40027209
40027214
40027215
40027216
40027217
40027218
40027220
40027223
40027227
40027228
40027230
40027231
40027234
40027235
40027236
40027240
40027244
40027250
40027255
40027263
40027265
40027267
40027268
40027269
40027272
40027274
40027275
40027276
40027279
40027280
40027281
40027282
40027283
40027285
40027295
40027296
40027298
40027300
40027301
40027307
40027308
40027311
40027312
40027325
40027330
40027331
40027333
40027348
40027351
40027357
40027358
40027359
40027361
40027362
40027364
40027368
40027372
40027373
40027376
40027378
40027379
40027380
40027382
40027383
40027386
40027395
40027402
40027406
40027410
40027411
40027412
40027420
40027421
40027422
40027424
40027430
40027431
40027436
40027438
40027441
40027442
40027444
40027445
40027446
40027447
40027453
40027456
40027457
40027460
40027461
40027465
40027470
40027472
40027476
40027477
40027479
40027483
40027484
40027485
40027486
40027493
40027494
40027497
40027500
40027502
40027504
40027508
40027509
40027510
40027513
40027517
40027521
40027523
40027528
40027532
40027546
40027552
40027553
40027555
40027556
40027560
40027562
40027564
40027569
40027571
40027572
40027585
40027587
40027590
40027591
40027594
40027596
40027601
40027602
40027603
40027613
40027615
40027617
40027618
40027627
40027633
40027637
40027643
40027644
40027645
40027650
40027651
40027653
40027654
40027655
40027656
40027661
40027662
40027666
40027667
40027670
40027671
40027673
40027674
40027680
40027681
40027682
40027684
40027686
40027688
40027691
40027697
40027698
40027701
40027703
40027704
40027706
40027712
40027718
40027720
40027723
40027727
40027729
40027730
40027731
40027732
40027734
40027736
40027738
40027744
40027746
40027749
40027750
40027752
40027756
40027757
40027758
40027760
40027761
40027766
40027767
40027768
40027772
40027773
40027774
40027775
40027776
40027780
40027781
40027784
40027785
40027788
40027789
40027790
40027791
40027794
40027795
40027796
40027799
40027801
40027807
40027811
40027812
40027814
40027823
40027826
40027831
40027836
40027839
40027840
40027841
40027842
40027846
40027852
40027860
40027862
40027871
40027874
40027878
40027882
40027883
40027888
40027890
40027893
40027894
40027895
40027896
40027897
40027898
40027900
40027903
40027904
40027907
40027908
40027915
40027917
40027919
40027923
40027924
40027930
40027933
40027934
40027943
40027944
40027952
40027955
40027961
40027964
40027966
40027968
40027969
40027975
40027977
40027984
40027985
40027991
40027999
40028001
40028006
40028008
40028010
40028014
40028015
40028018
40028020
40028024
40028025
40028028
40028032
40028036
40028037
40028038
40028040
40028043
40028048
40028049
40028050
40028051
40028052
40028061
40028062
40028067
40028073
40028075
40028076
40028079
40028081
40028083
40028086
40028087
40028090
40028092
40028100
40028102
40028103
40028106
40028110
40028111
40028117
40028118
40028121
40028122
40028124
40028128
40028130
40028132
40028137
40028139
40028141
40028142
40028143
40028146
40028147
40028149
40028155
40028156
40028157
40028167
40028168
40028170
40028171
40028178
40028186
40028191
40028194
40028200
40028207
40028210
40028212
40028215
40028216
40028218
40028219
40028221
40028224
40028230
40028233
40028234
40028236
40028242
40028245
40028248
40028252
40028254
40028257
40028258
40028262
40028267
40028269
40028277
40028280
40028283
40028284
40028286
40028295
40028297
40028298
40028299
40028301
40028302
40028304
40028306
40028307
40028319
40028320
40028322
40028328
40028329
40028336
40028341
40028343
40028345
40028346
40028347
40028350
40028353
40028360
40028370
40028371
40028374
40028377
40028378
40028385
40028386
40028391
40028393
40028394
40028396
40028397
40028399
40028400
40028401
40028403
40028406
40028407
40028408
40028411
40028412
40028413
40028414
40028417
40028418
40028419
40028422
40028423
40028426
40028428
40028430
40028431
40028433
40028435
40028442
40028444
40028446
40028448
40028449
40028450
40028453
40028456
40028458
40028459
40028460
40028466
40028470
40028475
40028476
40028478
40028479
40028483
40028487
40028489
40028490
40028492
40028493
40028494
40028496
40028497
40028498
40028499
40028502
40028508
40028519
40028520
40028524
40028525
40028526
40028531
40028534
40028537
40028539
40028541
40028545
40028546
40028549
40028551
40028553
40028558
40028561
40028562
40028564
40028573
40028584
40028586
40028588
40028590
40028591
40028594
40028596
40028601
40028604
40028609
40028615
40028617
40028620
40028623
40028628
40028634
40028635
40028640
40028641
40028643
40028646
40028648
40028654
40028660
40028668
40028673
40028674
40028677
40028678
40028682
40028690
40028693
40028695
40028696
40028699
40028700
40028701
40028702
40028703
40028704
40028718
40028719
40028724
40028726
40028729
40028731
40028737
40028738
40028739
40028740
40028741
40028746
40028749
40028752
40028755
40028758
40028760
40028761
40028762
40028765
40028766
40028767
40028770
40028775
40028778
40028779
40028781
40028784
40028785
40028787
40028788
40028792
40028795
40028796
40028798
40028800
40028811
40028812
40028822
40028823
40028824
40028825
40028834
40028836
40028839
40028847
40028857
40028860
40028863
40028864
40028877
40028880
40028882
40028890
40028894
40028897
40028900
40028904
40028907
40028908
40028910
40028911
40028912
40028913
40028914
40028916
40028920
40028928
40028932
40028937
40028940
40028942
40028944
40028947
40028948
40028950
40028953
40028956
40028959
40028962
40028965
40028968
40028969
40028973
40028975
40028978
40028979
40028981
40028982
40028983
40028984
40028989
40028990
40028994
40028996
40029000
40029001
40029007
40029012
40029013
40029023
40029026
40029028
40029034
40029036
40029039
40029042
40029045
40029047
40029048
40029050
40029051
40029055
40029061
40029064
40029069
40029073
40029078
40029079
40029090
40029091
40029092
40029094
40029096
40029099
40029101
40029105
40029108
40029111
40029113
40029121
40029124
40029129
40029132
40029135
40029137
40029138
40029139
40029140
40029142
40029143
40029151
40029155
40029156
40029157
40029158
40029159
40029160
40029162
40029163
40029167
40029169
40029171
40029175
40029177
40029180
40029183
40029188
40029190
40029191
40029193
40029196
40029201
40029207
40029209
40029212
40029213
40029216
40029220
40029222
40029225
40029227
40029228
40029231
40029236
40029237
40029238
40029243
40029247
40029259
40029268
40029269
40029272
40029274
40029277
40029283
40029285
40029295
40029304
40029306
40029309
40029310
40029313
40029316
40029317
40029319
40029320
40029321
40029322
40029325
40029327
40029330
40029331
40029334
40029337
40029339
40029340
40029346
40029347
40029349
40029353
40029355
40029359
40029360
40029361
40029363
40029366
40029369
40029374
40029379
40029383
40029386
40029388
40029390
40029393
40029397
40029398
40029406
40029407
40029408
40029413
40029415
40029417
40029421
40029422
40029428
40029429
40029441
40029444
40029450
40029452
40029453
40029456
40029463
40029464
40029466
40029470
40029472
40029478
40029481
40029484
40029485
40029487
40029488
40029496
40029497
40029502
40029503
40029504
40029505
40029512
40029517
40029519
40029521
40029523
40029525
40029526
40029529
40029530
40029535
40029536
40029539
40029540
40029545
40029546
40029554
40029557
40029567
40029569
40029572
40029576
40029577
40029584
40029585
40029587
40029591
40029592
40029595
40029600
40029605
40029606
40029607
40029609
40029610
40029611
40029614
40029616
40029617
40029621
40029624
40029627
40029629
40029630
40029633
40029641
40029651
40029652
40029653
40029657
40029659
40029660
40029662
40029669
40029672
40029674
40029675
40029676
40029680
40029683
40029686
40029687
40029688
40029694
40029695
40029697
40029712
40029715
40029718
40029721
40029730
40029732
40029733
40029734
40029736
40029742
40029744
40029745
40029749
40029755
40029769
40029772
40029773
40029774
40029775
40029780
40029785
40029787
40029789
40029790
40029792
40029793
40029794
40029796
40029797
40029800
40029802
40029804
40029811
40029812
40029814
40029815
40029818
40029824
40029826
40029827
40029828
40029830
40029832
40029834
40029835
40029838
40029839
40029840
40029844
40029845
40029849
40029855
40029856
40029857
40029858
40029859
40029866
40029867
40029869
40029870
40029876
40029880
40029881
40029883
40029890
40029891
40029893
40029896
40029899
40029901
40029904
40029908
40029909
40029910
40029911
40029912
40029916
40029917
40029919
40029921
40029924
40029925
40029930
40029933
40029935
40029937
40029943
40029945
40029947
40029950
40029952
40029953
40029954
40029961
40029964
40029965
40029968
40029973
40029978
40029980
40029983
40029986
40029987
40029988
40029992
40029996
40029997
40030001
40030004
40030005
40030006
40030011
40030016
40030017
40030021
40030022
40030026
40030027
40030028
40030032
40030037
40030038
40030041
40030045
40030051
40030057
40030059
40030061
40030062
40030069
40030070
40030073
40030074
40030076
40030080
40030081
40030082
40030083
40030084
40030088
40030089
40030095
40030097
40030098
40030101
40030102
40030109
40030114
40030116
40030117
40030119
40030130
40030133
40030135
40030139
40030145
40030149
40030150
40030156
40030159
40030161
40030166
40030179
40030182
40030184
40030186
40030188
40030202
40030209
40030214
40030216
40030219
40030222
40030226
40030227
40030229
40030230
40030231
40030232
40030235
40030236
40030245
40030248
40030249
40030252
40030258
40030261
40030265
40030267
40030270
40030273
40030276
40030282
40030285
40030286
40030287
40030289
40030291
40030294
40030296
40030297
40030302
40030307
40030311
40030313
40030314
40030317
40030320
40030326
40030336
40030338
40030343
40030345
40030353
40030354
40030356
40030357
40030360
40030361
40030366
40030367
40030371
40030378
40030379
40030380
40030384
40030389
40030391
40030395
40030397
40030398
40030401
40030403
40030405
40030406
40030407
40030408
40030411
40030416
40030420
40030422
40030426
40030429
40030430
40030433
40030434
40030445
40030446
40030449
40030450
40030451
40030456
40030460
40030465
40030469
40030470
40030480
40030483
40030484
40030487
40030494
40030498
40030499
40030501
40030502
40030507
40030510
40030513
40030515
40030518
40030520
40030523
40030525
40030531
40030533
40030541
40030542
40030543
40030545
40030547
40030549
40030552
40030555
40030556
40030558
40030561
40030562
40030566
40030570
40030572
40030581
40030588
40030590
40030593
40030597
40030598
40030599
40030601
40030602
40030607
40030611
40030614
40030619
40030625
40030635
40030639
40030640
40030642
40030643
40030646
40030650
40030658
40030666
40030667
40030672
40030673
40030677
40030679
40030681
40030683
40030685
40030692
40030693
40030696
40030698
40030700
40030701
40030702
40030704
40030706
40030715
40030716
40030717
40030719
40030724
40030727
40030732
40030734
40030738
40030741
40030745
40030755
40030758
40030760
40030763
40030765
40030772
40030774
40030776
40030778
40030779
40030781
40030784
40030785
40030787
40030790
40030791
40030793
40030795
40030796
40030797
40030806
40030809
40030814
40030818
40030822
40030823
40030827
40030829
40030831
40030836
40030839
40030840
40030848
40030849
40030850
40030855
40030858
40030860
40030864
40030866
40030867
40030868
40030871
40030872
40030875
40030877
40030879
40030886
40030887
40030888
40030892
40030896
40030898
40030899
40030902
40030903
40030905
40030908
40030913
40030914
40030915
40030916
40030918
40030919
40030921
40030922
40030924
40030929
40030930
40030931
40030938
40030939
40030940
40030941
40030943
40030946
40030947
40030950
40030955
40030956
40030959
40030960
40030961
40030965
40030966
40030967
40030972
40030973
40030975
40030980
40030981
40030982
40030983
40030984
40030988
40030994
40030995
40030996
40030997
40030998
40031007
40031014
40031017
40031021
40031022
40031025
40031026
40031027
40031035
40031042
40031044
40031047
40031048
40031053
40031056
40031057
40031058
40031059
40031060
40031061
40031063
40031071
40031073
40031076
40031077
40031079
40031080
40031083
40031090
40031091
40031099
40031101
40031105
40031110
40031111
40031114
40031117
40031118
40031119
40031120
40031132
40031133
40031136
40031137
40031139
40031143
40031147
40031150
40031153
40031156
40031159
40031160
40031164
40031165
40031167
40031168
40031170
40031175
40031178
40031182
40031192
40031193
40031194
40031197
40031201
40031208
40031215
40031216
40031219
40031223
40031224
40031226
40031228
40031232
40031234
40031235
40031236
40031243
40031246
40031248
40031250
40031252
40031255
40031260
40031261
40031264
40031276
40031282
40031285
40031286
40031291
40031298
40031301
40031305
40031306
40031307
40031309
40031315
40031317
40031334
40031336
40031337
40031338
40031340
40031347
40031348
40031350
40031352
40031355
40031357
40031359
40031361
40031363
40031369
40031375
40031376
40031378
40031380
40031382
40031385
40031390
40031397
40031401
40031403
40031405
40031410
40031411
40031415
40031416
40031419
40031423
40031426
40031429
40031433
40031448
40031449
40031465
40031467
40031468
40031472
40031477
40031478
40031479
40031484
40031490
40031493
40031497
40031500
40031505
40031508
40031511
40031512
40031513
40031514
40031516
40031519
40031525
40031526
40031528
40031532
40031537
40031538
40031540
40031542
40031544
40031549
40031552
40031556
40031561
40031563
40031571
40031572
40031575
40031578
40031580
40031582
40031583
40031590
40031592
40031593
40031598
40031599
40031603
40031607
40031611
40031619
40031620
40031623
40031625
40031626
40031627
40031630
40031633
40031635
40031637
40031640
40031644
40031649
40031661
40031662
40031669
40031672
40031673
40031674
40031677
40031679
40031680
40031683
40031684
40031686
40031687
40031690
40031691
40031697
40031700
40031702
40031703
40031715
40031716
40031721
40031722
40031723
40031728
40031733
40031742
40031744
40031750
40031755
40031756
40031758
40031762
40031770
40031771
40031775
40031776
40031777
40031778
40031779
40031783
40031785
40031786
40031788
40031789
40031793
40031797
40031800
40031802
40031807
40031811
40031813
40031815
40031817
40031818
40031819
40031827
40031829
40031830
40031833
40031834
40031836
40031837
40031838
40031840
40031842
40031848
40031849
40031850
40031853
40031861
40031862
40031864
40031865
40031867
40031869
40031870
40031872
40031873
40031876
40031880
40031882
40031885
40031888
40031893
40031895
40031897
40031902
40031904
40031908
40031909
40031910
40031911
40031912
40031913
40031925
40031927
40031940
40031941
40031942
40031946
40031955
40031958
40031961
40031966
40031968
40031971
40031980
40031981
40031982
40031986
40031988
40031989
40031990
40031991
40031994
40031995
40031997
40031998
40031999
40032003
40032009
40032011
40032014
40032015
40032019
40032020
40032027
40032033
40032035
40032043
40032048
40032051
40032053
40032054
40032057
40032063
40032068
40032070
40032071
40032072
40032075
40032077
40032082
40032090
40032094
40032102
40032107
40032109
40032113
40032114
40032117
40032120
40032122
40032124
40032127
40032130
40032133
40032134
40032135
40032136
40032137
40032138
40032139
40032140
40032145
40032149
40032150
40032153
40032154
40032157
40032160
40032161
40032163
40032165
40032171
40032179
40032180
40032181
40032182
40032185
40032190
40032191
40032196
40032199
40032203
40032210
40032214
40032215
40032216
40032217
40032218
40032219
40032220
40032221
40032223
40032225
40032235
40032243
40032246
40032248
40032249
40032252
40032253
40032256
40032260
40032261
40032266
40032268
40032269
40032270
40032272
40032274
40032276
40032280
40032281
40032284
40032286
40032295
40032296
40032299
40032301
40032303
40032305
40032306
40032307
40032308
40032310
40032311
40032314
40032315
40032316
40032318
40032321
40032324
40032334
40032335
40032336
40032338
40032340
40032341
40032348
40032349
40032350
40032352
40032354
40032357
40032364
40032368
40032374
40032375
40032377
40032379
40032380
40032381
40032382
40032386
40032391
40032395
40032402
40032403
40032405
40032412
40032415
40032424
40032426
40032428
40032430
40032432
40032433
40032434
40032436
40032437
40032438
40032439
40032441
40032443
40032449
40032451
40032458
40032459
40032462
40032464
40032465
40032467
40032468
40032470
40032471
40032477
40032478
40032484
40032487
40032488
40032489
40032493
40032499
40032500
40032501
40032506
40032508
40032514
40032515
40032520
40032521
40032522
40032524
40032528
40032539
40032544
40032547
40032549
40032550
40032553
40032557
40032559
40032563
40032564
40032565
40032570
40032571
40032573
40032574
40032575
40032582
40032589
40032592
40032593
40032594
40032595
40032603
40032607
40032617
40032618
40032621
40032625
40032627
40032628
40032630
40032632
40032636
40032638
40032643
40032645
40032654
40032660
40032662
40032663
40032664
40032675
40032679
40032680
40032681
40032685
40032686
40032687
40032695
40032698
40032700
40032705
40032711
40032713
40032717
40032718
40032720
40032722
40032723
40032724
40032725
40032726
40032729
40032733
40032735
40032736
40032739
40032740
40032741
40032743
40032744
40032751
40032752
40032759
40032762
40032767
40032772
40032775
40032776
40032779
40032782
40032784
40032794
40032801
40032802
40032806
40032807
40032808
40032809
40032810
40032815
40032820
40032823
40032825
40032827
40032829
40032832
40032833
40032834
40032838
40032841
40032842
40032844
40032848
40032849
40032851
40032860
40032863
40032865
40032868
40032870
40032872
40032878
40032879
40032885
40032892
40032893
40032898
40032901
40032903
40032905
40032906
40032908
40032912
40032913
40032916
40032917
40032918
40032920
40032922
40032925
40032930
40032933
40032939
40032941
40032943
40032946
40032950
40032951
40032956
40032960
40032962
40032964
40032968
40032970
40032973
40032980
40032984
40032985
40032987
40032989
40032994
40032996
40032999
40033002
40033004
40033007
40033008
40033010
40033011
40033013
40033015
40033017
40033018
40033020
40033023
40033026
40033027
40033028
40033037
40033041
40033043
40033044
40033051
40033052
40033054
40033055
40033058
40033059
40033067
40033068
40033073
40033084
40033087
40033088
40033096
40033099
40033100
40033101
40033103
40033104
40033114
40033127
40033131
40033132
40033136
40033137
40033139
40033144
40033154
40033158
40033160
40033161
40033173
40033177
40033178
40033180
40033185
40033187
40033189
40033190
40033191
40033198
40033201
40033206
40033213
40033216
40033219
40033220
40033225
40033227
40033228
40033229
40033230
40033231
40033233
40033238
40033240
40033243
40033245
40033249
40033250
40033251
40033253
40033255
40033257
40033259
40033260
40033262
40033264
40033265
40033266
40033267
40033268
40033269
40033272
40033274
40033276
40033277
40033289
40033292
40033296
40033300
40033302
40033303
40033306
40033308
40033309
40033310
40033311
40033329
40033334
40033339
40033341
40033345
40033347
40033348
40033349
40033354
40033362
40033369
40033371
40033374
40033375
40033376
40033379
40033380
40033384
40033386
40033390
40033391
40033394
40033395
40033396
40033398
40033403
40033408
40033415
40033420
40033427
40033428
40033429
40033432
40033433
40033436
40033438
40033439
40033443
40033447
40033448
40033450
40033451
40033457
40033458
40033461
40033464
40033465
40033466
40033468
40033469
40033470
40033471
40033478
40033482
40033484
40033485
40033491
40033492
40033496
40033498
40033500
40033503
40033504
40033505
40033506
40033510
40033512
40033513
40033514
40033516
40033517
40033518
40033520
40033522
40033525
40033527
40033529
40033530
40033535
40033537
40033539
40033540
40033546
40033551
40033553
40033554
40033558
40033559
40033563
40033564
40033578
40033579
40033581
40033584
40033587
40033589
40033590
40033591
40033592
40033593
40033597
40033600
40033602
40033603
40033604
40033606
40033607
40033608
40033609
40033614
40033618
40033627
40033634
40033640
40033642
40033652
40033653
40033663
40033665
40033668
40033669
40033672
40033678
40033679
40033682
40033683
40033686
40033687
40033690
40033695
40033698
40033699
40033701
40033702
40033703
40033707
40033709
40033710
40033715
40033724
40033729
40033730
40033731
40033734
40033736
40033738
40033745
40033746
40033748
40033750
40033752
40033753
40033759
40033761
40033764
40033766
40033767
40033777
40033786
40033795
40033798
40033808
40033810
40033817
40033825
40033826
40033829
40033831
40033834
40033836
40033837
40033839
40033848
40033849
40033850
40033853
40033856
40033860
40033869
40033873
40033874
40033875
40033880
40033883
40033884
40033886
40033887
40033893
40033896
40033898
40033899
40033902
40033904
40033908
40033910
40033912
40033921
40033922
40033925
40033929
40033931
40033934
40033935
40033936
40033939
40033949
40033951
40033956
40033961
40033962
40033965
40033969
40033970
40033971
40033973
40033976
40033978
40033984
40033999
40034001
40034002
40034005
40034014
40034016
40034017
40034019
40034023
40034024
40034029
40034033
40034034
40034036
40034037
40034041
40034044
40034048
40034049
40034051
40034052
40034054
40034055
40034056
40034058
40034063
40034066
40034069
40034070
40034077
40034082
40034089
40034090
40034091
40034092
40034098
40034100
40034103
40034108
40034114
40034116
40034119
40034120
40034121
40034122
40034125
40034126
40034129
40034135
40034136
40034137
40034138
40034140
40034141
40034144
40034145
40034146
40034148
40034149
40034155
40034156
40034157
40034160
40034161
40034163
40034166
40034167
40034169
40034171
40034173
40034174
40034181
40034187
40034190
40034192
40034195
40034196
40034197
40034200
40034203
40034205
40034207
40034212
40034214
40034220
40034222
40034223
40034225
40034229
40034231
40034234
40034239
40034242
40034243
40034247
40034248
40034250
40034261
40034265
40034267
40034270
40034275
40034276
40034277
40034290
40034292
40034293
40034296
40034300
40034301
40034303
40034306
40034311
40034314
40034315
40034322
40034326
40034330
40034331
40034332
40034333
40034337
40034341
40034342
40034343
40034351
40034352
40034357
40034358
40034364
40034371
40034372
40034381
40034384
40034390
40034391
40034392
40034393
40034394
40034399
40034401
40034403
40034404
40034405
40034407
40034408
40034412
40034415
40034424
40034425
40034426
40034427
40034428
40034429
40034432
40034437
40034438
40034440
40034442
40034444
40034445
40034452
40034453
40034455
40034460
40034461
40034462
40034463
40034466
40034468
40034469
40034473
40034476
40034483
40034484
40034489
40034490
40034491
40034492
40034494
40034495
40034496
40034500
40034506
40034515
40034518
40034519
40034523
40034525
40034528
40034540
40034543
40034544
40034548
40034549
40034553
40034567
40034570
40034571
40034574
40034581
40034582
40034586
40034587
40034590
40034591
40034593
40034595
40034597
40034603
40034605
40034609
40034612
40034618
40034619
40034634
40034635
40034636
40034638
40034642
40034643
40034647
40034650
40034658
40034659
40034661
40034662
40034663
40034664
40034666
40034667
40034669
40034671
40034677
40034679
40034680
40034681
40034682
40034683
40034688
40034695
40034696
40034699
40034700
40034710
40034712
40034715
40034717
40034719
40034720
40034722
40034724
40034725
40034727
40034729
40034730
40034735
40034740
40034741
40034743
40034749
40034757
40034762
40034763
40034767
40034768
40034776
40034779
40034783
40034785
40034786
40034792
40034795
40034797
40034798
40034806
40034808
40034813
40034815
40034823
40034824
40034827
40034828
40034829
40034841
40034846
40034857
40034858
40034863
40034864
40034873
40034892
40034894
40034896
40034899
40034900
40034904
40034911
40034916
40034917
40034924
40034927
40034928
40034929
40034933
40034938
40034939
40034940
40034941
40034942
40034944
40034945
40034946
40034948
40034949
40034954
40034956
40034957
40034961
40034964
40034965
40034970
40034977
40034981
40034984
40034988
40034992
40034994
40034998
40034999
40035001
40035002
40035005
40035006
40035009
40035013
40035021
40035025
40035027
40035028
40035029
40035031
40035032
40035033
40035048
40035051
40035058
40035059
40035065
40035067
40035072
40035074
40035080
40035082
40035085
40035086
40035087
40035089
40035090
40035092
40035093
40035098
40035101
40035107
40035110
40035120
40035121
40035122
40035123
40035126
40035129
40035132
40035135
40035136
40035143
40035146
40035147
40035150
40035151
40035153
40035154
40035155
40035162
40035166
40035178
40035179
40035183
40035186
40035187
40035188
40035190
40035195
40035198
40035200
40035203
40035205
40035208
40035209
40035212
40035213
40035214
40035216
40035217
40035219
40035221
40035224
40035231
40035234
40035240
40035241
40035243
40035252
40035259
40035262
40035263
40035265
40035268
40035269
40035278
40035280
40035286
40035288
40035294
40035296
40035304
40035306
40035309
40035310
40035311
40035312
40035315
40035316
40035317
40035318
40035320
40035321
40035323
40035325
40035326
40035328
40035330
40035338
40035343
40035346
40035348
40035350
40035351
40035352
40035353
40035354
40035358
40035364
40035368
40035370
40035371
40035378
40035379
40035381
40035382
40035383
40035384
40035389
40035392
40035393
40035395
40035398
40035403
40035405
40035408
40035410
40035411
40035413
40035414
40035415
40035417
40035423
40035424
40035426
40035430
40035434
40035435
40035436
40035437
40035438
40035443
40035444
40035446
40035447
40035448
40035452
40035453
40035459
40035462
40035467
40035468
40035469
40035470
40035473
40035476
40035479
40035482
40035483
40035484
40035495
40035500
40035503
40035504
40035505
40035509
40035513
40035515
40035516
40035518
40035520
40035525
40035530
40035531
40035532
40035533
40035537
40035542
40035543
40035545
40035552
40035555
40035566
40035567
40035569
40035571
40035572
40035575
40035579
40035581
40035583
40035585
40035587
40035588
40035591
40035593
40035596
40035597
40035600
40035602
40035603
40035609
40035613
40035615
40035616
40035621
40035622
40035627
40035630
40035638
40035644
40035645
40035647
40035650
40035652
40035653
40035654
40035656
40035657
40035658
40035659
40035666
40035668
40035679
40035682
40035683
40035684
40035685
40035691
40035692
40035693
40035698
40035701
40035702
40035704
40035705
40035707
40035709
40035713
40035714
40035716
40035717
40035721
40035727
40035732
40035733
40035735
40035739
40035744
40035750
40035756
40035761
40035764
40035767
40035769
40035770
40035772
40035774
40035784
40035787
40035788
40035792
40035793
40035794
40035795
40035802
40035803
40035804
40035807
40035808
40035809
40035810
40035813
40035814
40035815
40035824
40035826
40035832
40035836
40035837
40035840
40035847
40035848
40035849
40035853
40035859
40035862
40035863
40035864
40035871
40035875
40035881
40035882
40035884
40035887
40035889
40035890
40035895
40035902
40035909
40035912
40035914
40035916
40035917
40035919
40035921
40035924
40035925
40035926
40035932
40035933
40035935
40035938
40035939
40035944
40035946
40035950
40035951
40035952
40035954
40035956
40035964
40035967
40035970
40035972
40035974
40035977
40035978
40035988
40035990
40035991
40035994
40035997
40035998
40036000
40036001
40036004
40036005
40036008
40036009
40036018
40036019
40036021
40036026
40036029
40036030
40036032
40036034
40036035
40036038
40036041
40036044
40036050
40036051
40036053
40036058
40036059
40036070
40036071
40036072
40036076
40036078
40036085
40036086
40036087
40036092
40036095
40036096
40036104
40036107
40036109
40036110
40036113
40036116
40036124
40036125
40036127
40036131
40036134
40036137
40036138
40036139
40036141
40036143
40036147
40036148
40036149
40036151
40036152
40036153
40036154
40036155
40036158
40036164
40036168
40036171
40036174
40036175
40036178
40036180
40036183
40036185
40036186
40036189
40036190
40036193
40036194
40036197
40036200
40036202
40036205
40036206
40036207
40036217
40036218
40036219
40036226
40036228
40036230
40036231
40036236
40036238
40036240
40036241
40036242
40036243
40036248
40036255
40036261
40036262
40036263
40036269
40036275
40036277
40036278
40036281
40036282
40036286
40036287
40036298
40036300
40036302
40036307
40036308
40036313
40036314
40036316
40036321
40036322
40036330
40036331
40036334
40036335
40036338
40036341
40036343
40036345
40036346
40036355
40036357
40036359
40036363
40036364
40036367
40036369
40036381
40036384
40036387
40036389
40036390
40036392
40036393
40036401
40036402
40036407
40036409
40036410
40036412
40036413
40036421
40036422
40036423
40036430
40036437
40036442
40036444
40036446
40036447
40036448
40036452
40036456
40036458
40036459
40036460
40036464
40036469
40036473
40036474
40036475
40036476
40036477
40036482
40036485
40036488
40036500
40036503
40036505
40036507
40036514
40036523
40036527
40036531
40036532
40036536
40036538
40036540
40036546
40036550
40036552
40036553
40036554
40036556
40036557
40036561
40036568
40036569
40036570
40036571
40036572
40036574
40036577
40036586
40036588
40036589
40036595
40036597
40036598
40036599
40036601
40036602
40036603
40036604
40036605
40036606
40036607
40036611
40036613
40036614
40036617
40036627
40036628
40036630
40036636
40036640
40036642
40036645
40036647
40036654
40036659
40036662
40036667
40036670
40036673
40036681
40036686
40036687
40036689
40036692
40036697
40036706
40036709
40036712
40036716
40036720
40036723
40036724
40036725
40036726
40036729
40036732
40036733
40036735
40036736
40036739
40036740
40036741
40036743
40036744
40036746
40036747
40036753
40036754
40036757
40036758
40036761
40036763
40036765
40036766
40036769
40036774
40036780
40036785
40036788
40036790
40036794
40036795
40036796
40036798
40036799
40036800
40036801
40036805
40036807
40036812
40036817
40036818
40036820
40036823
40036824
40036825
40036826
40036833
40036835
40036836
40036841
40036843
40036848
40036854
40036857
40036864
40036871
40036873
40036882
40036883
40036884
40036886
40036892
40036896
40036897
40036902
40036904
40036906
40036908
40036910
40036911
40036913
40036916
40036917
40036921
40036922
40036925
40036928
40036935
40036936
40036937
40036940
40036941
40036942
40036943
40036947
40036949
40036952
40036956
40036967
40036968
40036970
40036977
40036985
40036994
40036998
40036999
40037011
40037019
40037020
40037023
40037025
40037030
40037031
40037037
40037040
40037042
40037045
40037053
40037054
40037055
40037061
40037068
40037069
40037071
40037072
40037074
40037076
40037077
40037082
40037085
40037090
40037091
40037093
40037094
40037097
40037099
40037100
40037102
40037105
40037106
40037107
40037110
40037114
40037116
40037119
40037120
40037126
40037127
40037129
40037130
40037131
40037134
40037137
40037138
40037139
40037140
40037141
40037146
40037155
40037156
40037157
40037158
40037159
40037162
40037165
40037166
40037167
40037174
40037178
40037184
40037188
40037191
40037196
40037198
40037201
40037206
40037209
40037213
40037215
40037216
40037218
40037228
40037229
40037234
40037238
40037241
40037242
40037243
40037244
40037248
40037255
40037256
40037262
40037264
40037267
40037269
40037271
40037274
40037277
40037279
40037281
40037282
40037287
40037289
40037294
40037295
40037299
40037302
40037303
40037307
40037309
40037316
40037321
40037322
40037323
40037325
40037353
40037354
40037357
40037359
40037360
40037361
40037362
40037373
40037376
40037377
40037378
40037389
40037390
40037391
40037392
40037393
40037396
40037398
40037403
40037404
40037407
40037412
40037413
40037422
40037424
40037426
40037427
40037428
40037430
40037438
40037439
40037441
40037442
40037443
40037445
40037446
40037451
40037453
40037455
40037456
40037459
40037460
40037461
40037463
40037464
40037467
40037470
40037472
40037474
40037480
40037486
40037492
40037497
40037499
40037504
40037505
40037506
40037507
40037508
40037509
40037510
40037512
40037514
40037523
40037531
40037532
40037533
40037539
40037551
40037552
40037557
40037565
40037567
40037572
40037573
40037574
40037575
40037576
40037577
40037578
40037579
40037581
40037583
40037584
40037586
40037587
40037591
40037592
40037594
40037595
40037596
40037597
40037598
40037600
40037604
40037606
40037609
40037610
40037612
40037615
40037620
40037627
40037632
40037634
40037635
40037637
40037639
40037641
40037651
40037657
40037660
40037662
40037665
40037670
40037674
40037675
40037676
40037678
40037679
40037682
40037684
40037685
40037687
40037690
40037697
40037699
40037700
40037702
40037703
40037704
40037705
40037707
40037708
40037715
40037717
40037719
40037723
40037734
40037735
40037737
40037739
40037743
40037749
40037754
40037758
40037759
40037762
40037763
40037765
40037778
40037779
40037782
40037783
40037784
40037786
40037789
40037791
40037794
40037796
40037798
40037801
40037802
40037806
40037814
40037815
40037821
40037824
40037825
40037830
40037837
40037838
40037843
40037846
40037847
40037849
40037856
40037857
40037859
40037863
40037865
40037868
40037869
40037871
40037873
40037874
40037877
40037878
40037879
40037880
40037885
40037886
40037887
40037888
40037889
40037893
40037897
40037898
40037899
40037905
40037909
40037912
40037913
40037919
40037923
40037924
40037925
40037929
40037933
40037941
40037944
40037950
40037952
40037953
40037957
40037963
40037965
40037966
40037969
40037973
40037975
40037979
40037981
40037982
40037983
40037985
40037996
40037997
40037999
40038004
40038011
40038013
40038018
40038022
40038028
40038033
40038034
40038040
40038044
40038045
40038047
40038048
40038053
40038057
40038058
40038067
40038070
40038071
40038072
40038073
40038075
40038076
40038082
40038085
40038089
40038090
40038093
40038094
40038096
40038097
40038103
40038104
40038105
40038106
40038107
40038108
40038109
40038111
40038112
40038113
40038114
40038116
40038117
40038120
40038128
40038130
40038131
40038132
40038133
40038136
40038140
40038143
40038148
40038150
40038154
40038163
40038164
40038167
40038169
40038170
40038174
40038177
40038178
40038182
40038184
40038186
40038194
40038196
40038197
40038205
40038206
40038207
40038211
40038212
40038214
40038222
40038223
40038227
40038228
40038230
40038239
40038251
40038253
40038256
40038257
40038258
40038262
40038264
40038267
40038268
40038275
40038281
40038283
40038284
40038287
40038289
40038292
40038295
40038299
40038300
40038303
40038305
40038308
40038309
40038312
40038315
40038316
40038317
40038318
40038320
40038322
40038324
40038326
40038329
40038330
40038331
40038332
40038333
40038335
40038340
40038341
40038343
40038345
40038346
40038347
40038348
40038356
40038357
40038358
40038359
40038363
40038365
40038367
40038368
40038370
40038371
40038380
40038382
40038383
40038384
40038385
40038386
40038387
40038391
40038393
40038398
40038399
40038407
40038411
40038412
40038414
40038416
40038419
40038421
40038423
40038432
40038440
40038449
40038450
40038452
40038455
40038460
40038468
40038469
40038471
40038475
40038482
40038485
40038486
40038487
40038489
40038492
40038496
40038499
40038502
40038506
40038508
40038509
40038510
40038511
40038513
40038516
40038522
40038527
40038531
40038534
40038535
40038540
40038543
40038546
40038549
40038552
40038555
40038556
40038560
40038567
40038568
40038572
40038579
40038582
40038584
40038587
40038592
40038593
40038602
40038605
40038606
40038607
40038611
40038615
40038620
40038624
40038625
40038626
40038627
40038629
40038631
40038632
40038633
40038636
40038637
40038639
40038640
40038643
40038646
40038647
40038649
40038650
40038655
40038658
40038662
40038663
40038664
40038666
40038670
40038672
40038682
40038685
40038686
40038691
40038693
40038695
40038696
40038699
40038701
40038703
40038707
40038708
40038713
40038715
40038719
40038721
40038722
40038724
40038727
40038733
40038734
40038736
40038744
40038751
40038756
40038761
40038762
40038763
40038766
40038768
40038769
40038771
40038775
40038776
40038778
40038779
40038793
40038799
40038801
40038802
40038803
40038805
40038806
40038807
40038810
40038811
40038817
40038818
40038819
40038822
40038827
40038828
40038832
40038835
40038836
40038838
40038839
40038842
40038844
40038847
40038851
40038856
40038859
40038861
40038862
40038870
40038871
40038877
40038882
40038887
40038890
40038895
40038900
40038901
40038903
40038904
40038921
40038923
40038926
40038927
40038930
40038931
40038933
40038934
40038937
40038939
40038940
40038941
40038943
40038950
40038952
40038953
40038957
40038959
40038962
40038966
40038967
40038970
40038971
40038972
40038976
40038980
40038982
40038988
40038989
40038990
40038995
40038998
40039004
40039006
40039013
40039016
40039017
40039018
40039019
40039020
40039023
40039024
40039030
40039031
40039032
40039033
40039034
40039038
40039047
40039048
40039053
40039054
40039057
40039065
40039067
40039069
40039071
40039076
40039078
40039080
40039084
40039088
40039090
40039092
40039094
40039096
40039104
40039106
40039113
40039116
40039118
40039123
40039128
40039129
40039133
40039135
40039136
40039140
40039142
40039144
40039145
40039151
40039153
40039155
40039156
40039159
40039160
40039164
40039165
40039170
40039176
40039186
40039192
40039193
40039199
40039203
40039208
40039214
40039217
40039221
40039222
40039223
40039226
40039227
40039228
40039241
40039242
40039245
40039250
40039259
40039262
40039263
40039267
40039269
40039273
40039274
40039281
40039283
40039284
40039287
40039288
40039289
40039292
40039293
40039295
40039299
40039302
40039303
40039305
40039306
40039319
40039326
40039327
40039336
40039339
40039341
40039342
40039343
40039344
40039348
40039350
40039351
40039353
40039356
40039357
40039358
40039360
40039361
40039362
40039367
40039369
40039370
40039374
40039385
40039386
40039388
40039390
40039392
40039394
40039395
40039399
40039408
40039410
40039412
40039420
40039421
40039422
40039424
40039440
40039442
40039447
40039449
40039450
40039454
40039457
40039463
40039464
40039467
40039469
40039471
40039473
40039474
40039477
40039479
40039480
40039483
40039485
40039491
40039494
40039498
40039503
40039506
40039517
40039518
40039520
40039521
40039527
40039530
40039532
40039535
40039540
40039541
40039546
40039552
40039559
40039564
40039568
40039569
40039572
40039573
40039575
40039580
40039582
40039590
40039596
40039602
40039612
40039613
40039615
40039619
40039625
40039626
40039627
40039630
40039634
40039641
40039644
40039645
40039647
40039649
40039653
40039655
40039659
40039674
40039676
40039677
40039688
40039692
40039695
40039697
40039698
40039700
40039703
40039712
40039714
40039715
40039717
40039719
40039721
40039722
40039723
40039724
40039730
40039731
40039735
40039738
40039740
40039746
40039754
40039761
40039762
40039767
40039771
40039773
40039775
40039781
40039787
40039795
40039796
40039801
40039804
40039806
40039810
40039813
40039815
40039817
40039818
40039820
40039823
40039824
40039830
40039832
40039835
40039836
40039837
40039838
40039839
40039849
40039857
40039859
40039862
40039863
40039866
40039867
40039873
40039875
40039884
40039885
40039890
40039892
40039895
40039903
40039905
40039907
40039910
40039912
40039913
40039914
40039916
40039919
40039925
40039927
40039928
40039933
40039934
40039938
40039939
40039940
40039944
40039946
40039947
40039950
40039962
40039966
40039969
40039970
40039971
40039976
40039982
40039983
40039989
40039993
40039999
40040004
40040005
40040009
40040012
40040014
40040016
40040021
40040023
40040028
40040030
40040040
40040041
40040042
40040047
40040059
40040063
40040064
40040065
40040068
40040071
40040072
40040086
40040088
40040091
40040092
40040096
40040098
40040102
40040105
40040111
40040112
40040116
40040121
40040124
40040132
40040135
40040136
40040137
40040140
40040142
40040143
40040145
40040168
40040170
40040172
40040175
40040176
40040177
40040180
40040181
40040183
40040184
40040188
40040193
40040194
40040195
40040198
40040200
40040202
40040206
40040232
40040241
40040242
40040243
40040246
40040249
40040252
40040253
40040255
40040261
40040262
40040264
40040272
40040273
40040274
40040275
40040276
40040279
40040290
40040292
40040294
40040296
40040297
40040298
40040299
40040306
40040307
40040312
40040313
40040314
40040317
40040322
40040325
40040326
40040327
40040329
40040330
40040334
40040336
40040337
40040342
40040346
40040347
40040348
40040349
40040350
40040353
40040356
40040357
40040358
40040361
40040362
40040365
40040372
40040375
40040376
40040377
40040378
40040380
40040383
40040385
40040391
40040395
40040399
40040401
40040405
40040410
40040411
40040413
40040414
40040417
40040418
40040421
40040422
40040423
40040429
40040432
40040435
40040441
40040443
40040444
40040447
40040448
40040455
40040457
40040465
40040468
40040473
40040475
40040477
40040478
40040479
40040481
40040483
40040485
40040489
40040490
40040494
40040496
40040501
40040508
40040511
40040517
40040520
40040521
40040525
40040537
40040541
40040542
40040544
40040545
40040546
40040548
40040549
40040550
40040551
40040552
40040557
40040560
40040567
40040568
40040572
40040575
40040576
40040580
40040585
40040587
40040590
40040592
40040594
40040595
40040598
40040600
40040602
40040604
40040605
40040606
40040608
40040609
40040612
40040617
40040621
40040624
40040630
40040631
40040632
40040635
40040637
40040638
40040639
40040644
40040646
40040647
40040651
40040652
40040658
40040660
40040662
40040665
40040667
40040668
40040671
40040673
40040674
40040690
40040691
40040692
40040698
40040700
40040706
40040714
40040715
40040722
40040726
40040730
40040734
40040735
40040740
40040741
40040744
40040745
40040752
40040756
40040757
40040762
40040764
40040768
40040770
40040771
40040772
40040774
40040776
40040784
40040789
40040792
40040794
40040802
40040804
40040810
40040812
40040815
40040816
40040817
40040822
40040823
40040828
40040839
40040842
40040858
40040861
40040862
40040863
40040865
40040875
40040876
40040880
40040885
40040886
40040887
40040892
40040893
40040895
40040896
40040897
40040898
40040909
40040911
40040915
40040917
40040920
40040923
40040930
40040931
40040933
40040934
40040935
40040936
40040939
40040949
40040952
40040953
40040954
40040955
40040956
40040957
40040959
40040961
40040964
40040971
40040974
40040979
40040992
40040995
40040998
40041000
40041002
40041006
40041010
40041013
40041014
40041018
40041019
40041022
40041023
40041025
40041029
40041031
40041033
40041034
40041038
40041040
40041052
40041055
40041056
40041061
40041063
40041064
40041067
40041068
40041070
40041071
40041075
40041076
40041078
40041084
40041087
40041088
40041089
40041090
40041095
40041097
40041098
40041099
40041101
40041109
40041110
40041112
40041113
40041115
40041118
40041120
40041125
40041131
40041134
40041135
40041138
40041141
40041159
40041160
40041161
40041170
40041172
40041174
40041175
40041177
40041179
40041182
40041183
40041184
40041188
40041190
40041191
40041197
40041198
40041201
40041204
40041211
40041214
40041216
40041217
40041222
40041227
40041233
40041235
40041240
40041244
40041247
40041249
40041250
40041251
40041252
40041254
40041258
40041259
40041263
40041265
40041267
40041272
40041274
40041275
40041276
40041281
40041283
40041284
40041285
40041287
40041289
40041293
40041295
40041296
40041298
40041299
40041300
40041301
40041305
40041309
40041311
40041312
40041313
40041319
40041320
40041324
40041325
40041328
40041329
40041331
40041333
40041335
40041336
40041337
40041343
40041353
40041361
40041363
40041366
40041368
40041372
40041373
40041375
40041378
40041379
40041386
40041391
40041395
40041396
40041397
40041399
40041403
40041410
40041411
40041413
40041418
40041424
40041425
40041427
40041429
40041432
40041433
40041437
40041438
40041439
40041440
40041442
40041443
40041444
40041445
40041453
40041458
40041461
40041465
40041466
40041468
40041472
40041473
40041476
40041490
40041491
40041493
40041498
40041499
40041501
40041502
40041505
40041508
40041509
40041510
40041511
40041512
40041518
40041521
40041523
40041525
40041528
40041532
40041533
40041534
40041540
40041542
40041549
40041551
40041553
40041554
40041555
40041560
40041562
40041565
40041566
40041568
40041569
40041572
40041573
40041574
40041579
40041580
40041588
40041595
40041598
40041602
40041603
40041611
40041615
40041617
40041619
40041620
40041621
40041626
40041629
40041635
40041636
40041639
40041641
40041645
40041649
40041650
40041652
40041656
40041659
40041663
40041665
40041670
40041674
40041676
40041678
40041680
40041683
40041685
40041694
40041696
40041702
40041703
40041705
40041708
40041710
40041714
40041723
40041724
40041729
40041731
40041732
40041734
40041736
40041738
40041742
40041747
40041751
40041752
40041755
40041757
40041760
40041767
40041769
40041771
40041775
40041777
40041779
40041780
40041782
40041784
40041787
40041789
40041791
40041793
40041799
40041802
40041804
40041806
40041809
40041817
40041819
40041825
40041829
40041830
40041836
40041839
40041842
40041843
40041845
40041847
40041848
40041852
40041856
40041858
40041859
40041860
40041862
40041865
40041867
40041877
40041880
40041885
40041888
40041890
40041892
40041897
40041899
40041901
40041913
40041918
40041923
40041924
40041926
40041930
40041932
40041934
40041936
40041938
40041942
40041943
40041945
40041947
40041948
40041950
40041951
40041954
40041958
40041959
40041971
40041972
40041973
40041975
40041976
40041978
40041980
40041981
40041987
40041988
40041991
40041995
40041996
40041997
40042001
40042004
40042006
40042008
40042010
40042011
40042012
40042016
40042022
40042023
40042029
40042030
40042031
40042032
40042033
40042037
40042042
40042043
40042046
40042051
40042052
40042054
40042056
40042058
40042059
40042064
40042075
40042080
40042083
40042084
40042086
40042094
40042095
40042096
40042099
40042102
40042105
40042112
40042113
40042114
40042115
40042117
40042118
40042120
40042121
40042124
40042131
40042132
40042136
40042137
40042139
40042140
40042144
40042145
40042147
40042148
40042151
40042153
40042157
40042158
40042162
40042163
40042166
40042168
40042170
40042172
40042174
40042176
40042178
40042179
40042184
40042189
40042200
40042204
40042207
40042210
40042213
40042220
40042221
40042224
40042225
40042228
40042229
40042230
40042231
40042233
40042234
40042235
40042240
40042246
40042255
40042259
40042260
40042263
40042269
40042271
40042272
40042275
40042281
40042283
40042284
40042286
40042289
40042290
40042292
40042293
40042294
40042299
40042302
40042306
40042307
40042310
40042311
40042312
40042313
40042314
40042315
40042329
40042334
40042335
40042338
40042344
40042346
40042349
40042356
40042364
40042374
40042376
40042377
40042381
40042382
40042384
40042385
40042387
40042401
40042403
40042410
40042414
40042422
40042426
40042428
40042431
40042433
40042434
40042444
40042445
40042448
40042451
40042452
40042457
40042458
40042463
40042464
40042465
40042469
40042473
40042475
40042476
40042478
40042484
40042487
40042489
40042490
40042502
40042507
40042509
40042510
40042511
40042522
40042523
40042527
40042532
40042535
40042538
40042541
40042543
40042546
40042547
40042548
40042549
40042553
40042560
40042568
40042580
40042581
40042582
40042583
40042584
40042588
40042590
40042596
40042597
40042599
40042602
40042605
40042607
40042610
40042612
40042614
40042618
40042619
40042620
40042626
40042629
40042632
40042633
40042634
40042643
40042644
40042646
40042651
40042652
40042654
40042655
40042659
40042661
40042665
40042666
40042668
40042672
40042682
40042685
40042688
40042689
40042691
40042700
40042715
40042717
40042724
40042726
40042729
40042730
40042731
40042733
40042736
40042740
40042741
40042743
40042744
40042746
40042751
40042755
40042757
40042759
40042760
40042761
40042767
40042769
40042776
40042778
40042779
40042791
40042792
40042794
40042795
40042803
40042804
40042809
40042821
40042825
40042833
40042834
40042835
40042836
40042838
40042842
40042844
40042846
40042849
40042853
40042854
40042855
40042859
40042863
40042865
40042866
40042869
40042871
40042881
40042883
40042892
40042894
40042901
40042902
40042904
40042907
40042909
40042911
40042917
40042920
40042932
40042936
40042938
40042941
40042943
40042945
40042951
40042956
40042957
40042960
40042966
40042969
40042970
40042972
40042976
40042984
40042985
40042987
40042990
40042991
40042994
40042995
40042997
40042999
40043002
40043006
40043013
40043016
40043017
40043018
40043022
40043029
40043030
40043033
40043036
40043039
40043042
40043043
40043047
40043048
40043053
40043054
40043060
40043061
40043064
40043066
40043068
40043071
40043072
40043075
40043076
40043079
40043083
40043084
40043095
40043097
40043101
40043102
40043103
40043104
40043106
40043111
40043113
40043114
40043120
40043124
40043127
40043133
40043134
40043141
40043144
40043147
40043151
40043153
40043156
40043160
40043163
40043164
40043165
40043168
40043169
40043173
40043174
40043176
40043178
40043179
40043180
40043182
40043184
40043186
40043187
40043193
40043198
40043202
40043203
40043208
40043210
40043212
40043214
40043215
40043216
40043218
40043222
40043226
40043228
40043232
40043234
40043235
40043236
40043238
40043248
40043249
40043252
40043253
40043254
40043260
40043261
40043263
40043270
40043271
40043275
40043280
40043284
40043285
40043286
40043290
40043291
40043295
40043299
40043301
40043303
40043306
40043310
40043315
40043317
40043318
40043322
40043324
40043325
40043326
40043333
40043334
40043335
40043343
40043349
40043352
40043364
40043367
40043368
40043370
40043373
40043375
40043376
40043377
40043378
40043381
40043385
40043386
40043388
40043390
40043393
40043396
40043403
40043404
40043407
40043410
40043411
40043412
40043419
40043422
40043426
40043428
40043431
40043435
40043439
40043441
40043444
40043448
40043449
40043455
40043457
40043461
40043462
40043464
40043468
40043470
40043472
40043473
40043477
40043479
40043483
40043485
40043486
40043487
40043488
40043489
40043490
40043491
40043494
40043496
40043498
40043500
40043501
40043503
40043504
40043508
40043510
40043517
40043524
40043525
40043527
40043528
40043530
40043536
40043539
40043542
40043549
40043550
40043551
40043553
40043559
40043565
40043570
40043574
40043583
40043585
40043587
40043596
40043597
40043598
40043599
40043600
40043607
40043608
40043612
40043615
40043620
40043628
40043632
40043635
40043639
40043640
40043642
40043643
40043647
40043649
40043651
40043653
40043654
40043655
40043656
40043661
40043664
40043665
40043666
40043668
40043669
40043671
40043672
40043673
40043675
40043678
40043681
40043687
40043689
40043690
40043693
40043696
40043697
40043703
40043704
40043706
40043707
40043708
40043709
40043712
40043714
40043719
40043720
40043723
40043725
40043726
40043727
40043732
40043740
40043741
40043746
40043749
40043750
40043752
40043753
40043754
40043756
40043758
40043760
40043762
40043763
40043766
40043767
40043776
40043777
40043779
40043780
40043787
40043791
40043796
40043798
40043800
40043801
40043805
40043807
40043808
40043809
40043810
40043814
40043817
40043829
40043838
40043844
40043846
40043855
40043857
40043858
40043860
40043865
40043870
40043871
40043874
40043876
40043877
40043879
40043884
40043889
40043891
40043894
40043896
40043897
40043898
40043904
40043908
40043913
40043914
40043915
40043917
40043919
40043924
40043929
40043930
40043931
40043932
40043936
40043939
40043945
40043946
40043947
40043950
40043952
40043953
40043954
40043957
40043958
40043961
40043964
40043969
40043973
40043975
40043981
40043990
40043992
40044001
40044004
40044007
40044009
40044020
40044022
40044024
40044029
40044037
40044045
40044047
40044048
40044049
40044053
40044056
40044057
40044064
40044069
40044070
40044080
40044081
40044084
40044085
40044090
40044091
40044094
40044098
40044103
40044104
40044107
40044108
40044114
40044116
40044118
40044119
40044120
40044123
40044128
40044133
40044139
40044141
40044143
40044145
40044147
40044154
40044166
40044167
40044169
40044170
40044171
40044174
40044176
40044177
40044183
40044185
40044186
40044187
40044188
40044190
40044194
40044195
40044201
40044205
40044209
40044216
40044228
40044229
40044233
40044235
40044236
40044244
40044245
40044250
40044253
40044254
40044255
40044256
40044264
40044266
40044270
40044276
40044278
40044279
40044282
40044285
40044291
40044293
40044301
40044304
40044306
40044307
40044309
40044312
40044315
40044320
40044321
40044323
40044324
40044328
40044330
40044331
40044338
40044342
40044345
40044346
40044348
40044349
40044351
40044357
40044361
40044374
40044376
40044381
40044385
40044387
40044388
40044390
40044391
40044402
40044403
40044405
40044406
40044410
40044414
40044422
40044425
40044426
40044431
40044433
40044434
40044435
40044442
40044455
40044458
40044459
40044460
40044462
40044463
40044467
40044469
40044475
40044476
40044478
40044479
40044480
40044481
40044482
40044491
40044492
40044494
40044496
40044501
40044503
40044504
40044505
40044506
40044508
40044510
40044511
40044514
40044515
40044517
40044518
40044521
40044525
40044526
40044527
40044528
40044533
40044535
40044536
40044537
40044542
40044544
40044547
40044548
40044550
40044551
40044552
40044556
40044557
40044560
40044561
40044568
40044569
40044571
40044574
40044578
40044581
40044583
40044590
40044592
40044594
40044595
40044598
40044599
40044600
40044604
40044605
40044612
40044619
40044625
40044627
40044632
40044639
40044642
40044650
40044654
40044656
40044658
40044664
40044665
40044671
40044673
40044675
40044677
40044681
40044684
40044686
40044688
40044690
40044692
40044696
40044699
40044700
40044701
40044702
40044703
40044705
40044706
40044711
40044713
40044715
40044718
40044720
40044721
40044723
40044731
40044733
40044734
40044735
40044737
40044741
40044743
40044744
40044747
40044749
40044752
40044754
40044760
40044763
40044777
40044778
40044780
40044782
40044787
40044788
40044790
40044791
40044793
40044800
40044801
40044806
40044811
40044815
40044816
40044821
40044826
40044832
40044834
40044835
40044840
40044842
40044844
40044845
40044850
40044857
40044870
40044874
40044882
40044884
40044886
40044887
40044890
40044891
40044898
40044904
40044907
40044908
40044911
40044912
40044914
40044918
40044922
40044927
40044928
40044929
40044932
40044935
40044940
40044941
40044943
40044944
40044946
40044949
40044952
40044955
40044958
40044960
40044961
40044964
40044965
40044971
40044972
40044975
40044976
40044978
40044979
40044981
40044983
40044984
40044985
40044991
40045003
40045005
40045010
40045013
40045014
40045016
40045018
40045026
40045028
40045029
40045030
40045032
40045033
40045034
40045039
40045042
40045044
40045046
40045047
40045048
40045051
40045052
40045053
40045055
40045057
40045058
40045060
40045061
40045062
40045066
40045067
40045069
40045074
40045075
40045078
40045079
40045081
40045084
40045088
40045091
40045096
40045098
40045100
40045102
40045107
40045111
40045113
40045115
40045116
40045118
40045119
40045122
40045123
40045128
40045131
40045132
40045134
40045137
40045141
40045142
40045146
40045147
40045148
40045149
40045150
40045154
40045157
40045160
40045162
40045164
40045166
40045168
40045177
40045188
40045190
40045193
40045195
40045196
40045197
40045198
40045199
40045201
40045204
40045205
40045208
40045209
40045210
40045211
40045216
40045223
40045227
40045228
40045233
40045235
40045236
40045237
40045241
40045242
40045243
40045246
40045247
40045251
40045254
40045256
40045257
40045260
40045261
40045263
40045267
40045270
40045276
40045280
40045282
40045284
40045286
40045288
40045291
40045292
40045293
40045294
40045297
40045301
40045303
40045305
40045313
40045314
40045316
40045338
40045339
40045340
40045344
40045356
40045358
40045360
40045361
40045369
40045374
40045376
40045378
40045379
40045380
40045382
40045386
40045391
40045394
40045396
40045397
40045402
40045403
40045408
40045409
40045411
40045415
40045418
40045424
40045431
40045442
40045444
40045447
40045450
40045454
40045457
40045458
40045461
40045464
40045465
40045466
40045467
40045471
40045473
40045476
40045478
40045479
40045483
40045486
40045487
40045490
40045491
40045493
40045499
40045501
40045504
40045506
40045507
40045509
40045510
40045512
40045515
40045516
40045517
40045521
40045522
40045523
40045525
40045527
40045528
40045529
40045531
40045533
40045537
40045542
40045544
40045551
40045552
40045554
40045556
40045559
40045562
40045563
40045574
40045575
40045578
40045579
40045580
40045583
40045586
40045589
40045593
40045594
40045595
40045599
40045601
40045602
40045603
40045604
40045611
40045612
40045614
40045615
40045616
40045622
40045623
40045625
40045629
40045630
40045632
40045633
40045636
40045640
40045643
40045646
40045647
40045648
40045649
40045651
40045652
40045660
40045662
40045669
40045670
40045673
40045678
40045685
40045687
40045689
40045690
40045692
40045693
40045697
40045699
40045708
40045718
40045721
40045723
40045724
40045727
40045734
40045736
40045742
40045743
40045744
40045745
40045747
40045748
40045749
40045752
40045753
40045754
40045755
40045758
40045761
40045762
40045764
40045765
40045766
40045771
40045774
40045775
40045779
40045784
40045785
40045788
40045791
40045793
40045795
40045802
40045804
40045808
40045814
40045816
40045817
40045819
40045826
40045831
40045839
40045840
40045844
40045845
40045851
40045856
40045858
40045866
40045867
40045874
40045875
40045881
40045882
40045883
40045884
40045885
40045893
40045894
40045901
40045903
40045904
40045905
40045906
40045908
40045909
40045911
40045912
40045913
40045918
40045923
40045924
40045935
40045938
40045941
40045942
40045944
40045947
40045951
40045953
40045954
40045957
40045958
40045963
40045964
40045969
40045970
40045980
40045982
40045983
40045984
40045989
40045991
40045992
40045993
40045995
40046000
40046001
40046002
40046004
40046006
40046016
40046017
40046020
40046025
40046027
40046028
40046029
40046030
40046035
40046038
40046039
40046040
40046043
40046045
40046046
40046048
40046052
40046053
40046054
40046055
40046056
40046060
40046063
40046065
40046068
40046070
40046073
40046077
40046080
40046081
40046084
40046089
40046090
40046093
40046102
40046106
40046111
40046115
40046119
40046120
40046127
40046128
40046129
40046131
40046137
40046139
40046140
40046141
40046143
40046144
40046147
40046149
40046151
40046154
40046156
40046161
40046162
40046166
40046171
40046173
40046175
40046178
40046185
40046189
40046193
40046199
40046200
40046209
40046215
40046217
40046219
40046221
40046223
40046233
40046236
40046237
40046238
40046239
40046240
40046241
40046242
40046243
40046245
40046247
40046248
40046249
40046256
40046260
40046262
40046267
40046270
40046271
40046280
40046282
40046286
40046287
40046288
40046289
40046292
40046293
40046294
40046297
40046299
40046300
40046301
40046313
40046321
40046322
40046323
40046324
40046325
40046326
40046330
40046336
40046349
40046354
40046355
40046361
40046366
40046367
40046371
40046372
40046373
40046378
40046380
40046381
40046385
40046386
40046387
40046388
40046390
40046392
40046393
40046396
40046398
40046401
40046403
40046405
40046406
40046410
40046411
40046417
40046419
40046420
40046422
40046425
40046426
40046427
40046437
40046439
40046440
40046443
40046444
40046448
40046457
40046465
40046470
40046471
40046472
40046475
40046479
40046487
40046489
40046491
40046492
40046493
40046495
40046496
40046507
40046508
40046510
40046513
40046514
40046515
40046517
40046518
40046524
40046525
40046529
40046535
40046536
40046541
40046544
40046551
40046553
40046556
40046557
40046562
40046569
40046573
40046577
40046579
40046583
40046586
40046591
40046595
40046597
40046602
40046604
40046605
40046608
40046609
40046610
40046614
40046617
40046620
40046624
40046626
40046627
40046630
40046631
40046632
40046633
40046637
40046638
40046639
40046641
40046644
40046651
40046652
40046655
40046657
40046659
40046661
40046662
40046663
40046667
40046668
40046669
40046671
40046672
40046673
40046674
40046676
40046677
40046689
40046691
40046692
40046693
40046696
40046697
40046700
40046702
40046703
40046705
40046707
40046712
40046715
40046720
40046721
40046724
40046726
40046732
40046735
40046736
40046738
40046741
40046742
40046743
40046744
40046745
40046746
40046749
40046750
40046751
40046757
40046758
40046760
40046761
40046763
40046764
40046766
40046770
40046773
40046774
40046775
40046780
40046781
40046784
40046787
40046788
40046791
40046793
40046797
40046798
40046800
40046808
40046809
40046819
40046820
40046827
40046830
40046838
40046841
40046844
40046845
40046847
40046848
40046850
40046853
40046854
40046860
40046861
40046865
40046869
40046871
40046874
40046875
40046880
40046881
40046887
40046888
40046889
40046890
40046894
40046895
40046901
40046904
40046905
40046908
40046912
40046914
40046915
40046916
40046926
40046928
40046932
40046936
40046938
40046942
40046952
40046953
40046954
40046957
40046962
40046964
40046967
40046968
40046970
40046971
40046974
40046975
40046976
40046977
40046978
40046982
40046984
40046987
40046992
40046994
40046996
40047002
40047008
40047009
40047014
40047015
40047022
40047023
40047031
40047033
40047034
40047041
40047042
40047043
40047044
40047050
40047053
40047054
40047055
40047056
40047058
40047063
40047068
40047069
40047073
40047076
40047078
40047081
40047082
40047086
40047089
40047095
40047097
40047098
40047103
40047111
40047114
40047115
40047116
40047120
40047122
40047123
40047124
40047126
40047128
40047129
40047130
40047131
40047138
40047139
40047147
40047153
40047157
40047160
40047164
40047166
40047171
40047174
40047179
40047180
40047181
40047185
40047188
40047189
40047191
40047194
40047198
40047201
40047205
40047207
40047210
40047213
40047215
40047218
40047219
40047228
40047230
40047231
40047236
40047238
40047239
40047242
40047250
40047254
40047258
40047261
40047262
40047266
40047277
40047278
40047281
40047282
40047285
40047286
40047292
40047293
40047294
40047298
40047301
40047302
40047310
40047313
40047316
40047319
40047328
40047332
40047334
40047337
40047342
40047343
40047344
40047345
40047347
40047349
40047350
40047354
40047359
40047363
40047379
40047382
40047385
40047391
40047393
40047399
40047405
40047408
40047417
40047420
40047423
40047424
40047431
40047434
40047437
40047440
40047446
40047449
40047450
40047454
40047462
40047465
40047468
40047471
40047475
40047476
40047477
40047484
40047491
40047493
40047495
40047496
40047498
40047513
40047520
40047523
40047525
40047529
40047531
40047532
40047545
40047550
40047558
40047562
40047569
40047571
40047580
40047581
40047583
40047584
40047585
40047587
40047588
40047592
40047593
40047594
40047597
40047598
40047600
40047601
40047602
40047608
40047611
40047613
40047615
40047619
40047621
40047623
40047628
40047629
40047630
40047636
40047638
40047639
40047640
40047643
40047644
40047654
40047657
40047658
40047660
40047666
40047668
40047669
40047673
40047674
40047675
40047677
40047681
40047682
40047684
40047686
40047687
40047688
40047690
40047693
40047698
40047699
40047700
40047702
40047703
40047710
40047711
40047713
40047717
40047721
40047722
40047728
40047730
40047742
40047744
40047756
40047758
40047760
40047762
40047764
40047765
40047766
40047768
40047770
40047772
40047778
40047779
40047780
40047782
40047783
40047787
40047790
40047791
40047794
40047796
40047800
40047801
40047802
40047805
40047814
40047816
40047824
40047826
40047827
40047828
40047841
40047843
40047845
40047846
40047847
40047851
40047852
40047853
40047855
40047856
40047861
40047866
40047872
40047877
40047881
40047882
40047887
40047889
40047897
40047904
40047910
40047913
40047916
40047917
40047918
40047920
40047928
40047929
40047933
40047937
40047939
40047940
40047941
40047945
40047947
40047948
40047957
40047962
40047964
40047968
40047969
40047970
40047971
40047972
40047973
40047975
40047976
40047977
40047979
40047980
40047989
40047990
40047991
40047994
40047995
40048000
40048009
40048010
40048014
40048015
40048016
40048019
40048025
40048026
40048028
40048033
40048044
40048048
40048055
40048058
40048059
40048061
40048062
40048063
40048069
40048070
40048071
40048073
40048074
40048078
40048081
40048084
40048086
40048087
40048088
40048089
40048090
40048091
40048092
40048095
40048099
40048100
40048102
40048105
40048107
40048108
40048110
40048113
40048114
40048118
40048119
40048120
40048130
40048132
40048137
40048142
40048143
40048145
40048150
40048152
40048154
40048160
40048162
40048164
40048165
40048167
40048172
40048174
40048179
40048180
40048181
40048186
40048189
40048193
40048198
40048202
40048203
40048210
40048214
40048215
40048221
40048222
40048227
40048233
40048239
40048242
40048247
40048248
40048250
40048256
40048258
40048259
40048260
40048261
40048266
40048267
40048271
40048273
40048274
40048276
40048277
40048278
40048282
40048284
40048286
40048287
40048291
40048292
40048302
40048303
40048304
40048308
40048311
40048316
40048320
40048321
40048322
40048323
40048330
40048331
40048332
40048341
40048342
40048354
40048359
40048362
40048373
40048378
40048379
40048380
40048382
40048385
40048386
40048387
40048390
40048395
40048397
40048400
40048404
40048409
40048412
40048413
40048417
40048420
40048426
40048427
40048432
40048433
40048438
40048440
40048441
40048442
40048457
40048459
40048461
40048462
40048463
40048468
40048472
40048473
40048480
40048481
40048485
40048494
40048495
40048496
40048498
40048499
40048500
40048502
40048504
40048505
40048506
40048509
40048515
40048516
40048520
40048521
40048522
40048526
40048528
40048532
40048533
40048537
40048539
40048540
40048541
40048544
40048549
40048553
40048558
40048566
40048568
40048569
40048573
40048577
40048580
40048589
40048594
40048600
40048601
40048603
40048611
40048614
40048616
40048618
40048619
40048626
40048631
40048634
40048638
40048640
40048644
40048645
40048648
40048650
40048656
40048658
40048659
40048668
40048669
40048674
40048675
40048679
40048680
40048681
40048687
40048695
40048696
40048699
40048700
40048701
40048702
40048703
40048709
40048710
40048711
40048712
40048713
40048714
40048715
40048717
40048728
40048732
40048735
40048737
40048739
40048741
40048743
40048746
40048755
40048756
40048758
40048762
40048763
40048771
40048772
40048773
40048774
40048776
40048779
40048784
40048785
40048786
40048790
40048798
40048802
40048804
40048807
40048809
40048811
40048814
40048816
40048817
40048818
40048820
40048823
40048826
40048828
40048830
40048831
40048837
40048840
40048844
40048845
40048846
40048851
40048853
40048854
40048856
40048861
40048864
40048871
40048872
40048873
40048876
40048878
40048881
40048882
40048890
40048892
40048894
40048898
40048903
40048908
40048911
40048912
40048913
40048914
40048920
40048925
40048927
40048928
40048930
40048935
40048936
40048937
40048939
40048941
40048942
40048946
40048950
40048951
40048953
40048955
40048956
40048958
40048965
40048966
40048967
40048968
40048970
40048974
40048975
40048981
40048984
40048985
40048987
40048988
40048995
40048996
40048998
40049004
40049012
40049013
40049018
40049025
40049026
40049030
40049032
40049033
40049034
40049035
40049037
40049038
40049044
40049045
40049050
40049055
40049056
40049060
40049061
40049062
40049063
40049065
40049066
40049068
40049069
40049078
40049079
40049085
40049086
40049088
40049090
40049091
40049094
40049096
40049099
40049101
40049103
40049105
40049107
40049116
40049121
40049122
40049123
40049125
40049127
40049128
40049132
40049134
40049135
40049138
40049143
40049150
40049153
40049155
40049156
40049159
40049169
40049172
40049173
40049183
40049186
40049187
40049195
40049198
40049204
40049205
40049213
40049214
40049216
40049217
40049219
40049223
40049224
40049227
40049228
40049231
40049240
40049241
40049242
40049248
40049251
40049252
40049254
40049263
40049265
40049266
40049268
40049280
40049281
40049284
40049285
40049286
40049289
40049293
40049295
40049300
40049301
40049304
40049305
40049307
40049311
40049318
40049322
40049325
40049330
40049331
40049333
40049334
40049337
40049342
40049344
40049346
40049348
40049352
40049357
40049358
40049359
40049361
40049365
40049366
40049367
40049368
40049370
40049371
40049372
40049375
40049381
40049384
40049385
40049388
40049389
40049390
40049392
40049393
40049395
40049396
40049400
40049401
40049403
40049404
40049410
40049418
40049421
40049423
40049436
40049438
40049439
40049440
40049445
40049447
40049458
40049460
40049465
40049466
40049471
40049475
40049483
40049486
40049488
40049493
40049494
40049500
40049502
40049505
40049506
40049507
40049509
40049510
40049511
40049512
40049513
40049515
40049516
40049517
40049520
40049526
40049527
40049528
40049531
40049541
40049542
40049544
40049546
40049551
40049554
40049556
40049561
40049564
40049565
40049566
40049569
40049570
40049572
40049574
40049576
40049580
40049581
40049582
40049584
40049586
40049588
40049593
40049596
40049598
40049606
40049617
40049618
40049619
40049624
40049629
40049630
40049635
40049637
40049638
40049646
40049647
40049651
40049652
40049654
40049657
40049661
40049663
40049664
40049667
40049668
40049670
40049673
40049674
40049675
40049679
40049681
40049683
40049684
40049685
40049689
40049690
40049691
40049693
40049697
40049708
40049711
40049712
40049721
40049724
40049732
40049740
40049741
40049742
40049744
40049750
40049760
40049764
40049766
40049767
40049771
40049772
40049775
40049776
40049779
40049781
40049783
40049785
40049786
40049787
40049788
40049789
40049791
40049793
40049804
40049805
40049812
40049814
40049815
40049817
40049822
40049823
40049830
40049832
40049834
40049837
40049841
40049843
40049850
40049855
40049857
40049859
40049867
40049868
40049881
40049884
40049885
40049889
40049894
40049895
40049902
40049903
40049904
40049914
40049915
40049917
40049918
40049927
40049928
40049933
40049942
40049950
40049956
40049959
40049960
40049961
40049966
40049970
40049973
40049974
40049975
40049976
40049977
40049979
40049981
40049982
40049983
40049986
40049987
40049989
40049990
40049992
40049994
40049997
40050000
40050004
40050006
40050007
40050010
40050014
40050015
40050021
40050024
40050025
40050030
40050036
40050037
40050041
40050043
40050045
40050046
40050047
40050057
40050058
40050059
40050061
40050067
40050069
40050071
40050072
40050076
40050080
40050084
40050088
40050090
40050093
40050095
40050096
40050099
40050102
40050105
40050113
40050116
40050117
40050118
40050121
40050122
40050125
40050129
40050131
40050133
40050136
40050141
40050142
40050145
40050147
40050155
40050156
40050160
40050161
40050165
40050172
40050174
40050177
40050178
40050180
40050181
40050184
40050188
40050190
40050192
40050197
40050198
40050201
40050204
40050208
40050211
40050212
40050214
40050217
40050219
40050220
40050223
40050228
40050230
40050232
40050239
40050240
40050251
40050258
40050261
40050265
40050270
40050275
40050276
40050278
40050280
40050281
40050284
40050286
40050288
40050291
40050294
40050295
40050297
40050298
40050299
40050300
40050302
40050305
40050307
40050310
40050313
40050315
40050317
40050318
40050330
40050331
40050334
40050336
40050338
40050339
40050342
40050347
40050349
40050352
40050354
40050355
40050356
40050357
40050358
40050361
40050369
40050373
40050379
40050388
40050394
40050395
40050399
40050414
40050416
40050422
40050425
40050433
40050436
40050438
40050439
40050441
40050445
40050446
40050447
40050455
40050462
40050466
40050467
40050470
40050471
40050472
40050475
40050478
40050487
40050488
40050490
40050492
40050495
40050496
40050498
40050500
40050502
40050503
40050504
40050505
40050511
40050519
40050522
40050523
40050527
40050530
40050534
40050539
40050540
40050541
40050542
40050544
40050547
40050552
40050553
40050559
40050562
40050563
40050564
40050568
40050570
40050576
40050581
40050583
40050584
40050595
40050596
40050597
40050599
40050607
40050608
40050609
40050619
40050624
40050627
40050635
40050641
40050645
40050649
40050651
40050655
40050657
40050658
40050661
40050663
40050664
40050666
40050668
40050669
40050670
40050673
40050677
40050680
40050684
40050686
40050687
40050690
40050693
40050695
40050699
40050700
40050704
40050705
40050707
40050711
40050714
40050716
40050719
40050723
40050727
40050735
40050737
40050739
40050751
40050754
40050756
40050762
40050763
40050768
40050771
40050774
40050777
40050778
40050779
40050782
40050785
40050789
40050791
40050799
40050801
40050803
40050807
40050808
40050809
40050813
40050814
40050815
40050816
40050818
40050820
40050821
40050822
40050824
40050828
40050831
40050832
40050833
40050836
40050838
40050844
40050849
40050851
40050858
40050861
40050863
40050864
40050873
40050880
40050882
40050883
40050887
40050889
40050890
40050891
40050899
40050900
40050901
40050903
40050907
40050910
40050915
40050921
40050922
40050924
40050930
40050932
40050938
40050940
40050946
40050950
40050955
40050959
40050970
40050975
40050976
40050977
40050984
40050986
40050988
40050990
40050993
40050997
40050998
40051006
40051009
40051012
40051013
40051015
40051021
40051026
40051029
40051032
40051033
40051034
40051036
40051037
40051038
40051041
40051042
40051046
40051048
40051049
40051053
40051056
40051061
40051071
40051077
40051078
40051080
40051091
40051094
40051103
40051109
40051111
40051116
40051119
40051130
40051137
40051144
40051145
40051147
40051151
40051153
40051154
40051155
40051158
40051160
40051161
40051164
40051168
40051171
40051172
40051173
40051177
40051178
40051179
40051185
40051186
40051187
40051192
40051193
40051196
40051202
40051203
40051205
40051206
40051207
40051209
40051213
40051220
40051228
40051229
40051233
40051234
40051238
40051241
40051247
40051248
40051249
40051250
40051252
40051260
40051266
40051267
40051276
40051277
40051281
40051283
40051284
40051288
40051290
40051294
40051295
40051298
40051304
40051309
40051310
40051323
40051326
40051327
40051329
40051333
40051335
40051340
40051343
40051347
40051356
40051362
40051371
40051376
40051379
40051381
40051382
40051383
40051385
40051386
40051390
40051391
40051393
40051396
40051397
40051398
40051399
40051400
40051401
40051402
40051403
40051405
40051409
40051415
40051417
40051418
40051422
40051429
40051430
40051440
40051444
40051445
40051451
40051453
40051455
40051456
40051460
40051463
40051464
40051480
40051486
40051489
40051494
40051495
40051496
40051499
40051503
40051506
40051511
40051519
40051520
40051521
40051523
40051524
40051526
40051533
40051538
40051548
40051550
40051554
40051557
40051567
40051570
40051578
40051579
40051581
40051586
40051590
40051591
40051592
40051596
40051598
40051599
40051604
40051605
40051607
40051610
40051611
40051613
40051616
40051618
40051625
40051626
40051629
40051636
40051639
40051641
40051642
40051643
40051648
40051650
40051652
40051653
40051656
40051659
40051662
40051667
40051674
40051676
40051681
40051683
40051686
40051688
40051698
40051702
40051703
40051705
40051709
40051710
40051712
40051718
40051721
40051729
40051732
40051734
40051735
40051737
40051738
40051739
40051746
40051755
40051756
40051758
40051759
40051763
40051774
40051778
40051782
40051786
40051790
40051791
40051792
40051800
40051803
40051808
40051813
40051817
40051818
40051822
40051824
40051831
40051832
40051836
40051837
40051842
40051845
40051848
40051850
40051852
40051853
40051855
40051860
40051861
40051870
40051872
40051873
40051875
40051877
40051878
40051880
40051883
40051893
40051898
40051899
40051904
40051906
40051907
40051911
40051914
40051918
40051919
40051920
40051921
40051922
40051924
40051925
40051926
40051928
40051937
40051941
40051944
40051945
40051946
40051949
40051955
40051961
40051966
40051967
40051970
40051976
40051981
40051985
40051988
40051991
40051993
40051997
40052001
40052005
40052006
40052009
40052010
40052012
40052023
40052024
40052025
40052028
40052030
40052031
40052032
40052034
40052038
40052043
40052046
40052054
40052058
40052060
40052062
40052066
40052067
40052068
40052070
40052071
40052073
40052076
40052078
40052088
40052091
40052092
40052094
40052096
40052098
40052099
40052100
40052103
40052108
40052109
40052110
40052111
40052116
40052119
40052122
40052123
40052130
40052132
40052144
40052145
40052146
40052151
40052152
40052156
40052160
40052166
40052167
40052171
40052175
40052176
40052178
40052182
40052184
40052189
40052190
40052192
40052195
40052203
40052210
40052211
40052213
40052223
40052225
40052228
40052230
40052241
40052243
40052244
40052249
40052254
40052262
40052264
40052266
40052286
40052288
40052289
40052291
40052293
40052295
40052304
40052308
40052310
40052315
40052318
40052322
40052324
40052325
40052326
40052327
40052330
40052331
40052334
40052337
40052338
40052340
40052346
40052349
40052352
40052355
40052361
40052368
40052373
40052376
40052380
40052390
40052393
40052395
40052396
40052399
40052401
40052404
40052409
40052411
40052414
40052417
40052420
40052422
40052430
40052434
40052435
40052436
40052438
40052449
40052450
40052456
40052460
40052462
40052463
40052464
40052469
40052472
40052476
40052479
40052480
40052481
40052488
40052497
40052499
40052500
40052501
40052503
40052504
40052505
40052506
40052507
40052512
40052514
40052518
40052530
40052531
40052534
40052535
40052540
40052541
40052546
40052556
40052558
40052560
40052561
40052562
40052564
40052566
40052574
40052578
40052581
40052585
40052591
40052593
40052595
40052598
40052603
40052607
40052608
40052610
40052615
40052617
40052620
40052621
40052624
40052626
40052628
40052630
40052632
40052636
40052638
40052640
40052642
40052644
40052651
40052652
40052655
40052656
40052660
40052661
40052664
40052666
40052667
40052672
40052674
40052675
40052678
40052681
40052683
40052688
40052690
40052698
40052704
40052711
40052714
40052718
40052723
40052724
40052728
40052735
40052738
40052745
40052748
40052749
40052752
40052753
40052755
40052756
40052759
40052761
40052763
40052764
40052765
40052776
40052783
40052784
40052785
40052787
40052788
40052791
40052792
40052794
40052802
40052803
40052806
40052807
40052808
40052816
40052823
40052824
40052825
40052828
40052829
40052830
40052831
40052833
40052836
40052837
40052848
40052853
40052854
40052857
40052858
40052859
40052860
40052861
40052862
40052864
40052869
40052870
40052871
40052872
40052875
40052876
40052878
40052881
40052885
40052886
40052900
40052906
40052907
40052908
40052910
40052911
40052912
40052916
40052917
40052918
40052920
40052927
40052928
40052930
40052934
40052935
40052937
40052938
40052940
40052941
40052944
40052945
40052946
40052951
40052959
40052960
40052961
40052962
40052966
40052967
40052969
40052975
40052985
40052986
40052990
40052992
40052994
40052995
40052996
40052997
40053000
40053005
40053007
40053009
40053011
40053013
40053015
40053019
40053022
40053024
40053025
40053026
40053029
40053038
40053042
40053050
40053051
40053053
40053057
40053059
40053060
40053063
40053066
40053067
40053075
40053077
40053079
40053081
40053084
40053085
40053086
40053088
40053093
40053096
40053098
40053100
40053101
40053103
40053104
40053105
40053107
40053108
40053114
40053115
40053119
40053120
40053121
40053122
40053123
40053125
40053129
40053131
40053141
40053143
40053150
40053154
40053157
40053158
40053161
40053166
40053167
40053169
40053171
40053173
40053176
40053180
40053183
40053185
40053191
40053194
40053197
40053198
40053201
40053203
40053205
40053213
40053214
40053221
40053226
40053229
40053233
40053235
40053236
40053237
40053241
40053242
40053245
40053247
40053248
40053250
40053253
40053255
40053258
40053260
40053264
40053268
40053269
40053270
40053274
40053275
40053278
40053279
40053281
40053283
40053284
40053292
40053297
40053299
40053300
40053301
40053305
40053306
40053307
40053309
40053314
40053315
40053317
40053320
40053321
40053322
40053324
40053329
40053331
40053335
40053345
40053347
40053348
40053350
40053351
40053360
40053368
40053369
40053371
40053374
40053377
40053381
40053384
40053385
40053387
40053388
40053391
40053395
40053399
40053404
40053409
40053411
40053415
40053416
40053420
40053421
40053423
40053425
40053427
40053428
40053430
40053436
40053438
40053441
40053449
40053454
40053455
40053458
40053460
40053461
40053470
40053477
40053478
40053480
40053481
40053483
40053485
40053495
40053496
40053502
40053503
40053505
40053506
40053514
40053515
40053516
40053519
40053520
40053521
40053522
40053527
40053528
40053530
40053531
40053540
40053541
40053542
40053543
40053547
40053555
40053556
40053559
40053560
40053561
40053563
40053564
40053569
40053570
40053580
40053581
40053582
40053583
40053592
40053593
40053595
40053599
40053601
40053610
40053619
40053620
40053621
40053623
40053629
40053630
40053631
40053633
40053635
40053638
40053644
40053648
40053649
40053650
40053656
40053661
40053662
40053667
40053668
40053670
40053674
40053677
40053678
40053679
40053685
40053687
40053693
40053699
40053700
40053703
40053710
40053718
40053722
40053723
40053727
40053732
40053733
40053735
40053736
40053743
40053744
40053746
40053750
40053752
40053756
40053757
40053758
40053759
40053760
40053761
40053762
40053765
40053768
40053769
40053770
40053784
40053786
40053793
40053796
40053797
40053803
40053805
40053807
40053808
40053811
40053815
40053823
40053832
40053837
40053838
40053840
40053843
40053844
40053848
40053851
40053852
40053854
40053863
40053865
40053866
40053873
40053876
40053880
40053882
40053883
40053885
40053888
40053892
40053899
40053900
40053902
40053907
40053910
40053914
40053916
40053917
40053918
40053919
40053920
40053924
40053928
40053929
40053931
40053935
40053937
40053938
40053941
40053942
40053943
40053944
40053946
40053948
40053949
40053959
40053962
40053963
40053975
40053978
40053987
40053988
40053991
40053994
40053996
40053997
40053999
40054001
40054002
40054012
40054014
40054015
40054020
40054024
40054025
40054026
40054037
40054038
40054045
40054046
40054049
40054058
40054060
40054065
40054066
40054068
40054071
40054074
40054082
40054085
40054086
40054091
40054094
40054096
40054097
40054098
40054100
40054101
40054104
40054114
40054118
40054126
40054128
40054131
40054132
40054140
40054142
40054143
40054149
40054150
40054157
40054161
40054164
40054168
40054169
40054171
40054172
40054173
40054183
40054184
40054185
40054186
40054189
40054194
40054195
40054201
40054205
40054206
40054209
40054217
40054219
40054220
40054221
40054222
40054223
40054224
40054225
40054233
40054236
40054237
40054238
40054241
40054246
40054247
40054253
40054258
40054264
40054271
40054273
40054280
40054281
40054282
40054283
40054284
40054287
40054289
40054298
40054300
40054301
40054303
40054306
40054309
40054310
40054313
40054314
40054321
40054325
40054331
40054333
40054336
40054338
40054339
40054341
40054348
40054360
40054361
40054363
40054365
40054366
40054377
40054378
40054379
40054384
40054386
40054387
40054388
40054396
40054399
40054400
40054407
40054408
40054409
40054412
40054413
40054414
40054416
40054419
40054421
40054433
40054434
40054437
40054448
40054451
40054460
40054462
40054467
40054468
40054469
40054478
40054482
40054483
40054485
40054489
40054491
40054492
40054493
40054499
40054504
40054506
40054510
40054511
40054515
40054517
40054524
40054530
40054535
40054539
40054541
40054543
40054544
40054549
40054552
40054557
40054563
40054570
40054571
40054573
40054576
40054579
40054580
40054584
40054586
40054587
40054588
40054589
40054592
40054593
40054594
40054599
40054605
40054608
40054610
40054613
40054614
40054624
40054625
40054632
40054633
40054636
40054637
40054638
40054640
40054641
40054644
40054646
40054648
40054652
40054655
40054656
40054658
40054660
40054663
40054665
40054667
40054669
40054671
40054673
40054678
40054680
40054683
40054684
40054685
40054686
40054689
40054690
40054691
40054696
40054697
40054700
40054701
40054718
40054723
40054725
40054727
40054728
40054732
40054734
40054735
40054737
40054738
40054745
40054751
40054758
40054761
40054764
40054767
40054770
40054771
40054772
40054773
40054774
40054777
40054780
40054785
40054787
40054788
40054791
40054794
40054795
40054803
40054806
40054808
40054809
40054816
40054819
40054820
40054821
40054825
40054826
40054833
40054834
40054835
40054836
40054841
40054849
40054851
40054852
40054853
40054855
40054856
40054858
40054862
40054863
40054866
40054867
40054872
40054875
40054879
40054880
40054881
40054883
40054884
40054889
40054893
40054895
40054908
40054910
40054916
40054918
40054922
40054926
40054927
40054929
40054932
40054933
40054935
40054939
40054943
40054950
40054951
40054952
40054964
40054968
40054969
40054971
40054972
40054973
40054977
40054979
40054982
40054984
40054987
40054990
40054991
40054993
40054995
40054997
40054999
40055002
40055008
40055016
40055017
40055020
40055022
40055025
40055026
40055027
40055028
40055030
40055031
40055035
40055036
40055037
40055039
40055040
40055042
40055046
40055047
40055050
40055058
40055059
40055060
40055061
40055062
40055067
40055068
40055071
40055072
40055075
40055078
40055082
40055088
40055090
40055091
40055092
40055096
40055098
40055100
40055104
40055110
40055111
40055112
40055114
40055121
40055122
40055129
40055130
40055133
40055134
40055135
40055138
40055140
40055143
40055144
40055146
40055147
40055148
40055150
40055154
40055159
40055165
40055172
40055173
40055177
40055178
40055179
40055181
40055193
40055195
40055201
40055203
40055204
40055209
40055211
40055214
40055215
40055216
40055218
40055220
40055227
40055228
40055229
40055237
40055239
40055241
40055246
40055250
40055251
40055253
40055256
40055265
40055267
40055268
40055274
40055275
40055276
40055277
40055285
40055286
40055287
40055289
40055292
40055294
40055297
40055302
40055305
40055306
40055308
40055312
40055313
40055314
40055322
40055326
40055328
40055330
40055331
40055332
40055333
40055335
40055336
40055340
40055345
40055349
40055351
40055352
40055355
40055363
40055366
40055367
40055368
40055369
40055370
40055374
40055375
40055376
40055378
40055391
40055392
40055395
40055397
40055402
40055409
40055410
40055413
40055415
40055416
40055421
40055427
40055428
40055430
40055435
40055441
40055443
40055446
40055450
40055452
40055454
40055456
40055458
40055461
40055466
40055467
40055469
40055470
40055472
40055477
40055478
40055482
40055484
40055485
40055487
40055488
40055493
40055494
40055495
40055498
40055501
40055502
40055503
40055505
40055506
40055511
40055512
40055516
40055519
40055520
40055522
40055525
40055526
40055528
40055530
40055531
40055535
40055536
40055537
40055548
40055552
40055553
40055554
40055555
40055558
40055559
40055561
40055564
40055569
40055572
40055579
40055580
40055584
40055585
40055588
40055593
40055596
40055597
40055599
40055601
40055602
40055608
40055609
40055613
40055614
40055616
40055617
40055620
40055622
40055627
40055628
40055630
40055631
40055632
40055635
40055638
40055640
40055641
40055644
40055645
40055654
40055656
40055658
40055660
40055661
40055665
40055666
40055667
40055668
40055672
40055674
40055676
40055681
40055683
40055686
40055687
40055688
40055691
40055692
40055701
40055702
40055703
40055711
40055713
40055714
40055717
40055719
40055726
40055728
40055729
40055732
40055736
40055737
40055739
40055741
40055746
40055747
40055748
40055751
40055753
40055754
40055758
40055759
40055760
40055763
40055767
40055768
40055773
40055778
40055779
40055780
40055782
40055786
40055789
40055791
40055797
40055799
40055804
40055806
40055808
40055809
40055810
40055812
40055818
40055828
40055829
40055830
40055831
40055832
40055834
40055837
40055838
40055843
40055848
40055851
40055853
40055859
40055862
40055868
40055869
40055881
40055882
40055884
40055894
40055895
40055896
40055899
40055902
40055903
40055904
40055906
40055911
40055916
40055917
40055918
40055919
40055930
40055932
40055933
40055936
40055937
40055941
40055944
40055948
40055952
40055955
40055956
40055957
40055961
40055962
40055964
40055969
40055970
40055974
40055976
40055982
40055983
40055985
40055986
40055987
40055988
40055990
40055991
40055994
40055995
40055996
40055997
40056000
40056009
40056010
40056016
40056023
40056027
40056031
40056034
40056038
40056044
40056047
40056048
40056051
40056052
40056053
40056056
40056065
40056068
40056070
40056071
40056074
40056077
40056078
40056093
40056102
40056103
40056106
40056111
40056112
40056122
40056125
40056127
40056134
40056135
40056136
40056141
40056146
40056147
40056149
40056150
40056153
40056154
40056155
40056159
40056161
40056163
40056166
40056168
40056171
40056172
40056173
40056179
40056181
40056183
40056185
40056191
40056193
40056199
40056200
40056203
40056204
40056208
40056210
40056213
40056224
40056225
40056232
40056233
40056234
40056236
40056237
40056239
40056240
40056247
40056248
40056250
40056254
40056255
40056258
40056264
40056274
40056275
40056283
40056294
40056296
40056302
40056303
40056308
40056309
40056311
40056312
40056313
40056315
40056317
40056322
40056324
40056328
40056332
40056334
40056336
40056342
40056345
40056349
40056351
40056353
40056355
40056358
40056359
40056360
40056363
40056364
40056366
40056372
40056373
40056375
40056376
40056381
40056387
40056389
40056392
40056395
40056397
40056398
40056400
40056404
40056405
40056409
40056410
40056412
40056413
40056414
40056419
40056422
40056423
40056428
40056430
40056431
40056432
40056436
40056444
40056445
40056448
40056452
40056453
40056454
40056455
40056457
40056462
40056470
40056472
40056478
40056479
40056480
40056481
40056483
40056486
40056488
40056489
40056491
40056497
40056498
40056499
40056502
40056503
40056504
40056505
40056511
40056514
40056521
40056527
40056528
40056530
40056546
40056547
40056551
40056555
40056559
40056566
40056568
40056570
40056571
40056573
40056577
40056584
40056585
40056591
40056592
40056593
40056597
40056603
40056608
40056609
40056613
40056615
40056620
40056621
40056622
40056627
40056630
40056633
40056643
40056647
40056652
40056656
40056657
40056660
40056662
40056663
40056667
40056670
40056675
40056681
40056684
40056685
40056686
40056689
40056692
40056693
40056695
40056696
40056697
40056698
40056707
40056709
40056712
40056713
40056715
40056716
40056721
40056725
40056728
40056734
40056735
40056738
40056740
40056742
40056744
40056749
40056756
40056761
40056762
40056763
40056771
40056773
40056778
40056780
40056783
40056784
40056789
40056791
40056793
40056794
40056795
40056797
40056798
40056804
40056805
40056806
40056810
40056812
40056821
40056827
40056828
40056829
40056834
40056835
40056845
40056847
40056850
40056851
40056853
40056857
40056861
40056865
40056867
40056868
40056875
40056878
40056882
40056883
40056895
40056897
40056900
40056901
40056904
40056909
40056910
40056911
40056915
40056918
40056919
40056924
40056927
40056929
40056930
40056931
40056933
40056934
40056935
40056943
40056945
40056948
40056950
40056951
40056958
40056959
40056961
40056963
40056964
40056967
40056968
40056973
40056978
40056980
40056988
40056991
40056994
40057000
40057002
40057004
40057006
40057007
40057010
40057012
40057016
40057017
40057018
40057024
40057028
40057030
40057031
40057035
40057036
40057037
40057044
40057047
40057051
40057053
40057055
40057060
40057063
40057066
40057070
40057071
40057073
40057077
40057078
40057081
40057082
40057084
40057087
40057098
40057101
40057104
40057109
40057114
40057115
40057116
40057117
40057119
40057120
40057122
40057127
40057128
40057130
40057132
40057133
40057137
40057140
40057142
40057143
40057147
40057149
40057151
40057152
40057153
40057154
40057155
40057156
40057158
40057167
40057168
40057173
40057174
40057176
40057177
40057178
40057180
40057184
40057187
40057190
40057203
40057205
40057208
40057209
40057212
40057216
40057217
40057218
40057220
40057225
40057227
40057231
40057232
40057233
40057240
40057246
40057254
40057256
40057264
40057267
40057269
40057270
40057272
40057274
40057276
40057277
40057281
40057287
40057288
40057290
40057293
40057296
40057300
40057301
40057305
40057311
40057312
40057315
40057324
40057326
40057329
40057330
40057331
40057334
40057335
40057337
40057340
40057341
40057349
40057350
40057355
40057358
40057362
40057363
40057364
40057368
40057370
40057386
40057388
40057390
40057392
40057394
40057397
40057398
40057402
40057405
40057408
40057413
40057423
40057428
40057430
40057431
40057432
40057433
40057438
40057440
40057441
40057443
40057450
40057452
40057455
40057456
40057460
40057461
40057470
40057471
40057472
40057473
40057474
40057482
40057484
40057485
40057487
40057494
40057500
40057502
40057506
40057510
40057515
40057518
40057519
40057523
40057526
40057529
40057530
40057532
40057533
40057538
40057544
40057545
40057546
40057547
40057549
40057550
40057554
40057555
40057557
40057558
40057563
40057566
40057568
40057569
40057574
40057577
40057578
40057582
40057583
40057585
40057586
40057588
40057592
40057595
40057597
40057600
40057601
40057603
40057604
40057609
40057610
40057611
40057616
40057621
40057622
40057624
40057627
40057632
40057636
40057637
40057639
40057640
40057643
40057650
40057654
40057656
40057657
40057659
40057661
40057662
40057664
40057667
40057668
40057675
40057676
40057677
40057678
40057684
40057685
40057686
40057690
40057692
40057693
40057694
40057697
40057699
40057703
40057704
40057705
40057707
40057712
40057715
40057721
40057724
40057726
40057730
40057739
40057740
40057746
40057747
40057749
40057751
40057753
40057754
40057758
40057760
40057763
40057764
40057767
40057777
40057781
40057783
40057785
40057787
40057791
40057792
40057794
40057808
40057810
40057811
40057812
40057815
40057816
40057817
40057819
40057820
40057821
40057824
40057829
40057831
40057834
40057835
40057843
40057847
40057849
40057850
40057856
40057861
40057862
40057869
40057873
40057878
40057879
40057881
40057884
40057886
40057888
40057889
40057892
40057894
40057896
40057898
40057899
40057900
40057904
40057908
40057911
40057920
40057923
40057925
40057928
40057931
40057945
40057946
40057947
40057954
40057955
40057958
40057964
40057965
40057966
40057968
40057973
40057977
40057980
40057981
40057982
40057983
40057989
40057991
40057996
40057999
40058001
40058002
40058003
40058007
40058008
40058010
40058011
40058014
40058015
40058016
40058020
40058022
40058023
40058024
40058026
40058027
40058032
40058036
40058037
40058043
40058044
40058045
40058046
40058048
40058049
40058052
40058053
40058055
40058057
40058061
40058067
40058069
40058071
40058073
40058076
40058078
40058079
40058083
40058084
40058086
40058087
40058091
40058098
40058102
40058103
40058106
40058107
40058109
40058115
40058121
40058123
40058124
40058126
40058129
40058132
40058136
40058137
40058138
40058139
40058144
40058145
40058149
40058154
40058160
40058161
40058167
40058168
40058172
40058176
40058177
40058178
40058179
40058183
40058187
40058188
40058189
40058190
40058192
40058195
40058202
40058204
40058205
40058210
40058212
40058213
40058214
40058218
40058219
40058223
40058224
40058226
40058230
40058231
40058232
40058238
40058240
40058241
40058242
40058244
40058245
40058248
40058250
40058253
40058255
40058257
40058258
40058260
40058263
40058264
40058273
40058277
40058281
40058289
40058291
40058295
40058297
40058299
40058300
40058302
40058303
40058309
40058310
40058315
40058319
40058320
40058321
40058323
40058324
40058329
40058331
40058332
40058333
40058336
40058338
40058340
40058344
40058347
40058348
40058352
40058354
40058355
40058357
40058359
40058360
40058363
40058371
40058373
40058374
40058377
40058379
40058385
40058389
40058390
40058393
40058396
40058397
40058398
40058399
40058404
40058409
40058411
40058412
40058418
40058423
40058425
40058427
40058428
40058429
40058430
40058431
40058434
40058437
40058438
40058442
40058445
40058449
40058450
40058459
40058465
40058467
40058470
40058477
40058481
40058482
40058483
40058489
40058494
40058505
40058510
40058511
40058517
40058519
40058523
40058524
40058525
40058526
40058531
40058536
40058539
40058543
40058548
40058549
40058550
40058552
40058553
40058554
40058556
40058559
40058560
40058561
40058562
40058579
40058580
40058583
40058585
40058591
40058594
40058595
40058600
40058604
40058607
40058610
40058612
40058613
40058619
40058622
40058627
40058629
40058635
40058638
40058639
40058640
40058641
40058643
40058647
40058648
40058649
40058653
40058655
40058657
40058658
40058672
40058677
40058679
40058687
40058689
40058690
40058698
40058702
40058705
40058706
40058707
40058710
40058712
40058722
40058724
40058725
40058726
40058732
40058734
40058739
40058741
40058743
40058744
40058747
40058748
40058749
40058750
40058752
40058753
40058756
40058758
40058762
40058764
40058767
40058771
40058772
40058774
40058782
40058783
40058785
40058786
40058787
40058791
40058792
40058794
40058798
40058800
40058801
40058805
40058806
40058809
40058811
40058814
40058820
40058824
40058831
40058839
40058844
40058847
40058854
40058856
40058864
40058865
40058866
40058872
40058873
40058874
40058881
40058884
40058885
40058886
40058896
40058900
40058905
40058908
40058909
40058910
40058911
40058926
40058928
40058930
40058932
40058933
40058934
40058935
40058938
40058941
40058944
40058945
40058946
40058951
40058952
40058954
40058956
40058957
40058960
40058964
40058965
40058969
40058974
40058975
40058979
40058982
40058988
40058989
40058990
40058995
40058996
40058998
40059001
40059003
40059006
40059008
40059009
40059018
40059019
40059023
40059025
40059026
40059027
40059031
40059034
40059036
40059037
40059038
40059051
40059054
40059055
40059056
40059059
40059060
40059061
40059062
40059067
40059069
40059070
40059073
40059075
40059080
40059081
40059083
40059086
40059087
40059088
40059093
40059098
40059101
40059105
40059106
40059107
40059110
40059121
40059122
40059127
40059128
40059129
40059132
40059136
40059138
40059141
40059142
40059150
40059151
40059152
40059154
40059155
40059156
40059159
40059160
40059163
40059167
40059171
40059175
40059177
40059186
40059187
40059190
40059191
40059193
40059200
40059208
40059210
40059213
40059224
40059231
40059233
40059235
40059238
40059239
40059244
40059245
40059246
40059256
40059262
40059264
40059266
40059268
40059269
40059272
40059276
40059277
40059285
40059286
40059291
40059292
40059294
40059298
40059300
40059301
40059302
40059304
40059307
40059308
40059309
40059311
40059327
40059331
40059332
40059333
40059336
40059338
40059342
40059343
40059345
40059346
40059348
40059354
40059356
40059357
40059361
40059362
40059363
40059366
40059368
40059370
40059374
40059385
40059389
40059393
40059396
40059403
40059405
40059409
40059410
40059412
40059415
40059422
40059425
40059428
40059431
40059434
40059435
40059437
40059438
40059441
40059442
40059446
40059454
40059455
40059457
40059460
40059465
40059466
40059468
40059472
40059473
40059481
40059485
40059487
40059489
40059493
40059498
40059500
40059501
40059502
40059503
40059509
40059514
40059520
40059525
40059526
40059527
40059530
40059536
40059538
40059540
40059542
40059543
40059548
40059554
40059556
40059558
40059559
40059561
40059562
40059563
40059566
40059575
40059576
40059582
40059586
40059590
40059591
40059592
40059593
40059594
40059597
40059600
40059602
40059607
40059608
40059610
40059613
40059614
40059627
40059629
40059630
40059633
40059634
40059635
40059642
40059647
40059648
40059649
40059650
40059651
40059654
40059657
40059658
40059660
40059661
40059663
40059666
40059667
40059671
40059672
40059674
40059685
40059686
40059689
40059691
40059695
40059697
40059699
40059700
40059701
40059705
40059706
40059711
40059713
40059716
40059719
40059723
40059724
40059726
40059732
40059736
40059737
40059738
40059741
40059742
40059744
40059749
40059753
40059754
40059759
40059765
40059767
40059768
40059770
40059773
40059779
40059780
40059781
40059782
40059785
40059789
40059796
40059797
40059799
40059800
40059801
40059803
40059805
40059808
40059810
40059815
40059816
40059821
40059822
40059824
40059825
40059830
40059834
40059835
40059837
40059839
40059843
40059848
40059853
40059858
40059859
40059860
40059861
40059863
40059871
40059879
40059881
40059883
40059887
40059891
40059895
40059896
40059898
40059899
40059900
40059902
40059903
40059905
40059906
40059910
40059915
40059923
40059928
40059931
40059934
40059935
40059936
40059937
40059941
40059945
40059946
40059947
40059951
40059953
40059954
40059956
40059957
40059958
40059960
40059961
40059965
40059966
40059968
40059970
40059983
40059987
40059994
40059995
40059997
40059998
