0
1
2
3
4
5
6
7
8
9
10
11
12
13
14
15
16
17
18
19
20
21
22
23
24
25
26
27
28
29
30
31
32
33
34
35
36
37
38
39
40
41
42
43
44
45
46
47
48
49
50
51
52
53
54
55
56
57
58
59
60
61
62
63
64
65
66
67
68
69
70
71
72
73
74
75
76
77
78
79
80
81
82
83
84
85
86
87
88
89
90
91
92
93
94
95
96
97
98
99
100
101
102
103
104
105
106
107
108
109
110
111
112
113
114
115
116
117
118
119
120
121
122
123
124
125
126
127
128
129
130
131
132
133
134
135
136
137
138
139
140
141
142
143
144
145
146
147
148
149
150
151
152
153
154
155
156
157
158
159
160
161
162
163
164
165
166
167
168
169
170
171
172
173
174
175
176
177
178
179
180
181
182
183
184
185
186
187
188
189
190
191
192
193
194
195
196
197
198
199
200
201
202
203
204
205
206
207
208
209
210
211
212
213
214
215
216
217
218
219
220
221
222
223
224
225
226
227
228
229
230
231
232
233
234
235
236
237
238
239
240
241
242
243
244
245
246
247
248
249
250
251
252
253
254
255
256
257
258
259
260
261
262
263
264
265
266
267
268
269
270
271
272
273
274
275
276
277
278
279
280
281
282
283
284
285
286
287
288
289
290
291
292
293
294
295
296
297
298
299
300
301
302
303
304
305
306
307
308
309
310
311
312
313
314
315
316
317
318
319
320
321
322
323
324
325
326
327
328
329
330
331
332
333
334
335
336
337
338
339
340
341
342
343
344
345
346
347
348
349
350
351
352
353
354
355
356
357
358
359
360
361
362
363
364
365
366
367
368
369
370
371
372
373
374
375
376
377
378
379
380
381
382
383
384
385
386
387
388
389
390
391
392
393
394
395
396
397
398
399
400
401
402
403
404
405
406
407
408
409
410
411
412
413
414
415
416
417
418
419
420
421
422
423
424
425
426
427
428
429
430
431
432
433
434
435
436
437
438
439
440
441
442
443
444
445
446
447
448
449
450
451
452
453
454
455
456
457
458
459
460
461
462
463
464
465
466
467
468
469
470
471
472
473
474
475
476
477
478
479
480
481
482
483
484
485
486
487
488
489
490
491
492
493
494
495
496
497
498
499
500
501
502
503
504
505
506
507
508
509
510
511
512
513
514
515
516
517
518
519
520
521
522
523
524
525
526
527
528
529
530
531
532
533
534
535
536
537
538
539
540
541
542
543
544
545
546
547
548
549
550
551
552
553
554
555
556
557
558
559
560
561
562
563
564
565
566
567
568
569
570
571
572
573
574
575
576
577
578
579
580
581
582
583
584
585
586
587
588
589
590
591
592
593
594
595
596
597
598
599
600
601
602
603
604
605
606
607
608
609
610
611
612
613
614
615
616
617
618
619
620
621
622
623
624
625
626
627
628
629
630
631
632
633
634
635
636
637
638
639
640
641
642
643
644
645
646
647
648
649
650
651
652
653
654
655
656
657
658
659
660
661
662
663
664
665
666
667
668
669
670
671
672
673
674
675
676
677
678
679
680
681
682
683
684
685
686
687
688
689
690
691
692
693
694
695
696
697
698
699
700
701
702
703
704
705
706
707
708
709
710
711
712
713
714
715
716
717
718
719
720
721
722
723
724
725
726
727
728
729
730
731
732
733
734
735
736
737
738
739
740
741
742
743
744
745
746
747
748
749
750
751
752
753
754
755
756
757
758
759
760
761
762
763
764
765
766
767
768
769
770
771
772
773
774
775
776
777
778
779
780
781
782
783
784
785
786
787
788
789
790
791
792
793
794
795
796
797
798
799
800
801
802
803
804
805
806
807
808
809
810
811
812
813
814
815
816
817
818
819
820
821
822
823
824
825
826
827
828
829
830
831
832
833
834
835
836
837
838
839
840
841
842
843
844
845
846
847
848
849
850
851
852
853
854
855
856
857
858
859
860
861
862
863
864
865
866
867
868
869
870
871
872
873
874
875
876
877
878
879
880
881
882
883
884
885
886
887
888
889
890
891
892
893
894
895
896
897
898
899
900
901
902
903
904
905
906
907
908
909
910
911
912
913
914
915
916
917
918
919
920
921
922
923
924
925
926
927
928
929
930
931
932
933
934
935
936
937
938
939
940
941
942
943
944
945
946
947
948
949
950
951
952
953
954
955
956
957
958
959
960
961
962
963
964
965
966
967
968
969
970
971
972
973
974
975
976
977
978
979
980
981
982
983
984
985
986
987
988
989
990
991
992
993
994
995
996
997
998
999
1000
1001
1002
1003
1004
1005
1006
1007
1008
1009
1010
1011
1012
1013
1014
1015
1016
1017
1018
1019
1020
1021
1022
1023
1024
1025
1026
1027
1028
1029
1030
1031
1032
1033
1034
1035
1036
1037
1038
1039
1040
1041
1042
1043
1044
1045
1046
1047
1048
1049
1050
1051
1052
1053
1054
1055
1056
1057
1058
1059
1060
1061
1062
1063
1064
1065
1066
1067
1068
1069
1070
1071
1072
1073
1074
1075
1076
1077
1078
1079
1080
1081
1082
1083
1084
1085
1086
1087
1088
1089
1090
1091
1092
1093
1094
1095
1096
1097
1098
1099
1100
1101
1102
1103
1104
1105
1106
1107
1108
1109
1110
1111
1112
1113
1114
1115
1116
1117
1118
1119
1120
1121
1122
1123
1124
1125
1126
1127
1128
1129
1130
1131
1132
1133
1134
1135
1136
1137
1138
1139
1140
1141
1142
1143
1144
1145
1146
1147
1148
1149
1150
1151
1152
1153
1154
1155
1156
1157
1158
1159
1160
1161
1162
1163
1164
1165
1166
1167
1168
1169
1170
1171
1172
1173
1174
1175
1176
1177
1178
1179
1180
1181
1182
1183
1184
1185
1186
1187
1188
1189
1190
1191
1192
1193
1194
1195
1196
1197
1198
1199
1200
1201
1202
1203
1204
1205
1206
1207
1208
1209
1210
1211
1212
1213
1214
1215
1216
1217
1218
1219
1220
1221
1222
1223
1224
1225
1226
1227
1228
1229
1230
1231
1232
1233
1234
1235
1236
1237
1238
1239
1240
1241
1242
1243
1244
1245
1246
1247
1248
1249
1250
1251
1252
1253
1254
1255
1256
1257
1258
1259
1260
1261
1262
1263
1264
1265
1266
1267
1268
1269
1270
1271
1272
1273
1274
1275
1276
1277
1278
1279
1280
1281
1282
1283
1284
1285
1286
1287
1288
1289
1290
1291
1292
1293
1294
1295
1296
1297
1298
1299
1300
1301
1302
1303
1304
1305
1306
1307
1308
1309
1310
1311
1312
1313
1314
1315
1316
1317
1318
1319
1320
1321
1322
1323
1324
1325
1326
1327
1328
1329
1330
1331
1332
1333
1334
1335
1336
1337
1338
1339
1340
1341
1342
1343
1344
1345
1346
1347
1348
1349
1350
1351
1352
1353
1354
1355
1356
1357
1358
1359
1360
1361
1362
1363
1364
1365
1366
1367
1368
1369
1370
1371
1372
1373
1374
1375
1376
1377
1378
1379
1380
1381
1382
1383
1384
1385
1386
1387
1388
1389
1390
1391
1392
1393
1394
1395
1396
1397
1398
1399
1400
1401
1402
1403
1404
1405
1406
1407
1408
1409
1410
1411
1412
1413
1414
1415
1416
1417
1418
1419
1420
1421
1422
1423
1424
1425
1426
1427
1428
1429
1430
1431
1432
1433
1434
1435
1436
1437
1438
1439
1440
1441
1442
1443
1444
1445
1446
1447
1448
1449
1450
1451
1452
1453
1454
1455
1456
1457
1458
1459
1460
1461
1462
1463
1464
1465
1466
1467
1468
1469
1470
1471
1472
1473
1474
1475
1476
1477
1478
1479
1480
1481
1482
1483
1484
1485
1486
1487
1488
1489
1490
1491
1492
1493
1494
1495
1496
1497
1498
1499
1500
1501
1502
1503
1504
1505
1506
1507
1508
1509
1510
1511
1512
1513
1514
1515
1516
1517
1518
1519
1520
1521
1522
1523
1524
1525
1526
1527
1528
1529
1530
1531
1532
1533
1534
1535
1536
1537
1538
1539
1540
1541
1542
1543
1544
1545
1546
1547
1548
1549
1550
1551
1552
1553
1554
1555
1556
1557
1558
1559
1560
1561
1562
1563
1564
1565
1566
1567
1568
1569
1570
1571
1572
1573
1574
1575
1576
1577
1578
1579
1580
1581
1582
1583
1584
1585
1586
1587
1588
1589
1590
1591
1592
1593
1594
1595
1596
1597
1598
1599
1600
1601
1602
1603
1604
1605
1606
1607
1608
1609
1610
1611
1612
1613
1614
1615
1616
1617
1618
1619
1620
1621
1622
1623
1624
1625
1626
1627
1628
1629
1630
1631
1632
1633
1634
1635
1636
1637
1638
1639
1640
1641
1642
1643
1644
1645
1646
1647
1648
1649
1650
1651
1652
1653
1654
1655
1656
1657
1658
1659
1660
1661
1662
1663
1664
1665
1666
1667
1668
1669
1670
1671
1672
1673
1674
1675
1676
1677
1678
1679
1680
1681
1682
1683
1684
1685
1686
1687
1688
1689
1690
1691
1692
1693
1694
1695
1696
1697
1698
1699
1700
1701
1702
1703
1704
1705
1706
1707
1708
1709
1710
1711
1712
1713
1714
1715
1716
1717
1718
1719
1720
1721
1722
1723
1724
1725
1726
1727
1728
1729
1730
1731
1732
1733
1734
1735
1736
1737
1738
1739
1740
1741
1742
1743
1744
1745
1746
1747
1748
1749
1750
1751
1752
1753
1754
1755
1756
1757
1758
1759
1760
1761
1762
1763
1764
1765
1766
1767
1768
1769
1770
1771
1772
1773
1774
1775
1776
1777
1778
1779
1780
1781
1782
1783
1784
1785
1786
1787
1788
1789
1790
1791
1792
1793
1794
1795
1796
1797
1798
1799
1800
1801
1802
1803
1804
1805
1806
1807
1808
1809
1810
1811
1812
1813
1814
1815
1816
1817
1818
1819
1820
1821
1822
1823
1824
1825
1826
1827
1828
1829
1830
1831
1832
1833
1834
1835
1836
1837
1838
1839
1840
1841
1842
1843
1844
1845
1846
1847
1848
1849
1850
1851
1852
1853
1854
1855
1856
1857
1858
1859
1860
1861
1862
1863
1864
1865
1866
1867
1868
1869
1870
1871
1872
1873
1874
1875
1876
1877
1878
1879
1880
1881
1882
1883
1884
1885
1886
1887
1888
1889
1890
1891
1892
1893
1894
1895
1896
1897
1898
1899
1900
1901
1902
1903
1904
1905
1906
1907
1908
1909
1910
1911
1912
1913
1914
1915
1916
1917
1918
1919
1920
1921
1922
1923
1924
1925
1926
1927
1928
1929
1930
1931
1932
1933
1934
1935
1936
1937
1938
1939
1940
1941
1942
1943
1944
1945
1946
1947
1948
1949
1950
1951
1952
1953
1954
1955
1956
1957
1958
1959
1960
1961
1962
1963
1964
1965
1966
1967
1968
1969
1970
1971
1972
1973
1974
1975
1976
1977
1978
1979
1980
1981
1982
1983
1984
1985
1986
1987
1988
1989
1990
1991
1992
1993
1994
1995
1996
1997
1998
1999
2000
2001
2002
2003
2004
2005
2006
2007
2008
2009
2010
2011
2012
2013
2014
2015
2016
2017
2018
2019
2020
2021
2022
2023
2024
2025
2026
2027
2028
2029
2030
2031
2032
2033
2034
2035
2036
2037
2038
2039
2040
2041
2042
2043
2044
2045
2046
2047
2048
2049
2050
2051
2052
2053
2054
2055
2056
2057
2058
2059
2060
2061
2062
2063
2064
2065
2066
2067
2068
2069
2070
2071
2072
2073
2074
2075
2076
2077
2078
2079
2080
2081
2082
2083
2084
2085
2086
2087
2088
2089
2090
2091
2092
2093
2094
2095
2096
2097
2098
2099
2100
2101
2102
2103
2104
2105
2106
2107
2108
2109
2110
2111
2112
2113
2114
2115
2116
2117
2118
2119
2120
2121
2122
2123
2124
2125
2126
2127
2128
2129
2130
2131
2132
2133
2134
2135
2136
2137
2138
2139
2140
2141
2142
2143
2144
2145
2146
2147
2148
2149
2150
2151
2152
2153
2154
2155
2156
2157
2158
2159
2160
2161
2162
2163
2164
2165
2166
2167
2168
2169
2170
2171
2172
2173
2174
2175
2176
2177
2178
2179
2180
2181
2182
2183
2184
2185
2186
2187
2188
2189
2190
2191
2192
2193
2194
2195
2196
2197
2198
2199
2200
2201
2202
2203
2204
2205
2206
2207
2208
2209
2210
2211
2212
2213
2214
2215
2216
2217
2218
2219
2220
2221
2222
2223
2224
2225
2226
2227
2228
2229
2230
2231
2232
2233
2234
2235
2236
2237
2238
2239
2240
2241
2242
2243
2244
2245
2246
2247
2248
2249
2250
2251
2252
2253
2254
2255
2256
2257
2258
2259
2260
2261
2262
2263
2264
2265
2266
2267
2268
2269
2270
2271
2272
2273
2274
2275
2276
2277
2278
2279
2280
2281
2282
2283
2284
2285
2286
2287
2288
2289
2290
2291
2292
2293
2294
2295
2296
2297
2298
2299
2300
2301
2302
2303
2304
2305
2306
2307
2308
2309
2310
2311
2312
2313
2314
2315
2316
2317
2318
2319
2320
2321
2322
2323
2324
2325
2326
2327
2328
2329
2330
2331
2332
2333
2334
2335
2336
2337
2338
2339
2340
2341
2342
2343
2344
2345
2346
2347
2348
2349
2350
2351
2352
2353
2354
2355
2356
2357
2358
2359
2360
2361
2362
2363
2364
2365
2366
2367
2368
2369
2370
2371
2372
2373
2374
2375
2376
2377
2378
2379
2380
2381
2382
2383
2384
2385
2386
2387
2388
2389
2390
2391
2392
2393
2394
2395
2396
2397
2398
2399
2400
2401
2402
2403
2404
2405
2406
2407
2408
2409
2410
2411
2412
2413
2414
2415
2416
2417
2418
2419
2420
2421
2422
2423
2424
2425
2426
2427
2428
2429
2430
2431
2432
2433
2434
2435
2436
2437
2438
2439
2440
2441
2442
2443
2444
2445
2446
2447
2448
2449
2450
2451
2452
2453
2454
2455
2456
2457
2458
2459
2460
2461
2462
2463
2464
2465
2466
2467
2468
2469
2470
2471
2472
2473
2474
2475
2476
2477
2478
2479
2480
2481
2482
2483
2484
2485
2486
2487
2488
2489
2490
2491
2492
2493
2494
2495
2496
2497
2498
2499
2500
2501
2502
2503
2504
2505
2506
2507
2508
2509
2510
2511
2512
2513
2514
2515
2516
2517
2518
2519
2520
2521
2522
2523
2524
2525
2526
2527
2528
2529
2530
2531
2532
2533
2534
2535
2536
2537
2538
2539
2540
2541
2542
2543
2544
2545
2546
2547
2548
2549
2550
2551
2552
2553
2554
2555
2556
2557
2558
2559
2560
2561
2562
2563
2564
2565
2566
2567
2568
2569
2570
2571
2572
2573
2574
2575
2576
2577
2578
2579
2580
2581
2582
2583
2584
2585
2586
2587
2588
2589
2590
2591
2592
2593
2594
2595
2596
2597
2598
2599
2600
2601
2602
2603
2604
2605
2606
2607
2608
2609
2610
2611
2612
2613
2614
2615
2616
2617
2618
2619
2620
2621
2622
2623
2624
2625
2626
2627
2628
2629
2630
2631
2632
2633
2634
2635
2636
2637
2638
2639
2640
2641
2642
2643
2644
2645
2646
2647
2648
2649
2650
2651
2652
2653
2654
2655
2656
2657
2658
2659
2660
2661
2662
2663
2664
2665
2666
2667
2668
2669
2670
2671
2672
2673
2674
2675
2676
2677
2678
2679
2680
2681
2682
2683
2684
2685
2686
2687
2688
2689
2690
2691
2692
2693
2694
2695
2696
2697
2698
2699
2700
2701
2702
2703
2704
2705
2706
2707
2708
2709
2710
2711
2712
2713
2714
2715
2716
2717
2718
2719
2720
2721
2722
2723
2724
2725
2726
2727
2728
2729
2730
2731
2732
2733
2734
2735
2736
2737
2738
2739
2740
2741
2742
2743
2744
2745
2746
2747
2748
2749
2750
2751
2752
2753
2754
2755
2756
2757
2758
2759
2760
2761
2762
2763
2764
2765
2766
2767
2768
2769
2770
2771
2772
2773
2774
2775
2776
2777
2778
2779
2780
2781
2782
2783
2784
2785
2786
2787
2788
2789
2790
2791
2792
2793
2794
2795
2796
2797
2798
2799
2800
2801
2802
2803
2804
2805
2806
2807
2808
2809
2810
2811
2812
2813
2814
2815
2816
2817
2818
2819
2820
2821
2822
2823
2824
2825
2826
2827
2828
2829
2830
2831
2832
2833
2834
2835
2836
2837
2838
2839
2840
2841
2842
2843
2844
2845
2846
2847
2848
2849
2850
2851
2852
2853
2854
2855
2856
2857
2858
2859
2860
2861
2862
2863
2864
2865
2866
2867
2868
2869
2870
2871
2872
2873
2874
2875
2876
2877
2878
2879
2880
2881
2882
2883
2884
2885
2886
2887
2888
2889
2890
2891
2892
2893
2894
2895
2896
2897
2898
2899
2900
2901
2902
2903
2904
2905
2906
2907
2908
2909
2910
2911
2912
2913
2914
2915
2916
2917
2918
2919
2920
2921
2922
2923
2924
2925
2926
2927
2928
2929
2930
2931
2932
2933
2934
2935
2936
2937
2938
2939
2940
2941
2942
2943
2944
2945
2946
2947
2948
2949
2950
2951
2952
2953
2954
2955
2956
2957
2958
2959
2960
2961
2962
2963
2964
2965
2966
2967
2968
2969
2970
2971
2972
2973
2974
2975
2976
2977
2978
2979
2980
2981
2982
2983
2984
2985
2986
2987
2988
2989
2990
2991
2992
2993
2994
2995
2996
2997
2998
2999
3000
3001
3002
3003
3004
3005
3006
3007
3008
3009
3010
3011
3012
3013
3014
3015
3016
3017
3018
3019
3020
3021
3022
3023
3024
3025
3026
3027
3028
3029
3030
3031
3032
3033
3034
3035
3036
3037
3038
3039
3040
3041
3042
3043
3044
3045
3046
3047
3048
3049
3050
3051
3052
3053
3054
3055
3056
3057
3058
3059
3060
3061
3062
3063
3064
3065
3066
3067
3068
3069
3070
3071
3072
3073
3074
3075
3076
3077
3078
3079
3080
3081
3082
3083
3084
3085
3086
3087
3088
3089
3090
3091
3092
3093
3094
3095
3096
3097
3098
3099
3100
3101
3102
3103
3104
3105
3106
3107
3108
3109
3110
3111
3112
3113
3114
3115
3116
3117
3118
3119
3120
3121
3122
3123
3124
3125
3126
3127
3128
3129
3130
3131
3132
3133
3134
3135
3136
3137
3138
3139
3140
3141
3142
3143
3144
3145
3146
3147
3148
3149
3150
3151
3152
3153
3154
3155
3156
3157
3158
3159
3160
3161
3162
3163
3164
3165
3166
3167
3168
3169
3170
3171
3172
3173
3174
3175
3176
3177
3178
3179
3180
3181
3182
3183
3184
3185
3186
3187
3188
3189
3190
3191
3192
3193
3194
3195
3196
3197
3198
3199
3200
3201
3202
3203
3204
3205
3206
3207
3208
3209
3210
3211
3212
3213
3214
3215
3216
3217
3218
3219
3220
3221
3222
3223
3224
3225
3226
3227
3228
3229
3230
3231
3232
3233
3234
3235
3236
3237
3238
3239
3240
3241
3242
3243
3244
3245
3246
3247
3248
3249
3250
3251
3252
3253
3254
3255
3256
3257
3258
3259
3260
3261
3262
3263
3264
3265
3266
3267
3268
3269
3270
3271
3272
3273
3274
3275
3276
3277
3278
3279
3280
3281
3282
3283
3284
3285
3286
3287
3288
3289
3290
3291
3292
3293
3294
3295
3296
3297
3298
3299
3300
3301
3302
3303
3304
3305
3306
3307
3308
3309
3310
3311
3312
3313
3314
3315
3316
3317
3318
3319
3320
3321
3322
3323
3324
3325
3326
3327
3328
3329
3330
3331
3332
3333
3334
3335
3336
3337
3338
3339
3340
3341
3342
3343
3344
3345
3346
3347
3348
3349
3350
3351
3352
3353
3354
3355
3356
3357
3358
3359
3360
3361
3362
3363
3364
3365
3366
3367
3368
3369
3370
3371
3372
3373
3374
3375
3376
3377
3378
3379
3380
3381
3382
3383
3384
3385
3386
3387
3388
3389
3390
3391
3392
3393
3394
3395
3396
3397
3398
3399
3400
3401
3402
3403
3404
3405
3406
3407
3408
3409
3410
3411
3412
3413
3414
3415
3416
3417
3418
3419
3420
3421
3422
3423
3424
3425
3426
3427
3428
3429
3430
3431
3432
3433
3434
3435
3436
3437
3438
3439
3440
3441
3442
3443
3444
3445
3446
3447
3448
3449
3450
3451
3452
3453
3454
3455
3456
3457
3458
3459
3460
3461
3462
3463
3464
3465
3466
3467
3468
3469
3470
3471
3472
3473
3474
3475
3476
3477
3478
3479
3480
3481
3482
3483
3484
3485
3486
3487
3488
3489
3490
3491
3492
3493
3494
3495
3496
3497
3498
3499
3500
3501
3502
3503
3504
3505
3506
3507
3508
3509
3510
3511
3512
3513
3514
3515
3516
3517
3518
3519
3520
3521
3522
3523
3524
3525
3526
3527
3528
3529
3530
3531
3532
3533
3534
3535
3536
3537
3538
3539
3540
3541
3542
3543
3544
3545
3546
3547
3548
3549
3550
3551
3552
3553
3554
3555
3556
3557
3558
3559
3560
3561
3562
3563
3564
3565
3566
3567
3568
3569
3570
3571
3572
3573
3574
3575
3576
3577
3578
3579
3580
3581
3582
3583
3584
3585
3586
3587
3588
3589
3590
3591
3592
3593
3594
3595
3596
3597
3598
3599
3600
3601
3602
3603
3604
3605
3606
3607
3608
3609
3610
3611
3612
3613
3614
3615
3616
3617
3618
3619
3620
3621
3622
3623
3624
3625
3626
3627
3628
3629
3630
3631
3632
3633
3634
3635
3636
3637
3638
3639
3640
3641
3642
3643
3644
3645
3646
3647
3648
3649
3650
3651
3652
3653
3654
3655
3656
3657
3658
3659
3660
3661
3662
3663
3664
3665
3666
3667
3668
3669
3670
3671
3672
3673
3674
3675
3676
3677
3678
3679
3680
3681
3682
3683
3684
3685
3686
3687
3688
3689
3690
3691
3692
3693
3694
3695
3696
3697
3698
3699
3700
3701
3702
3703
3704
3705
3706
3707
3708
3709
3710
3711
3712
3713
3714
3715
3716
3717
3718
3719
3720
3721
3722
3723
3724
3725
3726
3727
3728
3729
3730
3731
3732
3733
3734
3735
3736
3737
3738
3739
3740
3741
3742
3743
3744
3745
3746
3747
3748
3749
3750
3751
3752
3753
3754
3755
3756
3757
3758
3759
3760
3761
3762
3763
3764
3765
3766
3767
3768
3769
3770
3771
3772
3773
3774
3775
3776
3777
3778
3779
3780
3781
3782
3783
3784
3785
3786
3787
3788
3789
3790
3791
3792
3793
3794
3795
3796
3797
3798
3799
3800
3801
3802
3803
3804
3805
3806
3807
3808
3809
3810
3811
3812
3813
3814
3815
3816
3817
3818
3819
3820
3821
3822
3823
3824
3825
3826
3827
3828
3829
3830
3831
3832
3833
3834
3835
3836
3837
3838
3839
3840
3841
3842
3843
3844
3845
3846
3847
3848
3849
3850
3851
3852
3853
3854
3855
3856
3857
3858
3859
3860
3861
3862
3863
3864
3865
3866
3867
3868
3869
3870
3871
3872
3873
3874
3875
3876
3877
3878
3879
3880
3881
3882
3883
3884
3885
3886
3887
3888
3889
3890
3891
3892
3893
3894
3895
3896
3897
3898
3899
3900
3901
3902
3903
3904
3905
3906
3907
3908
3909
3910
3911
3912
3913
3914
3915
3916
3917
3918
3919
3920
3921
3922
3923
3924
3925
3926
3927
3928
3929
3930
3931
3932
3933
3934
3935
3936
3937
3938
3939
3940
3941
3942
3943
3944
3945
3946
3947
3948
3949
3950
3951
3952
3953
3954
3955
3956
3957
3958
3959
3960
3961
3962
3963
3964
3965
3966
3967
3968
3969
3970
3971
3972
3973
3974
3975
3976
3977
3978
3979
3980
3981
3982
3983
3984
3985
3986
3987
3988
3989
3990
3991
3992
3993
3994
3995
3996
3997
3998
3999
4000
4001
4002
4003
4004
4005
4006
4007
4008
4009
4010
4011
4012
4013
4014
4015
4016
4017
4018
4019
4020
4021
4022
4023
4024
4025
4026
4027
4028
4029
4030
4031
4032
4033
4034
4035
4036
4037
4038
4039
4040
4041
4042
4043
4044
4045
4046
4047
4048
4049
4050
4051
4052
4053
4054
4055
4056
4057
4058
4059
4060
4061
4062
4063
4064
4065
4066
4067
4068
4069
4070
4071
4072
4073
4074
4075
4076
4077
4078
4079
4080
4081
4082
4083
4084
4085
4086
4087
4088
4089
4090
4091
4092
4093
4094
4095
4096
4097
4098
4099
4100
4101
4102
4103
4104
4105
4106
4107
4108
4109
4110
4111
4112
4113
4114
4115
4116
4117
4118
4119
4120
4121
4122
4123
4124
4125
4126
4127
4128
4129
4130
4131
4132
4133
4134
4135
4136
4137
4138
4139
4140
4141
4142
4143
4144
4145
4146
4147
4148
4149
4150
4151
4152
4153
4154
4155
4156
4157
4158
4159
4160
4161
4162
4163
4164
4165
4166
4167
4168
4169
4170
4171
4172
4173
4174
4175
4176
4177
4178
4179
4180
4181
4182
4183
4184
4185
4186
4187
4188
4189
4190
4191
4192
4193
4194
4195
4196
4197
4198
4199
4200
4201
4202
4203
4204
4205
4206
4207
4208
4209
4210
4211
4212
4213
4214
4215
4216
4217
4218
4219
4220
4221
4222
4223
4224
4225
4226
4227
4228
4229
4230
4231
4232
4233
4234
4235
4236
4237
4238
4239
4240
4241
4242
4243
4244
4245
4246
4247
4248
4249
4250
4251
4252
4253
4254
4255
4256
4257
4258
4259
4260
4261
4262
4263
4264
4265
4266
4267
4268
4269
4270
4271
4272
4273
4274
4275
4276
4277
4278
4279
4280
4281
4282
4283
4284
4285
4286
4287
4288
4289
4290
4291
4292
4293
4294
4295
4296
4297
4298
4299
4300
4301
4302
4303
4304
4305
4306
4307
4308
4309
4310
4311
4312
4313
4314
4315
4316
4317
4318
4319
4320
4321
4322
4323
4324
4325
4326
4327
4328
4329
4330
4331
4332
4333
4334
4335
4336
4337
4338
4339
4340
4341
4342
4343
4344
4345
4346
4347
4348
4349
4350
4351
4352
4353
4354
4355
4356
4357
4358
4359
4360
4361
4362
4363
4364
4365
4366
4367
4368
4369
4370
4371
4372
4373
4374
4375
4376
4377
4378
4379
4380
4381
4382
4383
4384
4385
4386
4387
4388
4389
4390
4391
4392
4393
4394
4395
4396
4397
4398
4399
4400
4401
4402
4403
4404
4405
4406
4407
4408
4409
4410
4411
4412
4413
4414
4415
4416
4417
4418
4419
4420
4421
4422
4423
4424
4425
4426
4427
4428
4429
4430
4431
4432
4433
4434
4435
4436
4437
4438
4439
4440
4441
4442
4443
4444
4445
4446
4447
4448
4449
4450
4451
4452
4453
4454
4455
4456
4457
4458
4459
4460
4461
4462
4463
4464
4465
4466
4467
4468
4469
4470
4471
4472
4473
4474
4475
4476
4477
4478
4479
4480
4481
4482
4483
4484
4485
4486
4487
4488
4489
4490
4491
4492
4493
4494
4495
4496
4497
4498
4499
4500
4501
4502
4503
4504
4505
4506
4507
4508
4509
4510
4511
4512
4513
4514
4515
4516
4517
4518
4519
4520
4521
4522
4523
4524
4525
4526
4527
4528
4529
4530
4531
4532
4533
4534
4535
4536
4537
4538
4539
4540
4541
4542
4543
4544
4545
4546
4547
4548
4549
4550
4551
4552
4553
4554
4555
4556
4557
4558
4559
4560
4561
4562
4563
4564
4565
4566
4567
4568
4569
4570
4571
4572
4573
4574
4575
4576
4577
4578
4579
4580
4581
4582
4583
4584
4585
4586
4587
4588
4589
4590
4591
4592
4593
4594
4595
4596
4597
4598
4599
4600
4601
4602
4603
4604
4605
4606
4607
4608
4609
4610
4611
4612
4613
4614
4615
4616
4617
4618
4619
4620
4621
4622
4623
4624
4625
4626
4627
4628
4629
4630
4631
4632
4633
4634
4635
4636
4637
4638
4639
4640
4641
4642
4643
4644
4645
4646
4647
4648
4649
4650
4651
4652
4653
4654
4655
4656
4657
4658
4659
4660
4661
4662
4663
4664
4665
4666
4667
4668
4669
4670
4671
4672
4673
4674
4675
4676
4677
4678
4679
4680
4681
4682
4683
4684
4685
4686
4687
4688
4689
4690
4691
4692
4693
4694
4695
4696
4697
4698
4699
4700
4701
4702
4703
4704
4705
4706
4707
4708
4709
4710
4711
4712
4713
4714
4715
4716
4717
4718
4719
4720
4721
4722
4723
4724
4725
4726
4727
4728
4729
4730
4731
4732
4733
4734
4735
4736
4737
4738
4739
4740
4741
4742
4743
4744
4745
4746
4747
4748
4749
4750
4751
4752
4753
4754
4755
4756
4757
4758
4759
4760
4761
4762
4763
4764
4765
4766
4767
4768
4769
4770
4771
4772
4773
4774
4775
4776
4777
4778
4779
4780
4781
4782
4783
4784
4785
4786
4787
4788
4789
4790
4791
4792
4793
4794
4795
4796
4797
4798
4799
4800
4801
4802
4803
4804
4805
4806
4807
4808
4809
4810
4811
4812
4813
4814
4815
4816
4817
4818
4819
4820
4821
4822
4823
4824
4825
4826
4827
4828
4829
4830
4831
4832
4833
4834
4835
4836
4837
4838
4839
4840
4841
4842
4843
4844
4845
4846
4847
4848
4849
4850
4851
4852
4853
4854
4855
4856
4857
4858
4859
4860
4861
4862
4863
4864
4865
4866
4867
4868
4869
4870
4871
4872
4873
4874
4875
4876
4877
4878
4879
4880
4881
4882
4883
4884
4885
4886
4887
4888
4889
4890
4891
4892
4893
4894
4895
4896
4897
4898
4899
4900
4901
4902
4903
4904
4905
4906
4907
4908
4909
4910
4911
4912
4913
4914
4915
4916
4917
4918
4919
4920
4921
4922
4923
4924
4925
4926
4927
4928
4929
4930
4931
4932
4933
4934
4935
4936
4937
4938
4939
4940
4941
4942
4943
4944
4945
4946
4947
4948
4949
4950
4951
4952
4953
4954
4955
4956
4957
4958
4959
4960
4961
4962
4963
4964
4965
4966
4967
4968
4969
4970
4971
4972
4973
4974
4975
4976
4977
4978
4979
4980
4981
4982
4983
4984
4985
4986
4987
4988
4989
4990
4991
4992
4993
4994
4995
4996
4997
4998
4999
5000
5001
5002
5003
5004
5005
5006
5007
5008
5009
5010
5011
5012
5013
5014
5015
5016
5017
5018
5019
5020
5021
5022
5023
5024
5025
5026
5027
5028
5029
5030
5031
5032
5033
5034
5035
5036
5037
5038
5039
5040
5041
5042
5043
5044
5045
5046
5047
5048
5049
5050
5051
5052
5053
5054
5055
5056
5057
5058
5059
5060
5061
5062
5063
5064
5065
5066
5067
5068
5069
5070
5071
5072
5073
5074
5075
5076
5077
5078
5079
5080
5081
5082
5083
5084
5085
5086
5087
5088
5089
5090
5091
5092
5093
5094
5095
5096
5097
5098
5099
5100
5101
5102
5103
5104
5105
5106
5107
5108
5109
5110
5111
5112
5113
5114
5115
5116
5117
5118
5119
5120
5121
5122
5123
5124
5125
5126
5127
5128
5129
5130
5131
5132
5133
5134
5135
5136
5137
5138
5139
5140
5141
5142
5143
5144
5145
5146
5147
5148
5149
5150
5151
5152
5153
5154
5155
5156
5157
5158
5159
5160
5161
5162
5163
5164
5165
5166
5167
5168
5169
5170
5171
5172
5173
5174
5175
5176
5177
5178
5179
5180
5181
5182
5183
5184
5185
5186
5187
5188
5189
5190
5191
5192
5193
5194
5195
5196
5197
5198
5199
5200
5201
5202
5203
5204
5205
5206
5207
5208
5209
5210
5211
5212
5213
5214
5215
5216
5217
5218
5219
5220
5221
5222
5223
5224
5225
5226
5227
5228
5229
5230
5231
5232
5233
5234
5235
5236
5237
5238
5239
5240
5241
5242
5243
5244
5245
5246
5247
5248
5249
5250
5251
5252
5253
5254
5255
5256
5257
5258
5259
5260
5261
5262
5263
5264
5265
5266
5267
5268
5269
5270
5271
5272
5273
5274
5275
5276
5277
5278
5279
5280
5281
5282
5283
5284
5285
5286
5287
5288
5289
5290
5291
5292
5293
5294
5295
5296
5297
5298
5299
5300
5301
5302
5303
5304
5305
5306
5307
5308
5309
5310
5311
5312
5313
5314
5315
5316
5317
5318
5319
5320
5321
5322
5323
5324
5325
5326
5327
5328
5329
5330
5331
5332
5333
5334
5335
5336
5337
5338
5339
5340
5341
5342
5343
5344
5345
5346
5347
5348
5349
5350
5351
5352
5353
5354
5355
5356
5357
5358
5359
5360
5361
5362
5363
5364
5365
5366
5367
5368
5369
5370
5371
5372
5373
5374
5375
5376
5377
5378
5379
5380
5381
5382
5383
5384
5385
5386
5387
5388
5389
5390
5391
5392
5393
5394
5395
5396
5397
5398
5399
5400
5401
5402
5403
5404
5405
5406
5407
5408
5409
5410
5411
5412
5413
5414
5415
5416
5417
5418
5419
5420
5421
5422
5423
5424
5425
5426
5427
5428
5429
5430
5431
5432
5433
5434
5435
5436
5437
5438
5439
5440
5441
5442
5443
5444
5445
5446
5447
5448
5449
5450
5451
5452
5453
5454
5455
5456
5457
5458
5459
5460
5461
5462
5463
5464
5465
5466
5467
5468
5469
5470
5471
5472
5473
5474
5475
5476
5477
5478
5479
5480
5481
5482
5483
5484
5485
5486
5487
5488
5489
5490
5491
5492
5493
5494
5495
5496
5497
5498
5499
5500
5501
5502
5503
5504
5505
5506
5507
5508
5509
5510
5511
5512
5513
5514
5515
5516
5517
5518
5519
5520
5521
5522
5523
5524
5525
5526
5527
5528
5529
5530
5531
5532
5533
5534
5535
5536
5537
5538
5539
5540
5541
5542
5543
5544
5545
5546
5547
5548
5549
5550
5551
5552
5553
5554
5555
5556
5557
5558
5559
5560
5561
5562
5563
5564
5565
5566
5567
5568
5569
5570
5571
5572
5573
5574
5575
5576
5577
5578
5579
5580
5581
5582
5583
5584
5585
5586
5587
5588
5589
5590
5591
5592
5593
5594
5595
5596
5597
5598
5599
5600
5601
5602
5603
5604
5605
5606
5607
5608
5609
5610
5611
5612
5613
5614
5615
5616
5617
5618
5619
5620
5621
5622
5623
5624
5625
5626
5627
5628
5629
5630
5631
5632
5633
5634
5635
5636
5637
5638
5639
5640
5641
5642
5643
5644
5645
5646
5647
5648
5649
5650
5651
5652
5653
5654
5655
5656
5657
5658
5659
5660
5661
5662
5663
5664
5665
5666
5667
5668
5669
5670
5671
5672
5673
5674
5675
5676
5677
5678
5679
5680
5681
5682
5683
5684
5685
5686
5687
5688
5689
5690
5691
5692
5693
5694
5695
5696
5697
5698
5699
5700
5701
5702
5703
5704
5705
5706
5707
5708
5709
5710
5711
5712
5713
5714
5715
5716
5717
5718
5719
5720
5721
5722
5723
5724
5725
5726
5727
5728
5729
5730
5731
5732
5733
5734
5735
5736
5737
5738
5739
5740
5741
5742
5743
5744
5745
5746
5747
5748
5749
5750
5751
5752
5753
5754
5755
5756
5757
5758
5759
5760
5761
5762
5763
5764
5765
5766
5767
5768
5769
5770
5771
5772
5773
5774
5775
5776
5777
5778
5779
5780
5781
5782
5783
5784
5785
5786
5787
5788
5789
5790
5791
5792
5793
5794
5795
5796
5797
5798
5799
5800
5801
5802
5803
5804
5805
5806
5807
5808
5809
5810
5811
5812
5813
5814
5815
5816
5817
5818
5819
5820
5821
5822
5823
5824
5825
5826
5827
5828
5829
5830
5831
5832
5833
5834
5835
5836
5837
5838
5839
5840
5841
5842
5843
5844
5845
5846
5847
5848
5849
5850
5851
5852
5853
5854
5855
5856
5857
5858
5859
5860
5861
5862
5863
5864
5865
5866
5867
5868
5869
5871
5873
5875
5877
5879
5881
5883
5885
5887
5889
5891
5893
5895
5897
5899
5901
5903
5905
5907
5909
5911
5913
5915
5917
5919
5921
5923
5925
5927
5929
5931
5933
5935
5937
5939
5941
5943
5945
5947
5949
5951
5953
5955
5957
5959
5961
5963
5965
5967
5969
5971
5973
5975
5977
5979
5981
5983
5985
5987
5989
5991
5993
5995
5997
5999
6001
6003
6005
6007
6009
6011
6013
6015
6017
6019
6021
6023
6025
6027
6029
6031
6033
6035
6037
6039
6041
6043
6045
6047
6049
6051
6053
6055
6057
6059
6061
6063
6065
6067
6069
6071
6073
6075
6077
6079
6081
6083
6085
6087
6089
6091
6093
6095
6097
6099
6101
6103
6105
6107
6109
6111
6113
6115
6117
6119
6121
6123
6125
6127
6129
6131
6133
6135
6137
6139
6141
6143
6145
6147
6149
6151
6153
6155
6157
6159
6161
6163
6165
6167
6169
6171
6173
6175
6177
6179
6181
6183
6185
6187
6189
6191
6193
6195
6197
6199
6201
6203
6205
6207
6209
6211
6213
6215
6217
6219
6221
6223
6225
6227
6229
6231
6233
6235
6237
6239
6241
6243
6245
6247
6249
6251
6253
6255
6257
6259
6261
6263
6265
6267
6269
6271
6273
6275
6277
6279
6281
6283
6285
6287
6289
6291
6293
6295
6297
6299
6301
6303
6305
6307
6309
6311
6313
6315
6317
6319
6321
6323
6325
6327
6329
6331
6333
6335
6337
6339
6341
6343
6345
6347
6349
6351
6353
6355
6357
6359
6361
6363
6365
6367
6369
6371
6373
6375
6377
6379
6381
6383
6385
6387
6389
6391
6393
6395
6397
6399
6401
6403
6405
6407
6409
6411
6413
6415
6417
6419
6421
6423
6425
6427
6429
6431
6433
6435
6437
6439
6441
6443
6445
6447
6449
6451
6453
6455
6457
6459
6461
6463
6465
6467
6469
6471
6473
6475
6477
6479
6481
6483
6485
6487
6489
6491
6493
6495
6497
6499
6501
6503
6505
6507
6509
6511
6513
6515
6517
6519
6521
6523
6525
6527
6529
6531
6533
6535
6537
6539
6541
6543
6545
6547
6549
6551
6553
6555
6557
6559
6561
6563
6565
6567
6569
6571
6573
6575
6577
6579
6581
6583
6585
6587
6589
6591
6593
6595
6597
6599
6601
6603
6605
6607
6609
6611
6613
6615
6617
6619
6621
6623
6625
6627
6629
6631
6633
6635
6637
6639
6641
6643
6645
6647
6649
6651
6653
6655
6657
6659
6661
6663
6665
6667
6669
6671
6673
6675
6677
6679
6681
6683
6685
6687
6689
6691
6693
6695
6697
6699
6701
6703
6705
6707
6709
6711
6713
6715
6717
6719
6721
6723
6725
6727
6729
6731
6733
6735
6737
6739
6741
6743
6745
6747
6749
6751
6753
6755
6757
6759
6761
6763
6765
6767
6769
6771
6773
6775
6777
6779
6781
6783
6785
6787
6789
6791
6793
6795
6797
6799
6801
6803
6805
6807
6809
6811
6813
6815
6817
6819
6821
6823
6825
6827
6829
6831
6833
6835
6837
6839
6841
6843
6845
6847
6849
6851
6853
6855
6857
6859
6861
6863
6865
6867
6869
6871
6873
6875
6877
6879
6881
6883
6885
6887
6889
6891
6893
6895
6897
6899
6901
6903
6905
6907
6909
6911
6913
6915
6917
6919
6921
6923
6925
6927
6929
6931
6933
6935
6937
6939
6941
6943
6945
6947
6949
6951
6953
6955
6957
6959
6961
6963
6965
6967
6969
6971
6973
6975
6977
6979
6981
6983
6985
6987
6989
6991
6993
6995
6997
6999
7001
7003
7005
7007
7009
7011
7013
7015
7017
7019
7021
7023
7025
7027
7029
7031
7033
7035
7037
7039
7041
7043
7045
7047
7049
7051
7053
7055
7057
7059
7061
7063
7065
7067
7069
7071
7073
7075
7077
7079
7081
7083
7085
7087
7089
7091
7093
7095
7097
7099
7101
7103
7105
7107
7109
7111
7113
7115
7117
7119
7121
7123
7125
7127
7129
7131
7133
7135
7137
7139
7141
7143
7145
7147
7149
7151
7153
7155
7157
7159
7161
7163
7165
7167
7169
7171
7173
7175
7177
7179
7181
7183
7185
7187
7189
7191
7193
7195
7197
7199
7201
7203
7205
7207
7209
7211
7213
7215
7217
7219
7221
7223
7225
7227
7229
7231
7233
7235
7237
7239
7241
7243
7245
7247
7249
7251
7253
7255
7257
7259
7261
7263
7265
7267
7269
7271
7273
7275
7277
7279
7281
7283
7285
7287
7289
7291
7293
7295
7297
7299
7301
7303
7305
7307
7309
7311
7313
7315
7317
7319
7321
7323
7325
7327
7329
7331
7333
7335
7337
7339
7341
7343
7345
7347
7349
7351
7353
7355
7357
7359
7361
7363
7365
7367
7369
7371
7373
7375
7377
7379
7381
7383
7385
7387
7389
7391
7393
7395
7397
7399
7401
7403
7405
7407
7409
7411
7413
7415
7417
7419
7421
7423
7425
7427
7429
7431
7433
7435
7437
7439
7441
7443
7445
7447
7449
7451
7453
7455
7457
7459
7461
7463
7465
7467
7469
7471
7473
7475
7477
7479
7481
7483
7485
7487
7489
7491
7493
7495
7497
7499
7501
7503
7505
7507
7509
7511
7513
7515
7517
7519
7521
7523
7525
7527
7529
7531
7533
7535
7537
7539
7541
7543
7545
7547
7549
7551
7553
7555
7557
7559
7561
7563
7565
7567
7569
7571
7573
7575
7577
7579
7581
7583
7585
7587
7589
7591
7593
7595
7597
7599
7601
7603
7605
7607
7609
7611
7613
7615
7617
7619
7621
7623
7625
7627
7629
7631
7633
7635
7637
7639
7641
7643
7645
7647
7649
7651
7653
7655
7657
7659
7661
7663
7665
7667
7669
7671
7673
7675
7677
7679
7681
7683
7685
7687
7689
7691
7693
7695
7697
7699
7701
7703
7705
7707
7709
7711
7713
7715
7717
7719
7721
7723
7725
7727
7729
7731
7733
7735
7737
7739
7741
7743
7745
7747
7749
7751
7753
7755
7757
7759
7761
7763
7765
7767
7769
7771
7773
7775
7777
7779
7781
7783
7785
7787
7789
7791
7793
7795
7797
7799
7801
7803
7805
7807
7809
7811
7813
7815
7817
7819
7821
7823
7825
7827
7829
7831
7833
7835
7837
7839
7841
7843
7845
7847
7849
7851
7853
7855
7857
7859
7861
7863
7865
7867
7869
7871
7873
7875
7877
7879
7881
7883
7885
7887
7889
7891
7893
7895
7897
7899
7901
7903
7905
7907
7909
7911
7913
7915
7917
7919
7921
7923
7925
7927
7929
7931
7933
7935
7937
7939
7941
7943
7945
7947
7949
7951
7953
7955
7957
7959
7961
7963
7965
7967
7969
7971
7973
7975
7977
7979
7981
7983
7985
7987
7989
7991
7993
7995
7997
7999
8001
8003
8005
8007
8009
8011
8013
8015
8017
8019
8021
8023
8025
8027
8029
8031
8033
8035
8037
8039
8041
8043
8045
8047
8049
8051
8053
8055
8057
8059
8061
8063
8065
8067
8069
8071
8073
8075
8077
8079
8081
8083
8085
8087
8089
8091
8093
8095
8097
8099
8101
8103
8105
8107
8109
8111
8113
8115
8117
8119
8121
8123
8125
8127
8129
8131
8133
8135
8137
8139
8141
8143
8145
8147
8149
8151
8153
8155
8157
8159
8161
8163
8165
8167
8169
8171
8173
8175
8177
8179
8181
8183
8185
8187
8189
8191
8193
8195
8197
8199
8201
8203
8205
8207
8209
8211
8213
8215
8217
8219
8221
8223
8225
8227
8229
8231
8233
8235
8237
8239
8241
8243
8245
8247
8249
8251
8253
8255
8257
8259
8261
8263
8265
8267
8269
8271
8273
8275
8277
8279
8281
8283
8285
8287
8289
8291
8293
8295
8297
8299
8301
8303
8305
8307
8309
8311
8313
8315
8317
8319
8321
8323
8325
8327
8329
8331
8333
8335
8337
8339
8341
8343
8345
8347
8349
8351
8353
8355
8357
8359
8361
8363
8365
8367
8369
8371
8373
8375
8377
8379
8381
8383
8385
8387
8389
8391
8393
8395
8397
8399
8401
8403
8405
8407
8409
8411
8413
8415
8417
8419
8421
8423
8425
8427
8429
8431
8433
8435
8437
8439
8441
8443
8445
8447
8449
8451
8453
8455
8457
8459
8461
8463
8465
8467
8469
8471
8473
8475
8477
8479
8481
8483
8485
8487
8489
8491
8493
8495
8497
8499
8501
8503
8505
8507
8509
8511
8513
8515
8517
8519
8521
8523
8525
8527
8529
8531
8533
8535
8537
8539
8541
8543
8545
8547
8549
8551
8553
8555
8557
8559
8561
8563
8565
8567
8569
8571
8573
8575
8577
8579
8581
8583
8585
8587
8589
8591
8593
8595
8597
8599
8601
8603
8605
8607
8609
8611
8613
8615
8617
8619
8621
8623
8625
8627
8629
8631
8633
8635
8637
8639
8641
8643
8645
8647
8649
8651
8653
8655
8657
8659
8661
8663
8665
8667
8669
8671
8673
8675
8677
8679
8681
8683
8685
8687
8689
8691
8693
8695
8697
8699
8701
8703
8705
8707
8709
8711
8713
8715
8717
8719
8721
8723
8725
8727
8729
8731
8733
8735
8737
8739
8741
8743
8745
8747
8749
8751
8753
8755
8757
8759
8761
8763
8765
8767
8769
8771
8773
8775
8777
8779
8781
8783
8785
8787
8789
8791
8793
8795
8797
8799
8801
8803
8805
8807
8809
8811
8813
8815
8817
8819
8821
8823
8825
8827
8829
8831
8833
8835
8837
8839
8841
8843
8845
8847
8849
8851
8853
8855
8857
8859
8861
8863
8865
8867
8869
8871
8873
8875
8877
8879
8881
8883
8885
8887
8889
8891
8893
8895
8897
8899
8901
8903
8905
8907
8909
8911
8913
8915
8917
8919
8921
8923
8925
8927
8929
8931
8933
8935
8937
8939
8941
8943
8945
8947
8949
8951
8953
8955
8957
8959
8961
8963
8965
8967
8969
8971
8973
8975
8977
8979
8981
8983
8985
8987
8989
8991
8993
8995
8997
8999
9001
9003
9005
9007
9009
9011
9013
9015
9017
9019
9021
9023
9025
9027
9029
9031
9033
9035
9037
9039
9041
9043
9045
9047
9049
9051
9053
9055
9057
9059
9061
9063
9065
9067
9069
9071
9073
9075
9077
9079
9081
9083
9085
9087
9089
9091
9093
9095
9097
9099
9101
9103
9105
9107
9109
9111
9113
9115
9117
9119
9121
9123
9125
9127
9129
9131
9133
9135
9137
9139
9141
9143
9145
9147
9149
9151
9153
9155
9157
9159
9161
9163
9165
9167
9169
9171
9173
9175
9177
9179
9181
9183
9185
9187
9189
9191
9193
9195
9197
9199
9201
9203
9205
9207
9209
9211
9213
9215
9217
9219
9221
9223
9225
9227
9229
9231
9233
9235
9237
9239
9241
9243
9245
9247
9249
9251
9253
9255
9257
9259
9261
9263
9265
9267
9269
9271
9273
9275
9277
9279
9281
9283
9285
9287
9289
9291
9293
9295
9297
9299
9301
9303
9305
9307
9309
9311
9313
9315
9317
9319
9321
9323
9325
9327
9329
9331
9333
9335
9337
9339
9341
9343
9345
9347
9349
9351
9353
9355
9357
9359
9361
9363
9365
9367
9369
9371
9373
9375
9377
9379
9381
9383
9385
9387
9389
9391
9393
9395
9397
9399
9401
9403
9405
9407
9409
9411
9413
9415
9417
9419
9421
9423
9425
9427
9429
9431
9433
9435
9437
9439
9441
9443
9445
9447
9449
9451
9453
9455
9457
9459
9461
9463
9465
9467
9469
9471
9473
9475
9477
9479
9481
9483
9485
9487
9489
9491
9493
9495
9497
9499
9501
9503
9505
9507
9509
9511
9513
9515
9517
9519
9521
9523
9525
9527
9529
9531
9533
9535
9537
9539
9541
9543
9545
9547
9549
9551
9553
9555
9557
9559
9561
9563
9565
9567
9569
9571
9573
9575
9577
9579
9581
9583
9585
9587
9589
9591
9593
9595
9597
9599
9601
9603
9605
9607
9609
9611
9613
9615
9617
9619
9621
9623
9625
9627
9629
9631
9633
9635
9637
9639
9641
9643
9645
9647
9649
9651
9653
9655
9657
9659
9661
9663
9665
9667
9669
9671
9673
9675
9677
9679
9681
9683
9685
9687
9689
9691
9693
9695
9697
9699
9701
9703
9705
9707
9709
9711
9713
9715
9717
9719
9721
9723
9725
9727
9729
9731
9733
9735
9737
9739
9741
9743
9745
9747
9749
9751
9753
9755
9757
9759
9761
9763
9765
9767
9769
9771
9773
9775
9777
9779
9781
9783
9785
9787
9789
9791
9793
9795
9797
9799
9801
9803
9805
9807
9809
9811
9813
9815
9817
9819
9821
9823
9825
9827
9829
9831
9833
9835
9837
9839
9841
9843
9845
9847
9849
9851
9853
9855
9857
9859
9861
9863
9865
9867
9869
9871
9873
9875
9877
9879
9881
9883
9885
9887
9889
9891
9893
9895
9897
9899
9901
9903
9905
9907
9909
9911
9913
9915
9917
9919
9921
9923
9925
9927
9929
9931
9933
9935
9937
9939
9941
9943
9945
9947
9949
9951
9953
9955
9957
9959
9961
9963
9965
9967
9969
9971
9973
9975
9977
9979
9981
9983
9985
9987
9989
9991
9993
9995
9997
9999
10001
10003
10005
10007
10009
10011
10013
10015
10017
10019
10021
10023
10025
10027
10029
10031
10033
10035
10037
10039
10041
10043
10045
10047
10049
10051
10053
10055
10057
10059
10061
10063
10065
10067
10069
10071
10073
10075
10077
10079
10081
10083
10085
10087
10089
10091
10093
10095
10097
10099
10101
10103
10105
10107
10109
10111
10113
10115
10117
10119
10121
10123
10125
10127
10129
10131
10133
10135
10137
10139
10141
10143
10145
10147
10149
10151
10153
10155
10157
10159
10161
10163
10165
10167
10169
10171
10173
10175
10177
10179
10181
10183
10185
10187
10189
10191
10193
10195
10197
10199
10201
10203
10205
10207
10209
10211
10213
10215
10217
10219
10221
10223
10225
10227
10229
10231
10233
10235
10237
10239
10241
10243
10245
10247
10249
10251
10253
10255
10257
10259
10261
10263
10265
10267
10269
10271
10273
10275
10277
10279
10281
10283
10285
10287
10289
10291
10293
10295
10297
10299
10301
10303
10305
10307
10309
10311
10313
10315
10317
10319
10321
10323
10325
10327
10329
10331
10333
10335
10337
10339
10341
10343
10345
10347
10349
10351
10353
10355
10357
10359
10361
10363
10365
10367
10369
10371
10373
10375
10377
10379
10381
10383
10385
10387
10389
10391
10393
10395
10397
10399
10401
10403
10405
10407
10409
10411
10413
10415
10417
10419
10421
10423
10425
10427
10429
10431
10433
10435
10437
10439
10441
10443
10445
10447
10449
10451
10453
10455
10457
10459
10461
10463
10465
10467
10469
10471
10473
10475
10477
10479
10481
10483
10485
10487
10489
10491
10493
10495
10497
10499
10501
10503
10505
10507
10509
10511
10513
10515
10517
10519
10521
10523
10525
10527
10529
10531
10533
10535
10537
10539
10541
10543
10545
10547
10549
10551
10553
10555
10557
10559
10561
10563
10565
10567
10569
10571
10573
10575
10577
10579
10581
10583
10585
10587
10589
10591
10593
10595
10597
10599
10601
10603
10605
10607
10609
10611
10613
10615
10617
10619
10621
10623
10625
10627
10629
10631
10633
10635
10637
10639
10641
10643
10645
10647
10649
10651
10653
10655
10657
10659
10661
10663
10665
10667
10669
10671
10673
10675
10677
10679
10681
10683
10685
10687
10689
10691
10693
10695
10697
10699
10701
10703
10705
10707
10709
10711
10713
10715
10717
10719
10721
10723
10725
10727
10729
10731
10733
10735
10737
10739
10741
10743
10745
10747
10749
10751
10753
10755
10757
10759
10761
10763
10765
10767
10769
10771
10773
10775
10777
10779
10781
10783
10785
10787
10789
10791
10793
10795
10797
10799
10801
10803
10805
10807
10809
10811
10813
10815
10817
10819
10821
10823
10825
10827
10829
10831
10833
10835
10837
10839
10841
10843
10845
10847
10849
10851
10853
10855
10857
10859
10861
10863
10865
10867
10869
10871
10873
10875
10877
10879
10881
10883
10885
10887
10889
10891
10893
10895
10897
10899
10901
10903
10905
10907
10909
10911
10913
10915
10917
10919
10921
10923
10925
10927
10929
10931
10933
10935
10937
10939
10941
10943
10945
10947
10949
10951
10953
10955
10957
10959
10961
10963
10965
10967
10969
10971
10973
10975
10977
10979
10981
10983
10985
10987
10989
10991
10993
10995
10997
10999
11001
11003
11005
11007
11009
11011
11013
11015
11017
11019
11021
11023
11025
11027
11029
11031
11033
11035
11037
11039
11041
11043
11045
11047
11049
11051
11053
11055
11057
11059
11061
11063
11065
11067
11069
11071
11073
11075
11077
11079
11081
11083
11085
11087
11089
11091
11093
11095
11097
11099
11101
11103
11105
11107
11109
11111
11113
11115
11117
11119
11121
11123
11125
11127
11129
11131
11133
11135
11137
11139
11141
11143
11145
11147
11149
11151
11153
11155
11157
11159
11161
11163
11165
11167
11169
11171
11173
11175
11177
11179
11181
11183
11185
11187
11189
11191
11193
11195
11197
11199
11201
11203
11205
11207
11209
11211
11213
11215
11217
11219
11221
11223
11225
11227
11229
11231
11233
11235
11237
11239
11241
11243
11245
11247
11249
11251
11253
11255
11257
11259
11261
11263
11265
11267
11269
11271
11273
11275
11277
11279
11281
11283
11285
11287
11289
11291
11293
11295
11297
11299
11301
11303
11305
11307
11309
11311
11313
11315
11317
11319
11321
11323
11325
11327
11329
11331
11333
11335
11337
11339
11341
11343
11345
11347
11349
11351
11353
11355
11357
11359
11361
11363
11365
11367
11369
11371
11373
11375
11377
11379
11381
11383
11385
11387
11389
11391
11393
11395
11397
11399
11401
11403
11405
11407
11409
11411
11413
11415
11417
11419
11421
11423
11425
11427
11429
11431
11433
11435
11437
11439
11441
11443
11445
11447
11449
11451
11453
11455
11457
11459
11461
11463
11465
11467
11469
11471
11473
11475
11477
11479
11481
11483
11485
11487
11489
11491
11493
11495
11497
11499
11501
11503
11505
11507
11509
11511
11513
11515
11517
11519
11521
11523
11525
11527
11529
11531
11533
11535
11537
11539
11541
11543
11545
11547
11549
11551
11553
11555
11557
11559
11561
11563
11565
11567
11569
11571
11573
11575
11577
11579
11581
11583
11585
11587
11589
11591
11593
11595
11597
11599
11601
11603
11605
11607
11609
11611
11613
11615
11617
11619
11621
11623
11625
11627
11629
11631
11633
11635
11637
11639
11641
11643
11645
11647
11649
11651
11653
11655
11657
11659
11661
11663
11665
11667
11669
11671
11673
11675
11677
11679
11681
11683
11685
11687
11689
11691
11693
11695
11697
11699
11701
11703
11705
11707
11709
11711
11713
11715
11717
11719
11721
11723
11725
11727
11729
11731
11733
11735
11737
11739
11741
11743
11745
11747
11749
11751
11753
11755
11757
11759
11761
11763
11765
11767
11769
11771
11773
11775
11777
11779
11781
11783
11785
11787
11789
11791
11793
11795
11797
11799
11801
11803
11805
11807
11809
11811
11813
11815
11817
11819
11821
11823
11825
11827
11829
11831
11833
11835
11837
11839
11841
11843
11845
11847
11849
11851
11853
11855
11857
11859
11861
11863
11865
11867
11869
11871
11873
11875
11877
11879
11881
11883
11885
11887
11889
11891
11893
11895
11897
11899
11901
11903
11905
11907
11909
11911
11913
11915
11917
11919
11921
11923
11925
11927
11929
11931
11933
11935
11937
11939
11941
11943
11945
11947
11949
11951
11953
11955
11957
11959
11961
11963
11965
11967
11969
11971
11973
11975
11977
11979
11981
11983
11985
11987
11989
11991
11993
11995
11997
11999
12001
12003
12005
12007
12009
12011
12013
12015
12017
12019
12021
12023
12025
12027
12029
12031
12033
12035
12037
12039
12041
12043
12045
12047
12049
12051
12053
12055
12057
12059
12061
12063
12065
12067
12069
12071
12073
12075
12077
12079
12081
12083
12085
12087
12089
12091
12093
12095
12097
12099
12101
12103
12105
12107
12109
12111
12113
12115
12117
12119
12121
12123
12125
12127
12129
12131
12133
12135
12137
12139
12141
12143
12145
12147
12149
12151
12153
12155
12157
12159
12161
12163
12165
12167
12169
12171
12173
12175
12177
12179
12181
12183
12185
12187
12189
12191
12193
12195
12197
12199
12201
12203
12205
12207
12209
12211
12213
12215
12217
12219
12221
12223
12225
12227
12229
12231
12233
12235
12237
12239
12241
12243
12245
12247
12249
12251
12253
12255
12257
12259
12261
12263
12265
12267
12269
12271
12273
12275
12277
12279
12281
12283
12285
12287
12289
12291
12293
12295
12297
12299
12301
12303
12305
12307
12309
12311
12313
12315
12317
12319
12321
12323
12325
12327
12329
12331
12333
12335
12337
12339
12341
12343
12345
12347
12349
12351
12353
12355
12357
12359
12361
12363
12365
12367
12369
12371
12373
12375
12377
12379
12381
12383
12385
12387
12389
12391
12393
12395
12397
12399
12401
12403
12405
12407
12409
12411
12413
12415
12417
12419
12421
12423
12425
12427
12429
12431
12433
12435
12437
12439
12441
12443
12445
12447
12449
12451
12453
12455
12457
12459
12461
12463
12465
12467
12469
12471
12473
12475
12477
12479
12481
12483
12485
12487
12489
12491
12493
12495
12497
12499
12501
12503
12505
12507
12509
12511
12513
12515
12517
12519
12521
12523
12525
12527
12529
12531
12533
12535
12537
12539
12541
12543
12545
12547
12549
12551
12553
12555
12557
12559
12561
12563
12565
12567
12569
12571
12573
12575
12577
12579
12581
12583
12585
12587
12589
12591
12593
12595
12597
12599
12601
12603
12605
12607
12609
12611
12613
12615
12617
12619
12621
12623
12625
12627
12629
12631
12633
12635
12637
12639
12641
12643
12645
12647
12649
12651
12653
12655
12657
12659
12661
12663
12665
12667
12669
12671
12673
12675
12677
12679
12681
12683
12685
12687
12689
12691
12693
12695
12697
12699
12701
12703
12705
12707
12709
12711
12713
12715
12717
12719
12721
12723
12725
12727
12729
12731
12733
12735
12737
12739
12741
12743
12745
12747
12749
12751
12753
12755
12757
12759
12761
12763
12765
12767
12769
12771
12773
12775
12777
12779
12781
12783
12785
12787
12789
12791
12793
12795
12797
12799
12801
12803
12805
12807
12809
12811
12813
12815
12817
12819
12821
12823
12825
12827
12829
12831
12833
12835
12837
12839
12841
12843
12845
12847
12849
12851
12853
12855
12857
12859
12861
12863
12865
12867
12869
12871
12873
12875
12877
12879
12881
12883
12885
12887
12889
12891
12893
12895
12897
12899
12901
12903
12905
12907
12909
12911
12913
12915
12917
12919
12921
12923
12925
12927
12929
12931
12933
12935
12937
12939
12941
12943
12945
12947
12949
12951
12953
12955
12957
12959
12961
12963
12965
12967
12969
12971
12973
12975
12977
12979
12981
12983
12985
12987
12989
12991
12993
12995
12997
12999
13001
13003
13005
13007
13009
13011
13013
13015
13017
13019
13021
13023
13025
13027
13029
13031
13033
13035
13037
13039
13041
13043
13045
13047
13049
13051
13053
13055
13057
13059
13061
13063
13065
13067
13069
13071
13073
13075
13077
13079
13081
13083
13085
13087
13089
13091
13093
13095
13097
13099
13101
13103
13105
13107
13109
13111
13113
13115
13117
13119
13121
13123
13125
13127
13129
13131
13133
13135
13137
13139
13141
13143
13145
13147
13149
13151
13153
13155
13157
13159
13161
13163
13165
13167
13169
13171
13173
13175
13177
13179
13181
13183
13185
13187
13189
13191
13193
13195
13197
13199
13201
13203
13205
13207
13209
13211
13213
13215
13217
13219
13221
13223
13225
13227
13229
13231
13233
13235
13237
13239
13241
13243
13245
13247
13249
13251
13253
13255
13257
13259
13261
13263
13265
13267
13269
13271
13273
13275
13277
13279
13281
13283
13285
13287
13289
13291
13293
13295
13297
13299
13301
13303
13305
13307
13309
13311
13313
13315
13317
13319
13321
13323
13325
13327
13329
13331
13333
13335
13337
13339
13341
13343
13345
13347
13349
13351
13353
13355
13357
13359
13361
13363
13365
13367
13369
13371
13373
13375
13377
13379
13381
13383
13385
13387
13389
13391
13393
13395
13397
13399
13401
13403
13405
13407
13409
13411
13413
13415
13417
13419
13421
13423
13425
13427
13429
13431
13433
13435
13437
13439
13441
13443
13445
13447
13449
13451
13453
13455
13457
13459
13461
13463
13465
13467
13469
13471
13473
13475
13477
13479
13481
13483
13485
13487
13489
13491
13493
13495
13497
13499
13501
13503
13505
13507
13509
13511
13513
13515
13517
13519
13521
13523
13525
13527
13529
13531
13533
13535
13537
13539
13541
13543
13545
13547
13549
13551
13553
13555
13557
13559
13561
13563
13565
13567
13569
13571
13573
13575
13577
13579
13581
13583
13585
13587
13589
13591
13593
13595
13597
13599
13601
13603
13605
13607
13609
13611
13613
13615
13617
13619
13621
13623
13625
13627
13629
13631
13633
13635
13637
13639
13641
13643
13645
13647
13649
13651
13653
13655
13657
13659
13661
13663
13665
13667
13669
13671
13673
13675
13677
13679
13681
13683
13685
13687
13689
13691
13693
13695
13697
13699
13701
13703
13705
13707
13709
13711
13713
13715
13717
13719
13721
13723
13725
13727
13729
13731
13733
13735
13737
13739
13741
13743
13745
13747
13749
13751
13753
13755
13757
13759
13761
13763
13765
13767
13769
13771
13773
13775
13777
13779
13781
13783
13785
13787
13789
13791
13793
13795
13797
13799
13801
13803
13805
13807
13809
13811
13813
13815
13817
13819
13821
13823
13825
13827
13829
13831
13833
13835
13837
13839
13841
13843
13845
13847
13849
13851
13853
13855
13857
13859
13861
13863
13865
13867
13869
13871
13873
13875
13877
13879
13881
13883
13885
13887
13889
13891
13893
13895
13897
13899
13901
13903
13905
13907
13909
13911
13913
13915
13917
13919
13921
13923
13925
13927
13929
13931
13933
13935
13937
13939
13941
13943
13945
13947
13949
13951
13953
13955
13957
13959
13961
13963
13965
13967
13969
13971
13973
13975
13977
13979
13981
13983
13985
13987
13989
13991
13993
13995
13997
13999
14001
14003
14005
14007
14009
14011
14013
14015
14017
14019
14021
14023
14025
14027
14029
14031
14033
14035
14037
14039
14041
14043
14045
14047
14049
14051
14053
14055
14057
14059
14061
14063
14065
14067
14069
14071
14073
14075
14077
14079
14081
14083
14085
14087
14089
14091
14093
14095
14097
14099
14101
14103
14105
14107
14109
14111
14113
14115
14117
14119
14121
14123
14125
14127
14129
14131
14133
14135
14137
14139
14141
14143
14145
14147
14149
14151
14153
14155
14157
14159
14161
14163
14165
14167
14169
14171
14173
14175
14177
14179
14181
14183
14185
14187
14189
14191
14193
14195
14197
14199
14201
14203
14205
14207
14209
14211
14213
14215
14217
14219
14221
14223
14225
14227
14229
14231
14233
14235
14237
14239
14241
14243
14245
14247
14249
14251
14253
14255
14257
14259
14261
14263
14265
14267
14269
14271
14273
14275
14277
14279
14281
14283
14285
14287
14289
14291
14293
14295
14297
14299
14301
14303
14305
14307
14309
14311
14313
14315
14317
14319
14321
14323
14325
14327
14329
14331
14333
14335
14337
14339
14341
14343
14345
14347
14349
14351
14353
14355
14357
14359
14361
14363
14365
14367
14369
14371
14373
14375
14377
14379
14381
14383
14385
14387
14389
14391
14393
14395
14397
14399
14401
14403
14405
14407
14409
14411
14413
14415
14417
14419
14421
14423
14425
14427
14429
14431
14433
14435
14437
14439
14441
14443
14445
14447
14449
14451
14453
14455
14457
14459
14461
14463
14465
14467
14469
14471
14473
14475
14477
14479
14481
14483
14485
14487
14489
14491
14493
14495
14497
14499
14501
14503
14505
14507
14509
14511
14513
14515
14517
14519
14521
14523
14525
14527
14529
14531
14533
14535
14537
14539
14541
14543
14545
14547
14549
14551
14553
14555
14557
14559
14561
14563
14565
14567
14569
14571
14573
14575
14577
14579
14581
14583
14585
14587
14589
14591
14593
14595
14597
14599
14601
14603
14605
14607
14609
14611
14613
14615
14617
14619
14621
14623
14625
14627
14629
14631
14633
14635
14637
14639
14641
14643
14645
14647
14649
14651
14653
14655
14657
14659
14661
14663
14665
14667
14669
14671
14673
14675
14677
14679
14681
14683
14685
14687
14689
14691
14693
14695
14697
14699
14701
14703
14705
14707
14709
14711
14713
14715
14717
14719
14721
14723
14725
14727
14729
14731
14733
14735
14737
14739
14741
14743
14745
14747
14749
14751
14753
14755
14757
14759
14761
14763
14765
14767
14769
14771
14773
14775
14777
14779
14781
14783
14785
14787
14789
14791
14793
14795
14797
14799
14801
14803
14805
14807
14809
14811
14813
14815
14817
14819
14821
14823
14825
14827
14829
14831
14833
14835
14837
14839
14841
14843
14845
14847
14849
14851
14853
14855
14857
14859
14861
14863
14865
14867
14869
14871
14873
14875
14877
14879
14881
14883
14885
14887
14889
14891
14893
14895
14897
14899
14901
14903
14905
14907
14909
14911
14913
14915
14917
14919
14921
14923
14925
14927
14929
14931
14933
14935
14937
14939
14941
14943
14945
14947
14949
14951
14953
14955
14957
14959
14961
14963
14965
14967
14969
14971
14973
14975
14977
14979
14981
14983
14985
14987
14989
14991
14993
14995
14997
14999
15001
15003
15005
15007
15009
15011
15013
15015
15017
15019
15021
15023
15025
15027
15029
15031
15033
15035
15037
15039
15041
15043
15045
15047
15049
15051
15053
15055
15057
15059
15061
15063
15065
15067
15069
15071
15073
15075
15077
15079
15081
15083
15085
15087
15089
15091
15093
15095
15097
15099
15101
15103
15105
15107
15109
15111
15113
15115
15117
15119
15121
15123
15125
15127
15129
15131
15133
15135
15137
15139
15141
15143
15145
15147
15149
15151
15153
15155
15157
15159
15161
15163
15165
15167
15169
15171
15173
15175
15177
15179
15181
15183
15185
15187
15189
15191
15193
15195
15197
15199
15201
15203
15205
15207
15209
15211
15213
15215
15217
15219
15221
15223
15225
15227
15229
15231
15233
15235
15237
15239
15241
15243
15245
15247
15249
15251
15253
15255
15257
15259
15261
15263
15265
15267
15269
15271
15273
15275
15277
15279
15281
15283
15285
15287
15289
15291
15293
15295
15297
15299
15301
15303
15305
15307
15309
15311
15313
15315
15317
15319
15321
15323
15325
15327
15329
15331
15333
15335
15337
15339
15341
15343
15345
15347
15349
15351
15353
15355
15357
15359
15361
15363
15365
15367
15369
15371
15373
15375
15377
15379
15381
15383
15385
15387
15389
15391
15393
15395
15397
15399
15401
15403
15405
15407
15409
15411
15413
15415
15417
15419
15421
15423
15425
15427
15429
15431
15433
15435
15437
15439
15441
15443
15445
15447
15449
15451
15453
15455
15457
15459
15461
15463
15465
15467
15469
15471
15473
15475
15477
15479
15481
15483
15485
15487
15489
15491
15493
15495
15497
15499
15501
15503
15505
15507
15509
15511
15513
15515
15517
15519
15521
15523
15525
15527
15529
15531
15533
15535
15537
15539
15541
15543
15545
15547
15549
15551
15553
15555
15557
15559
15561
15563
15565
15567
15569
15571
15573
15575
15577
15579
15581
15583
15585
15587
15589
15591
15593
15595
15597
15599
15601
15603
15605
15607
15609
15611
15613
15615
15617
15619
15621
15623
15625
15627
15629
15631
15633
15635
15637
15639
15641
15643
15645
15647
15649
15651
15653
15655
15657
15659
15661
15663
15665
15667
15669
15671
15673
15675
15677
15679
15681
15683
15685
15687
15689
15691
15693
15695
15697
15699
15701
15703
15705
15707
15709
15711
15713
15715
15717
15719
15721
15723
15725
15727
15729
15731
15733
15735
15737
15739
15741
15743
15745
15747
15749
15751
15753
15755
15757
15759
15761
15763
15765
15767
15769
15771
15773
15775
15777
15779
15781
15783
15785
15787
15789
15791
15793
15795
15797
15799
15801
15803
15805
15807
15809
15811
15813
15815
15817
15819
15821
15823
15825
15827
15829
15831
15833
15835
15837
15839
15841
15843
15845
15847
15849
15851
15853
15855
15857
15859
15861
15863
15865
15867
15869
15871
15873
15875
15877
15879
15881
15883
15885
15887
15889
15891
15893
15895
15897
15899
15901
15903
15905
15907
15909
15911
15913
15915
15917
15919
15921
15923
15925
15927
15929
15931
15933
15935
15937
15939
15941
15943
15945
15947
15949
15951
15953
15955
15957
15959
15961
15963
15965
15967
15969
15971
15973
15975
15977
15979
15981
15983
15985
15987
15989
15991
15993
15995
15997
15999
16001
16003
16005
16007
16009
16011
16013
16015
16017
16019
16021
16023
16025
16027
16029
16031
16033
16035
16037
16039
16041
16043
16045
16047
16049
16051
16053
16055
16057
16059
16061
16063
16065
16067
16069
16071
16073
16075
16077
16079
16081
16083
16085
16087
16089
16091
16093
16095
16097
16099
16101
16103
16105
16107
16109
16111
16113
16115
16117
16119
16121
16123
16125
16127
16129
16131
16133
16135
16137
16139
16141
16143
16145
16147
16149
16151
16153
16155
16157
16159
16161
16163
16165
16167
16169
16171
16173
16175
16177
16179
16181
16183
16185
16187
16189
16191
16193
16195
16197
16199
16201
16203
16205
16207
16209
16211
16213
16215
16217
16219
16221
16223
16225
16227
16229
16231
16233
16235
16237
16239
16241
16243
16245
16247
16249
16251
16253
16255
16257
16259
16261
16263
16265
16267
16269
16271
16273
16275
16277
16279
16281
16283
16285
16287
16289
16291
16293
16295
16297
16299
16301
16303
16305
16307
16309
16311
16313
16315
16317
16319
16321
16323
16325
16327
16329
16331
16333
16335
16337
16339
16341
16343
16345
16347
16349
16351
16353
16355
16357
16359
16361
16363
16365
16367
16369
16371
16373
16375
16377
16379
16381
16383
16385
16387
16389
16391
16393
16395
16397
16399
16401
16403
16405
16407
16409
16411
16413
16415
16417
16419
16421
16423
16425
16427
16429
16431
16433
16435
16437
16439
16441
16443
16445
16447
16449
16451
16453
16455
16457
16459
16461
16463
16465
16467
16469
16471
16473
16475
16477
16479
16481
16483
16485
16487
16489
16491
16493
16495
16497
16499
16501
16503
16505
16507
16509
16511
16513
16515
16517
16519
16521
16523
16525
16527
16529
16531
16533
16535
16537
16539
16541
16543
16545
16547
16549
16551
16553
16555
16557
16559
16561
16563
16565
16567
16569
16571
16573
16575
16577
16579
16581
16583
16585
16587
16589
16591
16593
16595
16597
16599
16601
16603
16605
16607
16609
16611
16613
16615
16617
16619
16621
16623
16625
16627
16629
16631
16633
16635
16637
16639
16641
16643
16645
16647
16649
16651
16653
16655
16657
16659
16661
16663
16665
16667
16669
16671
16673
16675
16677
16679
16681
16683
16685
16687
16689
16691
16693
16695
16697
16699
16701
16703
16705
16707
16709
16711
16713
16715
16717
16719
16721
16723
16725
16727
16729
16731
16733
16735
16737
16739
16741
16743
16745
16747
16749
16751
16753
16755
16757
16759
16761
16763
16765
16767
16769
16771
16773
16775
16777
16779
16781
16783
16785
16787
16789
16791
16793
16795
16797
16799
16801
16803
16805
16807
16809
16811
16813
16815
16817
16819
16821
16823
16825
16827
16829
16831
16833
16835
16837
16839
16841
16843
16845
16847
16849
16851
16853
16855
16857
16859
16861
16863
16865
16867
16869
16871
16873
16875
16877
16879
16881
16883
16885
16887
16889
16891
16893
16895
16897
16899
16901
16903
16905
16907
16909
16911
16913
16915
16917
16919
16921
16923
16925
16927
16929
16931
16933
16935
16937
16939
16941
16943
16945
16947
16949
16951
16953
16955
16957
16959
16961
16963
16965
16967
16969
16971
16973
16975
16977
16979
16981
16983
16985
16987
16989
16991
16993
16995
16997
16999
17001
17003
17005
17007
17009
17011
17013
17015
17017
17019
17021
17023
17025
17027
17029
17031
17033
17035
17037
17039
17041
17043
17045
17047
17049
17051
17053
17055
17057
17059
17061
17063
17065
17067
17069
17071
17073
17075
17077
17079
17081
17083
17085
17087
17089
17091
17093
17095
17097
17099
17101
17103
17105
17107
17109
17111
17113
17115
17117
17119
17121
17123
17125
17127
17129
17131
17133
17135
17137
17139
17141
17143
17145
17147
17149
17151
17153
17155
17157
17159
17161
17163
17165
17167
17169
17171
17173
17175
17177
17179
17181
17183
17185
17187
17189
17191
17193
17195
17197
17199
17201
17203
17205
17207
17209
17211
17213
17215
17217
17219
17221
17223
17225
17227
17229
17231
17233
17235
17237
17239
17241
17243
17245
17247
17249
17251
17253
17255
17257
17259
17261
17263
17265
17267
17269
17271
17273
17275
17277
17279
17281
17283
17285
17287
17289
17291
17293
17295
17297
17299
17301
17303
17305
17307
17309
17311
17313
17315
17317
17319
17321
17323
17325
17327
17329
17331
17333
17335
17337
17339
17341
17343
17345
17347
17349
17351
17353
17355
17357
17359
17361
17363
17365
17367
17369
17371
17373
17375
17377
17379
17381
17383
17385
17387
17389
17391
17393
17395
17397
17399
17401
17403
17405
17407
17409
17411
17413
17415
17417
17419
17421
17423
17425
17427
17429
17431
17433
17435
17437
17439
17441
17443
17445
17447
17449
17451
17453
17455
17457
17459
17461
17463
17465
17467
17469
17471
17473
17475
17477
17479
17481
17483
17485
17487
17489
17491
17493
17495
17497
17499
17501
17503
17505
17507
17509
17511
17513
17515
17517
17519
17521
17523
17525
17527
17529
17531
17533
17535
17537
17539
17541
17543
17545
17547
17549
17551
17553
17555
17557
17559
17561
17563
17565
17567
17569
17571
17573
17575
17577
17579
17581
17583
17585
17587
17589
17591
17593
17595
17597
17599
17601
17603
17605
17607
17609
17611
17613
17615
17617
17619
17621
17623
17625
17627
17629
17631
17633
17635
17637
17639
17641
17643
17645
17647
17649
17651
17653
17655
17657
17659
17661
17663
17665
17667
17669
17671
17673
17675
17677
17679
17681
17683
17685
17687
17689
17691
17693
17695
17697
17699
17701
17703
17705
17707
17709
17711
17713
17715
17717
17719
17721
17723
17725
17727
17729
17731
17733
17735
17737
17739
17741
17743
17745
17747
17749
17751
17753
17755
17757
17759
17761
17763
17765
17767
17769
17771
17773
17775
17777
17779
17781
17783
17785
17787
17789
17791
17793
17795
17797
17799
17801
17803
17805
17807
17809
17811
17813
17815
17817
17819
17821
17823
17825
17827
17829
17831
17833
17835
17837
17839
17841
17843
17845
17847
17849
17851
17853
17855
17857
17859
17861
17863
17865
17867
17869
17871
17873
17875
17877
17879
17881
17883
17885
17887
17889
17891
17893
17895
17897
17899
17901
17903
17905
17907
17909
17911
17913
17915
17917
17919
17921
17923
17925
17927
17929
17931
17933
17935
17937
17939
17941
17943
17945
17947
17949
17951
17953
17955
17957
17959
17961
17963
17965
17967
17969
17971
17973
17975
17977
17979
17981
17983
17985
17987
17989
17991
17993
17995
17997
17999
18001
18003
18005
18007
18009
18011
18013
18015
18017
18019
18021
18023
18025
18027
18029
18031
18033
18035
18037
18039
18041
18043
18045
18047
18049
18051
18053
18055
18057
18059
18061
18063
18065
18067
18069
18071
18073
18075
18077
18079
18081
18083
18085
18087
18089
18091
18093
18095
18097
18099
18101
18103
18105
18107
18109
18111
18113
18115
18117
18119
18121
18123
18125
18127
18129
18131
18133
18135
18137
18139
18141
18143
18145
18147
18149
18151
18153
18155
18157
18159
18161
18163
18165
18167
18169
18171
18173
18175
18177
18179
18181
18183
18185
18187
18189
18191
18193
18195
18197
18199
18201
18203
18205
18207
18209
18211
18213
18215
18217
18219
18221
18223
18225
18227
18229
18231
18233
18235
18237
18239
18241
18243
18245
18247
18249
18251
18253
18255
18257
18259
18261
18263
18265
18267
18269
18271
18273
18275
18277
18279
18281
18283
18285
18287
18289
18291
18293
18295
18297
18299
18301
18303
18305
18307
18309
18311
18313
18315
18317
18319
18321
18323
18325
18327
18329
18331
18333
18335
18337
18339
18341
18343
18345
18347
18349
18351
18353
18355
18357
18359
18361
18363
18365
18367
18369
18371
18373
18375
18377
18379
18381
18383
18385
18387
18389
18391
18393
18395
18397
18399
18401
18403
18405
18407
18409
18411
18413
18415
18417
18419
18421
18423
18425
18427
18429
18431
18433
18435
18437
18439
18441
18443
18445
18447
18449
18451
18453
18455
18457
18459
18461
18463
18465
18467
18469
18471
18473
18475
18477
18479
18481
18483
18485
18487
18489
18491
18493
18495
18497
18499
18501
18503
18505
18507
18509
18511
18513
18515
18517
18519
18521
18523
18525
18527
18529
18531
18533
18535
18537
18539
18541
18543
18545
18547
18549
18551
18553
18555
18557
18559
18561
18563
18565
18567
18569
18571
18573
18575
18577
18579
18581
18583
18585
18587
18589
18591
18593
18595
18597
18599
18601
18603
18605
18607
18609
18611
18613
18615
18617
18619
18621
18623
18625
18627
18629
18631
18633
18635
18637
18639
18641
18643
18645
18647
18649
18651
18653
18655
18657
18659
18661
18663
18665
18667
18669
18671
18673
18675
18677
18679
18681
18683
18685
18687
18689
18691
18693
18695
18697
18699
18701
18703
18705
18707
18709
18711
18713
18715
18717
18719
18721
18723
18725
18727
18729
18731
18733
18735
18737
18739
18741
18743
18745
18747
18749
18751
18753
18755
18757
18759
18761
18763
18765
18767
18769
18771
18773
18775
18777
18779
18781
18783
18785
18787
18789
18791
18793
18795
18797
18799
18801
18803
18805
18807
18809
18811
18813
18815
18817
18819
18821
18823
18825
18827
18829
18831
18833
18835
18837
18839
18841
18843
18845
18847
18849
18851
18853
18855
18857
18859
18861
18863
18865
18867
18869
18871
18873
18875
18877
18879
18881
18883
18885
18887
18889
18891
18893
18895
18897
18899
18901
18903
18905
18907
18909
18911
18913
18915
18917
18919
18921
18923
18925
18927
18929
18931
18933
18935
18937
18939
18941
18943
18945
18947
18949
18951
18953
18955
18957
18959
18961
18963
18965
18967
18969
18971
18973
18975
18977
18979
18981
18983
18985
18987
18989
18991
18993
18995
18997
18999
19001
19003
19005
19007
19009
19011
19013
19015
19017
19019
19021
19023
19025
19027
19029
19031
19033
19035
19037
19039
19041
19043
19045
19047
19049
19051
19053
19055
19057
19059
19061
19063
19065
19067
19069
19071
19073
19075
19077
19079
19081
19083
19085
19087
19089
19091
19093
19095
19097
19099
19101
19103
19105
19107
19109
19111
19113
19115
19117
19119
19121
19123
19125
19127
19129
19131
19133
19135
19137
19139
19141
19143
19145
19147
19149
19151
19153
19155
19157
19159
19161
19163
19165
19167
19169
19171
19173
19175
19177
19179
19181
19183
19185
19187
19189
19191
19193
19195
19197
19199
19201
19203
19205
19207
19209
19211
19213
19215
19217
19219
19221
19223
19225
19227
19229
19231
19233
19235
19237
19239
19241
19243
19245
19247
19249
19251
19253
19255
19257
19259
19261
19263
19265
19267
19269
19271
19273
19275
19277
19279
19281
19283
19285
19287
19289
19291
19293
19295
19297
19299
19301
19303
19305
19307
19309
19311
19313
19315
19317
19319
19321
19323
19325
19327
19329
19331
19333
19335
19337
19339
19341
19343
19345
19347
19349
19351
19353
19355
19357
19359
19361
19363
19365
19367
19369
19371
19373
19375
19377
19379
19381
19383
19385
19387
19389
19391
19393
19395
19397
19399
19401
19403
19405
19407
19409
19411
19413
19415
19417
19419
19421
19423
19425
19427
19429
19431
19433
19435
19437
19439
19441
19443
19445
19447
19449
19451
19453
19455
19457
19459
19461
19463
19465
19467
19469
19471
19473
19475
19477
19479
19481
19483
19485
19487
19489
19491
19493
19495
19497
19499
19501
19503
19505
19507
19509
19511
19513
19515
19517
19519
19521
19523
19525
19527
19529
19531
19533
19535
19537
19539
19541
19543
19545
19547
19549
19551
19553
19555
19557
19559
19561
19563
19565
19567
19569
19571
19573
19575
19577
19579
19581
19583
19585
19587
19589
19591
19593
19595
19597
19599
19601
19603
19605
19607
19609
19611
19613
19615
19617
19619
19621
19623
19625
19627
19629
19631
19633
19635
19637
19639
19641
19643
19645
19647
19649
19651
19653
19655
19657
19659
19661
19663
19665
19667
19669
19671
19673
19675
19677
19679
19681
19683
19685
19687
19689
19691
19693
19695
19697
19699
19701
19703
19705
19707
19709
19711
19713
19715
19717
19719
19721
19723
19725
19727
19729
19731
19733
19735
19737
19739
19741
19743
19745
19747
19749
19751
19753
19755
19757
19759
19761
19763
19765
19767
19769
19771
19773
19775
19777
19779
19781
19783
19785
19787
19789
19791
19793
19795
19797
19799
19801
19803
19805
19807
19809
19811
19813
19815
19817
19819
19821
19823
19825
19827
19829
19831
19833
19835
19837
19839
19841
19843
19845
19847
19849
19851
19853
19855
19857
19859
19861
19863
19865
19867
19869
19871
19873
19875
19877
19879
19881
19883
19885
19887
19889
19891
19893
19895
19897
19899
19901
19903
19905
19907
19909
19911
19913
19915
19917
19919
19921
19923
19925
19927
19929
19931
19933
19935
19937
19939
19941
19943
19945
19947
19949
19951
19953
19955
19957
19959
19961
19963
19965
19967
19969
19971
19973
19975
19977
19979
19981
19983
19985
19987
19989
19991
19993
19995
19997
19999
20001
20003
20005
20007
20009
20011
20013
20015
20017
20019
20021
20023
20025
20027
20029
20031
20033
20035
20037
20039
20041
20043
20045
20047
20049
20051
20053
20055
20057
20059
20061
20063
20065
20067
20069
20071
20073
20075
20077
20079
20081
20083
20085
20087
20089
20091
20093
20095
20097
20099
20101
20103
20105
20107
20109
20111
20113
20115
20117
20119
20121
20123
20125
20127
20129
20131
20133
20135
20137
20139
20141
20143
20145
20147
20149
20151
20153
20155
20157
20159
20161
20163
20165
20167
20169
20171
20173
20175
20177
20179
20181
20183
20185
20187
20189
20191
20193
20195
20197
20199
20201
20203
20205
20207
20209
20211
20213
20215
20217
20219
20221
20223
20225
20227
20229
20231
20233
20235
20237
20239
20241
20243
20245
20247
20249
20251
20253
20255
20257
20259
20261
20263
20265
20267
20269
20271
20273
20275
20277
20279
20281
20283
20285
20287
20289
20291
20293
20295
20297
20299
20301
20303
20305
20307
20309
20311
20313
20315
20317
20319
20321
20323
20325
20327
20329
20331
20333
20335
20337
20339
20341
20343
20345
20347
20349
20351
20353
20355
20357
20359
20361
20363
20365
20367
20369
20371
20373
20375
20377
20379
20381
20383
20385
20387
20389
20391
20393
20395
20397
20399
20401
20403
20405
20407
20409
20411
20413
20415
20417
20419
20421
20423
20425
20427
20429
20431
20433
20435
20437
20439
20441
20443
20445
20447
20449
20451
20453
20455
20457
20459
20461
20463
20465
20467
20469
20471
20473
20475
20477
20479
20481
20483
20485
20487
20489
20491
20493
20495
20497
20499
20501
20503
20505
20507
20509
20511
20513
20515
20517
20519
20521
20523
20525
20527
20529
20531
20533
20535
20537
20539
20541
20543
20545
20547
20549
20551
20553
20555
20557
20559
20561
20563
20565
20567
20569
20571
20573
20575
20577
20579
20581
20583
20585
20587
20589
20591
20593
20595
20597
20599
20601
20603
20605
20607
20609
20611
20613
20615
20617
20619
20621
20623
20625
20627
20629
20631
20633
20635
20637
20639
20641
20643
20645
20647
20649
20651
20653
20655
20657
20659
20662
20665
20668
20671
20674
20677
20680
20683
20686
20689
20692
20695
20698
20701
20704
20707
20710
20713
20716
20719
20722
20725
20728
20731
20734
20737
20740
20743
20746
20749
20752
20755
20758
20761
20764
20767
20770
20773
20776
20779
20782
20785
20788
20791
20794
20797
20800
20803
20806
20809
20812
20815
20818
20821
20824
20827
20830
20833
20836
20839
20842
20845
20848
20851
20854
20857
20860
20863
20866
20869
20872
20875
20878
20881
20884
20887
20890
20893
20896
20899
20902
20905
20908
20911
20914
20917
20920
20923
20926
20929
20932
20935
20938
20941
20944
20947
20950
20953
20956
20959
20962
20965
20968
20971
20974
20977
20980
20983
20986
20989
20992
20995
20998
21001
21004
21007
21010
21013
21016
21019
21022
21025
21028
21031
21034
21037
21040
21043
21046
21049
21052
21055
21058
21061
21064
21067
21070
21073
21076
21079
21082
21085
21088
21091
21094
21097
21100
21103
21106
21109
21112
21115
21118
21121
21124
21127
21130
21133
21136
21139
21142
21145
21148
21151
21154
21157
21160
21163
21166
21169
21172
21175
21178
21181
21184
21187
21190
21193
21196
21199
21202
21205
21208
21211
21214
21217
21220
21223
21226
21229
21232
21235
21238
21241
21244
21247
21250
21253
21256
21259
21262
21265
21268
21271
21274
21277
21280
21283
21286
21289
21292
21295
21298
21301
21304
21307
21310
21313
21316
21319
21322
21325
21328
21331
21334
21337
21340
21343
21346
21349
21352
21355
21358
21361
21364
21367
21370
21373
21376
21379
21382
21385
21388
21391
21394
21397
21400
21403
21406
21409
21412
21415
21418
21421
21424
21427
21430
21433
21436
21439
21442
21445
21448
21451
21454
21457
21460
21463
21466
21469
21472
21475
21478
21481
21484
21487
21490
21493
21496
21499
21502
21505
21508
21511
21514
21517
21520
21523
21526
21529
21532
21535
21538
21541
21544
21547
21550
21553
21556
21559
21562
21565
21568
21571
21574
21577
21580
21583
21586
21589
21592
21595
21598
21601
21604
21607
21610
21613
21616
21619
21622
21625
21628
21631
21634
21637
21640
21643
21646
21649
21652
21655
21658
21661
21664
21667
21670
21673
21676
21679
21682
21685
21688
21691
21694
21697
21700
21703
21706
21709
21712
21715
21718
21721
21724
21727
21730
21733
21736
21739
21742
21745
21748
21751
21754
21757
21760
21763
21766
21769
21772
21775
21778
21781
21784
21787
21790
21793
21796
21799
21802
21805
21808
21811
21814
21817
21820
21823
21826
21829
21832
21835
21838
21841
21844
21847
21850
21853
21856
21859
21862
21865
21868
21871
21874
21877
21880
21883
21886
21889
21892
21895
21898
21901
21904
21907
21910
21913
21916
21919
21922
21925
21928
21931
21934
21937
21940
21943
21946
21949
21952
21955
21958
21961
21964
21967
21970
21973
21976
21979
21982
21985
21988
21991
21994
21997
22000
22003
22006
22009
22012
22015
22018
22021
22024
22027
22030
22033
22036
22039
22042
22045
22048
22051
22054
22057
22060
22063
22066
22069
22072
22075
22078
22081
22084
22087
22090
22093
22096
22099
22102
22105
22108
22111
22114
22117
22120
22123
22126
22129
22132
22135
22138
22141
22144
22147
22150
22153
22156
22159
22162
22165
22168
22171
22174
22177
22180
22183
22186
22189
22192
22195
22198
22201
22204
22207
22210
22213
22216
22219
22222
22225
22228
22231
22234
22237
22240
22243
22246
22249
22252
22255
22258
22261
22264
22267
22270
22273
22276
22279
22282
22285
22288
22291
22294
22297
22300
22303
22306
22309
22312
22315
22318
22321
22324
22327
22330
22333
22336
22339
22342
22345
22348
22351
22354
22357
22360
22363
22366
22369
22372
22375
22378
22381
22384
22387
22390
22393
22396
22399
22402
22405
22408
22411
22414
22417
22420
22423
22426
22429
22432
22435
22438
22441
22444
22447
22450
22453
22456
22459
22462
22465
22468
22471
22474
22477
22480
22483
22486
22489
22492
22495
22498
22501
22504
22507
22510
22513
22516
22519
22522
22525
22528
22531
22534
22537
22540
22543
22546
22549
22552
22555
22558
22561
22564
22567
22570
22573
22576
22579
22582
22585
22588
22591
22594
22597
22600
22603
22606
22609
22612
22615
22618
22621
22624
22627
22630
22633
22636
22639
22642
22645
22648
22651
22654
22657
22660
22663
22666
22669
22672
22675
22678
22681
22684
22687
22690
22693
22696
22699
22702
22705
22708
22711
22714
22717
22720
22723
22726
22729
22732
22735
22738
22741
22744
22747
22750
22753
22756
22759
22762
22765
22768
22771
22774
22777
22780
22783
22786
22789
22792
22795
22798
22801
22804
22807
22810
22813
22816
22819
22822
22825
22828
22831
22834
22837
22840
22843
22846
22849
22852
22855
22858
22861
22864
22867
22870
22873
22876
22879
22882
22885
22888
22891
22894
22897
22900
22903
22906
22909
22912
22915
22918
22921
22924
22927
22930
22933
22936
22939
22942
22945
22948
22951
22954
22957
22960
22963
22966
22969
22972
22975
22978
22981
22984
22987
22990
22993
22996
22999
23002
23005
23008
23011
23014
23017
23020
23023
23026
23029
23032
23035
23038
23041
23044
23047
23050
23053
23056
23059
23062
23065
23068
23071
23074
23077
23080
23083
23086
23089
23092
23095
23098
23101
23104
23107
23110
23113
23116
23119
23122
23125
23128
23131
23134
23137
23140
23143
23146
23149
23152
23155
23158
23161
23164
23167
23170
23173
23176
23179
23182
23185
23188
23191
23194
23197
23200
23203
23206
23209
23212
23215
23218
23221
23224
23227
23230
23233
23236
23239
23242
23245
23248
23251
23254
23257
23260
23263
23266
23269
23272
23275
23278
23281
23284
23287
23290
23293
23296
23299
23302
23305
23308
23311
23314
23317
23320
23323
23326
23329
23332
23335
23338
23341
23344
23347
23350
23353
23356
23359
23362
23365
23368
23371
23374
23377
23380
23383
23386
23389
23392
23395
23398
23401
23404
23407
23410
23413
23416
23419
23422
23425
23428
23431
23434
23437
23440
23443
23446
23449
23452
23455
23458
23461
23464
23467
23470
23473
23476
23479
23482
23485
23488
23491
23494
23497
23500
23503
23506
23509
23512
23515
23518
23521
23524
23527
23530
23533
23536
23539
23542
23545
23548
23551
23554
23557
23560
23563
23566
23569
23572
23575
23578
23581
23584
23587
23590
23593
23596
23599
23602
23605
23608
23611
23614
23617
23620
23623
23626
23629
23632
23635
23638
23641
23644
23647
23650
23653
23656
23659
23662
23665
23668
23671
23674
23677
23680
23683
23686
23689
23692
23695
23698
23701
23704
23707
23710
23713
23716
23719
23722
23725
23728
23731
23734
23737
23740
23743
23746
23749
23752
23755
23758
23761
23764
23767
23770
23773
23776
23779
23782
23785
23788
23791
23794
23797
23800
23803
23806
23809
23812
23815
23818
23821
23824
23827
23830
23833
23836
23839
23842
23845
23848
23851
23854
23857
23860
23863
23866
23869
23872
23875
23878
23881
23884
23887
23890
23893
23896
23899
23902
23905
23908
23911
23914
23917
23920
23923
23926
23929
23932
23935
23938
23941
23944
23947
23950
23953
23956
23959
23962
23965
23968
23971
23974
23977
23980
23983
23986
23989
23992
23995
23998
24001
24004
24007
24010
24013
24016
24019
24022
24025
24028
24031
24034
24037
24040
24043
24046
24049
24052
24055
24058
24061
24064
24067
24070
24073
24076
24079
24082
24085
24088
24091
24094
24097
24100
24103
24106
24109
24112
24115
24118
24121
24124
24127
24130
24133
24136
24139
24142
24145
24148
24151
24154
24157
24160
24163
24166
24169
24172
24175
24178
24181
24184
24187
24190
24193
24196
24199
24202
24205
24208
24211
24214
24217
24220
24223
24226
24229
24232
24235
24238
24241
24244
24247
24250
24253
24256
24259
24262
24265
24268
24271
24274
24277
24280
24283
24286
24289
24292
24295
24298
24301
24304
24307
24310
24313
24316
24319
24322
24325
24328
24331
24334
24337
24340
24343
24346
24349
24352
24355
24358
24361
24364
24367
24370
24373
24376
24379
24382
24385
24388
24391
24394
24397
24400
24403
24406
24409
24412
24415
24418
24421
24424
24427
24430
24433
24436
24439
24442
24445
24448
24451
24454
24457
24460
24463
24466
24469
24472
24475
24478
24481
24484
24487
24490
24493
24496
24499
24502
24505
24508
24511
24514
24517
24520
24523
24526
24529
24532
24535
24538
24541
24544
24547
24550
24553
24556
24559
24562
24565
24568
24571
24574
24577
24580
24583
24586
24589
24592
24595
24598
24601
24604
24607
24610
24613
24616
24619
24622
24625
24628
24631
24634
24637
24640
24643
24646
24649
24652
24655
24658
24661
24664
24667
24670
24673
24676
24679
24682
24685
24688
24691
24694
24697
24700
24703
24706
24709
24712
24715
24718
24721
24724
24727
24730
24733
24736
24739
24742
24745
24748
24751
24754
24757
24760
24763
24766
24769
24772
24775
24778
24781
24784
24787
24790
24793
24796
24799
24802
24805
24808
24811
24814
24817
24820
24823
24826
24829
24832
24835
24838
24841
24844
24847
24850
24853
24856
24859
24862
24865
24868
24871
24874
24877
24880
24883
24886
24889
24892
24895
24898
24901
24904
24907
24910
24913
24916
24919
24922
24925
24928
24931
24934
24937
24940
24943
24946
24949
24952
24955
24958
24961
24964
24967
24970
24973
24976
24979
24982
24985
24988
24991
24994
24997
25000
25003
25006
25009
25012
25015
25018
25021
25024
25027
25030
25033
25036
25039
25042
25045
25048
25051
25054
25057
25060
25063
25066
25069
25072
25075
25078
25081
25084
25087
25090
25093
25096
25099
25102
25105
25108
25111
25114
25117
25120
25123
25126
25129
25132
25135
25138
25141
25144
25147
25150
25153
25156
25159
25162
25165
25168
25171
25174
25177
25180
25183
25186
25189
25192
25195
25198
25201
25204
25207
25210
25213
25216
25219
25222
25225
25228
25231
25234
25237
25240
25243
25246
25249
25252
25255
25258
25261
25264
25267
25270
25273
25276
25279
25282
25285
25288
25291
25294
25297
25300
25303
25306
25309
25312
25315
25318
25321
25324
25327
25330
25333
25336
25339
25342
25345
25348
25351
25354
25357
25360
25363
25366
25369
25372
25375
25378
25381
25384
25387
25390
25393
25396
25399
25402
25405
25408
25411
25414
25417
25420
25423
25426
25429
25432
25435
25438
25441
25444
25447
25450
25453
25456
25459
25462
25465
25468
25471
25474
25477
25480
25483
25486
25489
25492
25495
25498
25501
25504
25507
25510
25513
25516
25519
25522
25525
25528
25531
25534
25537
25540
25543
25546
25549
25552
25555
25558
25561
25564
25567
25570
25573
25576
25579
25582
25585
25588
25591
25594
25597
25600
25603
25606
25609
25612
25615
25618
25621
25624
25627
25630
25633
25636
25639
25642
25645
25648
25651
25654
25657
25660
25663
25666
25669
25672
25675
25678
25681
25684
25687
25690
25693
25696
25699
25702
25705
25708
25711
25714
25717
25720
25723
25726
25729
25732
25735
25738
25741
25744
25747
25750
25753
25756
25759
25762
25765
25768
25771
25774
25777
25780
25783
25786
25789
25792
25795
25798
25801
25804
25807
25810
25813
25816
25819
25822
25825
25828
25831
25834
25837
25840
25843
25846
25849
25852
25855
25858
25861
25864
25867
25870
25873
25876
25879
25882
25885
25888
25891
25894
25897
25900
25903
25906
25909
25912
25915
25918
25921
25924
25927
25930
25933
25936
25939
25942
25945
25948
25951
25954
25957
25960
25963
25966
25969
25972
25975
25978
25981
25984
25987
25990
25993
25996
25999
26002
26005
26008
26011
26014
26017
26020
26023
26026
26029
26032
26035
26038
26041
26044
26047
26050
26053
26056
26059
26062
26065
26068
26071
26074
26077
26080
26083
26086
26089
26092
26095
26098
26101
26104
26107
26110
26113
26116
26119
26122
26125
26128
26131
26134
26137
26140
26143
26146
26149
26152
26155
26158
26161
26164
26167
26170
26173
26176
26179
26182
26185
26188
26191
26194
26197
26200
26203
26206
26209
26212
26215
26218
26221
26224
26227
26230
26233
26236
26239
26242
26245
26248
26251
26254
26257
26260
26263
26266
26269
26272
26275
26278
26281
26284
26287
26290
26293
26296
26299
26302
26305
26308
26311
26314
26317
26320
26323
26326
26329
26332
26335
26338
26341
26344
26347
26350
26353
26356
26359
26362
26365
26368
26371
26374
26377
26380
26383
26386
26389
26392
26395
26398
26401
26404
26407
26410
26413
26416
26419
26422
26425
26428
26431
26434
26437
26440
26443
26446
26449
26452
26455
26458
26461
26464
26467
26470
26473
26476
26479
26482
26485
26488
26491
26494
26497
26500
26503
26506
26509
26512
26515
26518
26521
26524
26527
26530
26533
26536
26539
26542
26545
26548
26551
26554
26557
26560
26563
26566
26569
26572
26575
26578
26581
26584
26587
26590
26593
26596
26599
26602
26605
26608
26611
26614
26617
26620
26623
26626
26629
26632
26635
26638
26641
26644
26647
26650
26653
26656
26659
26662
26665
26668
26671
26674
26677
26680
26683
26686
26689
26692
26695
26698
26701
26704
26707
26710
26713
26716
26719
26722
26725
26728
26731
26734
26737
26740
26743
26746
26749
26752
26755
26758
26761
26764
26767
26770
26773
26776
26779
26782
26785
26788
26791
26794
26797
26800
26803
26806
26809
26812
26815
26818
26821
26824
26827
26830
26833
26836
26839
26842
26845
26848
26851
26854
26857
26860
26863
26866
26869
26872
26875
26878
26881
26884
26887
26890
26893
26896
26899
26902
26905
26908
26911
26914
26917
26920
26923
26926
26929
26932
26935
26938
26941
26944
26947
26950
26953
26956
26959
26962
26965
26968
26971
26974
26977
26980
26983
26986
26989
26992
26995
26998
27001
27004
27007
27010
27013
27016
27019
27022
27025
27028
27031
27034
27037
27040
27043
27046
27049
27052
27055
27058
27061
27064
27067
27070
27073
27076
27079
27082
27085
27088
27091
27094
27097
27100
27103
27106
27109
27112
27115
27118
27121
27124
27127
27130
27133
27136
27139
27142
27145
27148
27151
27154
27157
27160
27163
27166
27169
27172
27175
27178
27181
27184
27187
27190
27193
27196
27199
27202
27205
27208
27211
27214
27217
27220
27223
27226
27229
27232
27235
27238
27241
27244
27247
27250
27253
27256
27259
27262
27265
27268
27271
27274
27277
27280
27283
27286
27289
27292
27295
27298
27301
27304
27307
27310
27313
27316
27319
27322
27325
27328
27331
27334
27337
27340
27343
27346
27349
27352
27355
27358
27361
27364
27367
27370
27373
27376
27379
27382
27385
27388
27391
27394
27397
27400
27403
27406
27409
27412
27415
27418
27421
27424
27427
27430
27433
27436
27439
27442
27445
27448
27451
27454
27457
27460
27463
27466
27469
27472
27475
27478
27481
27484
27487
27490
27493
27496
27499
27502
27505
27508
27511
27514
27517
27520
27523
27526
27529
27532
27535
27538
27541
27544
27547
27550
27553
27556
27559
27562
27565
27568
27571
27574
27577
27580
27583
27586
27589
27592
27595
27598
27601
27604
27607
27610
27613
27616
27619
27622
27625
27628
27631
27634
27637
27640
27643
27646
27649
27652
27655
27658
27661
27664
27667
27670
27673
27676
27679
27682
27685
27688
27691
27694
27697
27700
27703
27706
27709
27712
27715
27718
27721
27724
27727
27730
27733
27736
27739
27742
27745
27748
27751
27754
27757
27760
27763
27766
27769
27772
27775
27778
27781
27784
27787
27790
27793
27796
27799
27802
27805
27808
27811
27814
27817
27820
27823
27826
27829
27832
27835
27838
27841
27844
27847
27850
27853
27856
27859
27862
27865
27868
27871
27874
27877
27880
27883
27886
27889
27892
27895
27898
27901
27904
27907
27910
27913
27916
27919
27922
27925
27928
27931
27934
27937
27940
27943
27946
27949
27952
27955
27958
27961
27964
27967
27970
27973
27976
27979
27982
27985
27988
27991
27994
27997
28000
28003
28006
28009
28012
28015
28018
28021
28024
28027
28030
28033
28036
28039
28042
28045
28048
28051
28054
28057
28060
28063
28066
28069
28072
28075
28078
28081
28084
28087
28090
28093
28096
28099
28102
28105
28108
28111
28114
28117
28120
28123
28126
28129
28132
28135
28138
28141
28144
28147
28150
28153
28156
28159
28162
28165
28168
28171
28174
28177
28180
28183
28186
28189
28192
28195
28198
28201
28204
28207
28210
28213
28216
28219
28222
28225
28228
28231
28234
28237
28240
28243
28246
28249
28252
28255
28258
28261
28264
28267
28270
28273
28276
28279
28282
28285
28288
28291
28294
28297
28300
28303
28306
28309
28312
28315
28318
28321
28324
28327
28330
28333
28336
28339
28342
28345
28348
28351
28354
28357
28360
28363
28366
28369
28372
28375
28378
28381
28384
28387
28390
28393
28396
28399
28402
28405
28408
28411
28414
28417
28420
28423
28426
28429
28432
28435
28438
28441
28444
28447
28450
28453
28456
28459
28462
28465
28468
28471
28474
28477
28480
28483
28486
28489
28492
28495
28498
28501
28504
28507
28510
28513
28516
28519
28522
28525
28528
28531
28534
28537
28540
28543
28546
28549
28552
28555
28558
28561
28564
28567
28570
28573
28576
28579
28582
28585
28588
28591
28594
28597
28600
28603
28606
28609
28612
28615
28618
28621
28624
28627
28630
28633
28636
28639
28642
28645
28648
28651
28654
28657
28660
28663
28666
28669
28672
28675
28678
28681
28684
28687
28690
28693
28696
28699
28702
28705
28708
28711
28714
28717
28720
28723
28726
28729
28732
28735
28738
28741
28744
28747
28750
28753
28756
28759
28762
28765
28768
28771
28774
28777
28780
28783
28786
28789
28792
28795
28798
28801
28804
28807
28810
28813
28816
28819
28822
28825
28828
28831
28834
28837
28840
28843
28846
28849
28852
28855
28858
28861
28864
28867
28870
28873
28876
28879
28882
28885
28888
28891
28894
28897
28900
28903
28906
28909
28912
28915
28918
28921
28924
28927
28930
28933
28936
28939
28942
28945
28948
28951
28954
28957
28960
28963
28966
28969
28972
28975
28978
28981
28984
28987
28990
28993
28996
28999
29002
29005
29008
29011
29014
29017
29020
29023
29026
29029
29032
29035
29038
29041
29044
29047
29050
29053
29056
29059
29062
29065
29068
29071
29074
29077
29080
29083
29086
29089
29092
29095
29098
29101
29104
29107
29110
29113
29116
29119
29122
29125
29128
29131
29134
29137
29140
29143
29146
29149
29152
29155
29158
29161
29164
29167
29170
29173
29176
29179
29182
29185
29188
29191
29194
29197
29200
29203
29206
29209
29212
29215
29218
29221
29224
29227
29230
29233
29236
29239
29242
29245
29248
29251
29254
29257
29260
29263
29266
29269
29272
29275
29278
29281
29284
29287
29290
29293
29296
29299
29302
29305
29308
29311
29314
29317
29320
29323
29326
29329
29332
29335
29338
29341
29344
29347
29350
29353
29356
29359
29362
29365
29368
29371
29374
29377
29380
29383
29386
29389
29392
29395
29398
29401
29404
29407
29410
29413
29416
29419
29422
29425
29428
29431
29434
29437
29440
29443
29446
29449
29452
29455
29458
29461
29464
29467
29470
29473
29476
29479
29482
29485
29488
29491
29494
29497
29500
29503
29506
29509
29512
29515
29518
29521
29524
29527
29530
29533
29536
29539
29542
29545
29548
29551
29554
29557
29560
29563
29566
29569
29572
29575
29578
29581
29584
29587
29590
29593
29596
29599
29602
29605
29608
29611
29614
29617
29620
29623
29626
29629
29632
29635
29638
29641
29644
29647
29650
29653
29656
29659
29662
29665
29668
29671
29674
29677
29680
29683
29686
29689
29692
29695
29698
29701
29704
29707
29710
29713
29716
29719
29722
29725
29728
29731
29734
29737
29740
29743
29746
29749
29752
29755
29758
29761
29764
29767
29770
29773
29776
29779
29782
29785
29788
29791
29794
29797
29800
29803
29806
29809
29812
29815
29818
29821
29824
29827
29830
29833
29836
29839
29842
29845
29848
29851
29854
29857
29860
29863
29866
29869
29872
29875
29878
29881
29884
29887
29890
29893
29896
29899
29902
29905
29908
29911
29914
29917
29920
29923
29926
29929
29932
29935
29938
29941
29944
29947
29950
29953
29956
29959
29962
29965
29968
29971
29974
29977
29980
29983
29986
29989
29992
29995
29998
30001
30004
30007
30010
30013
30016
30019
30022
30025
30028
30031
30034
30037
30040
30043
30046
30049
30052
30055
30058
30061
30064
30067
30070
30073
30076
30079
30082
30085
30088
30091
30094
30097
30100
30103
30106
30109
30112
30115
30118
30121
30124
30127
30130
30133
30136
30139
30142
30145
30148
30151
30154
30157
30160
30163
30166
30169
30172
30175
30178
30181
30184
30187
30190
30193
30196
30199
30202
30205
30208
30211
30214
30217
30220
30223
30226
30229
30232
30235
30238
30241
30244
30247
30250
30253
30256
30259
30262
30265
30268
30271
30274
30277
30280
30283
30286
30289
30292
30295
30298
30301
30304
30307
30310
30313
30316
30319
30322
30325
30328
30331
30334
30337
30340
30343
30346
30349
30352
30355
30358
30361
30364
30367
30370
30373
30376
30379
30382
30385
30388
30391
30394
30397
30400
30403
30406
30409
30412
30415
30418
30421
30424
30427
30430
30433
30436
30439
30442
30445
30448
30451
30454
30457
30460
30463
30466
30469
30472
30475
30478
30481
30484
30487
30490
30493
30496
30499
30502
30505
30508
30511
30514
30517
30520
30523
30526
30529
30532
30535
30538
30541
30544
30547
30550
30553
30556
30559
30562
30565
30568
30571
30574
30577
30580
30583
30586
30589
30592
30595
30598
30601
30604
30607
30610
30613
30616
30619
30622
30625
30628
30631
30634
30637
30640
30643
30646
30649
30652
30655
30658
30661
30664
30667
30670
30673
30676
30679
30682
30685
30688
30691
30694
30697
30700
30703
30706
30709
30712
30715
30718
30721
30724
30727
30730
30733
30736
30739
30742
30745
30748
30751
30754
30757
30760
30763
30766
30769
30772
30775
30778
30781
30784
30787
30790
30793
30796
30799
30802
30805
30808
30811
30814
30817
30820
30823
30826
30829
30832
30835
30838
30841
30844
30847
30850
30853
30856
30859
30862
30865
30868
30871
30874
30877
30880
30883
30886
30889
30892
30895
30898
30901
30904
30907
30910
30913
30916
30919
30922
30925
30928
30931
30934
30937
30940
30943
30946
30949
30952
30955
30958
30961
30964
30967
30970
30973
30976
30979
30982
30985
30988
30991
30994
30997
31000
31003
31006
31009
31012
31015
31018
31021
31024
31027
31030
31033
31036
31039
31042
31045
31048
31051
31054
31057
31060
31063
31066
31069
31072
31075
31078
31081
31084
31087
31090
31093
31096
31099
31102
31105
31108
31111
31114
31117
31120
31123
31126
31129
31132
31135
31138
31141
31144
31147
31150
31153
31156
31159
31162
31165
31168
31171
31174
31177
31180
31183
31186
31189
31192
31195
31198
31201
31204
31207
31210
31213
31216
31219
31222
31225
31228
31231
31234
31237
31240
31243
31246
31249
31252
31255
31258
31261
31264
31267
31270
31273
31276
31279
31282
31285
31288
31291
31294
31297
31300
31303
31306
31309
31312
31315
31318
31321
31324
31327
31330
31333
31336
31339
31342
31345
31348
31351
31354
31357
31360
31363
31366
31369
31372
31375
31378
31381
31384
31387
31390
31393
31396
31399
31402
31405
31408
31411
31414
31417
31420
31423
31426
31429
31432
31435
31438
31441
31444
31447
31450
31453
31456
31459
31462
31465
31468
31471
31474
31477
31480
31483
31486
31489
31492
31495
31498
31501
31504
31507
31510
31513
31516
31519
31522
31525
31528
31531
31534
31537
31540
31543
31546
31549
31552
31555
31558
31561
31564
31567
31570
31573
31576
31579
31582
31585
31588
31591
31594
31597
31600
31603
31606
31609
31612
31615
31618
31621
31624
31627
31630
31633
31636
31639
31642
31645
31648
31651
31654
31657
31660
31663
31666
31669
31672
31675
31678
31681
31684
31687
31690
31693
31696
31699
31702
31705
31708
31711
31714
31717
31720
31723
31726
31729
31732
31735
31738
31741
31744
31747
31750
31753
31756
31759
31762
31765
31768
31771
31774
31777
31780
31783
31786
31789
31792
31795
31798
31801
31804
31807
31810
31813
31816
31819
31822
31825
31828
31831
31834
31837
31840
31843
31846
31849
31852
31855
31858
31861
31864
31867
31870
31873
31876
31879
31882
31885
31888
31891
31894
31897
31900
31903
31906
31909
31912
31915
31918
31921
31924
31927
31930
31933
31936
31939
31942
31945
31948
31951
31954
31957
31960
31963
31966
31969
31972
31975
31978
31981
31984
31987
31990
31993
31996
31999
32002
32005
32008
32011
32014
32017
32020
32023
32026
32029
32032
32035
32038
32041
32044
32047
32050
32053
32056
32059
32062
32065
32068
32071
32074
32077
32080
32083
32086
32089
32092
32095
32098
32101
32104
32107
32110
32113
32116
32119
32122
32125
32128
32131
32134
32137
32140
32143
32146
32149
32152
32155
32158
32161
32164
32167
32170
32173
32176
32179
32182
32185
32188
32191
32194
32197
32200
32203
32206
32209
32212
32215
32218
32221
32224
32227
32230
32233
32236
32239
32242
32245
32248
32251
32254
32257
32260
32263
32266
32269
32272
32275
32278
32281
32284
32287
32290
32293
32296
32299
32302
32305
32308
32311
32314
32317
32320
32323
32326
32329
32332
32335
32338
32341
32344
32347
32350
32353
32356
32359
32362
32365
32368
32371
32374
32377
32380
32383
32386
32389
32392
32395
32398
32401
32404
32407
32410
32413
32416
32419
32422
32425
32428
32431
32434
32437
32440
32443
32446
32449
32452
32455
32458
32461
32464
32467
32470
32473
32476
32479
32482
32485
32488
32491
32494
32497
32500
32503
32506
32509
32512
32515
32518
32521
32524
32527
32530
32533
32536
32539
32542
32545
32548
32551
32554
32557
32560
32563
32566
32569
32572
32575
32578
32581
32584
32587
32590
32593
32596
32599
32602
32605
32608
32611
32614
32617
32620
32623
32626
32629
32632
32635
32638
32641
32644
32647
32650
32653
32656
32659
32662
32665
32668
32671
32674
32677
32680
32683
32686
32689
32692
32695
32698
32701
32704
32707
32710
32713
32716
32719
32722
32725
32728
32731
32734
32737
32740
32743
32746
32749
32752
32755
32758
32761
32764
32767
32770
32773
32776
32779
32782
32785
32788
32791
32794
32797
32800
32803
32806
32809
32812
32815
32818
32821
32824
32827
32830
32833
32836
32839
32842
32845
32848
32851
32854
32857
32860
32863
32866
32869
32872
32875
32878
32881
32884
32887
32890
32893
32896
32899
32902
32905
32908
32911
32914
32917
32920
32923
32926
32929
32932
32935
32938
32941
32944
32947
32950
32953
32956
32959
32962
32965
32968
32971
32974
32977
32980
32983
32986
32989
32992
32995
32998
33001
33004
33007
33010
33013
33016
33019
33022
33025
33028
33031
33034
33037
33040
33043
33046
33049
33052
33055
33058
33061
33064
33067
33070
33073
33076
33079
33082
33085
33088
33091
33094
33097
33100
33103
33106
33109
33112
33115
33118
33121
33124
33127
33130
33133
33136
33139
33142
33145
33148
33151
33154
33157
33160
33163
33166
33169
33172
33175
33178
33181
33184
33187
33190
33193
33196
33199
33202
33205
33208
33211
33214
33217
33220
33223
33226
33229
33232
33235
33238
33241
33244
33247
33250
33253
33256
33259
33262
33265
33268
33271
33274
33277
33280
33283
33286
33289
33292
33295
33298
33301
33304
33307
33310
33313
33316
33319
33322
33325
33328
33331
33334
33337
33340
33343
33346
33349
33352
33355
33358
33361
33364
33367
33370
33373
33376
33379
33382
33385
33388
33391
33394
33397
33400
33403
33406
33409
33412
33415
33418
33421
33424
33427
33430
33433
33436
33439
33442
33445
33448
33451
33454
33457
33460
33463
33466
33469
33472
33475
33478
33481
33484
33487
33490
33493
33496
33499
33502
33505
33508
33511
33514
33517
33520
33523
33526
33529
33532
33535
33538
33541
33544
33547
33550
33553
33556
33559
33562
33565
33568
33571
33574
33577
33580
33583
33586
33589
33592
33595
33598
33601
33604
33607
33610
33613
33616
33619
33622
33625
33628
33631
33634
33637
33640
33643
33646
33649
33652
33655
33658
33661
33664
33667
33670
33673
33676
33679
33682
33685
33688
33691
33694
33697
33700
33703
33706
33709
33712
33715
33718
33721
33724
33727
33730
33733
33736
33739
33742
33745
33748
33751
33754
33757
33760
33763
33766
33769
33772
33775
33778
33781
33784
33787
33790
33793
33796
33799
33802
33805
33808
33811
33814
33817
33820
33823
33826
33829
33832
33835
33838
33841
33844
33847
33850
33853
33856
33859
33862
33865
33868
33871
33874
33877
33880
33883
33886
33889
33892
33895
33898
33901
33904
33907
33910
33913
33916
33919
33922
33925
33928
33931
33934
33937
33940
33943
33946
33949
33952
33955
33958
33961
33964
33967
33970
33973
33976
33979
33982
33985
33988
33991
33994
33997
34000
34003
34006
34009
34012
34015
34018
34021
34024
34027
34030
34033
34036
34039
34042
34045
34048
34051
34054
34057
34060
34063
34066
34069
34072
34075
34078
34081
34084
34087
34090
34093
34096
34099
34102
34105
34108
34111
34114
34117
34120
34123
34126
34129
34132
34135
34138
34141
34144
34147
34150
34153
34156
34159
34162
34165
34168
34171
34174
34177
34180
34183
34186
34189
34192
34195
34198
34201
34204
34207
34210
34213
34216
34219
34222
34225
34228
34231
34234
34237
34240
34243
34246
34249
34252
34255
34258
34261
34264
34267
34270
34273
34276
34279
34282
34285
34288
34291
34294
34297
34300
34303
34306
34309
34312
34315
34318
34321
34324
34327
34330
34333
34336
34339
34342
34345
34348
34351
34354
34357
34360
34363
34366
34369
34372
34375
34378
34381
34384
34387
34390
34393
34396
34399
34402
34405
34408
34411
34414
34417
34420
34423
34426
34429
34432
34435
34438
34441
34444
34447
34450
34453
34456
34459
34462
34465
34468
34471
34474
34477
34480
34483
34486
34489
34492
34495
34498
34501
34504
34507
34510
34513
34516
34519
34522
34525
34528
34531
34534
34537
34540
34543
34546
34549
34552
34555
34558
34561
34564
34567
34570
34573
34576
34579
34582
34585
34588
34591
34594
34597
34600
34603
34606
34609
34612
34615
34618
34621
34624
34627
34630
34633
34636
34639
34642
34645
34648
34651
34654
34657
34660
34663
34666
34669
34672
34675
34678
34681
34684
34687
34690
34693
34696
34699
34702
34705
34708
34711
34714
34717
34720
34723
34726
34729
34732
34735
34738
34741
34744
34747
34750
34753
34756
34759
34762
34765
34768
34771
34774
34777
34780
34783
34786
34789
34792
34795
34798
34801
34804
34807
34810
34813
34816
34819
34822
34825
34828
34831
34834
34837
34840
34843
34846
34849
34852
34855
34858
34861
34864
34867
34870
34873
34876
34879
34882
34885
34888
34891
34894
34897
34900
34903
34906
34909
34912
34915
34918
34921
34924
34927
34930
34933
34936
34939
34942
34945
34948
34951
34954
34957
34960
34963
34966
34969
34972
34975
34978
34981
34984
34987
34990
34993
34996
34999
35002
35005
35008
35011
35014
35017
35020
35023
35026
35029
35032
35035
35038
35041
35044
35047
35050
35053
35056
35059
35062
35065
35068
35071
35074
35077
35080
35083
35086
35089
35092
35095
35098
35101
35104
35107
35110
35113
35116
35119
35122
35125
35128
35131
35134
35137
35140
35143
35146
35149
35152
35155
35158
35161
35164
35167
35170
35173
35176
35179
35182
35185
35188
35191
35194
35197
35200
35203
35206
35209
35212
35215
35218
35221
35224
35227
35230
35233
35236
35239
35242
35245
35248
35251
35254
35257
35260
35263
35266
35269
35272
35276
35280
35284
35288
35292
35296
35300
35304
35308
35312
35316
35320
35324
35328
35332
35336
35340
35344
35348
35352
35356
35360
35364
35368
35372
35376
35380
35384
35388
35392
35396
35400
35404
35408
35412
35416
35420
35424
35428
35432
35436
35440
35444
35448
35452
35456
35460
35464
35468
35472
35476
35480
35484
35488
35492
35496
35500
35504
35508
35512
35516
35520
35524
35528
35532
35536
35540
35544
35548
35552
35556
35560
35564
35568
35572
35576
35580
35584
35588
35592
35596
35600
35604
35608
35612
35616
35620
35624
35628
35632
35636
35640
35644
35648
35652
35656
35660
35664
35668
35672
35676
35680
35684
35688
35692
35696
35700
35704
35708
35712
35716
35720
35724
35728
35732
35736
35740
35744
35748
35752
35756
35760
35764
35768
35772
35776
35780
35784
35788
35792
35796
35800
35804
35808
35812
35816
35820
35824
35828
35832
35836
35840
35844
35848
35852
35856
35860
35864
35868
35872
35876
35880
35884
35888
35892
35896
35900
35904
35908
35912
35916
35920
35924
35928
35932
35936
35940
35944
35948
35952
35956
35960
35964
35968
35972
35976
35980
35984
35988
35992
35996
36000
36004
36008
36012
36016
36020
36024
36028
36032
36036
36040
36044
36048
36052
36056
36060
36064
36068
36072
36076
36080
36084
36088
36092
36096
36100
36104
36108
36112
36116
36120
36124
36128
36132
36136
36140
36144
36148
36152
36156
36160
36164
36168
36172
36176
36180
36184
36188
36192
36196
36200
36204
36208
36212
36216
36220
36224
36228
36232
36236
36240
36244
36248
36252
36256
36260
36264
36268
36272
36276
36280
36284
36288
36292
36296
36300
36304
36308
36312
36316
36320
36324
36328
36332
36336
36340
36344
36348
36352
36356
36360
36364
36368
36372
36376
36380
36384
36388
36392
36396
36400
36404
36408
36412
36416
36420
36424
36428
36432
36436
36440
36444
36448
36452
36456
36460
36464
36468
36472
36476
36480
36484
36488
36492
36496
36500
36504
36508
36512
36516
36520
36524
36528
36532
36536
36540
36544
36548
36552
36556
36560
36564
36568
36572
36576
36580
36584
36588
36592
36596
36600
36604
36608
36612
36616
36620
36624
36628
36632
36636
36640
36644
36648
36652
36656
36660
36664
36668
36672
36676
36680
36684
36688
36692
36696
36700
36704
36708
36712
36716
36720
36724
36728
36732
36736
36740
36744
36748
36752
36756
36760
36764
36768
36772
36776
36780
36784
36788
36792
36796
36800
36804
36808
36812
36816
36820
36824
36828
36832
36836
36840
36844
36848
36852
36856
36860
36864
36868
36872
36876
36880
36884
36888
36892
36896
36900
36904
36908
36912
36916
36920
36924
36928
36932
36936
36940
36944
36948
36952
36956
36960
36964
36968
36972
36976
36980
36984
36988
36992
36996
37000
37004
37008
37012
37016
37020
37024
37028
37032
37036
37040
37044
37048
37052
37056
37060
37064
37068
37072
37076
37080
37084
37088
37092
37096
37100
37104
37108
37112
37116
37120
37124
37128
37132
37136
37140
37144
37148
37152
37156
37160
37164
37168
37172
37176
37180
37184
37188
37192
37196
37200
37204
37208
37212
37216
37220
37224
37228
37232
37236
37240
37244
37248
37252
37256
37260
37264
37268
37272
37276
37280
37284
37288
37292
37296
37300
37304
37308
37312
37316
37320
37324
37328
37332
37336
37340
37344
37348
37352
37356
37360
37364
37368
37372
37376
37380
37384
37388
37392
37396
37400
37404
37408
37412
37416
37420
37424
37428
37432
37436
37440
37444
37448
37452
37456
37460
37464
37468
37472
37476
37480
37484
37488
37492
37496
37500
37504
37508
37512
37516
37520
37524
37528
37532
37536
37540
37544
37548
37552
37556
37560
37564
37568
37572
37576
37580
37584
37588
37592
37596
37600
37604
37608
37612
37616
37620
37624
37628
37632
37636
37640
37644
37648
37652
37656
37660
37664
37668
37672
37676
37680
37684
37688
37692
37696
37700
37704
37708
37712
37716
37720
37724
37728
37732
37736
37740
37744
37748
37752
37756
37760
37764
37768
37772
37776
37780
37784
37788
37792
37796
37800
37804
37808
37812
37816
37820
37824
37828
37832
37836
37840
37844
37848
37852
37856
37860
37864
37868
37872
37876
37880
37884
37888
37892
37896
37900
37904
37908
37912
37916
37920
37924
37928
37932
37936
37940
37944
37948
37952
37956
37960
37964
37968
37972
37976
37980
37984
37988
37992
37996
38000
38004
38008
38012
38016
38020
38024
38028
38032
38036
38040
38044
38048
38052
38056
38060
38064
38068
38072
38076
38080
38084
38088
38092
38096
38100
38104
38108
38112
38116
38120
38124
38128
38132
38136
38140
38144
38148
38152
38156
38160
38164
38168
38172
38176
38180
38184
38188
38192
38196
38200
38204
38208
38212
38216
38220
38224
38228
38232
38236
38240
38244
38248
38252
38256
38260
38264
38268
38272
38276
38280
38284
38288
38292
38296
38300
38304
38308
38312
38316
38320
38324
38328
38332
38336
38340
38344
38348
38352
38356
38360
38364
38368
38372
38376
38380
38384
38388
38392
38396
38400
38404
38408
38412
38416
38420
38424
38428
38432
38436
38440
38444
38448
38452
38456
38460
38464
38468
38472
38476
38480
38484
38488
38492
38496
38500
38504
38508
38512
38516
38520
38524
38528
38532
38536
38540
38544
38548
38552
38556
38560
38564
38568
38572
38576
38580
38584
38588
38592
38596
38600
38604
38608
38612
38616
38620
38624
38628
38632
38636
38640
38644
38648
38652
38656
38660
38664
38668
38672
38676
38680
38684
38688
38692
38696
38700
38704
38708
38712
38716
38720
38724
38728
38732
38736
38740
38744
38748
38752
38756
38760
38764
38768
38772
38776
38780
38784
38788
38792
38796
38800
38804
38808
38812
38816
38820
38824
38828
38832
38836
38840
38844
38848
38852
38856
38860
38864
38868
38872
38876
38880
38884
38888
38892
38896
38900
38904
38908
38912
38916
38920
38924
38928
38932
38936
38940
38944
38948
38952
38956
38960
38964
38968
38972
38976
38980
38984
38988
38992
38996
39000
39004
39008
39012
39016
39020
39024
39028
39032
39036
39040
39044
39048
39052
39056
39060
39064
39068
39072
39076
39080
39084
39088
39092
39096
39100
39104
39108
39112
39116
39120
39124
39128
39132
39136
39140
39144
39148
39152
39156
39160
39164
39168
39172
39176
39180
39184
39188
39192
39196
39200
39204
39208
39212
39216
39220
39224
39228
39232
39236
39240
39244
39248
39252
39256
39260
39264
39268
39272
39276
39280
39284
39288
39292
39296
39300
39304
39308
39312
39316
39320
39324
39328
39332
39336
39340
39344
39348
39352
39356
39360
39364
39368
39372
39376
39380
39384
39388
39392
39396
39400
39404
39408
39412
39416
39420
39424
39428
39432
39436
39440
39444
39448
39452
39456
39460
39464
39468
39472
39476
39480
39484
39488
39492
39496
39500
39504
39508
39512
39516
39520
39524
39528
39532
39536
39540
39544
39548
39552
39556
39560
39564
39568
39572
39576
39580
39584
39588
39592
39596
39600
39604
39608
39612
39616
39620
39624
39628
39632
39636
39640
39644
39648
39652
39656
39660
39664
39668
39672
39676
39680
39684
39688
39692
39696
39700
39704
39708
39712
39716
39720
39724
39728
39732
39736
39740
39744
39748
39752
39756
39760
39764
39768
39772
39776
39780
39784
39788
39792
39796
39800
39804
39808
39812
39816
39820
39824
39828
39832
39836
39840
39844
39848
39852
39856
39860
39864
39868
39872
39876
39880
39884
39888
39892
39896
39900
39904
39908
39912
39916
39920
39924
39928
39932
39936
39940
39944
39948
39952
39956
39960
39964
39968
39972
39976
39980
39984
39988
39992
39996
40000
40004
40008
40012
40016
40020
40024
40028
40032
40036
40040
40044
40048
40052
40056
40060
40064
40068
40072
40076
40080
40084
40088
40092
40096
40100
40104
40108
40112
40116
40120
40124
40128
40132
40136
40140
40144
40148
40152
40156
40160
40164
40168
40172
40176
40180
40184
40188
40192
40196
40200
40204
40208
40212
40216
40220
40224
40228
40232
40236
40240
40244
40248
40252
40256
40260
40264
40268
40272
40276
40280
40284
40288
40292
40296
40300
40304
40308
40312
40316
40320
40324
40328
40332
40336
40340
40344
40348
40352
40356
40360
40364
40368
40372
40376
40380
40384
40388
40392
40396
40400
40404
40408
40412
40416
40420
40424
40428
40432
40436
40440
40444
40448
40452
40456
40460
40464
40468
40472
40476
40480
40484
40488
40492
40496
40500
40504
40508
40512
40516
40520
40524
40528
40532
40536
40540
40544
40548
40552
40556
40560
40564
40568
40572
40576
40580
40584
40588
40592
40596
40600
40604
40608
40612
40616
40620
40624
40628
40632
40636
40640
40644
40648
40652
40656
40660
40664
40668
40672
40676
40680
40684
40688
40692
40696
40700
40704
40708
40712
40716
40720
40724
40728
40732
40736
40740
40744
40748
40752
40756
40760
40764
40768
40772
40776
40780
40784
40788
40792
40796
40800
40804
40808
40812
40816
40820
40824
40828
40832
40836
40840
40844
40848
40852
40856
40860
40864
40868
40872
40876
40880
40884
40888
40892
40896
40900
40904
40908
40912
40916
40920
40924
40928
40932
40936
40940
40944
40948
40952
40956
40960
40964
40968
40972
40976
40980
40984
40988
40992
40996
41000
41004
41008
41012
41016
41020
41024
41028
41032
41036
41040
41044
41048
41052
41056
41060
41064
41068
41072
41076
41080
41084
41088
41092
41096
41100
41104
41108
41112
41116
41120
41124
41128
41132
41136
41140
41144
41148
41152
41156
41160
41164
41168
41172
41176
41180
41184
41188
41192
41196
41200
41204
41208
41212
41216
41220
41224
41228
41232
41236
41240
41244
41248
41252
41256
41260
41264
41268
41272
41276
41280
41284
41288
41292
41296
41300
41304
41308
41312
41316
41320
41324
41328
41332
41336
41340
41344
41348
41352
41356
41360
41364
41368
41372
41376
41380
41384
41388
41392
41396
41400
41404
41408
41412
41416
41420
41424
41428
41432
41436
41440
41444
41448
41452
41456
41460
41464
41468
41472
41476
41480
41484
41488
41492
41496
41500
41504
41508
41512
41516
41520
41524
41528
41532
41536
41540
41544
41548
41552
41556
41560
41564
41568
41572
41576
41580
41584
41588
41592
41596
41600
41604
41608
41612
41616
41620
41624
41628
41632
41636
41640
41644
41648
41652
41656
41660
41664
41668
41672
41676
41680
41684
41688
41692
41696
41700
41704
41708
41712
41716
41720
41724
41728
41732
41736
41740
41744
41748
41752
41756
41760
41764
41768
41772
41776
41780
41784
41788
41792
41796
41800
41804
41808
41812
41816
41820
41824
41828
41832
41836
41840
41844
41848
41852
41856
41860
41864
41868
41872
41876
41880
41884
41888
41892
41896
41900
41904
41908
41912
41916
41920
41924
41928
41932
41936
41940
41944
41948
41952
41956
41960
41964
41968
41972
41976
41980
41984
41988
41992
41996
42000
42004
42008
42012
42016
42020
42024
42028
42032
42036
42040
42044
42048
42052
42056
42060
42064
42068
42072
42076
42080
42084
42088
42092
42096
42100
42104
42108
42112
42116
42120
42124
42128
42132
42136
42140
42144
42148
42152
42156
42160
42164
42168
42172
42176
42180
42184
42188
42192
42196
42200
42204
42208
42212
42216
42220
42224
42228
42232
42236
42240
42244
42248
42252
42256
42260
42264
42268
42272
42276
42280
42284
42288
42292
42296
42300
42304
42308
42312
42316
42320
42324
42328
42332
42336
42340
42344
42348
42352
42356
42360
42364
42368
42372
42376
42380
42384
42388
42392
42396
42400
42404
42408
42412
42416
42420
42424
42428
42432
42436
42440
42444
42448
42452
42456
42460
42464
42468
42472
42476
42480
42484
42488
42492
42496
42500
42504
42508
42512
42516
42520
42524
42528
42532
42536
42540
42544
42548
42552
42556
42560
42564
42568
42572
42576
42580
42584
42588
42592
42596
42600
42604
42608
42612
42616
42620
42624
42628
42632
42636
42640
42644
42648
42652
42656
42660
42664
42668
42672
42676
42680
42684
42688
42692
42696
42700
42704
42708
42712
42716
42720
42724
42728
42732
42736
42740
42744
42748
42752
42756
42760
42764
42768
42772
42776
42780
42784
42788
42792
42796
42800
42804
42808
42812
42816
42820
42824
42828
42832
42836
42840
42844
42848
42852
42856
42860
42864
42868
42872
42876
42880
42884
42888
42892
42896
42900
42904
42908
42912
42916
42920
42924
42928
42932
42936
42940
42944
42948
42952
42956
42960
42964
42968
42972
42976
42980
42984
42988
42992
42996
43000
43004
43008
43012
43016
43020
43024
43028
43032
43036
43040
43044
43048
43052
43056
43060
43064
43068
43072
43076
43080
43084
43088
43092
43096
43100
43104
43108
43112
43116
43120
43124
43128
43132
43136
43140
43144
43148
43152
43156
43160
43164
43168
43172
43176
43180
43184
43188
43192
43196
43200
43204
43208
43212
43216
43220
43224
43228
43232
43236
43240
43244
43248
43252
43256
43260
43264
43268
43272
43276
43280
43284
43288
43292
43296
43300
43304
43308
43312
43316
43320
43324
43328
43332
43336
43340
43344
43348
43352
43356
43360
43364
43368
43372
43376
43380
43384
43388
43392
43396
43400
43404
43408
43412
43416
43420
43424
43428
43432
43436
43440
43444
43448
43452
43456
43460
43464
43468
43472
43476
43480
43484
43488
43492
43496
43500
43504
43508
43512
43516
43520
43524
43528
43532
43536
43540
43544
43548
43552
43556
43560
43564
43568
43572
43576
43580
43584
43588
43592
43596
43600
43604
43608
43612
43616
43620
43624
43628
43632
43636
43640
43644
43648
43652
43656
43660
43664
43668
43672
43676
43680
43684
43688
43692
43696
43700
43704
43708
43712
43716
43720
43724
43728
43732
43736
43740
43744
43748
43752
43756
43760
43764
43768
43772
43776
43780
43784
43788
43792
43796
43800
43804
43808
43812
43816
43820
43824
43828
43832
43836
43840
43844
43848
43852
43856
43860
43864
43868
43872
43876
43880
43884
43888
43892
43896
43900
43904
43908
43912
43916
43920
43924
43928
43932
43936
43940
43944
43948
43952
43956
43960
43964
43968
43972
43976
43980
43984
43988
43992
43996
44000
44004
44008
44012
44016
44020
44024
44028
44032
44036
44040
44044
44048
44052
44056
44060
44064
44068
44072
44076
44080
44084
44088
44092
44096
44100
44104
44108
44112
44116
44120
44124
44128
44132
44136
44140
44144
44148
44152
44156
44160
44164
44168
44172
44176
44180
44184
44188
44192
44196
44200
44204
44208
44212
44216
44220
44224
44228
44232
44236
44240
44244
44248
44252
44256
44260
44264
44268
44272
44276
44280
44284
44288
44292
44296
44300
44304
44308
44312
44316
44320
44324
44328
44332
44336
44340
44344
44348
44352
44356
44360
44364
44368
44372
44376
44380
44384
44388
44392
44396
44400
44404
44408
44412
44416
44420
44424
44428
44432
44436
44440
44444
44448
44452
44456
44460
44464
44468
44472
44476
44480
44484
44488
44492
44496
44500
44504
44508
44512
44516
44520
44524
44528
44532
44536
44540
44544
44548
44552
44556
44560
44564
44568
44572
44576
44580
44584
44588
44592
44596
44600
44604
44608
44612
44616
44620
44624
44628
44632
44636
44640
44644
44648
44652
44656
44660
44664
44668
44672
44676
44680
44684
44688
44692
44696
44700
44704
44708
44712
44716
44720
44724
44728
44732
44736
44740
44744
44748
44752
44756
44760
44764
44768
44772
44776
44780
44784
44788
44792
44796
44800
44804
44808
44812
44816
44820
44824
44828
44832
44836
44840
44844
44848
44852
44856
44860
44864
44868
44872
44876
44880
44884
44888
44892
44896
44900
44904
44908
44912
44916
44920
44924
44928
44932
44936
44940
44944
44948
44952
44956
44960
44964
44968
44972
44976
44980
44984
44988
44992
44996
45000
45004
45008
45012
45016
45020
45024
45028
45032
45036
45040
45044
45048
45052
45056
45060
45064
45068
45072
45076
45080
45084
45088
45092
45096
45100
45104
45108
45112
45116
45120
45124
45128
45132
45136
45140
45144
45148
45152
45156
45160
45164
45168
45172
45176
45180
45184
45188
45192
45196
45200
45204
45208
45212
45216
45220
45224
45228
45232
45236
45240
45244
45248
45252
45256
45260
45264
45268
45272
45276
45280
45284
45288
45292
45296
45300
45304
45308
45312
45316
45320
45324
45328
45332
45336
45340
45344
45348
45352
45356
45360
45364
45368
45372
45376
45380
45384
45388
45392
45396
45400
45404
45408
45412
45416
45420
45424
45428
45432
45436
45440
45444
45448
45452
45456
45460
45464
45468
45472
45476
45480
45484
45488
45492
45496
45500
45504
45508
45512
45516
45520
45524
45528
45532
45536
45540
45544
45548
45552
45556
45560
45564
45568
45572
45576
45580
45584
45588
45592
45596
45600
45604
45608
45612
45616
45620
45624
45628
45632
45636
45640
45644
45648
45652
45656
45660
45664
45668
45672
45676
45680
45684
45688
45692
45696
45700
45704
45708
45712
45716
45720
45724
45728
45732
45736
45740
45744
45748
45752
45756
45760
45764
45768
45772
45776
45780
45784
45788
45792
45796
45800
45804
45808
45812
45816
45820
45824
45828
45832
45836
45840
45844
45848
45852
45856
45860
45864
45868
45872
45876
45880
45884
45888
45892
45896
45900
45904
45908
45912
45916
45920
45924
45928
45932
45936
45940
45944
45948
45952
45956
45960
45964
45968
45972
45976
45980
45984
45988
45992
45996
46000
46004
46008
46012
46016
46020
46024
46028
46032
46036
46040
46044
46048
46052
46056
46060
46064
46068
46072
46076
46080
46084
46088
46092
46096
46100
46104
46108
46112
46116
46120
46124
46128
46132
46136
46140
46144
46148
46152
46156
46160
46164
46168
46172
46176
46180
46184
46188
46192
46196
46200
46204
46208
46212
46216
46220
46224
46228
46232
46236
46240
46244
46248
46252
46256
46260
46264
46268
46272
46276
46280
46284
46288
46292
46296
46300
46304
46308
46312
46316
46320
46324
46328
46332
46336
46340
46344
46348
46352
46356
46360
46364
46368
46372
46376
46380
46384
46388
46392
46396
46400
46404
46408
46412
46416
46420
46424
46428
46432
46436
46440
46444
46448
46452
46456
46460
46464
46468
46472
46476
46480
46484
46488
46492
46496
46500
46504
46508
46512
46516
46520
46524
46528
46532
46536
46540
46544
46548
46552
46556
46560
46564
46568
46572
46576
46580
46584
46588
46592
46596
46600
46604
46608
46612
46616
46620
46624
46628
46632
46636
46640
46644
46648
46652
46656
46660
46664
46668
46672
46676
46680
46684
46688
46692
46696
46700
46704
46708
46712
46716
46720
46724
46728
46732
46736
46740
46744
46748
46752
46756
46760
46764
46768
46772
46776
46780
46784
46788
46792
46796
46800
46804
46808
46812
46816
46820
46824
46828
46832
46836
46840
46844
46848
46852
46856
46860
46864
46868
46872
46876
46880
46884
46888
46892
46896
46900
46904
46908
46912
46916
46920
46924
46928
46932
46936
46940
46944
46948
46952
46956
46960
46964
46968
46972
46976
46980
46984
46988
46992
46996
47000
47004
47008
47012
47016
47020
47024
47028
47032
47036
47040
47044
47048
47052
47056
47060
47064
47068
47072
47076
47080
47084
47088
47092
47096
47100
47104
47108
47112
47116
47120
47124
47128
47132
47136
47140
47144
47148
47152
47156
47160
47164
47168
47172
47176
47180
47184
47188
47192
47196
47200
47204
47208
47212
47216
47220
47224
47228
47232
47236
47240
47244
47248
47252
47256
47260
47264
47268
47272
47276
47280
47284
47288
47292
47296
47300
47304
47308
47312
47316
47320
47324
47328
47332
47336
47340
47344
47348
47352
47356
47360
47364
47368
47372
47376
47380
47384
47388
47392
47396
47400
47404
47408
47412
47416
47420
47424
47428
47432
47436
47440
47444
47448
47452
47456
47460
47464
47468
47472
47476
47480
47484
47488
47492
47496
47500
47504
47508
47512
47516
47520
47524
47528
47532
47536
47540
47544
47548
47552
47556
47560
47564
47568
47572
47576
47580
47584
47588
47592
47596
47600
47604
47608
47612
47616
47620
47624
47628
47632
47636
47640
47644
47648
47652
47656
47660
47664
47668
47672
47676
47680
47684
47688
47692
47696
47700
47704
47708
47712
47716
47720
47724
47728
47732
47736
47740
47744
47748
47752
47756
47760
47764
47768
47772
47776
47780
47784
47788
47792
47796
47800
47804
47808
47812
47816
47820
47824
47828
47832
47836
47840
47844
47848
47852
47856
47860
47864
47868
47872
47876
47880
47884
47888
47892
47896
47900
47904
47908
47912
47916
47920
47924
47928
47932
47936
47940
47944
47948
47952
47956
47960
47964
47968
47972
47976
47980
47984
47988
47992
47996
48000
48004
48008
48012
48016
48020
48024
48028
48032
48036
48040
48044
48048
48052
48056
48060
48064
48068
48072
48076
48080
48084
48088
48092
48096
48100
48104
48108
48112
48116
48120
48124
48128
48132
48136
48140
48144
48148
48152
48156
48160
48164
48168
48172
48176
48180
48184
48188
48192
48196
48200
48204
48208
48212
48216
48220
48224
48228
48232
48236
48240
48244
48248
48252
48256
48260
48264
48268
48272
48276
48280
48284
48288
48292
48296
48300
48304
48308
48312
48316
48320
48324
48328
48332
48336
48340
48344
48348
48352
48356
48360
48364
48368
48372
48376
48380
48384
48388
48392
48396
48400
48404
48408
48412
48416
48420
48424
48428
48432
48436
48440
48444
48448
48452
48456
48460
48464
48468
48472
48476
48480
48484
48488
48492
48496
48500
48504
48508
48512
48516
48520
48524
48528
48532
48536
48540
48544
48548
48552
48556
48560
48564
48568
48572
48576
48580
48584
48588
48592
48596
48600
48604
48608
48612
48616
48620
48624
48628
48632
48636
48640
48644
48648
48652
48656
48660
48664
48668
48672
48676
48680
48684
48688
48692
48696
48700
48704
48708
48712
48716
48720
48724
48728
48732
48736
48740
48744
48748
48752
48756
48760
48764
48768
48772
48776
48780
48784
48788
48792
48796
48800
48804
48808
48812
48816
48820
48824
48828
48832
48836
48840
48844
48848
48852
48856
48860
48864
48868
48872
48876
48880
48884
48888
48892
48896
48900
48904
48908
48912
48916
48920
48924
48928
48932
48936
48940
48944
48948
48952
48956
48960
48964
48968
48972
48976
48980
48984
48988
48992
48996
49000
49004
49008
49012
49016
49020
49024
49028
49032
49036
49040
49044
49048
49052
49056
49060
49064
49068
49072
49076
49080
49084
49088
49092
49096
49100
49104
49108
49112
49116
49120
49124
49128
49132
49136
49140
49144
49148
49152
49156
49160
49164
49168
49172
49176
49180
49184
49188
49192
49196
49200
49204
49208
49212
49216
49220
49224
49228
49232
49236
49240
49244
49248
49252
49256
49260
49264
49268
49272
49276
49280
49284
49288
49292
49296
49300
49304
49308
49312
49316
49320
49324
49328
49332
49336
49340
49344
49348
49352
49356
49360
49364
49368
49372
49376
49380
49384
49388
49392
49396
49400
49404
49408
49412
49416
49420
49424
49428
49432
49436
49440
49444
49448
49452
49456
49460
49464
49468
49472
49476
49480
49484
49488
49492
49496
49500
49504
49508
49512
49516
49520
49524
49528
49532
49536
49540
49544
49548
49552
49556
49560
49564
49568
49572
49576
49580
49584
49588
49592
49596
49600
49604
49608
49612
49616
49620
49624
49628
49632
49636
49640
49644
49648
49652
49656
49660
49664
49668
49672
49676
49680
49684
49688
49692
49696
49700
49704
49708
49712
49716
49720
49724
49728
49732
49736
49740
49744
49748
49752
49756
49760
49764
49768
49772
49776
49780
49784
49788
49792
49796
49800
49804
49808
49812
49816
49820
49824
49829
49834
49839
49844
49849
49854
49859
49864
49869
49874
49879
49884
49889
49894
49899
49904
49909
49914
49919
49924
49929
49934
49939
49944
49949
49954
49959
49964
49969
49974
49979
49984
49989
49994
49999
50004
50009
50014
50019
50024
50029
50034
50039
50044
50049
50054
50059
50064
50069
50074
50079
50084
50089
50094
50099
50104
50109
50114
50119
50124
50129
50134
50139
50144
50149
50154
50159
50164
50169
50174
50179
50184
50189
50194
50199
50204
50209
50214
50219
50224
50229
50234
50239
50244
50249
50254
50259
50264
50269
50274
50279
50284
50289
50294
50299
50304
50309
50314
50319
50324
50329
50334
50339
50344
50349
50354
50359
50364
50369
50374
50379
50384
50389
50394
50399
50404
50409
50414
50419
50424
50429
50434
50439
50444
50449
50454
50459
50464
50469
50474
50479
50484
50489
50494
50499
50504
50509
50514
50519
50524
50529
50534
50539
50544
50549
50554
50559
50564
50569
50574
50579
50584
50589
50594
50599
50604
50609
50614
50619
50624
50629
50634
50639
50644
50649
50654
50659
50664
50669
50674
50679
50684
50689
50694
50699
50704
50709
50714
50719
50724
50729
50734
50739
50744
50749
50754
50759
50764
50769
50774
50779
50784
50789
50794
50799
50804
50809
50814
50819
50824
50829
50834
50839
50844
50849
50854
50859
50864
50869
50874
50879
50884
50889
50894
50899
50904
50909
50914
50919
50924
50929
50934
50939
50944
50949
50954
50959
50964
50969
50974
50979
50984
50989
50994
50999
51004
51009
51014
51019
51024
51029
51034
51039
51044
51049
51054
51059
51064
51069
51074
51079
51084
51089
51094
51099
51104
51109
51114
51119
51124
51129
51134
51139
51144
51149
51154
51159
51164
51169
51174
51179
51184
51189
51194
51199
51204
51209
51214
51219
51224
51229
51234
51239
51244
51249
51254
51259
51264
51269
51274
51279
51284
51289
51294
51299
51304
51309
51314
51319
51324
51329
51334
51339
51344
51349
51354
51359
51364
51369
51374
51379
51384
51389
51394
51399
51404
51409
51414
51419
51424
51429
51434
51439
51444
51449
51454
51459
51464
51469
51474
51479
51484
51489
51494
51499
51504
51509
51514
51519
51524
51529
51534
51539
51544
51549
51554
51559
51564
51569
51574
51579
51584
51589
51594
51599
51604
51609
51614
51619
51624
51629
51634
51639
51644
51649
51654
51659
51664
51669
51674
51679
51684
51689
51694
51699
51704
51709
51714
51719
51724
51729
51734
51739
51744
51749
51754
51759
51764
51769
51774
51779
51784
51789
51794
51799
51804
51809
51814
51819
51824
51829
51834
51839
51844
51849
51854
51859
51864
51869
51874
51879
51884
51889
51894
51899
51904
51909
51914
51919
51924
51929
51934
51939
51944
51949
51954
51959
51964
51969
51974
51979
51984
51989
51994
51999
52004
52009
52014
52019
52024
52029
52034
52039
52044
52049
52054
52059
52064
52069
52074
52079
52084
52089
52094
52099
52104
52109
52114
52119
52124
52129
52134
52139
52144
52149
52154
52159
52164
52169
52174
52179
52184
52189
52194
52199
52204
52209
52214
52219
52224
52229
52234
52239
52244
52249
52254
52259
52264
52269
52274
52279
52284
52289
52294
52299
52304
52309
52314
52319
52324
52329
52334
52339
52344
52349
52354
52359
52364
52369
52374
52379
52384
52389
52394
52399
52404
52409
52414
52419
52424
52429
52434
52439
52444
52449
52454
52459
52464
52469
52474
52479
52484
52489
52494
52499
52504
52509
52514
52519
52524
52529
52534
52539
52544
52549
52554
52559
52564
52569
52574
52579
52584
52589
52594
52599
52604
52609
52614
52619
52624
52629
52634
52639
52644
52649
52654
52659
52664
52669
52674
52679
52684
52689
52694
52699
52704
52709
52714
52719
52724
52729
52734
52739
52744
52749
52754
52759
52764
52769
52774
52779
52784
52789
52794
52799
52804
52809
52814
52819
52824
52829
52834
52839
52844
52849
52854
52859
52864
52869
52874
52879
52884
52889
52894
52899
52904
52909
52914
52919
52924
52929
52934
52939
52944
52949
52954
52959
52964
52969
52974
52979
52984
52989
52994
52999
53004
53009
53014
53019
53024
53029
53034
53039
53044
53049
53054
53059
53064
53069
53074
53079
53084
53089
53094
53099
53104
53109
53114
53119
53124
53129
53134
53139
53144
53149
53154
53159
53164
53169
53174
53179
53184
53189
53194
53199
53204
53209
53214
53219
53224
53229
53234
53239
53244
53249
53254
53259
53264
53269
53274
53279
53284
53289
53294
53299
53304
53309
53314
53319
53324
53329
53334
53339
53344
53349
53354
53359
53364
53369
53374
53379
53384
53389
53394
53399
53404
53409
53414
53419
53424
53429
53434
53439
53444
53449
53454
53459
53464
53469
53474
53479
53484
53489
53494
53499
53504
53509
53514
53519
53524
53529
53534
53539
53544
53549
53554
53559
53564
53569
53574
53579
53584
53589
53594
53599
53604
53609
53614
53619
53624
53629
53634
53639
53644
53649
53654
53659
53664
53669
53674
53679
53684
53689
53694
53699
53704
53709
53714
53719
53724
53729
53734
53739
53744
53749
53754
53759
53764
53769
53774
53779
53784
53789
53794
53799
53804
53809
53814
53819
53824
53829
53834
53839
53844
53849
53854
53859
53864
53869
53874
53879
53884
53889
53894
53899
53904
53909
53914
53919
53924
53929
53934
53939
53944
53949
53954
53959
53964
53969
53974
53979
53984
53989
53994
53999
54004
54009
54014
54019
54024
54029
54034
54039
54044
54049
54054
54059
54064
54069
54074
54079
54084
54089
54094
54099
54104
54109
54114
54119
54124
54129
54134
54139
54144
54149
54154
54159
54164
54169
54174
54179
54184
54189
54194
54199
54204
54209
54214
54219
54224
54229
54234
54239
54244
54249
54254
54259
54264
54269
54274
54279
54284
54289
54294
54299
54304
54309
54314
54319
54324
54329
54334
54339
54344
54349
54354
54359
54364
54369
54374
54379
54384
54389
54394
54399
54404
54409
54414
54419
54424
54429
54434
54439
54444
54449
54454
54459
54464
54469
54474
54479
54484
54489
54494
54499
54504
54509
54514
54519
54524
54529
54534
54539
54544
54549
54554
54559
54564
54569
54574
54579
54584
54589
54594
54599
54604
54609
54614
54619
54624
54629
54634
54639
54644
54649
54654
54659
54664
54669
54674
54679
54684
54689
54694
54699
54704
54709
54714
54719
54724
54729
54734
54739
54744
54749
54754
54759
54764
54769
54774
54779
54784
54789
54794
54799
54804
54809
54814
54819
54824
54829
54834
54839
54844
54849
54854
54859
54864
54869
54874
54879
54884
54889
54894
54899
54904
54909
54914
54919
54924
54929
54934
54939
54944
54949
54954
54959
54964
54969
54974
54979
54984
54989
54994
54999
55004
55009
55014
55019
55024
55029
55034
55039
55044
55049
55054
55059
55064
55069
55074
55079
55084
55089
55094
55099
55104
55109
55114
55119
55124
55129
55134
55139
55144
55149
55154
55159
55164
55169
55174
55179
55184
55189
55194
55199
55204
55209
55214
55219
55224
55229
55234
55239
55244
55249
55254
55259
55264
55269
55274
55279
55284
55289
55294
55299
55304
55309
55314
55319
55324
55329
55334
55339
55344
55349
55354
55359
55364
55369
55374
55379
55384
55389
55394
55399
55404
55409
55414
55419
55424
55429
55434
55439
55444
55449
55454
55459
55464
55469
55474
55479
55484
55489
55494
55499
55504
55509
55514
55519
55524
55529
55534
55539
55544
55549
55554
55559
55564
55569
55574
55579
55584
55589
55594
55599
55604
55609
55614
55619
55624
55629
55634
55639
55644
55649
55654
55659
55664
55669
55674
55679
55684
55689
55694
55699
55704
55709
55714
55719
55724
55729
55734
55739
55744
55749
55754
55759
55764
55769
55774
55779
55784
55789
55794
55799
55804
55809
55814
55819
55824
55829
55834
55839
55844
55849
55854
55859
55864
55869
55874
55879
55884
55889
55894
55899
55904
55909
55914
55919
55924
55929
55934
55939
55944
55949
55954
55959
55964
55969
55974
55979
55984
55989
55994
55999
56004
56009
56014
56019
56024
56029
56034
56039
56044
56049
56054
56059
56064
56069
56074
56079
56084
56089
56094
56099
56104
56109
56114
56119
56124
56129
56134
56139
56144
56149
56154
56159
56164
56169
56174
56179
56184
56189
56194
56199
56204
56209
56214
56219
56224
56229
56234
56239
56244
56249
56254
56259
56264
56269
56274
56279
56284
56289
56294
56299
56304
56309
56314
56319
56324
56329
56334
56339
56344
56349
56354
56359
56364
56369
56374
56379
56384
56389
56394
56399
56404
56409
56414
56419
56424
56429
56434
56439
56444
56449
56454
56459
56464
56469
56474
56479
56484
56489
56494
56499
56504
56509
56514
56519
56524
56529
56534
56539
56544
56549
56554
56559
56564
56569
56574
56579
56584
56589
56594
56599
56604
56609
56614
56619
56624
56629
56634
56639
56644
56649
56654
56659
56664
56669
56674
56679
56684
56689
56694
56699
56704
56709
56714
56719
56724
56729
56734
56739
56744
56749
56754
56759
56764
56769
56774
56779
56784
56789
56794
56799
56804
56809
56814
56819
56824
56829
56834
56839
56844
56849
56854
56859
56864
56869
56874
56879
56884
56889
56894
56899
56904
56909
56914
56919
56924
56929
56934
56939
56944
56949
56954
56959
56964
56969
56974
56979
56984
56989
56994
56999
57004
57009
57014
57019
57024
57029
57034
57039
57044
57049
57054
57059
57064
57069
57074
57079
57084
57089
57094
57099
57104
57109
57114
57119
57124
57129
57134
57139
57144
57149
57154
57159
57164
57169
57174
57179
57184
57189
57194
57199
57204
57209
57214
57219
57224
57229
57234
57239
57244
57249
57254
57259
57264
57269
57274
57279
57284
57289
57294
57299
57304
57309
57314
57319
57324
57329
57334
57339
57344
57349
57354
57359
57364
57369
57374
57379
57384
57389
57394
57399
57404
57409
57414
57419
57424
57429
57434
57439
57444
57449
57454
57459
57464
57469
57474
57479
57484
57489
57494
57499
57504
57509
57514
57519
57524
57529
57534
57539
57544
57549
57554
57559
57564
57569
57574
57579
57584
57589
57594
57599
57604
57609
57614
57619
57624
57629
57634
57639
57644
57649
57654
57659
57664
57669
57674
57679
57684
57689
57694
57699
57704
57709
57714
57719
57724
57729
57734
57739
57744
57749
57754
57759
57764
57769
57774
57779
57784
57789
57794
57799
57804
57809
57814
57819
57824
57829
57834
57839
57844
57849
57854
57859
57864
57869
57874
57879
57884
57889
57894
57899
57904
57909
57914
57919
57924
57929
57934
57939
57944
57949
57954
57959
57964
57969
57974
57979
57984
57989
57994
57999
58004
58009
58014
58019
58024
58029
58034
58039
58044
58049
58054
58059
58064
58069
58074
58079
58084
58089
58094
58099
58104
58109
58114
58119
58124
58129
58134
58139
58144
58149
58154
58159
58164
58169
58174
58179
58184
58189
58194
58199
58204
58209
58214
58219
58224
58229
58234
58239
58244
58249
58254
58259
58264
58269
58274
58279
58284
58289
58294
58299
58304
58309
58314
58319
58324
58329
58334
58339
58344
58349
58354
58359
58364
58369
58374
58379
58384
58389
58394
58399
58404
58409
58414
58419
58424
58429
58434
58439
58444
58449
58454
58459
58464
58469
58474
58479
58484
58489
58494
58499
58504
58509
58514
58519
58524
58529
58534
58539
58544
58549
58554
58559
58564
58569
58574
58579
58584
58589
58594
58599
58604
58609
58614
58619
58624
58629
58634
58639
58644
58649
58654
58659
58664
58669
58674
58679
58684
58689
58694
58699
58704
58709
58714
58719
58724
58729
58734
58739
58744
58749
58754
58759
58764
58769
58774
58779
58784
58789
58794
58799
58804
58809
58814
58819
58824
58829
58834
58839
58844
58849
58854
58859
58864
58869
58874
58879
58884
58889
58894
58899
58904
58909
58914
58919
58924
58929
58934
58939
58944
58949
58954
58959
58964
58969
58974
58979
58984
58989
58994
58999
59004
59009
59014
59019
59024
59029
59034
59039
59044
59049
59054
59059
59064
59069
59074
59079
59084
59089
59094
59099
59104
59109
59114
59119
59124
59129
59134
59139
59144
59149
59154
59159
59164
59169
59174
59179
59184
59189
59194
59199
59204
59209
59214
59219
59224
59229
59234
59239
59244
59249
59254
59259
59264
59269
59274
59279
59284
59289
59294
59299
59304
59309
59314
59319
59324
59329
59334
59339
59344
59349
59354
59359
59364
59369
59374
59379
59384
59389
59394
59399
59404
59409
59414
59419
59424
59429
59434
59439
59444
59449
59454
59459
59464
59469
59474
59479
59484
59489
59494
59499
59504
59509
59514
59519
59524
59529
59534
59539
59544
59549
59554
59559
59564
59569
59574
59579
59584
59589
59594
59599
59604
59609
59614
59619
59624
59629
59634
59639
59644
59649
59654
59659
59664
59669
59674
59679
59684
59689
59694
59699
59704
59709
59714
59719
59724
59729
59734
59739
59744
59749
59754
59759
59764
59769
59774
59779
59784
59789
59794
59799
59804
59809
59814
59819
59824
59829
59834
59839
59844
59849
59854
59859
59864
59869
59874
59879
59884
59889
59894
59899
59904
59909
59914
59919
59924
59929
59934
59939
59944
59949
59954
59959
59964
59969
59974
59979
59984
59989
59994
59999
60004
60009
60014
60019
60024
60029
60034
60039
60044
60049
60054
60059
60064
60069
60074
60079
60084
60089
60094
60099
60104
60109
60114
60119
60124
60129
60134
60139
60144
60149
60154
60159
60164
60169
60174
60179
60184
60189
60194
60199
60204
60209
60214
60219
60224
60229
60234
60239
60244
60249
60254
60259
60264
60269
60274
60279
60284
60289
60294
60299
60304
60309
60314
60319
60324
60329
60334
60339
60344
60349
60354
60359
60364
60369
60374
60379
60384
60389
60394
60399
60404
60409
60414
60419
60424
60429
60434
60439
60444
60449
60454
60459
60464
60469
60474
60479
60484
60489
60494
60499
60504
60509
60514
60519
60524
60529
60534
60539
60544
60549
60554
60559
60564
60569
60574
60579
60584
60589
60594
60599
60604
60609
60614
60619
60624
60629
60634
60639
60644
60649
60654
60659
60664
60669
60674
60679
60684
60689
60694
60699
60704
60709
60714
60719
60724
60729
60734
60739
60744
60749
60754
60759
60764
60769
60774
60779
60784
60789
60794
60799
60804
60809
60814
60819
60824
60829
60834
60839
60844
60849
60854
60859
60864
60869
60874
60879
60884
60889
60894
60899
60904
60909
60914
60919
60924
60929
60934
60939
60944
60949
60954
60959
60964
60969
60974
60979
60984
60989
60994
60999
61004
61009
61014
61019
61024
61029
61034
61039
61044
61049
61054
61059
61064
61069
61074
61079
61084
61089
61094
61099
61104
61109
61114
61119
61124
61129
61134
61139
61144
61149
61154
61159
61164
61169
61174
61179
61184
61189
61194
61199
61204
61209
61214
61219
61224
61229
61234
61239
61244
61249
61254
61259
61264
61269
61274
61279
61284
61289
61294
61299
61304
61309
61314
61319
61324
61329
61334
61339
61344
61349
61354
61359
61364
61369
61374
61379
61384
61389
61394
61399
61404
61409
61414
61419
61424
61429
61434
61439
61444
61449
61454
61459
61464
61469
61474
61479
61484
61489
61494
61499
61504
61509
61514
61519
61524
61529
61534
61539
61544
61549
61554
61559
61564
61569
61574
61579
61584
61589
61594
61599
61604
61609
61614
61619
61624
61629
61634
61639
61644
61649
61654
61659
61664
61669
61674
61679
61684
61689
61694
61699
61704
61709
61714
61719
61724
61729
61734
61739
61744
61749
61754
61759
61764
61769
61774
61779
61784
61789
61794
61799
61804
61809
61814
61819
61824
61829
61834
61839
61844
61849
61854
61859
61864
61869
61874
61879
61884
61889
61894
61899
61904
61909
61914
61919
61924
61929
61934
61939
61944
61949
61954
61959
61964
61969
61974
61979
61984
61989
61994
61999
62004
62009
62014
62019
62024
62029
62034
62039
62044
62049
62054
62059
62064
62069
62074
62079
62084
62089
62094
62099
62104
62109
62114
62119
62124
62129
62134
62139
62144
62149
62154
62159
62164
62169
62174
62179
62184
62189
62194
62199
62204
62209
62214
62219
62224
62229
62234
62239
62244
62249
62254
62259
62264
62269
62274
62279
62284
62289
62294
62299
62304
62309
62314
62319
62324
62329
62334
62339
62344
62349
62354
62359
62364
62369
62374
62379
62384
62389
62394
62399
62404
62409
62414
62419
62424
62429
62434
62439
62444
62449
62454
62459
62464
62469
62474
62479
62484
62489
62494
62499
62504
62509
62514
62519
62524
62529
62534
62539
62544
62549
62554
62559
62564
62569
62574
62579
62584
62589
62594
62599
62604
62609
62614
62619
62624
62629
62634
62639
62644
62649
62654
62659
62664
62669
62674
62679
62684
62689
62694
62699
62704
62709
62714
62719
62724
62729
62734
62739
62744
62749
62754
62759
62764
62769
62774
62779
62784
62789
62794
62799
62804
62809
62814
62819
62824
62829
62834
62839
62844
62849
62854
62859
62864
62869
62874
62879
62884
62889
62894
62899
62904
62909
62914
62919
62924
62929
62934
62939
62944
62949
62954
62959
62964
62969
62974
62979
62984
62989
62994
62999
63004
63009
63014
63019
63024
63029
63034
63039
63044
63049
63054
63059
63064
63069
63074
63079
63084
63089
63094
63099
63104
63109
63114
63119
63124
63129
63134
63139
63144
63149
63154
63159
63164
63169
63174
63179
63184
63189
63194
63199
63204
63209
63214
63219
63224
63229
63234
63239
63244
63249
63254
63259
63264
63269
63274
63279
63284
63289
63294
63299
63304
63309
63314
63319
63324
63329
63334
63339
63344
63349
63354
63359
63364
63369
63374
63379
63384
63389
63394
63399
63404
63409
63414
63419
63424
63429
63434
63439
63444
63449
63454
63459
63464
63469
63474
63479
63484
63489
63494
63499
63504
63509
63514
63519
63524
63529
63534
63539
63544
63549
63554
63559
63564
63569
63574
63579
63584
63589
63594
63599
63604
63609
63614
63619
63624
63629
63634
63639
63644
63649
63654
63659
63664
63669
63674
63679
63684
63689
63694
63699
63704
63709
63714
63719
63724
63729
63734
63739
63744
63749
63754
63759
63764
63769
63774
63779
63784
63789
63794
63799
63804
63809
63814
63819
63824
63829
63834
63839
63844
63849
63854
63859
63864
63869
63874
63879
63884
63889
63894
63899
63904
63909
63914
63919
63924
63929
63934
63939
63944
63949
63954
63959
63964
63969
63974
63979
63984
63989
63994
63999
64004
64009
64014
64019
64024
64029
64034
64039
64044
64049
64054
64059
64064
64069
64074
64079
64084
64089
64094
64099
64104
64109
64114
64119
64124
64129
64134
64139
64144
64149
64154
64159
64164
64169
64174
64179
64184
64189
64194
64199
64204
64209
64214
64219
64224
64229
64234
64239
64244
64249
64254
64259
64264
64269
64274
64279
64284
64289
64294
64299
64304
64309
64314
64319
64324
64329
64334
64339
64344
64349
64355
64361
64367
64373
64379
64385
64391
64397
64403
64409
64415
64421
64427
64433
64439
64445
64451
64457
64463
64469
64475
64481
64487
64493
64499
64505
64511
64517
64523
64529
64535
64541
64547
64553
64559
64565
64571
64577
64583
64589
64595
64601
64607
64613
64619
64625
64631
64637
64643
64649
64655
64661
64667
64673
64679
64685
64691
64697
64703
64709
64715
64721
64727
64733
64739
64745
64751
64757
64763
64769
64775
64781
64787
64793
64799
64805
64811
64817
64823
64829
64835
64841
64847
64853
64859
64865
64871
64877
64883
64889
64895
64901
64907
64913
64919
64925
64931
64937
64943
64949
64955
64961
64967
64973
64979
64985
64991
64997
65003
65009
65015
65021
65027
65033
65039
65045
65051
65057
65063
65069
65075
65081
65087
65093
65099
65105
65111
65117
65123
65129
65135
65141
65147
65153
65159
65165
65171
65177
65183
65189
65195
65201
65207
65213
65219
65225
65231
65237
65243
65249
65255
65261
65267
65273
65279
65285
65291
65297
65303
65309
65315
65321
65327
65333
65339
65345
65351
65357
65363
65369
65375
65381
65387
65393
65399
65405
65411
65417
65423
65429
65435
65441
65447
65453
65459
65465
65471
65477
65483
65489
65495
65501
65507
65513
65519
65525
65531
65537
65543
65549
65555
65561
65567
65573
65579
65585
65591
65597
65603
65609
65615
65621
65627
65633
65639
65645
65651
65657
65663
65669
65675
65681
65687
65693
65699
65705
65711
65717
65723
65729
65735
65741
65747
65753
65759
65765
65771
65777
65783
65789
65795
65801
65807
65813
65819
65825
65831
65837
65843
65849
65855
65861
65867
65873
65879
65885
65891
65897
65903
65909
65915
65921
65927
65933
65939
65945
65951
65957
65963
65969
65975
65981
65987
65993
65999
66005
66011
66017
66023
66029
66035
66041
66047
66053
66059
66065
66071
66077
66083
66089
66095
66101
66107
66113
66119
66125
66131
66137
66143
66149
66155
66161
66167
66173
66179
66185
66191
66197
66203
66209
66215
66221
66227
66233
66239
66245
66251
66257
66263
66269
66275
66281
66287
66293
66299
66305
66311
66317
66323
66329
66335
66341
66347
66353
66359
66365
66371
66377
66383
66389
66395
66401
66407
66413
66419
66425
66431
66437
66443
66449
66455
66461
66467
66473
66479
66485
66491
66497
66503
66509
66515
66521
66527
66533
66539
66545
66551
66557
66563
66569
66575
66581
66587
66593
66599
66605
66611
66617
66623
66629
66635
66641
66647
66653
66659
66665
66671
66677
66683
66689
66695
66701
66707
66713
66719
66725
66731
66737
66743
66749
66755
66761
66767
66773
66779
66785
66791
66797
66803
66809
66815
66821
66827
66833
66839
66845
66851
66857
66863
66869
66875
66881
66887
66893
66899
66905
66911
66917
66923
66929
66935
66941
66947
66953
66959
66965
66971
66977
66983
66989
66995
67001
67007
67013
67019
67025
67031
67037
67043
67049
67055
67061
67067
67073
67079
67085
67091
67097
67103
67109
67115
67121
67127
67133
67139
67145
67151
67157
67163
67169
67175
67181
67187
67193
67199
67205
67211
67217
67223
67229
67235
67241
67247
67253
67259
67265
67271
67277
67283
67289
67295
67301
67307
67313
67319
67325
67331
67337
67343
67349
67355
67361
67367
67373
67379
67385
67391
67397
67403
67409
67415
67421
67427
67433
67439
67445
67451
67457
67463
67469
67475
67481
67487
67493
67499
67505
67511
67517
67523
67529
67535
67541
67547
67553
67559
67565
67571
67577
67583
67589
67595
67601
67607
67613
67619
67625
67631
67637
67643
67649
67655
67661
67667
67673
67679
67685
67691
67697
67703
67709
67715
67721
67727
67733
67739
67745
67751
67757
67763
67769
67775
67781
67787
67793
67799
67805
67811
67817
67823
67829
67835
67841
67847
67853
67859
67865
67871
67877
67883
67889
67895
67901
67907
67913
67919
67925
67931
67937
67943
67949
67955
67961
67967
67973
67979
67985
67991
67997
68003
68009
68015
68021
68027
68033
68039
68045
68051
68057
68063
68069
68075
68081
68087
68093
68099
68105
68111
68117
68123
68129
68135
68141
68147
68153
68159
68165
68171
68177
68183
68189
68195
68201
68207
68213
68219
68225
68231
68237
68243
68249
68255
68261
68267
68273
68279
68285
68291
68297
68303
68309
68315
68321
68327
68333
68339
68345
68351
68357
68363
68369
68375
68381
68387
68393
68399
68405
68411
68417
68423
68429
68435
68441
68447
68453
68459
68465
68471
68477
68483
68489
68495
68501
68507
68513
68519
68525
68531
68537
68543
68549
68555
68561
68567
68573
68579
68585
68591
68597
68603
68609
68615
68621
68627
68633
68639
68645
68651
68657
68663
68669
68675
68681
68687
68693
68699
68705
68711
68717
68723
68729
68735
68741
68747
68753
68759
68765
68771
68777
68783
68789
68795
68801
68807
68813
68819
68825
68831
68837
68843
68849
68855
68861
68867
68873
68879
68885
68891
68897
68903
68909
68915
68921
68927
68933
68939
68945
68951
68957
68963
68969
68975
68981
68987
68993
68999
69005
69011
69017
69023
69029
69035
69041
69047
69053
69059
69065
69071
69077
69083
69089
69095
69101
69107
69113
69119
69125
69131
69137
69143
69149
69155
69161
69167
69173
69179
69185
69191
69197
69203
69209
69215
69221
69227
69233
69239
69245
69251
69257
69263
69269
69275
69281
69287
69293
69299
69305
69311
69317
69323
69329
69335
69341
69347
69353
69359
69365
69371
69377
69383
69389
69395
69401
69407
69413
69419
69425
69431
69437
69443
69449
69455
69461
69467
69473
69479
69485
69491
69497
69503
69509
69515
69521
69527
69533
69539
69545
69551
69557
69563
69569
69575
69581
69587
69593
69599
69605
69611
69617
69623
69629
69635
69641
69647
69653
69659
69665
69671
69677
69683
69689
69695
69701
69707
69713
69719
69725
69731
69737
69743
69749
69755
69761
69767
69773
69779
69785
69791
69797
69803
69809
69815
69821
69827
69833
69839
69845
69851
69857
69863
69869
69875
69881
69887
69893
69899
69905
69911
69917
69923
69929
69935
69941
69947
69953
69959
69965
69971
69977
69983
69989
69995
70001
70007
70013
70019
70025
70031
70037
70043
70049
70055
70061
70067
70073
70079
70085
70091
70097
70103
70109
70115
70121
70127
70133
70139
70145
70151
70157
70163
70169
70175
70181
70187
70193
70199
70205
70211
70217
70223
70229
70235
70241
70247
70253
70259
70265
70271
70277
70283
70289
70295
70301
70307
70313
70319
70325
70331
70337
70343
70349
70355
70361
70367
70373
70379
70385
70391
70397
70403
70409
70415
70421
70427
70433
70439
70445
70451
70457
70463
70469
70475
70481
70487
70493
70499
70505
70511
70517
70523
70529
70535
70541
70547
70553
70559
70565
70571
70577
70583
70589
70595
70601
70607
70613
70619
70625
70631
70637
70643
70649
70655
70661
70667
70673
70679
70685
70691
70697
70703
70709
70715
70721
70727
70733
70739
70745
70751
70757
70763
70769
70775
70781
70787
70793
70799
70805
70811
70817
70823
70829
70835
70841
70847
70853
70859
70865
70871
70877
70883
70889
70895
70901
70907
70913
70919
70925
70931
70937
70943
70949
70955
70961
70967
70973
70979
70985
70991
70997
71003
71009
71015
71021
71027
71033
71039
71045
71051
71057
71063
71069
71075
71081
71087
71093
71099
71105
71111
71117
71123
71129
71135
71141
71147
71153
71159
71165
71171
71177
71183
71189
71195
71201
71207
71213
71219
71225
71231
71237
71243
71249
71255
71261
71267
71273
71279
71285
71291
71297
71303
71309
71315
71321
71327
71333
71339
71345
71351
71357
71363
71369
71375
71381
71387
71393
71399
71405
71411
71417
71423
71429
71435
71441
71447
71453
71459
71465
71471
71477
71483
71489
71495
71501
71507
71513
71519
71525
71531
71537
71543
71549
71555
71561
71567
71573
71579
71585
71591
71597
71603
71609
71615
71621
71627
71633
71639
71645
71651
71657
71663
71669
71675
71681
71687
71693
71699
71705
71711
71717
71723
71729
71735
71741
71747
71753
71759
71765
71771
71777
71783
71789
71795
71801
71807
71813
71819
71825
71831
71837
71843
71849
71855
71861
71867
71873
71879
71885
71891
71897
71903
71909
71915
71921
71927
71933
71939
71945
71951
71957
71963
71969
71975
71981
71987
71993
71999
72005
72011
72017
72023
72029
72035
72041
72047
72053
72059
72065
72071
72077
72083
72089
72095
72101
72107
72113
72119
72125
72131
72137
72143
72149
72155
72161
72167
72173
72179
72185
72191
72197
72203
72209
72215
72221
72227
72233
72239
72245
72251
72257
72263
72269
72275
72281
72287
72293
72299
72305
72311
72317
72323
72329
72335
72341
72347
72353
72359
72365
72371
72377
72383
72389
72395
72401
72407
72413
72419
72425
72431
72437
72443
72449
72455
72461
72467
72473
72479
72485
72491
72497
72503
72509
72515
72521
72527
72533
72539
72545
72551
72557
72563
72569
72575
72581
72587
72593
72599
72605
72611
72617
72623
72629
72635
72641
72647
72653
72659
72665
72671
72677
72683
72689
72695
72701
72707
72713
72719
72725
72731
72737
72743
72749
72755
72761
72767
72773
72779
72785
72791
72797
72803
72809
72815
72821
72827
72833
72839
72845
72851
72857
72863
72869
72875
72881
72887
72893
72899
72905
72911
72917
72923
72929
72935
72941
72947
72953
72959
72965
72971
72977
72983
72989
72995
73001
73007
73013
73019
73025
73031
73037
73043
73049
73055
73061
73067
73073
73079
73085
73091
73097
73103
73109
73115
73121
73127
73133
73139
73145
73151
73157
73163
73169
73175
73181
73187
73193
73199
73205
73211
73217
73223
73229
73235
73241
73247
73253
73259
73265
73271
73277
73283
73289
73295
73301
73307
73313
73319
73325
73331
73337
73343
73349
73355
73361
73367
73373
73379
73385
73391
73397
73403
73409
73415
73421
73427
73433
73439
73445
73451
73457
73463
73469
73475
73481
73487
73493
73499
73505
73511
73517
73523
73529
73535
73541
73547
73553
73559
73565
73571
73577
73583
73589
73595
73601
73607
73613
73619
73625
73631
73637
73643
73649
73655
73661
73667
73673
73679
73685
73691
73697
73703
73709
73715
73721
73727
73733
73739
73745
73751
73757
73763
73769
73775
73781
73787
73793
73799
73805
73811
73817
73823
73829
73835
73841
73847
73853
73859
73865
73871
73877
73883
73889
73895
73901
73907
73913
73919
73925
73931
73937
73943
73949
73955
73961
73967
73973
73979
73985
73991
73997
74003
74009
74015
74021
74027
74033
74039
74045
74051
74057
74063
74069
74075
74081
74087
74093
74099
74105
74111
74117
74123
74129
74135
74141
74147
74153
74159
74165
74171
74177
74183
74189
74195
74201
74207
74213
74219
74225
74231
74237
74243
74249
74255
74261
74267
74273
74279
74285
74291
74297
74303
74309
74315
74321
74327
74333
74339
74345
74351
74357
74363
74369
74375
74381
74387
74393
74399
74405
74411
74417
74423
74429
74435
74441
74447
74453
74459
74465
74471
74477
74483
74489
74495
74501
74507
74513
74519
74525
74531
74537
74543
74549
74555
74561
74567
74573
74579
74585
74591
74597
74603
74609
74615
74621
74627
74633
74639
74645
74651
74657
74663
74669
74675
74681
74687
74693
74699
74705
74711
74717
74723
74729
74735
74741
74747
74753
74759
74765
74771
74777
74783
74789
74795
74801
74807
74813
74819
74825
74831
74837
74843
74849
74855
74861
74867
74873
74879
74885
74891
74897
74903
74909
74915
74921
74927
74933
74939
74945
74951
74957
74963
74969
74975
74981
74987
74993
74999
75005
75011
75017
75023
75029
75035
75041
75047
75053
75059
75065
75071
75077
75083
75089
75095
75101
75107
75113
75119
75125
75131
75137
75143
75149
75155
75161
75167
75173
75179
75185
75191
75197
75203
75209
75215
75221
75227
75233
75239
75245
75251
75257
75263
75269
75275
75281
75287
75293
75299
75305
75311
75317
75323
75329
75335
75341
75347
75353
75359
75365
75371
75377
75383
75389
75395
75401
75407
75413
75419
75425
75431
75437
75443
75449
75455
75461
75467
75473
75479
75485
75491
75497
75503
75509
75515
75521
75527
75533
75539
75545
75551
75557
75563
75569
75575
75581
75587
75593
75599
75605
75611
75617
75623
75629
75635
75641
75647
75653
75659
75665
75671
75677
75683
75689
75695
75701
75707
75713
75719
75725
75731
75737
75743
75749
75755
75761
75767
75773
75779
75785
75791
75797
75803
75809
75815
75821
75827
75833
75839
75845
75851
75857
75863
75869
75875
75881
75887
75893
75899
75905
75911
75917
75923
75929
75935
75941
75947
75953
75959
75965
75971
75977
75983
75989
75995
76001
76007
76013
76019
76025
76031
76037
76043
76049
76055
76061
76067
76073
76079
76085
76091
76097
76103
76109
76115
76121
76127
76133
76139
76145
76151
76157
76163
76169
76175
76181
76187
76193
76199
76205
76211
76217
76223
76229
76235
76241
76247
76253
76259
76265
76271
76277
76283
76289
76295
76301
76307
76313
76319
76325
76331
76337
76343
76349
76355
76361
76367
76373
76379
76385
76391
76397
76403
76409
76415
76421
76427
76433
76439
76445
76451
76457
76463
76469
76475
76481
76487
76493
76499
76505
76511
76517
76523
76529
76535
76541
76547
76553
76559
76565
76571
76577
76583
76589
76595
76601
76607
76613
76619
76625
76631
76637
76643
76649
76655
76661
76667
76673
76679
76685
76691
76697
76703
76709
76715
76721
76727
76733
76739
76745
76751
76757
76763
76769
76775
76781
76787
76793
76799
76805
76811
76817
76823
76829
76835
76841
76847
76853
76859
76865
76871
76877
76883
76889
76895
76901
76907
76913
76919
76925
76931
76937
76943
76949
76955
76961
76967
76973
76979
76985
76991
76997
77003
77009
77015
77021
77027
77033
77039
77045
77051
77057
77063
77069
77075
77081
77087
77093
77099
77105
77111
77117
77123
77129
77135
77141
77147
77153
77159
77165
77171
77177
77183
77189
77195
77201
77207
77213
77219
77225
77231
77237
77243
77249
77255
77261
77267
77273
77279
77285
77291
77297
77303
77309
77315
77321
77327
77333
77339
77345
77351
77357
77363
77369
77375
77381
77387
77393
77399
77405
77411
77417
77423
77429
77435
77441
77447
77453
77459
77465
77471
77477
77483
77489
77495
77501
77507
77513
77519
77525
77531
77537
77543
77549
77555
77561
77567
77573
77579
77585
77591
77597
77603
77609
77615
77621
77627
77633
77639
77645
77651
77657
77663
77669
77675
77681
77687
77693
77699
77705
77711
77717
77723
77729
77735
77741
77747
77753
77759
77765
77771
77777
77783
77789
77795
77801
77807
77813
77819
77825
77831
77837
77843
77849
77855
77861
77867
77873
77879
77885
77891
77897
77903
77909
77915
77921
77927
77933
77939
77945
77951
77957
77963
77969
77975
77981
77987
77993
77999
78005
78011
78017
78023
78029
78035
78041
78047
78053
78059
78065
78071
78077
78083
78089
78095
78101
78107
78113
78119
78125
78131
78137
78143
78149
78155
78161
78167
78173
78179
78185
78191
78197
78203
78209
78215
78221
78227
78233
78239
78245
78251
78257
78263
78269
78275
78281
78287
78293
78299
78305
78311
78317
78323
78329
78335
78341
78347
78353
78359
78365
78371
78377
78383
78389
78395
78401
78407
78413
78419
78425
78431
78437
78443
78449
78455
78461
78467
78473
78479
78485
78491
78497
78503
78509
78515
78521
78527
78533
78539
78545
78551
78557
78563
78569
78575
78581
78587
78593
78599
78605
78611
78617
78623
78629
78635
78641
78647
78653
78659
78665
78671
78677
78683
78689
78695
78701
78707
78713
78719
78725
78731
78737
78743
78749
78755
78761
78767
78773
78779
78785
78791
78797
78803
78809
78815
78821
78827
78833
78839
78845
78851
78857
78864
78871
78878
78885
78892
78899
78906
78913
78920
78927
78934
78941
78948
78955
78962
78969
78976
78983
78990
78997
79004
79011
79018
79025
79032
79039
79046
79053
79060
79067
79074
79081
79088
79095
79102
79109
79116
79123
79130
79137
79144
79151
79158
79165
79172
79179
79186
79193
79200
79207
79214
79221
79228
79235
79242
79249
79256
79263
79270
79277
79284
79291
79298
79305
79312
79319
79326
79333
79340
79347
79354
79361
79368
79375
79382
79389
79396
79403
79410
79417
79424
79431
79438
79445
79452
79459
79466
79473
79480
79487
79494
79501
79508
79515
79522
79529
79536
79543
79550
79557
79564
79571
79578
79585
79592
79599
79606
79613
79620
79627
79634
79641
79648
79655
79662
79669
79676
79683
79690
79697
79704
79711
79718
79725
79732
79739
79746
79753
79760
79767
79774
79781
79788
79795
79802
79809
79816
79823
79830
79837
79844
79851
79858
79865
79872
79879
79886
79893
79900
79907
79914
79921
79928
79935
79942
79949
79956
79963
79970
79977
79984
79991
79998
80005
80012
80019
80026
80033
80040
80047
80054
80061
80068
80075
80082
80089
80096
80103
80110
80117
80124
80131
80138
80145
80152
80159
80166
80173
80180
80187
80194
80201
80208
80215
80222
80229
80236
80243
80250
80257
80264
80271
80278
80285
80292
80299
80306
80313
80320
80327
80334
80341
80348
80355
80362
80369
80376
80383
80390
80397
80404
80411
80418
80425
80432
80439
80446
80453
80460
80467
80474
80481
80488
80495
80502
80509
80516
80523
80530
80537
80544
80551
80558
80565
80572
80579
80586
80593
80600
80607
80614
80621
80628
80635
80642
80649
80656
80663
80670
80677
80684
80691
80698
80705
80712
80719
80726
80733
80740
80747
80754
80761
80768
80775
80782
80789
80796
80803
80810
80817
80824
80831
80838
80845
80852
80859
80866
80873
80880
80887
80894
80901
80908
80915
80922
80929
80936
80943
80950
80957
80964
80971
80978
80985
80992
80999
81006
81013
81020
81027
81034
81041
81048
81055
81062
81069
81076
81083
81090
81097
81104
81111
81118
81125
81132
81139
81146
81153
81160
81167
81174
81181
81188
81195
81202
81209
81216
81223
81230
81237
81244
81251
81258
81265
81272
81279
81286
81293
81300
81307
81314
81321
81328
81335
81342
81349
81356
81363
81370
81377
81384
81391
81398
81405
81412
81419
81426
81433
81440
81447
81454
81461
81468
81475
81482
81489
81496
81503
81510
81517
81524
81531
81538
81545
81552
81559
81566
81573
81580
81587
81594
81601
81608
81615
81622
81629
81636
81643
81650
81657
81664
81671
81678
81685
81692
81699
81706
81713
81720
81727
81734
81741
81748
81755
81762
81769
81776
81783
81790
81797
81804
81811
81818
81825
81832
81839
81846
81853
81860
81867
81874
81881
81888
81895
81902
81909
81916
81923
81930
81937
81944
81951
81958
81965
81972
81979
81986
81993
82000
82007
82014
82021
82028
82035
82042
82049
82056
82063
82070
82077
82084
82091
82098
82105
82112
82119
82126
82133
82140
82147
82154
82161
82168
82175
82182
82189
82196
82203
82210
82217
82224
82231
82238
82245
82252
82259
82266
82273
82280
82287
82294
82301
82308
82315
82322
82329
82336
82343
82350
82357
82364
82371
82378
82385
82392
82399
82406
82413
82420
82427
82434
82441
82448
82455
82462
82469
82476
82483
82490
82497
82504
82511
82518
82525
82532
82539
82546
82553
82560
82567
82574
82581
82588
82595
82602
82609
82616
82623
82630
82637
82644
82651
82658
82665
82672
82679
82686
82693
82700
82707
82714
82721
82728
82735
82742
82749
82756
82763
82770
82777
82784
82791
82798
82805
82812
82819
82826
82833
82840
82847
82854
82861
82868
82875
82882
82889
82896
82903
82910
82917
82924
82931
82938
82945
82952
82959
82966
82973
82980
82987
82994
83001
83008
83015
83022
83029
83036
83043
83050
83057
83064
83071
83078
83085
83092
83099
83106
83113
83120
83127
83134
83141
83148
83155
83162
83169
83176
83183
83190
83197
83204
83211
83218
83225
83232
83239
83246
83253
83260
83267
83274
83281
83288
83295
83302
83309
83316
83323
83330
83337
83344
83351
83358
83365
83372
83379
83386
83393
83400
83407
83414
83421
83428
83435
83442
83449
83456
83463
83470
83477
83484
83491
83498
83505
83512
83519
83526
83533
83540
83547
83554
83561
83568
83575
83582
83589
83596
83603
83610
83617
83624
83631
83638
83645
83652
83659
83666
83673
83680
83687
83694
83701
83708
83715
83722
83729
83736
83743
83750
83757
83764
83771
83778
83785
83792
83799
83806
83813
83820
83827
83834
83841
83848
83855
83862
83869
83876
83883
83890
83897
83904
83911
83918
83925
83932
83939
83946
83953
83960
83967
83974
83981
83988
83995
84002
84009
84016
84023
84030
84037
84044
84051
84058
84065
84072
84079
84086
84093
84100
84107
84114
84121
84128
84135
84142
84149
84156
84163
84170
84177
84184
84191
84198
84205
84212
84219
84226
84233
84240
84247
84254
84261
84268
84275
84282
84289
84296
84303
84310
84317
84324
84331
84338
84345
84352
84359
84366
84373
84380
84387
84394
84401
84408
84415
84422
84429
84436
84443
84450
84457
84464
84471
84478
84485
84492
84499
84506
84513
84520
84527
84534
84541
84548
84555
84562
84569
84576
84583
84590
84597
84604
84611
84618
84625
84632
84639
84646
84653
84660
84667
84674
84681
84688
84695
84702
84709
84716
84723
84730
84737
84744
84751
84758
84765
84772
84779
84786
84793
84800
84807
84814
84821
84828
84835
84842
84849
84856
84863
84870
84877
84884
84891
84898
84905
84912
84919
84926
84933
84940
84947
84954
84961
84968
84975
84982
84989
84996
85003
85010
85017
85024
85031
85038
85045
85052
85059
85066
85073
85080
85087
85094
85101
85108
85115
85122
85129
85136
85143
85150
85157
85164
85171
85178
85185
85192
85199
85206
85213
85220
85227
85234
85241
85248
85255
85262
85269
85276
85283
85290
85297
85304
85311
85318
85325
85332
85339
85346
85353
85360
85367
85374
85381
85388
85395
85402
85409
85416
85423
85430
85437
85444
85451
85458
85465
85472
85479
85486
85493
85500
85507
85514
85521
85528
85535
85542
85549
85556
85563
85570
85577
85584
85591
85598
85605
85612
85619
85626
85633
85640
85647
85654
85661
85668
85675
85682
85689
85696
85703
85710
85717
85724
85731
85738
85745
85752
85759
85766
85773
85780
85787
85794
85801
85808
85815
85822
85829
85836
85843
85850
85857
85864
85871
85878
85885
85892
85899
85906
85913
85920
85927
85934
85941
85948
85955
85962
85969
85976
85983
85990
85997
86004
86011
86018
86025
86032
86039
86046
86053
86060
86067
86074
86081
86088
86095
86102
86109
86116
86123
86130
86137
86144
86151
86158
86165
86172
86179
86186
86193
86200
86207
86214
86221
86228
86235
86242
86249
86256
86263
86270
86277
86284
86291
86298
86305
86312
86319
86326
86333
86340
86347
86354
86361
86368
86375
86382
86389
86396
86403
86410
86417
86424
86431
86438
86445
86452
86459
86466
86473
86480
86487
86494
86501
86508
86515
86522
86529
86536
86543
86550
86557
86564
86571
86578
86585
86592
86599
86606
86613
86620
86627
86634
86641
86648
86655
86662
86669
86676
86683
86690
86697
86704
86711
86718
86725
86732
86739
86746
86753
86760
86767
86774
86781
86788
86795
86802
86809
86816
86823
86830
86837
86844
86851
86858
86865
86872
86879
86886
86893
86900
86907
86914
86921
86928
86935
86942
86949
86956
86963
86970
86977
86984
86991
86998
87005
87012
87019
87026
87033
87040
87047
87054
87061
87068
87075
87082
87089
87096
87103
87110
87117
87124
87131
87138
87145
87152
87159
87166
87173
87180
87187
87194
87201
87208
87215
87222
87229
87236
87243
87250
87257
87264
87271
87278
87285
87292
87299
87306
87313
87320
87327
87334
87341
87348
87355
87362
87369
87376
87383
87390
87397
87404
87411
87418
87425
87432
87439
87446
87453
87460
87467
87474
87481
87488
87495
87502
87509
87516
87523
87530
87537
87544
87551
87558
87565
87572
87579
87586
87593
87600
87607
87614
87621
87628
87635
87642
87649
87656
87663
87670
87677
87684
87691
87698
87705
87712
87719
87726
87733
87740
87747
87754
87761
87768
87775
87782
87789
87796
87803
87810
87817
87824
87831
87838
87845
87852
87859
87866
87873
87880
87887
87894
87901
87908
87915
87922
87929
87936
87943
87950
87957
87964
87971
87978
87985
87992
87999
88006
88013
88020
88027
88034
88041
88048
88055
88062
88069
88076
88083
88090
88097
88104
88111
88118
88125
88132
88139
88146
88153
88160
88167
88174
88181
88188
88195
88202
88209
88216
88223
88230
88237
88244
88251
88258
88265
88272
88279
88286
88293
88300
88307
88314
88321
88328
88335
88342
88349
88356
88363
88370
88377
88384
88391
88398
88405
88412
88419
88426
88433
88440
88447
88454
88461
88468
88475
88482
88489
88496
88503
88510
88517
88524
88531
88538
88545
88552
88559
88566
88573
88580
88587
88594
88601
88608
88615
88622
88629
88636
88643
88650
88657
88664
88671
88678
88685
88692
88699
88706
88713
88720
88727
88734
88741
88748
88755
88762
88769
88776
88783
88790
88797
88804
88811
88818
88825
88832
88839
88846
88853
88860
88867
88874
88881
88888
88895
88902
88909
88916
88923
88930
88937
88944
88951
88958
88965
88972
88979
88986
88993
89000
89007
89014
89021
89028
89035
89042
89049
89056
89063
89070
89077
89084
89091
89098
89105
89112
89119
89126
89133
89140
89147
89154
89161
89168
89175
89182
89189
89196
89203
89210
89217
89224
89231
89238
89245
89252
89259
89266
89273
89280
89287
89294
89301
89308
89315
89322
89329
89336
89343
89350
89357
89364
89371
89378
89385
89392
89399
89406
89413
89420
89427
89434
89441
89448
89455
89462
89469
89476
89483
89490
89497
89504
89511
89518
89525
89532
89539
89546
89553
89560
89567
89574
89581
89588
89595
89602
89609
89616
89623
89630
89637
89644
89651
89658
89665
89672
89679
89686
89693
89700
89707
89714
89721
89728
89735
89742
89749
89756
89763
89770
89777
89784
89791
89798
89805
89812
89819
89826
89833
89840
89847
89854
89861
89868
89875
89882
89889
89896
89903
89910
89917
89924
89931
89938
89945
89952
89959
89966
89973
89980
89987
89994
90001
90008
90015
90022
90029
90036
90043
90050
90057
90064
90071
90078
90085
90092
90099
90106
90113
90120
90127
90134
90141
90148
90155
90162
90169
90176
90183
90190
90197
90204
90211
90218
90225
90232
90239
90246
90253
90260
90267
90274
90281
90288
90295
90302
90309
90316
90323
90330
90337
90344
90351
90358
90365
90372
90379
90386
90393
90400
90407
90414
90421
90428
90435
90442
90449
90456
90463
90470
90477
90484
90491
90498
90505
90512
90519
90526
90533
90540
90547
90554
90561
90568
90575
90582
90589
90596
90603
90610
90617
90624
90631
90638
90645
90652
90659
90666
90673
90680
90687
90694
90701
90708
90715
90722
90729
90736
90743
90750
90757
90764
90771
90778
90785
90792
90799
90806
90813
90820
90827
90834
90841
90848
90855
90862
90869
90876
90883
90890
90897
90904
90911
90918
90925
90932
90939
90946
90953
90960
90967
90974
90981
90988
90995
91002
91009
91016
91023
91030
91037
91044
91051
91058
91065
91072
91079
91086
91093
91100
91107
91114
91121
91128
91135
91142
91149
91156
91163
91170
91177
91184
91191
91198
91205
91212
91219
91226
91233
91240
91247
91254
91261
91268
91275
91282
91289
91296
91303
91310
91317
91324
91331
91338
91345
91352
91359
91366
91373
91380
91387
91394
91401
91408
91415
91422
91429
91436
91443
91450
91457
91464
91471
91478
91485
91492
91499
91506
91513
91520
91527
91534
91541
91548
91555
91562
91569
91576
91583
91590
91597
91604
91611
91618
91625
91632
91639
91646
91653
91660
91667
91674
91681
91688
91695
91702
91709
91716
91723
91730
91737
91744
91751
91758
91765
91772
91779
91786
91793
91800
91807
91814
91821
91828
91835
91842
91849
91856
91863
91870
91877
91884
91891
91898
91905
91912
91919
91926
91933
91940
91947
91954
91961
91968
91975
91982
91989
91996
92003
92010
92017
92024
92031
92038
92045
92052
92059
92066
92073
92080
92087
92094
92101
92108
92115
92122
92129
92136
92143
92150
92157
92164
92171
92178
92185
92192
92199
92206
92213
92220
92227
92234
92241
92248
92255
92262
92269
92276
92283
92290
92297
92304
92311
92318
92325
92332
92339
92346
92353
92360
92367
92374
92381
92388
92395
92402
92409
92416
92423
92430
92437
92444
92451
92458
92465
92472
92479
92486
92493
92500
92507
92514
92521
92528
92535
92542
92549
92556
92563
92570
92577
92584
92591
92598
92605
92612
92619
92626
92633
92640
92647
92654
92661
92668
92675
92682
92689
92696
92703
92710
92717
92724
92731
92738
92745
92752
92759
92766
92773
92780
92787
92794
92801
92808
92815
92822
92829
92836
92843
92850
92857
92864
92871
92878
92885
92892
92899
92906
92913
92920
92927
92934
92941
92948
92955
92962
92969
92976
92983
92990
92997
93004
93011
93018
93025
93032
93039
93046
93053
93060
93067
93074
93081
93088
93095
93102
93109
93116
93123
93130
93137
93144
93151
93158
93165
93172
93179
93186
93193
93200
93207
93214
93221
93228
93235
93242
93249
93256
93263
93270
93277
93284
93291
93298
93305
93312
93319
93326
93333
93340
93347
93354
93361
93369
93377
93385
93393
93401
93409
93417
93425
93433
93441
93449
93457
93465
93473
93481
93489
93497
93505
93513
93521
93529
93537
93545
93553
93561
93569
93577
93585
93593
93601
93609
93617
93625
93633
93641
93649
93657
93665
93673
93681
93689
93697
93705
93713
93721
93729
93737
93745
93753
93761
93769
93777
93785
93793
93801
93809
93817
93825
93833
93841
93849
93857
93865
93873
93881
93889
93897
93905
93913
93921
93929
93937
93945
93953
93961
93969
93977
93985
93993
94001
94009
94017
94025
94033
94041
94049
94057
94065
94073
94081
94089
94097
94105
94113
94121
94129
94137
94145
94153
94161
94169
94177
94185
94193
94201
94209
94217
94225
94233
94241
94249
94257
94265
94273
94281
94289
94297
94305
94313
94321
94329
94337
94345
94353
94361
94369
94377
94385
94393
94401
94409
94417
94425
94433
94441
94449
94457
94465
94473
94481
94489
94497
94505
94513
94521
94529
94537
94545
94553
94561
94569
94577
94585
94593
94601
94609
94617
94625
94633
94641
94649
94657
94665
94673
94681
94689
94697
94705
94713
94721
94729
94737
94745
94753
94761
94769
94777
94785
94793
94801
94809
94817
94825
94833
94841
94849
94857
94865
94873
94881
94889
94897
94905
94913
94921
94929
94937
94945
94953
94961
94969
94977
94985
94993
95001
95009
95017
95025
95033
95041
95049
95057
95065
95073
95081
95089
95097
95105
95113
95121
95129
95137
95145
95153
95161
95169
95177
95185
95193
95201
95209
95217
95225
95233
95241
95249
95257
95265
95273
95281
95289
95297
95305
95313
95321
95329
95337
95345
95353
95361
95369
95377
95385
95393
95401
95409
95417
95425
95433
95441
95449
95457
95465
95473
95481
95489
95497
95505
95513
95521
95529
95537
95545
95553
95561
95569
95577
95585
95593
95601
95609
95617
95625
95633
95641
95649
95657
95665
95673
95681
95689
95697
95705
95713
95721
95729
95737
95745
95753
95761
95769
95777
95785
95793
95801
95809
95817
95825
95833
95841
95849
95857
95865
95873
95881
95889
95897
95905
95913
95921
95929
95937
95945
95953
95961
95969
95977
95985
95993
96001
96009
96017
96025
96033
96041
96049
96057
96065
96073
96081
96089
96097
96105
96113
96121
96129
96137
96145
96153
96161
96169
96177
96185
96193
96201
96209
96217
96225
96233
96241
96249
96257
96265
96273
96281
96289
96297
96305
96313
96321
96329
96337
96345
96353
96361
96369
96377
96385
96393
96401
96409
96417
96425
96433
96441
96449
96457
96465
96473
96481
96489
96497
96505
96513
96521
96529
96537
96545
96553
96561
96569
96577
96585
96593
96601
96609
96617
96625
96633
96641
96649
96657
96665
96673
96681
96689
96697
96705
96713
96721
96729
96737
96745
96753
96761
96769
96777
96785
96793
96801
96809
96817
96825
96833
96841
96849
96857
96865
96873
96881
96889
96897
96905
96913
96921
96929
96937
96945
96953
96961
96969
96977
96985
96993
97001
97009
97017
97025
97033
97041
97049
97057
97065
97073
97081
97089
97097
97105
97113
97121
97129
97137
97145
97153
97161
97169
97177
97185
97193
97201
97209
97217
97225
97233
97241
97249
97257
97265
97273
97281
97289
97297
97305
97313
97321
97329
97337
97345
97353
97361
97369
97377
97385
97393
97401
97409
97417
97425
97433
97441
97449
97457
97465
97473
97481
97489
97497
97505
97513
97521
97529
97537
97545
97553
97561
97569
97577
97585
97593
97601
97609
97617
97625
97633
97641
97649
97657
97665
97673
97681
97689
97697
97705
97713
97721
97729
97737
97745
97753
97761
97769
97777
97785
97793
97801
97809
97817
97825
97833
97841
97849
97857
97865
97873
97881
97889
97897
97905
97913
97921
97929
97937
97945
97953
97961
97969
97977
97985
97993
98001
98009
98017
98025
98033
98041
98049
98057
98065
98073
98081
98089
98097
98105
98113
98121
98129
98137
98145
98153
98161
98169
98177
98185
98193
98201
98209
98217
98225
98233
98241
98249
98257
98265
98273
98281
98289
98297
98305
98313
98321
98329
98337
98345
98353
98361
98369
98377
98385
98393
98401
98409
98417
98425
98433
98441
98449
98457
98465
98473
98481
98489
98497
98505
98513
98521
98529
98537
98545
98553
98561
98569
98577
98585
98593
98601
98609
98617
98625
98633
98641
98649
98657
98665
98673
98681
98689
98697
98705
98713
98721
98729
98737
98745
98753
98761
98769
98777
98785
98793
98801
98809
98817
98825
98833
98841
98849
98857
98865
98873
98881
98889
98897
98905
98913
98921
98929
98937
98945
98953
98961
98969
98977
98985
98993
99001
99009
99017
99025
99033
99041
99049
99057
99065
99073
99081
99089
99097
99105
99113
99121
99129
99137
99145
99153
99161
99169
99177
99185
99193
99201
99209
99217
99225
99233
99241
99249
99257
99265
99273
99281
99289
99297
99305
99313
99321
99329
99337
99345
99353
99361
99369
99377
99385
99393
99401
99409
99417
99425
99433
99441
99449
99457
99465
99473
99481
99489
99497
99505
99513
99521
99529
99537
99545
99553
99561
99569
99577
99585
99593
99601
99609
99617
99625
99633
99641
99649
99657
99665
99673
99681
99689
99697
99705
99713
99721
99729
99737
99745
99753
99761
99769
99777
99785
99793
99801
99809
99817
99825
99833
99841
99849
99857
99865
99873
99881
99889
99897
99905
99913
99921
99929
99937
99945
99953
99961
99969
99977
99985
99993
100001
100009
100017
100025
100033
100041
100049
100057
100065
100073
100081
100089
100097
100105
100113
100121
100129
100137
100145
100153
100161
100169
100177
100185
100193
100201
100209
100217
100225
100233
100241
100249
100257
100265
100273
100281
100289
100297
100305
100313
100321
100329
100337
100345
100353
100361
100369
100377
100385
100393
100401
100409
100417
100425
100433
100441
100449
100457
100465
100473
100481
100489
100497
100505
100513
100521
100529
100537
100545
100553
100561
100569
100577
100585
100593
100601
100609
100617
100625
100633
100641
100649
100657
100665
100673
100681
100689
100697
100705
100713
100721
100729
100737
100745
100753
100761
100769
100777
100785
100793
100801
100809
100817
100825
100833
100841
100849
100857
100865
100873
100881
100889
100897
100905
100913
100921
100929
100937
100945
100953
100961
100969
100977
100985
100993
101001
101009
101017
101025
101033
101041
101049
101057
101065
101073
101081
101089
101097
101105
101113
101121
101129
101137
101145
101153
101161
101169
101177
101185
101193
101201
101209
101217
101225
101233
101241
101249
101257
101265
101273
101281
101289
101297
101305
101313
101321
101329
101337
101345
101353
101361
101369
101377
101385
101393
101401
101409
101417
101425
101433
101441
101449
101457
101465
101473
101481
101489
101497
101505
101513
101521
101529
101537
101545
101553
101561
101569
101577
101585
101593
101601
101609
101617
101625
101633
101641
101649
101657
101665
101673
101681
101689
101697
101705
101713
101721
101729
101737
101745
101753
101761
101769
101777
101785
101793
101801
101809
101817
101825
101833
101841
101849
101857
101865
101873
101881
101889
101897
101905
101913
101921
101929
101937
101945
101953
101961
101969
101977
101985
101993
102001
102009
102017
102025
102033
102041
102049
102057
102065
102073
102081
102089
102097
102105
102113
102121
102129
102137
102145
102153
102161
102169
102177
102185
102193
102201
102209
102217
102225
102233
102241
102249
102257
102265
102273
102281
102289
102297
102305
102313
102321
102329
102337
102345
102353
102361
102369
102377
102385
102393
102401
102409
102417
102425
102433
102441
102449
102457
102465
102473
102481
102489
102497
102505
102513
102521
102529
102537
102545
102553
102561
102569
102577
102585
102593
102601
102609
102617
102625
102633
102641
102649
102657
102665
102673
102681
102689
102697
102705
102713
102721
102729
102737
102745
102753
102761
102769
102777
102785
102793
102801
102809
102817
102825
102833
102841
102849
102857
102865
102873
102881
102889
102897
102905
102913
102921
102929
102937
102945
102953
102961
102969
102977
102985
102993
103001
103009
103017
103025
103033
103041
103049
103057
103065
103073
103081
103089
103097
103105
103113
103121
103129
103137
103145
103153
103161
103169
103177
103185
103193
103201
103209
103217
103225
103233
103241
103249
103257
103265
103273
103281
103289
103297
103305
103313
103321
103329
103337
103345
103353
103361
103369
103377
103385
103393
103401
103409
103417
103425
103433
103441
103449
103457
103465
103473
103481
103489
103497
103505
103513
103521
103529
103537
103545
103553
103561
103569
103577
103585
103593
103601
103609
103617
103625
103633
103641
103649
103657
103665
103673
103681
103689
103697
103705
103713
103721
103729
103737
103745
103753
103761
103769
103777
103785
103793
103801
103809
103817
103825
103833
103841
103849
103857
103865
103873
103881
103889
103897
103905
103913
103921
103929
103937
103945
103953
103961
103969
103977
103985
103993
104001
104009
104017
104025
104033
104041
104049
104057
104065
104073
104081
104089
104097
104105
104113
104121
104129
104137
104145
104153
104161
104169
104177
104185
104193
104201
104209
104217
104225
104233
104241
104249
104257
104265
104273
104281
104289
104297
104305
104313
104321
104329
104337
104345
104353
104361
104369
104377
104385
104393
104401
104409
104417
104425
104433
104441
104449
104457
104465
104473
104481
104489
104497
104505
104513
104521
104529
104537
104545
104553
104561
104569
104577
104585
104593
104601
104609
104617
104625
104633
104641
104649
104657
104665
104673
104681
104689
104697
104705
104713
104721
104729
104737
104745
104753
104761
104769
104777
104785
104793
104801
104809
104817
104825
104833
104841
104849
104857
104865
104873
104881
104889
104897
104905
104913
104921
104929
104937
104945
104953
104961
104969
104977
104985
104993
105001
105009
105017
105025
105033
105041
105049
105057
105065
105073
105081
105089
105097
105105
105113
105121
105129
105137
105145
105153
105161
105169
105177
105185
105193
105201
105209
105217
105225
105233
105241
105249
105257
105265
105273
105281
105289
105297
105305
105313
105321
105329
105337
105345
105353
105361
105369
105377
105385
105393
105401
105409
105417
105425
105433
105441
105449
105457
105465
105473
105481
105489
105497
105505
105513
105521
105529
105537
105545
105553
105561
105569
105577
105585
105593
105601
105609
105617
105625
105633
105641
105649
105657
105665
105673
105681
105689
105697
105705
105713
105721
105729
105737
105745
105753
105761
105769
105777
105785
105793
105801
105809
105817
105825
105833
105841
105849
105857
105865
105873
105881
105889
105897
105905
105913
105921
105929
105937
105945
105953
105961
105969
105977
105985
105993
106001
106009
106017
106025
106033
106041
106049
106057
106065
106073
106081
106089
106097
106105
106113
106121
106129
106137
106145
106153
106161
106169
106177
106185
106193
106201
106209
106217
106225
106233
106241
106249
106257
106265
106273
106281
106289
106297
106305
106313
106321
106329
106337
106345
106353
106361
106369
106377
106385
106393
106401
106409
106417
106425
106433
106441
106449
106457
106465
106473
106481
106489
106497
106505
106513
106521
106529
106537
106545
106553
106561
106569
106577
106585
106593
106601
106609
106617
106625
106633
106641
106649
106657
106665
106673
106681
106689
106697
106705
106713
106721
106729
106737
106745
106753
106761
106769
106777
106785
106793
106801
106809
106817
106825
106833
106841
106849
106857
106865
106873
106881
106889
106897
106905
106913
106921
106929
106937
106945
106953
106961
106969
106977
106985
106993
107001
107009
107017
107025
107033
107041
107049
107057
107065
107073
107081
107089
107097
107105
107113
107121
107129
107137
107145
107153
107161
107169
107177
107185
107193
107201
107209
107217
107225
107233
107241
107249
107257
107265
107273
107281
107289
107297
107305
107313
107321
107329
107337
107345
107353
107361
107369
107377
107385
107393
107401
107409
107417
107425
107433
107441
107449
107457
107465
107473
107481
107489
107497
107505
107513
107521
107529
107537
107545
107553
107561
107569
107577
107585
107593
107601
107609
107617
107625
107633
107641
107649
107657
107665
107673
107681
107689
107697
107705
107713
107721
107729
107737
107745
107753
107761
107769
107777
107785
107793
107801
107809
107817
107825
107833
107841
107849
107857
107866
107875
107884
107893
107902
107911
107920
107929
107938
107947
107956
107965
107974
107983
107992
108001
108010
108019
108028
108037
108046
108055
108064
108073
108082
108091
108100
108109
108118
108127
108136
108145
108154
108163
108172
108181
108190
108199
108208
108217
108226
108235
108244
108253
108262
108271
108280
108289
108298
108307
108316
108325
108334
108343
108352
108361
108370
108379
108388
108397
108406
108415
108424
108433
108442
108451
108460
108469
108478
108487
108496
108505
108514
108523
108532
108541
108550
108559
108568
108577
108586
108595
108604
108613
108622
108631
108640
108649
108658
108667
108676
108685
108694
108703
108712
108721
108730
108739
108748
108757
108766
108775
108784
108793
108802
108811
108820
108829
108838
108847
108856
108865
108874
108883
108892
108901
108910
108919
108928
108937
108946
108955
108964
108973
108982
108991
109000
109009
109018
109027
109036
109045
109054
109063
109072
109081
109090
109099
109108
109117
109126
109135
109144
109153
109162
109171
109180
109189
109198
109207
109216
109225
109234
109243
109252
109261
109270
109279
109288
109297
109306
109315
109324
109333
109342
109351
109360
109369
109378
109387
109396
109405
109414
109423
109432
109441
109450
109459
109468
109477
109486
109495
109504
109513
109522
109531
109540
109549
109558
109567
109576
109585
109594
109603
109612
109621
109630
109639
109648
109657
109666
109675
109684
109693
109702
109711
109720
109729
109738
109747
109756
109765
109774
109783
109792
109801
109810
109819
109828
109837
109846
109855
109864
109873
109882
109891
109900
109909
109918
109927
109936
109945
109954
109963
109972
109981
109990
109999
110008
110017
110026
110035
110044
110053
110062
110071
110080
110089
110098
110107
110116
110125
110134
110143
110152
110161
110170
110179
110188
110197
110206
110215
110224
110233
110242
110251
110260
110269
110278
110287
110296
110305
110314
110323
110332
110341
110350
110359
110368
110377
110386
110395
110404
110413
110422
110431
110440
110449
110458
110467
110476
110485
110494
110503
110512
110521
110530
110539
110548
110557
110566
110575
110584
110593
110602
110611
110620
110629
110638
110647
110656
110665
110674
110683
110692
110701
110710
110719
110728
110737
110746
110755
110764
110773
110782
110791
110800
110809
110818
110827
110836
110845
110854
110863
110872
110881
110890
110899
110908
110917
110926
110935
110944
110953
110962
110971
110980
110989
110998
111007
111016
111025
111034
111043
111052
111061
111070
111079
111088
111097
111106
111115
111124
111133
111142
111151
111160
111169
111178
111187
111196
111205
111214
111223
111232
111241
111250
111259
111268
111277
111286
111295
111304
111313
111322
111331
111340
111349
111358
111367
111376
111385
111394
111403
111412
111421
111430
111439
111448
111457
111466
111475
111484
111493
111502
111511
111520
111529
111538
111547
111556
111565
111574
111583
111592
111601
111610
111619
111628
111637
111646
111655
111664
111673
111682
111691
111700
111709
111718
111727
111736
111745
111754
111763
111772
111781
111790
111799
111808
111817
111826
111835
111844
111853
111862
111871
111880
111889
111898
111907
111916
111925
111934
111943
111952
111961
111970
111979
111988
111997
112006
112015
112024
112033
112042
112051
112060
112069
112078
112087
112096
112105
112114
112123
112132
112141
112150
112159
112168
112177
112186
112195
112204
112213
112222
112231
112240
112249
112258
112267
112276
112285
112294
112303
112312
112321
112330
112339
112348
112357
112366
112375
112384
112393
112402
112411
112420
112429
112438
112447
112456
112465
112474
112483
112492
112501
112510
112519
112528
112537
112546
112555
112564
112573
112582
112591
112600
112609
112618
112627
112636
112645
112654
112663
112672
112681
112690
112699
112708
112717
112726
112735
112744
112753
112762
112771
112780
112789
112798
112807
112816
112825
112834
112843
112852
112861
112870
112879
112888
112897
112906
112915
112924
112933
112942
112951
112960
112969
112978
112987
112996
113005
113014
113023
113032
113041
113050
113059
113068
113077
113086
113095
113104
113113
113122
113131
113140
113149
113158
113167
113176
113185
113194
113203
113212
113221
113230
113239
113248
113257
113266
113275
113284
113293
113302
113311
113320
113329
113338
113347
113356
113365
113374
113383
113392
113401
113410
113419
113428
113437
113446
113455
113464
113473
113482
113491
113500
113509
113518
113527
113536
113545
113554
113563
113572
113581
113590
113599
113608
113617
113626
113635
113644
113653
113662
113671
113680
113689
113698
113707
113716
113725
113734
113743
113752
113761
113770
113779
113788
113797
113806
113815
113824
113833
113842
113851
113860
113869
113878
113887
113896
113905
113914
113923
113932
113941
113950
113959
113968
113977
113986
113995
114004
114013
114022
114031
114040
114049
114058
114067
114076
114085
114094
114103
114112
114121
114130
114139
114148
114157
114166
114175
114184
114193
114202
114211
114220
114229
114238
114247
114256
114265
114274
114283
114292
114301
114310
114319
114328
114337
114346
114355
114364
114373
114382
114391
114400
114409
114418
114427
114436
114445
114454
114463
114472
114481
114490
114499
114508
114517
114526
114535
114544
114553
114562
114571
114580
114589
114598
114607
114616
114625
114634
114643
114652
114661
114670
114679
114688
114697
114706
114715
114724
114733
114742
114751
114760
114769
114778
114787
114796
114805
114814
114823
114832
114841
114850
114859
114868
114877
114886
114895
114904
114913
114922
114931
114940
114949
114958
114967
114976
114985
114994
115003
115012
115021
115030
115039
115048
115057
115066
115075
115084
115093
115102
115111
115120
115129
115138
115147
115156
115165
115174
115183
115192
115201
115210
115219
115228
115237
115246
115255
115264
115273
115282
115291
115300
115309
115318
115327
115336
115345
115354
115363
115372
115381
115390
115399
115408
115417
115426
115435
115444
115453
115462
115471
115480
115489
115498
115507
115516
115525
115534
115543
115552
115561
115570
115579
115588
115597
115606
115615
115624
115633
115642
115651
115660
115669
115678
115687
115696
115705
115714
115723
115732
115741
115750
115759
115768
115777
115786
115795
115804
115813
115822
115831
115840
115849
115858
115867
115876
115885
115894
115903
115912
115921
115930
115939
115948
115957
115966
115975
115984
115993
116002
116011
116020
116029
116038
116047
116056
116065
116074
116083
116092
116101
116110
116119
116128
116137
116146
116155
116164
116173
116182
116191
116200
116209
116218
116227
116236
116245
116254
116263
116272
116281
116290
116299
116308
116317
116326
116335
116344
116353
116362
116371
116380
116389
116398
116407
116416
116425
116434
116443
116452
116461
116470
116479
116488
116497
116506
116515
116524
116533
116542
116551
116560
116569
116578
116587
116596
116605
116614
116623
116632
116641
116650
116659
116668
116677
116686
116695
116704
116713
116722
116731
116740
116749
116758
116767
116776
116785
116794
116803
116812
116821
116830
116839
116848
116857
116866
116875
116884
116893
116902
116911
116920
116929
116938
116947
116956
116965
116974
116983
116992
117001
117010
117019
117028
117037
117046
117055
117064
117073
117082
117091
117100
117109
117118
117127
117136
117145
117154
117163
117172
117181
117190
117199
117208
117217
117226
117235
117244
117253
117262
117271
117280
117289
117298
117307
117316
117325
117334
117343
117352
117361
117370
117379
117388
117397
117406
117415
117424
117433
117442
117451
117460
117469
117478
117487
117496
117505
117514
117523
117532
117541
117550
117559
117568
117577
117586
117595
117604
117613
117622
117631
117640
117649
117658
117667
117676
117685
117694
117703
117712
117721
117730
117739
117748
117757
117766
117775
117784
117793
117802
117811
117820
117829
117838
117847
117856
117865
117874
117883
117892
117901
117910
117919
117928
117937
117946
117955
117964
117973
117982
117991
118000
118009
118018
118027
118036
118045
118054
118063
118072
118081
118090
118099
118108
118117
118126
118135
118144
118153
118162
118171
118180
118189
118198
118207
118216
118225
118234
118243
118252
118261
118270
118279
118288
118297
118306
118315
118324
118333
118342
118351
118360
118369
118378
118387
118396
118405
118414
118423
118432
118441
118450
118459
118468
118477
118486
118495
118504
118513
118522
118531
118540
118549
118558
118567
118576
118585
118594
118603
118612
118621
118630
118639
118648
118657
118666
118675
118684
118693
118702
118711
118720
118729
118738
118747
118756
118765
118774
118783
118792
118801
118810
118819
118828
118837
118846
118855
118864
118873
118882
118891
118900
118909
118918
118927
118936
118945
118954
118963
118972
118981
118990
118999
119008
119017
119026
119035
119044
119053
119062
119071
119080
119089
119098
119107
119116
119125
119134
119143
119152
119161
119170
119179
119188
119197
119206
119215
119224
119233
119242
119251
119260
119269
119278
119287
119296
119305
119314
119323
119332
119341
119350
119359
119368
119377
119386
119395
119404
119413
119422
119431
119440
119449
119458
119467
119476
119485
119494
119503
119512
119521
119530
119539
119548
119557
119566
119575
119584
119593
119602
119611
119620
119629
119638
119647
119656
119665
119674
119683
119692
119701
119710
119719
119728
119737
119746
119755
119764
119773
119782
119791
119800
119809
119818
119827
119836
119845
119854
119863
119872
119881
119890
119899
119908
119917
119926
119935
119944
119953
119962
119971
119980
119989
119998
120007
120016
120025
120034
120043
120052
120061
120070
120079
120088
120097
120106
120115
120124
120133
120142
120151
120160
120169
120178
120187
120196
120205
120214
120223
120232
120241
120250
120259
120268
120277
120286
120295
120304
120313
120322
120331
120340
120349
120358
120367
120376
120385
120394
120403
120412
120421
120430
120439
120448
120457
120466
120475
120484
120493
120502
120511
120520
120529
120538
120547
120556
120565
120574
120583
120592
120601
120610
120619
120628
120637
120646
120655
120664
120673
120682
120691
120700
120709
120718
120727
120736
120745
120754
120763
120772
120781
120790
120799
120808
120817
120826
120835
120844
120853
120862
120871
120880
120889
120898
120907
120916
120925
120934
120943
120952
120961
120970
120979
120988
120997
121006
121015
121024
121033
121042
121051
121060
121069
121078
121087
121096
121105
121114
121123
121132
121141
121150
121159
121168
121177
121186
121195
121204
121213
121222
121231
121240
121249
121258
121267
121276
121285
121294
121303
121312
121321
121330
121339
121348
121357
121366
121375
121384
121393
121402
121411
121420
121429
121438
121447
121456
121465
121474
121483
121492
121501
121510
121519
121528
121537
121546
121555
121564
121573
121582
121591
121600
121609
121618
121627
121636
121645
121654
121663
121672
121681
121690
121699
121708
121717
121726
121735
121744
121753
121762
121771
121780
121789
121798
121807
121816
121825
121834
121843
121852
121861
121870
121879
121888
121897
121906
121915
121924
121933
121942
121951
121960
121969
121978
121987
121996
122005
122014
122023
122032
122041
122050
122059
122068
122077
122086
122095
122104
122113
122122
122131
122140
122149
122158
122167
122176
122185
122194
122203
122212
122221
122230
122239
122248
122257
122266
122275
122284
122293
122302
122311
122320
122329
122338
122347
122357
122367
122377
122387
122397
122407
122417
122427
122437
122447
122457
122467
122477
122487
122497
122507
122517
122527
122537
122547
122557
122567
122577
122587
122597
122607
122617
122627
122637
122647
122657
122667
122677
122687
122697
122707
122717
122727
122737
122747
122757
122767
122777
122787
122797
122807
122817
122827
122837
122847
122857
122867
122877
122887
122897
122907
122917
122927
122937
122947
122957
122967
122977
122987
122997
123007
123017
123027
123037
123047
123057
123067
123077
123087
123097
123107
123117
123127
123137
123147
123157
123167
123177
123187
123197
123207
123217
123227
123237
123247
123257
123267
123277
123287
123297
123307
123317
123327
123337
123347
123357
123367
123377
123387
123397
123407
123417
123427
123437
123447
123457
123467
123477
123487
123497
123507
123517
123527
123537
123547
123557
123567
123577
123587
123597
123607
123617
123627
123637
123647
123657
123667
123677
123687
123697
123707
123717
123727
123737
123747
123757
123767
123777
123787
123797
123807
123817
123827
123837
123847
123857
123867
123877
123887
123897
123907
123917
123927
123937
123947
123957
123967
123977
123987
123997
124007
124017
124027
124037
124047
124057
124067
124077
124087
124097
124107
124117
124127
124137
124147
124157
124167
124177
124187
124197
124207
124217
124227
124237
124247
124257
124267
124277
124287
124297
124307
124317
124327
124337
124347
124357
124367
124377
124387
124397
124407
124417
124427
124437
124447
124457
124467
124477
124487
124497
124507
124517
124527
124537
124547
124557
124567
124577
124587
124597
124607
124617
124627
124637
124647
124657
124667
124677
124687
124697
124707
124717
124727
124737
124747
124757
124767
124777
124787
124797
124807
124817
124827
124837
124847
124857
124867
124877
124887
124897
124907
124917
124927
124937
124947
124957
124967
124977
124987
124997
125007
125017
125027
125037
125047
125057
125067
125077
125087
125097
125107
125117
125127
125137
125147
125157
125167
125177
125187
125197
125207
125217
125227
125237
125247
125257
125267
125277
125287
125297
125307
125317
125327
125337
125347
125357
125367
125377
125387
125397
125407
125417
125427
125437
125447
125457
125467
125477
125487
125497
125507
125517
125527
125537
125547
125557
125567
125577
125587
125597
125607
125617
125627
125637
125647
125657
125667
125677
125687
125697
125707
125717
125727
125737
125747
125757
125767
125777
125787
125797
125807
125817
125827
125837
125847
125857
125867
125877
125887
125897
125907
125917
125927
125937
125947
125957
125967
125977
125987
125997
126007
126017
126027
126037
126047
126057
126067
126077
126087
126097
126107
126117
126127
126137
126147
126157
126167
126177
126187
126197
126207
126217
126227
126237
126247
126257
126267
126277
126287
126297
126307
126317
126327
126337
126347
126357
126367
126377
126387
126397
126407
126417
126427
126437
126447
126457
126467
126477
126487
126497
126507
126517
126527
126537
126547
126557
126567
126577
126587
126597
126607
126617
126627
126637
126647
126657
126667
126677
126687
126697
126707
126717
126727
126737
126747
126757
126767
126777
126787
126797
126807
126817
126827
126837
126847
126857
126867
126877
126887
126897
126907
126917
126927
126937
126947
126957
126967
126977
126987
126997
127007
127017
127027
127037
127047
127057
127067
127077
127087
127097
127107
127117
127127
127137
127147
127157
127167
127177
127187
127197
127207
127217
127227
127237
127247
127257
127267
127277
127287
127297
127307
127317
127327
127337
127347
127357
127367
127377
127387
127397
127407
127417
127427
127437
127447
127457
127467
127477
127487
127497
127507
127517
127527
127537
127547
127557
127567
127577
127587
127597
127607
127617
127627
127637
127647
127657
127667
127677
127687
127697
127707
127717
127727
127737
127747
127757
127767
127777
127787
127797
127807
127817
127827
127837
127847
127857
127867
127877
127887
127897
127907
127917
127927
127937
127947
127957
127967
127977
127987
127997
128007
128017
128027
128037
128047
128057
128067
128077
128087
128097
128107
128117
128127
128137
128147
128157
128167
128177
128187
128197
128207
128217
128227
128237
128247
128257
128267
128277
128287
128297
128307
128317
128327
128337
128347
128357
128367
128377
128387
128397
128407
128417
128427
128437
128447
128457
128467
128477
128487
128497
128507
128517
128527
128537
128547
128557
128567
128577
128587
128597
128607
128617
128627
128637
128647
128657
128667
128677
128687
128697
128707
128717
128727
128737
128747
128757
128767
128777
128787
128797
128807
128817
128827
128837
128847
128857
128867
128877
128887
128897
128907
128917
128927
128937
128947
128957
128967
128977
128987
128997
129007
129017
129027
129037
129047
129057
129067
129077
129087
129097
129107
129117
129127
129137
129147
129157
129167
129177
129187
129197
129207
129217
129227
129237
129247
129257
129267
129277
129287
129297
129307
129317
129327
129337
129347
129357
129367
129377
129387
129397
129407
129417
129427
129437
129447
129457
129467
129477
129487
129497
129507
129517
129527
129537
129547
129557
129567
129577
129587
129597
129607
129617
129627
129637
129647
129657
129667
129677
129687
129697
129707
129717
129727
129737
129747
129757
129767
129777
129787
129797
129807
129817
129827
129837
129847
129857
129867
129877
129887
129897
129907
129917
129927
129937
129947
129957
129967
129977
129987
129997
130007
130017
130027
130037
130047
130057
130067
130077
130087
130097
130107
130117
130127
130137
130147
130157
130167
130177
130187
130197
130207
130217
130227
130237
130247
130257
130267
130277
130287
130297
130307
130317
130327
130337
130347
130357
130367
130377
130387
130397
130407
130417
130427
130437
130447
130457
130467
130477
130487
130497
130507
130517
130527
130537
130547
130557
130567
130577
130587
130597
130607
130617
130627
130637
130647
130657
130667
130677
130687
130697
130707
130717
130727
130737
130747
130757
130767
130777
130787
130797
130807
130817
130827
130837
130847
130857
130867
130877
130887
130897
130907
130917
130927
130937
130947
130957
130967
130977
130987
130997
131007
131017
131027
131037
131047
131057
131067
131077
131087
131097
131107
131117
131127
131137
131147
131157
131167
131177
131187
131197
131207
131217
131227
131237
131247
131257
131267
131277
131287
131297
131307
131317
131327
131337
131347
131357
131367
131377
131387
131397
131407
131417
131427
131437
131447
131457
131467
131477
131487
131497
131507
131517
131527
131537
131547
131557
131567
131577
131587
131597
131607
131617
131627
131637
131647
131657
131667
131677
131687
131697
131707
131717
131727
131737
131747
131757
131767
131777
131787
131797
131807
131817
131827
131837
131847
131857
131867
131877
131887
131897
131907
131917
131927
131937
131947
131957
131967
131977
131987
131997
132007
132017
132027
132037
132047
132057
132067
132077
132087
132097
132107
132117
132127
132137
132147
132157
132167
132177
132187
132197
132207
132217
132227
132237
132247
132257
132267
132277
132287
132297
132307
132317
132327
132337
132347
132357
132367
132377
132387
132397
132407
132417
132427
132437
132447
132457
132467
132477
132487
132497
132507
132517
132527
132537
132547
132557
132567
132577
132587
132597
132607
132617
132627
132637
132647
132657
132667
132677
132687
132697
132707
132717
132727
132737
132747
132757
132767
132777
132787
132797
132807
132817
132827
132837
132847
132857
132867
132877
132887
132897
132907
132917
132927
132937
132947
132957
132967
132977
132987
132997
133007
133017
133027
133037
133047
133057
133067
133077
133087
133097
133107
133117
133127
133137
133147
133157
133167
133177
133187
133197
133207
133217
133227
133237
133247
133257
133267
133277
133287
133297
133307
133317
133327
133337
133347
133357
133367
133377
133387
133397
133407
133417
133427
133437
133447
133457
133467
133477
133487
133497
133507
133517
133527
133537
133547
133557
133567
133577
133587
133597
133607
133617
133627
133637
133647
133657
133667
133677
133687
133697
133707
133717
133727
133737
133747
133757
133767
133777
133787
133797
133807
133817
133827
133837
133847
133857
133867
133877
133887
133897
133907
133917
133927
133937
133947
133957
133967
133977
133987
133997
134007
134017
134027
134037
134047
134057
134067
134077
134087
134097
134107
134117
134127
134137
134147
134157
134167
134177
134187
134197
134207
134217
134227
134237
134247
134257
134267
134277
134287
134297
134307
134317
134327
134337
134347
134357
134367
134377
134387
134397
134407
134417
134427
134437
134447
134457
134467
134477
134487
134497
134507
134517
134527
134537
134547
134557
134567
134577
134587
134597
134607
134617
134627
134637
134647
134657
134667
134677
134687
134697
134707
134717
134727
134737
134747
134757
134767
134777
134787
134797
134807
134817
134827
134837
134847
134857
134867
134877
134887
134897
134907
134917
134927
134937
134947
134957
134967
134977
134987
134997
135007
135017
135027
135037
135047
135057
135067
135077
135087
135097
135107
135117
135127
135137
135147
135157
135167
135177
135187
135197
135207
135217
135227
135237
135247
135257
135267
135277
135287
135297
135307
135317
135327
135337
135347
135357
135367
135377
135387
135397
135407
135417
135427
135437
135447
135457
135467
135477
135487
135497
135507
135517
135527
135537
135547
135557
135567
135577
135587
135597
135607
135617
135627
135637
135647
135657
135667
135677
135687
135697
135707
135717
135727
135737
135747
135757
135767
135777
135787
135797
135807
135817
135827
135837
135847
135857
135867
135877
135887
135897
135907
135917
135927
135937
135947
135957
135967
135977
135987
135997
136007
136017
136027
136037
136047
136057
136067
136077
136087
136097
136107
136117
136127
136137
136147
136157
136167
136177
136187
136197
136207
136217
136227
136237
136247
136257
136267
136277
136287
136297
136307
136317
136327
136337
136347
136357
136367
136377
136387
136397
136407
136417
136427
136437
136447
136457
136467
136477
136487
136497
136507
136517
136527
136537
136547
136557
136567
136577
136587
136597
136607
136617
136627
136637
136647
136657
136667
136677
136687
136697
136707
136717
136727
136737
136747
136757
136767
136777
136787
136797
136807
136817
136827
136837
136848
136859
136870
136881
136892
136903
136914
136925
136936
136947
136958
136969
136980
136991
137002
137013
137024
137035
137046
137057
137068
137079
137090
137101
137112
137123
137134
137145
137156
137167
137178
137189
137200
137211
137222
137233
137244
137255
137266
137277
137288
137299
137310
137321
137332
137343
137354
137365
137376
137387
137398
137409
137420
137431
137442
137453
137464
137475
137486
137497
137508
137519
137530
137541
137552
137563
137574
137585
137596
137607
137618
137629
137640
137651
137662
137673
137684
137695
137706
137717
137728
137739
137750
137761
137772
137783
137794
137805
137816
137827
137838
137849
137860
137871
137882
137893
137904
137915
137926
137937
137948
137959
137970
137981
137992
138003
138014
138025
138036
138047
138058
138069
138080
138091
138102
138113
138124
138135
138146
138157
138168
138179
138190
138201
138212
138223
138234
138245
138256
138267
138278
138289
138300
138311
138322
138333
138344
138355
138366
138377
138388
138399
138410
138421
138432
138443
138454
138465
138476
138487
138498
138509
138520
138531
138542
138553
138564
138575
138586
138597
138608
138619
138630
138641
138652
138663
138674
138685
138696
138707
138718
138729
138740
138751
138762
138773
138784
138795
138806
138817
138828
138839
138850
138861
138872
138883
138894
138905
138916
138927
138938
138949
138960
138971
138982
138993
139004
139015
139026
139037
139048
139059
139070
139081
139092
139103
139114
139125
139136
139147
139158
139169
139180
139191
139202
139213
139224
139235
139246
139257
139268
139279
139290
139301
139312
139323
139334
139345
139356
139367
139378
139389
139400
139411
139422
139433
139444
139455
139466
139477
139488
139499
139510
139521
139532
139543
139554
139565
139576
139587
139598
139609
139620
139631
139642
139653
139664
139675
139686
139697
139708
139719
139730
139741
139752
139763
139774
139785
139796
139807
139818
139829
139840
139851
139862
139873
139884
139895
139906
139917
139928
139939
139950
139961
139972
139983
139994
140005
140016
140027
140038
140049
140060
140071
140082
140093
140104
140115
140126
140137
140148
140159
140170
140181
140192
140203
140214
140225
140236
140247
140258
140269
140280
140291
140302
140313
140324
140335
140346
140357
140368
140379
140390
140401
140412
140423
140434
140445
140456
140467
140478
140489
140500
140511
140522
140533
140544
140555
140566
140577
140588
140599
140610
140621
140632
140643
140654
140665
140676
140687
140698
140709
140720
140731
140742
140753
140764
140775
140786
140797
140808
140819
140830
140841
140852
140863
140874
140885
140896
140907
140918
140929
140940
140951
140962
140973
140984
140995
141006
141017
141028
141039
141050
141061
141072
141083
141094
141105
141116
141127
141138
141149
141160
141171
141182
141193
141204
141215
141226
141237
141248
141259
141270
141281
141292
141303
141314
141325
141336
141347
141358
141369
141380
141391
141402
141413
141424
141435
141446
141457
141468
141479
141490
141501
141512
141523
141534
141545
141556
141567
141578
141589
141600
141611
141622
141633
141644
141655
141666
141677
141688
141699
141710
141721
141732
141743
141754
141765
141776
141787
141798
141809
141820
141831
141842
141853
141864
141875
141886
141897
141908
141919
141930
141941
141952
141963
141974
141985
141996
142007
142018
142029
142040
142051
142062
142073
142084
142095
142106
142117
142128
142139
142150
142161
142172
142183
142194
142205
142216
142227
142238
142249
142260
142271
142282
142293
142304
142315
142326
142337
142348
142359
142370
142381
142392
142403
142414
142425
142436
142447
142458
142469
142480
142491
142502
142513
142524
142535
142546
142557
142568
142579
142590
142601
142612
142623
142634
142645
142656
142667
142678
142689
142700
142711
142722
142733
142744
142755
142766
142777
142788
142799
142810
142821
142832
142843
142854
142865
142876
142887
142898
142909
142920
142931
142942
142953
142964
142975
142986
142997
143008
143019
143030
143041
143052
143063
143074
143085
143096
143107
143118
143129
143140
143151
143162
143173
143184
143195
143206
143217
143228
143239
143250
143261
143272
143283
143294
143305
143316
143327
143338
143349
143360
143371
143382
143393
143404
143415
143426
143437
143448
143459
143470
143481
143492
143503
143514
143525
143536
143547
143558
143569
143580
143591
143602
143613
143624
143635
143646
143657
143668
143679
143690
143701
143712
143723
143734
143745
143756
143767
143778
143789
143800
143811
143822
143833
143844
143855
143866
143877
143888
143899
143910
143921
143932
143943
143954
143965
143976
143987
143998
144009
144020
144031
144042
144053
144064
144075
144086
144097
144108
144119
144130
144141
144152
144163
144174
144185
144196
144207
144218
144229
144240
144251
144262
144273
144284
144295
144306
144317
144328
144339
144350
144361
144372
144383
144394
144405
144416
144427
144438
144449
144460
144471
144482
144493
144504
144515
144526
144537
144548
144559
144570
144581
144592
144603
144614
144625
144636
144647
144658
144669
144680
144691
144702
144713
144724
144735
144746
144757
144768
144779
144790
144801
144812
144823
144834
144845
144856
144867
144878
144889
144900
144911
144922
144933
144944
144955
144966
144977
144988
144999
145010
145021
145032
145043
145054
145065
145076
145087
145098
145109
145120
145131
145142
145153
145164
145175
145186
145197
145208
145219
145230
145241
145252
145263
145274
145285
145296
145307
145318
145329
145340
145351
145362
145373
145384
145395
145406
145417
145428
145439
145450
145461
145472
145483
145494
145505
145516
145527
145538
145549
145560
145571
145582
145593
145604
145615
145626
145637
145648
145659
145670
145681
145692
145703
145714
145725
145736
145747
145758
145769
145780
145791
145802
145813
145824
145835
145846
145857
145868
145879
145890
145901
145912
145923
145934
145945
145956
145967
145978
145989
146000
146011
146022
146033
146044
146055
146066
146077
146088
146099
146110
146121
146132
146143
146154
146165
146176
146187
146198
146209
146220
146231
146242
146253
146264
146275
146286
146297
146308
146319
146330
146341
146352
146363
146374
146385
146396
146407
146418
146429
146440
146451
146462
146473
146484
146495
146506
146517
146528
146539
146550
146561
146572
146583
146594
146605
146616
146627
146638
146649
146660
146671
146682
146693
146704
146715
146726
146737
146748
146759
146770
146781
146792
146803
146814
146825
146836
146847
146858
146869
146880
146891
146902
146913
146924
146935
146946
146957
146968
146979
146990
147001
147012
147023
147034
147045
147056
147067
147078
147089
147100
147111
147122
147133
147144
147155
147166
147177
147188
147199
147210
147221
147232
147243
147254
147265
147276
147287
147298
147309
147320
147331
147342
147353
147364
147375
147386
147397
147408
147419
147430
147441
147452
147463
147474
147485
147496
147507
147518
147529
147540
147551
147562
147573
147584
147595
147606
147617
147628
147639
147650
147661
147672
147683
147694
147705
147716
147727
147738
147749
147760
147771
147782
147793
147804
147815
147826
147837
147848
147859
147870
147881
147892
147903
147914
147925
147936
147947
147958
147969
147980
147991
148002
148013
148024
148035
148046
148057
148068
148079
148090
148101
148112
148123
148134
148145
148156
148167
148178
148189
148200
148211
148222
148233
148244
148255
148266
148277
148288
148299
148310
148321
148332
148343
148354
148365
148376
148387
148398
148409
148420
148431
148442
148453
148464
148475
148486
148497
148508
148519
148530
148541
148552
148563
148574
148585
148596
148607
148618
148629
148640
148651
148662
148673
148684
148695
148706
148717
148728
148739
148750
148761
148772
148783
148794
148805
148816
148827
148838
148849
148860
148871
148882
148893
148904
148915
148926
148937
148948
148959
148970
148981
148992
149003
149014
149025
149036
149047
149058
149069
149080
149091
149102
149113
149124
149135
149146
149157
149168
149179
149190
149201
149212
149223
149234
149245
149256
149267
149278
149289
149300
149311
149322
149333
149344
149355
149366
149377
149388
149399
149410
149421
149432
149443
149454
149465
149476
149487
149498
149509
149520
149531
149542
149553
149564
149575
149586
149597
149608
149619
149630
149641
149652
149663
149674
149685
149696
149707
149718
149729
149740
149751
149762
149773
149784
149795
149806
149817
149828
149839
149850
149861
149872
149883
149894
149905
149916
149927
149938
149949
149960
149971
149982
149993
150004
150015
150026
150037
150048
150059
150070
150081
150092
150103
150114
150125
150136
150147
150158
150169
150180
150191
150202
150213
150224
150235
150246
150257
150268
150279
150290
150301
150312
150323
150334
150345
150356
150367
150378
150389
150400
150411
150422
150433
150444
150455
150466
150477
150488
150499
150510
150521
150532
150543
150554
150565
150576
150587
150598
150609
150620
150631
150642
150653
150664
150675
150686
150697
150708
150719
150730
150741
150752
150763
150774
150785
150796
150807
150818
150829
150840
150851
150862
150873
150884
150895
150906
150917
150928
150939
150950
150961
150972
150983
150994
151005
151016
151027
151038
151049
151060
151071
151082
151093
151104
151115
151126
151137
151148
151159
151170
151181
151192
151203
151214
151225
151236
151247
151258
151269
151280
151291
151302
151313
151324
151336
151348
151360
151372
151384
151396
151408
151420
151432
151444
151456
151468
151480
151492
151504
151516
151528
151540
151552
151564
151576
151588
151600
151612
151624
151636
151648
151660
151672
151684
151696
151708
151720
151732
151744
151756
151768
151780
151792
151804
151816
151828
151840
151852
151864
151876
151888
151900
151912
151924
151936
151948
151960
151972
151984
151996
152008
152020
152032
152044
152056
152068
152080
152092
152104
152116
152128
152140
152152
152164
152176
152188
152200
152212
152224
152236
152248
152260
152272
152284
152296
152308
152320
152332
152344
152356
152368
152380
152392
152404
152416
152428
152440
152452
152464
152476
152488
152500
152512
152524
152536
152548
152560
152572
152584
152596
152608
152620
152632
152644
152656
152668
152680
152692
152704
152716
152728
152740
152752
152764
152776
152788
152800
152812
152824
152836
152848
152860
152872
152884
152896
152908
152920
152932
152944
152956
152968
152980
152992
153004
153016
153028
153040
153052
153064
153076
153088
153100
153112
153124
153136
153148
153160
153172
153184
153196
153208
153220
153232
153244
153256
153268
153280
153292
153304
153316
153328
153340
153352
153364
153376
153388
153400
153412
153424
153436
153448
153460
153472
153484
153496
153508
153520
153532
153544
153556
153568
153580
153592
153604
153616
153628
153640
153652
153664
153676
153688
153700
153712
153724
153736
153748
153760
153772
153784
153796
153808
153820
153832
153844
153856
153868
153880
153892
153904
153916
153928
153940
153952
153964
153976
153988
154000
154012
154024
154036
154048
154060
154072
154084
154096
154108
154120
154132
154144
154156
154168
154180
154192
154204
154216
154228
154240
154252
154264
154276
154288
154300
154312
154324
154336
154348
154360
154372
154384
154396
154408
154420
154432
154444
154456
154468
154480
154492
154504
154516
154528
154540
154552
154564
154576
154588
154600
154612
154624
154636
154648
154660
154672
154684
154696
154708
154720
154732
154744
154756
154768
154780
154792
154804
154816
154828
154840
154852
154864
154876
154888
154900
154912
154924
154936
154948
154960
154972
154984
154996
155008
155020
155032
155044
155056
155068
155080
155092
155104
155116
155128
155140
155152
155164
155176
155188
155200
155212
155224
155236
155248
155260
155272
155284
155296
155308
155320
155332
155344
155356
155368
155380
155392
155404
155416
155428
155440
155452
155464
155476
155488
155500
155512
155524
155536
155548
155560
155572
155584
155596
155608
155620
155632
155644
155656
155668
155680
155692
155704
155716
155728
155740
155752
155764
155776
155788
155800
155812
155824
155836
155848
155860
155872
155884
155896
155908
155920
155932
155944
155956
155968
155980
155992
156004
156016
156028
156040
156052
156064
156076
156088
156100
156112
156124
156136
156148
156160
156172
156184
156196
156208
156220
156232
156244
156256
156268
156280
156292
156304
156316
156328
156340
156352
156364
156376
156388
156400
156412
156424
156436
156448
156460
156472
156484
156496
156508
156520
156532
156544
156556
156568
156580
156592
156604
156616
156628
156640
156652
156664
156676
156688
156700
156712
156724
156736
156748
156760
156772
156784
156796
156808
156820
156832
156844
156856
156868
156880
156892
156904
156916
156928
156940
156952
156964
156976
156988
157000
157012
157024
157036
157048
157060
157072
157084
157096
157108
157120
157132
157144
157156
157168
157180
157192
157204
157216
157228
157240
157252
157264
157276
157288
157300
157312
157324
157336
157348
157360
157372
157384
157396
157408
157420
157432
157444
157456
157468
157480
157492
157504
157516
157528
157540
157552
157564
157576
157588
157600
157612
157624
157636
157648
157660
157672
157684
157696
157708
157720
157732
157744
157756
157768
157780
157792
157804
157816
157828
157840
157852
157864
157876
157888
157900
157912
157924
157936
157948
157960
157972
157984
157996
158008
158020
158032
158044
158056
158068
158080
158092
158104
158116
158128
158140
158152
158164
158176
158188
158200
158212
158224
158236
158248
158260
158272
158284
158296
158308
158320
158332
158344
158356
158368
158380
158392
158404
158416
158428
158440
158452
158464
158476
158488
158500
158512
158524
158536
158548
158560
158572
158584
158596
158608
158620
158632
158644
158656
158668
158680
158692
158704
158716
158728
158740
158752
158764
158776
158788
158800
158812
158824
158836
158848
158860
158872
158884
158896
158908
158920
158932
158944
158956
158968
158980
158992
159004
159016
159028
159040
159052
159064
159076
159088
159100
159112
159124
159136
159148
159160
159172
159184
159196
159208
159220
159232
159244
159256
159268
159280
159292
159304
159316
159328
159340
159352
159364
159376
159388
159400
159412
159424
159436
159448
159460
159472
159484
159496
159508
159520
159532
159544
159556
159568
159580
159592
159604
159616
159628
159640
159652
159664
159676
159688
159700
159712
159724
159736
159748
159760
159772
159784
159796
159808
159820
159832
159844
159856
159868
159880
159892
159904
159916
159928
159940
159952
159964
159976
159988
160000
160012
160024
160036
160048
160060
160072
160084
160096
160108
160120
160132
160144
160156
160168
160180
160192
160204
160216
160228
160240
160252
160264
160276
160288
160300
160312
160324
160336
160348
160360
160372
160384
160396
160408
160420
160432
160444
160456
160468
160480
160492
160504
160516
160528
160540
160552
160564
160576
160588
160600
160612
160624
160636
160648
160660
160672
160684
160696
160708
160720
160732
160744
160756
160768
160780
160792
160804
160816
160828
160840
160852
160864
160876
160888
160900
160912
160924
160936
160948
160960
160972
160984
160996
161008
161020
161032
161044
161056
161068
161080
161092
161104
161116
161128
161140
161152
161164
161176
161188
161200
161212
161224
161236
161248
161260
161272
161284
161296
161308
161320
161332
161344
161356
161368
161380
161392
161404
161416
161428
161440
161452
161464
161476
161488
161500
161512
161524
161536
161548
161560
161572
161584
161596
161608
161620
161632
161644
161656
161668
161680
161692
161704
161716
161728
161740
161752
161764
161776
161788
161800
161812
161824
161836
161848
161860
161872
161884
161896
161908
161920
161932
161944
161956
161968
161980
161992
162004
162016
162028
162040
162052
162064
162076
162088
162100
162112
162124
162136
162148
162160
162172
162184
162196
162208
162220
162232
162244
162256
162268
162280
162292
162304
162316
162328
162340
162352
162364
162376
162388
162400
162412
162424
162436
162448
162460
162472
162484
162496
162508
162520
162532
162544
162556
162568
162580
162592
162604
162616
162628
162640
162652
162664
162676
162688
162700
162712
162724
162736
162748
162760
162772
162784
162796
162808
162820
162832
162844
162856
162868
162880
162892
162904
162916
162928
162940
162952
162964
162976
162988
163000
163012
163024
163036
163048
163060
163072
163084
163096
163108
163120
163132
163144
163156
163168
163180
163192
163204
163216
163228
163240
163252
163264
163276
163288
163300
163312
163324
163336
163348
163360
163372
163384
163396
163408
163420
163432
163444
163456
163468
163480
163492
163504
163516
163528
163540
163552
163564
163576
163588
163600
163612
163624
163636
163648
163660
163672
163684
163696
163708
163720
163732
163744
163756
163768
163780
163792
163804
163816
163828
163840
163852
163864
163876
163888
163900
163912
163924
163936
163948
163960
163972
163984
163996
164008
164020
164032
164044
164056
164068
164080
164092
164104
164116
164128
164140
164152
164164
164176
164188
164200
164212
164224
164236
164248
164260
164272
164284
164296
164308
164320
164332
164344
164356
164368
164380
164392
164404
164416
164428
164440
164452
164464
164476
164488
164500
164512
164524
164536
164548
164560
164572
164584
164596
164608
164620
164632
164644
164656
164668
164680
164692
164704
164716
164728
164740
164752
164764
164776
164788
164800
164812
164824
164836
164848
164860
164872
164884
164896
164908
164920
164932
164944
164956
164968
164980
164992
165004
165016
165028
165040
165052
165064
165076
165088
165100
165112
165124
165136
165148
165160
165172
165184
165196
165208
165220
165232
165244
165256
165268
165280
165292
165304
165316
165328
165340
165352
165364
165376
165388
165400
165412
165424
165436
165448
165460
165472
165484
165496
165508
165520
165532
165544
165556
165568
165580
165592
165604
165616
165628
165640
165652
165664
165676
165688
165700
165712
165724
165736
165748
165760
165772
165784
165796
165808
165821
165834
165847
165860
165873
165886
165899
165912
165925
165938
165951
165964
165977
165990
166003
166016
166029
166042
166055
166068
166081
166094
166107
166120
166133
166146
166159
166172
166185
166198
166211
166224
166237
166250
166263
166276
166289
166302
166315
166328
166341
166354
166367
166380
166393
166406
166419
166432
166445
166458
166471
166484
166497
166510
166523
166536
166549
166562
166575
166588
166601
166614
166627
166640
166653
166666
166679
166692
166705
166718
166731
166744
166757
166770
166783
166796
166809
166822
166835
166848
166861
166874
166887
166900
166913
166926
166939
166952
166965
166978
166991
167004
167017
167030
167043
167056
167069
167082
167095
167108
167121
167134
167147
167160
167173
167186
167199
167212
167225
167238
167251
167264
167277
167290
167303
167316
167329
167342
167355
167368
167381
167394
167407
167420
167433
167446
167459
167472
167485
167498
167511
167524
167537
167550
167563
167576
167589
167602
167615
167628
167641
167654
167667
167680
167693
167706
167719
167732
167745
167758
167771
167784
167797
167810
167823
167836
167849
167862
167875
167888
167901
167914
167927
167940
167953
167966
167979
167992
168005
168018
168031
168044
168057
168070
168083
168096
168109
168122
168135
168148
168161
168174
168187
168200
168213
168226
168239
168252
168265
168278
168291
168304
168317
168330
168343
168356
168369
168382
168395
168408
168421
168434
168447
168460
168473
168486
168499
168512
168525
168538
168551
168564
168577
168590
168603
168616
168629
168642
168655
168668
168681
168694
168707
168720
168733
168746
168759
168772
168785
168798
168811
168824
168837
168850
168863
168876
168889
168902
168915
168928
168941
168954
168967
168980
168993
169006
169019
169032
169045
169058
169071
169084
169097
169110
169123
169136
169149
169162
169175
169188
169201
169214
169227
169240
169253
169266
169279
169292
169305
169318
169331
169344
169357
169370
169383
169396
169409
169422
169435
169448
169461
169474
169487
169500
169513
169526
169539
169552
169565
169578
169591
169604
169617
169630
169643
169656
169669
169682
169695
169708
169721
169734
169747
169760
169773
169786
169799
169812
169825
169838
169851
169864
169877
169890
169903
169916
169929
169942
169955
169968
169981
169994
170007
170020
170033
170046
170059
170072
170085
170098
170111
170124
170137
170150
170163
170176
170189
170202
170215
170228
170241
170254
170267
170280
170293
170306
170319
170332
170345
170358
170371
170384
170397
170410
170423
170436
170449
170462
170475
170488
170501
170514
170527
170540
170553
170566
170579
170592
170605
170618
170631
170644
170657
170670
170683
170696
170709
170722
170735
170748
170761
170774
170787
170800
170813
170826
170839
170852
170865
170878
170891
170904
170917
170930
170943
170956
170969
170982
170995
171008
171021
171034
171047
171060
171073
171086
171099
171112
171125
171138
171151
171164
171177
171190
171203
171216
171229
171242
171255
171268
171281
171294
171307
171320
171333
171346
171359
171372
171385
171398
171411
171424
171437
171450
171463
171476
171489
171502
171515
171528
171541
171554
171567
171580
171593
171606
171619
171632
171645
171658
171671
171684
171697
171710
171723
171736
171749
171762
171775
171788
171801
171814
171827
171840
171853
171866
171879
171892
171905
171918
171931
171944
171957
171970
171983
171996
172009
172022
172035
172048
172061
172074
172087
172100
172113
172126
172139
172152
172165
172178
172191
172204
172217
172230
172243
172256
172269
172282
172295
172308
172321
172334
172347
172360
172373
172386
172399
172412
172425
172438
172451
172464
172477
172490
172503
172516
172529
172542
172555
172568
172581
172594
172607
172620
172633
172646
172659
172672
172685
172698
172711
172724
172737
172750
172763
172776
172789
172802
172815
172828
172841
172854
172867
172880
172893
172906
172919
172932
172945
172958
172971
172984
172997
173010
173023
173036
173049
173062
173075
173088
173101
173114
173127
173140
173153
173166
173179
173192
173205
173218
173231
173244
173257
173270
173283
173296
173309
173322
173335
173348
173361
173374
173387
173400
173413
173426
173439
173452
173465
173478
173491
173504
173517
173530
173543
173556
173569
173582
173595
173608
173621
173634
173647
173660
173673
173686
173699
173712
173725
173738
173751
173764
173777
173790
173803
173816
173829
173842
173855
173868
173881
173894
173907
173920
173933
173946
173959
173972
173985
173998
174011
174024
174037
174050
174063
174076
174089
174102
174115
174128
174141
174154
174167
174180
174193
174206
174219
174232
174245
174258
174271
174284
174297
174310
174323
174336
174349
174362
174375
174388
174401
174414
174427
174440
174453
174466
174479
174492
174505
174518
174531
174544
174557
174570
174583
174596
174609
174622
174635
174648
174661
174674
174687
174700
174713
174726
174739
174752
174765
174778
174791
174804
174817
174830
174843
174856
174869
174882
174895
174908
174921
174934
174947
174960
174973
174986
174999
175012
175025
175038
175051
175064
175077
175090
175103
175116
175129
175142
175155
175168
175181
175194
175207
175220
175233
175246
175259
175272
175285
175298
175311
175324
175337
175350
175363
175376
175389
175402
175415
175428
175441
175454
175467
175480
175493
175506
175519
175532
175545
175558
175571
175584
175597
175610
175623
175636
175649
175662
175675
175688
175701
175714
175727
175740
175753
175766
175779
175792
175805
175818
175831
175844
175857
175870
175883
175896
175909
175922
175935
175948
175961
175974
175987
176000
176013
176026
176039
176052
176065
176078
176091
176104
176117
176130
176143
176156
176169
176182
176195
176208
176221
176234
176247
176260
176273
176286
176299
176312
176325
176338
176351
176364
176377
176390
176403
176416
176429
176442
176455
176468
176481
176494
176507
176520
176533
176546
176559
176572
176585
176598
176611
176624
176637
176650
176663
176676
176689
176702
176715
176728
176741
176754
176767
176780
176793
176806
176819
176832
176845
176858
176871
176884
176897
176910
176923
176936
176949
176962
176975
176988
177001
177014
177027
177040
177053
177066
177079
177092
177105
177118
177131
177144
177157
177170
177183
177196
177209
177222
177235
177248
177261
177274
177287
177300
177313
177326
177339
177352
177365
177378
177391
177404
177417
177430
177443
177456
177469
177482
177495
177508
177521
177534
177547
177560
177573
177586
177599
177612
177625
177638
177651
177664
177677
177690
177703
177716
177729
177742
177755
177768
177781
177794
177807
177820
177833
177846
177859
177872
177885
177898
177911
177924
177937
177950
177963
177976
177989
178002
178015
178028
178041
178054
178067
178080
178093
178106
178119
178132
178145
178158
178171
178184
178197
178210
178223
178236
178249
178262
178275
178288
178301
178314
178327
178340
178353
178366
178379
178392
178405
178418
178431
178444
178457
178470
178483
178496
178509
178522
178535
178548
178561
178574
178587
178600
178613
178626
178639
178652
178665
178678
178691
178704
178717
178730
178743
178756
178769
178782
178795
178808
178821
178834
178847
178860
178873
178886
178899
178912
178925
178938
178951
178964
178977
178990
179003
179016
179029
179042
179055
179068
179081
179094
179107
179120
179133
179146
179159
179172
179185
179198
179211
179224
179237
179250
179263
179276
179289
179302
179315
179328
179341
179354
179367
179380
179393
179406
179419
179432
179445
179458
179471
179484
179497
179510
179523
179536
179549
179562
179575
179588
179601
179614
179627
179640
179653
179666
179679
179692
179705
179718
179731
179744
179757
179770
179783
179796
179809
179822
179835
179848
179861
179874
179887
179900
179913
179926
179939
179952
179965
179978
179991
180004
180017
180030
180043
180056
180069
180082
180095
180108
180121
180134
180147
180160
180173
180186
180199
180212
180225
180238
180251
180264
180277
180290
180304
180318
180332
180346
180360
180374
180388
180402
180416
180430
180444
180458
180472
180486
180500
180514
180528
180542
180556
180570
180584
180598
180612
180626
180640
180654
180668
180682
180696
180710
180724
180738
180752
180766
180780
180794
180808
180822
180836
180850
180864
180878
180892
180906
180920
180934
180948
180962
180976
180990
181004
181018
181032
181046
181060
181074
181088
181102
181116
181130
181144
181158
181172
181186
181200
181214
181228
181242
181256
181270
181284
181298
181312
181326
181340
181354
181368
181382
181396
181410
181424
181438
181452
181466
181480
181494
181508
181522
181536
181550
181564
181578
181592
181606
181620
181634
181648
181662
181676
181690
181704
181718
181732
181746
181760
181774
181788
181802
181816
181830
181844
181858
181872
181886
181900
181914
181928
181942
181956
181970
181984
181998
182012
182026
182040
182054
182068
182082
182096
182110
182124
182138
182152
182166
182180
182194
182208
182222
182236
182250
182264
182278
182292
182306
182320
182334
182348
182362
182376
182390
182404
182418
182432
182446
182460
182474
182488
182502
182516
182530
182544
182558
182572
182586
182600
182614
182628
182642
182656
182670
182684
182698
182712
182726
182740
182754
182768
182782
182796
182810
182824
182838
182852
182866
182880
182894
182908
182922
182936
182950
182964
182978
182992
183006
183020
183034
183048
183062
183076
183090
183104
183118
183132
183146
183160
183174
183188
183202
183216
183230
183244
183258
183272
183286
183300
183314
183328
183342
183356
183370
183384
183398
183412
183426
183440
183454
183468
183482
183496
183510
183524
183538
183552
183566
183580
183594
183608
183622
183636
183650
183664
183678
183692
183706
183720
183734
183748
183762
183776
183790
183804
183818
183832
183846
183860
183874
183888
183902
183916
183930
183944
183958
183972
183986
184000
184014
184028
184042
184056
184070
184084
184098
184112
184126
184140
184154
184168
184182
184196
184210
184224
184238
184252
184266
184280
184294
184308
184322
184336
184350
184364
184378
184392
184406
184420
184434
184448
184462
184476
184490
184504
184518
184532
184546
184560
184574
184588
184602
184616
184630
184644
184658
184672
184686
184700
184714
184728
184742
184756
184770
184784
184798
184812
184826
184840
184854
184868
184882
184896
184910
184924
184938
184952
184966
184980
184994
185008
185022
185036
185050
185064
185078
185092
185106
185120
185134
185148
185162
185176
185190
185204
185218
185232
185246
185260
185274
185288
185302
185316
185330
185344
185358
185372
185386
185400
185414
185428
185442
185456
185470
185484
185498
185512
185526
185540
185554
185568
185582
185596
185610
185624
185638
185652
185666
185680
185694
185708
185722
185736
185750
185764
185778
185792
185806
185820
185834
185848
185862
185876
185890
185904
185918
185932
185946
185960
185974
185988
186002
186016
186030
186044
186058
186072
186086
186100
186114
186128
186142
186156
186170
186184
186198
186212
186226
186240
186254
186268
186282
186296
186310
186324
186338
186352
186366
186380
186394
186408
186422
186436
186450
186464
186478
186492
186506
186520
186534
186548
186562
186576
186590
186604
186618
186632
186646
186660
186674
186688
186702
186716
186730
186744
186758
186772
186786
186800
186814
186828
186842
186856
186870
186884
186898
186912
186926
186940
186954
186968
186982
186996
187010
187024
187038
187052
187066
187080
187094
187108
187122
187136
187150
187164
187178
187192
187206
187220
187234
187248
187262
187276
187290
187304
187318
187332
187346
187360
187374
187388
187402
187416
187430
187444
187458
187472
187486
187500
187514
187528
187542
187556
187570
187584
187598
187612
187626
187640
187654
187668
187682
187696
187710
187724
187738
187752
187766
187780
187794
187808
187822
187836
187850
187864
187878
187892
187906
187920
187934
187948
187962
187976
187990
188004
188018
188032
188046
188060
188074
188088
188102
188116
188130
188144
188158
188172
188186
188200
188214
188228
188242
188256
188270
188284
188298
188312
188326
188340
188354
188368
188382
188396
188410
188424
188438
188452
188466
188480
188494
188508
188522
188536
188550
188564
188578
188592
188606
188620
188634
188648
188662
188676
188690
188704
188718
188732
188746
188760
188774
188788
188802
188816
188830
188844
188858
188872
188886
188900
188914
188928
188942
188956
188970
188984
188998
189012
189026
189040
189054
189068
189082
189096
189110
189124
189138
189152
189166
189180
189194
189208
189222
189236
189250
189264
189278
189292
189306
189320
189334
189348
189362
189376
189390
189404
189418
189432
189446
189460
189474
189488
189502
189516
189530
189544
189558
189572
189586
189600
189614
189628
189642
189656
189670
189684
189698
189712
189726
189740
189754
189768
189782
189796
189810
189824
189838
189852
189866
189880
189894
189908
189922
189936
189950
189964
189978
189992
190006
190020
190034
190048
190062
190076
190090
190104
190118
190132
190146
190160
190174
190188
190202
190216
190230
190244
190258
190272
190286
190300
190314
190328
190342
190356
190370
190384
190398
190412
190426
190440
190454
190468
190482
190496
190510
190524
190538
190552
190566
190580
190594
190608
190622
190636
190650
190664
190678
190692
190706
190720
190734
190748
190762
190776
190790
190804
190818
190832
190846
190860
190874
190888
190902
190916
190930
190944
190958
190972
190986
191000
191014
191028
191042
191056
191070
191084
191098
191112
191126
191140
191154
191168
191182
191196
191210
191224
191238
191252
191266
191280
191294
191308
191322
191336
191350
191364
191378
191392
191406
191420
191434
191448
191462
191476
191490
191504
191518
191532
191546
191560
191574
191588
191602
191616
191630
191644
191658
191672
191686
191700
191714
191728
191742
191756
191770
191784
191798
191812
191826
191840
191854
191868
191882
191896
191910
191924
191938
191952
191966
191980
191994
192008
192022
192036
192050
192064
192078
192092
192106
192120
192134
192148
192162
192176
192190
192204
192218
192232
192246
192260
192274
192288
192302
192316
192330
192344
192358
192372
192386
192400
192414
192428
192442
192456
192470
192484
192498
192512
192526
192540
192554
192568
192582
192596
192610
192624
192638
192652
192666
192680
192694
192708
192722
192736
192750
192764
192778
192792
192806
192820
192834
192848
192862
192876
192890
192904
192918
192932
192946
192960
192974
192988
193002
193016
193030
193044
193058
193072
193086
193100
193114
193128
193142
193156
193170
193184
193198
193212
193226
193240
193254
193268
193282
193296
193310
193324
193338
193352
193366
193380
193394
193408
193422
193436
193450
193464
193478
193492
193506
193520
193534
193548
193562
193576
193590
193604
193618
193632
193646
193660
193674
193688
193702
193716
193730
193744
193758
193772
193786
193800
193814
193828
193842
193856
193870
193884
193898
193912
193926
193940
193954
193968
193982
193996
194010
194024
194038
194052
194066
194080
194094
194108
194122
194136
194150
194164
194178
194192
194206
194220
194234
194248
194262
194276
194290
194304
194318
194332
194346
194360
194374
194388
194402
194416
194430
194444
194458
194472
194486
194500
194514
194528
194542
194556
194570
194584
194598
194612
194626
194640
194654
194668
194682
194696
194710
194724
194738
194752
194766
194781
194796
194811
194826
194841
194856
194871
194886
194901
194916
194931
194946
194961
194976
194991
195006
195021
195036
195051
195066
195081
195096
195111
195126
195141
195156
195171
195186
195201
195216
195231
195246
195261
195276
195291
195306
195321
195336
195351
195366
195381
195396
195411
195426
195441
195456
195471
195486
195501
195516
195531
195546
195561
195576
195591
195606
195621
195636
195651
195666
195681
195696
195711
195726
195741
195756
195771
195786
195801
195816
195831
195846
195861
195876
195891
195906
195921
195936
195951
195966
195981
195996
196011
196026
196041
196056
196071
196086
196101
196116
196131
196146
196161
196176
196191
196206
196221
196236
196251
196266
196281
196296
196311
196326
196341
196356
196371
196386
196401
196416
196431
196446
196461
196476
196491
196506
196521
196536
196551
196566
196581
196596
196611
196626
196641
196656
196671
196686
196701
196716
196731
196746
196761
196776
196791
196806
196821
196836
196851
196866
196881
196896
196911
196926
196941
196956
196971
196986
197001
197016
197031
197046
197061
197076
197091
197106
197121
197136
197151
197166
197181
197196
197211
197226
197241
197256
197271
197286
197301
197316
197331
197346
197361
197376
197391
197406
197421
197436
197451
197466
197481
197496
197511
197526
197541
197556
197571
197586
197601
197616
197631
197646
197661
197676
197691
197706
197721
197736
197751
197766
197781
197796
197811
197826
197841
197856
197871
197886
197901
197916
197931
197946
197961
197976
197991
198006
198021
198036
198051
198066
198081
198096
198111
198126
198141
198156
198171
198186
198201
198216
198231
198246
198261
198276
198291
198306
198321
198336
198351
198366
198381
198396
198411
198426
198441
198456
198471
198486
198501
198516
198531
198546
198561
198576
198591
198606
198621
198636
198651
198666
198681
198696
198711
198726
198741
198756
198771
198786
198801
198816
198831
198846
198861
198876
198891
198906
198921
198936
198951
198966
198981
198996
199011
199026
199041
199056
199071
199086
199101
199116
199131
199146
199161
199176
199191
199206
199221
199236
199251
199266
199281
199296
199311
199326
199341
199356
199371
199386
199401
199416
199431
199446
199461
199476
199491
199506
199521
199536
199551
199566
199581
199596
199611
199626
199641
199656
199671
199686
199701
199716
199731
199746
199761
199776
199791
199806
199821
199836
199851
199866
199881
199896
199911
199926
199941
199956
199971
199986
200001
200016
200031
200046
200061
200076
200091
200106
200121
200136
200151
200166
200181
200196
200211
200226
200241
200256
200271
200286
200301
200316
200331
200346
200361
200376
200391
200406
200421
200436
200451
200466
200481
200496
200511
200526
200541
200556
200571
200586
200601
200616
200631
200646
200661
200676
200691
200706
200721
200736
200751
200766
200781
200796
200811
200826
200841
200856
200871
200886
200901
200916
200931
200946
200961
200976
200991
201006
201021
201036
201051
201066
201081
201096
201111
201126
201141
201156
201171
201186
201201
201216
201231
201246
201261
201276
201291
201306
201321
201336
201351
201366
201381
201396
201411
201426
201441
201456
201471
201486
201501
201516
201531
201546
201561
201576
201591
201606
201621
201636
201651
201666
201681
201696
201711
201726
201741
201756
201771
201786
201801
201816
201831
201846
201861
201876
201891
201906
201921
201936
201951
201966
201981
201996
202011
202026
202041
202056
202071
202086
202101
202116
202131
202146
202161
202176
202191
202206
202221
202236
202251
202266
202281
202296
202311
202326
202341
202356
202371
202386
202401
202416
202431
202446
202461
202476
202491
202506
202521
202536
202551
202566
202581
202596
202611
202626
202641
202656
202671
202686
202701
202716
202731
202746
202761
202776
202791
202806
202821
202836
202851
202866
202881
202896
202911
202926
202941
202956
202971
202986
203001
203016
203031
203046
203061
203076
203091
203106
203121
203136
203151
203166
203181
203196
203211
203226
203241
203256
203271
203286
203301
203316
203331
203346
203361
203376
203391
203406
203421
203436
203451
203466
203481
203496
203511
203526
203541
203556
203571
203586
203601
203616
203631
203646
203661
203676
203691
203706
203721
203736
203751
203766
203781
203796
203811
203826
203841
203856
203871
203886
203901
203916
203931
203946
203961
203976
203991
204006
204021
204036
204051
204066
204081
204096
204111
204126
204141
204156
204171
204186
204201
204216
204231
204246
204261
204276
204291
204306
204321
204336
204351
204366
204381
204396
204411
204426
204441
204456
204471
204486
204501
204516
204531
204546
204561
204576
204591
204606
204621
204636
204651
204666
204681
204696
204711
204726
204741
204756
204771
204786
204801
204816
204831
204846
204861
204876
204891
204906
204921
204936
204951
204966
204981
204996
205011
205026
205041
205056
205071
205086
205101
205116
205131
205146
205161
205176
205191
205206
205221
205236
205251
205266
205281
205296
205311
205326
205341
205356
205371
205386
205401
205416
205431
205446
205461
205476
205491
205506
205521
205536
205551
205566
205581
205596
205611
205626
205641
205656
205671
205686
205701
205716
205731
205746
205761
205776
205791
205806
205821
205836
205851
205866
205881
205896
205911
205926
205941
205956
205971
205986
206001
206016
206031
206046
206061
206076
206091
206106
206121
206136
206151
206166
206181
206196
206211
206226
206241
206256
206271
206286
206301
206316
206331
206346
206361
206376
206391
206406
206421
206436
206451
206466
206481
206496
206511
206526
206541
206556
206571
206586
206601
206616
206631
206646
206661
206676
206691
206706
206721
206736
206751
206766
206781
206796
206811
206826
206841
206856
206871
206886
206901
206916
206931
206946
206961
206976
206991
207006
207021
207036
207051
207066
207081
207096
207111
207126
207141
207156
207171
207186
207201
207216
207231
207246
207261
207276
207291
207306
207321
207336
207351
207366
207381
207396
207411
207426
207441
207456
207471
207486
207501
207516
207531
207546
207561
207576
207591
207606
207621
207636
207651
207666
207681
207696
207711
207726
207741
207756
207771
207786
207801
207816
207831
207846
207861
207876
207891
207906
207921
207936
207951
207966
207981
207996
208011
208026
208041
208056
208071
208086
208101
208116
208131
208146
208161
208176
208191
208206
208221
208236
208251
208266
208281
208296
208311
208326
208341
208356
208371
208386
208401
208416
208431
208446
208461
208476
208491
208506
208521
208536
208551
208566
208581
208596
208611
208626
208641
208656
208671
208686
208701
208716
208731
208746
208761
208776
208791
208806
208821
208836
208851
208866
208881
208896
208911
208926
208941
208956
208971
208986
209001
209016
209031
209046
209061
209076
209091
209106
209121
209136
209151
209166
209181
209196
209211
209226
209241
209256
209272
209288
209304
209320
209336
209352
209368
209384
209400
209416
209432
209448
209464
209480
209496
209512
209528
209544
209560
209576
209592
209608
209624
209640
209656
209672
209688
209704
209720
209736
209752
209768
209784
209800
209816
209832
209848
209864
209880
209896
209912
209928
209944
209960
209976
209992
210008
210024
210040
210056
210072
210088
210104
210120
210136
210152
210168
210184
210200
210216
210232
210248
210264
210280
210296
210312
210328
210344
210360
210376
210392
210408
210424
210440
210456
210472
210488
210504
210520
210536
210552
210568
210584
210600
210616
210632
210648
210664
210680
210696
210712
210728
210744
210760
210776
210792
210808
210824
210840
210856
210872
210888
210904
210920
210936
210952
210968
210984
211000
211016
211032
211048
211064
211080
211096
211112
211128
211144
211160
211176
211192
211208
211224
211240
211256
211272
211288
211304
211320
211336
211352
211368
211384
211400
211416
211432
211448
211464
211480
211496
211512
211528
211544
211560
211576
211592
211608
211624
211640
211656
211672
211688
211704
211720
211736
211752
211768
211784
211800
211816
211832
211848
211864
211880
211896
211912
211928
211944
211960
211976
211992
212008
212024
212040
212056
212072
212088
212104
212120
212136
212152
212168
212184
212200
212216
212232
212248
212264
212280
212296
212312
212328
212344
212360
212376
212392
212408
212424
212440
212456
212472
212488
212504
212520
212536
212552
212568
212584
212600
212616
212632
212648
212664
212680
212696
212712
212728
212744
212760
212776
212792
212808
212824
212840
212856
212872
212888
212904
212920
212936
212952
212968
212984
213000
213016
213032
213048
213064
213080
213096
213112
213128
213144
213160
213176
213192
213208
213224
213240
213256
213272
213288
213304
213320
213336
213352
213368
213384
213400
213416
213432
213448
213464
213480
213496
213512
213528
213544
213560
213576
213592
213608
213624
213640
213656
213672
213688
213704
213720
213736
213752
213768
213784
213800
213816
213832
213848
213864
213880
213896
213912
213928
213944
213960
213976
213992
214008
214024
214040
214056
214072
214088
214104
214120
214136
214152
214168
214184
214200
214216
214232
214248
214264
214280
214296
214312
214328
214344
214360
214376
214392
214408
214424
214440
214456
214472
214488
214504
214520
214536
214552
214568
214584
214600
214616
214632
214648
214664
214680
214696
214712
214728
214744
214760
214776
214792
214808
214824
214840
214856
214872
214888
214904
214920
214936
214952
214968
214984
215000
215016
215032
215048
215064
215080
215096
215112
215128
215144
215160
215176
215192
215208
215224
215240
215256
215272
215288
215304
215320
215336
215352
215368
215384
215400
215416
215432
215448
215464
215480
215496
215512
215528
215544
215560
215576
215592
215608
215624
215640
215656
215672
215688
215704
215720
215736
215752
215768
215784
215800
215816
215832
215848
215864
215880
215896
215912
215928
215944
215960
215976
215992
216008
216024
216040
216056
216072
216088
216104
216120
216136
216152
216168
216184
216200
216216
216232
216248
216264
216280
216296
216312
216328
216344
216360
216376
216392
216408
216424
216440
216456
216472
216488
216504
216520
216536
216552
216568
216584
216600
216616
216632
216648
216664
216680
216696
216712
216728
216744
216760
216776
216792
216808
216824
216840
216856
216872
216888
216904
216920
216936
216952
216968
216984
217000
217016
217032
217048
217064
217080
217096
217112
217128
217144
217160
217176
217192
217208
217224
217240
217256
217272
217288
217304
217320
217336
217352
217368
217384
217400
217416
217432
217448
217464
217480
217496
217512
217528
217544
217560
217576
217592
217608
217624
217640
217656
217672
217688
217704
217720
217736
217752
217768
217784
217800
217816
217832
217848
217864
217880
217896
217912
217928
217944
217960
217976
217992
218008
218024
218040
218056
218072
218088
218104
218120
218136
218152
218168
218184
218200
218216
218232
218248
218264
218280
218296
218312
218328
218344
218360
218376
218392
218408
218424
218440
218456
218472
218488
218504
218520
218536
218552
218568
218584
218600
218616
218632
218648
218664
218680
218696
218712
218728
218744
218760
218776
218792
218808
218824
218840
218856
218872
218888
218904
218920
218936
218952
218968
218984
219000
219016
219032
219048
219064
219080
219096
219112
219128
219144
219160
219176
219192
219208
219224
219240
219256
219272
219288
219304
219320
219336
219352
219368
219384
219400
219416
219432
219448
219464
219480
219496
219512
219528
219544
219560
219576
219592
219608
219624
219640
219656
219672
219688
219704
219720
219736
219752
219768
219784
219800
219816
219832
219848
219864
219880
219896
219912
219928
219944
219960
219976
219992
220008
220024
220040
220056
220072
220088
220104
220120
220136
220152
220168
220184
220200
220216
220232
220248
220264
220280
220296
220312
220328
220344
220360
220376
220392
220408
220424
220440
220456
220472
220488
220504
220520
220536
220552
220568
220584
220600
220616
220632
220648
220664
220680
220696
220712
220728
220744
220760
220776
220792
220808
220824
220840
220856
220872
220888
220904
220920
220936
220952
220968
220984
221000
221016
221032
221048
221064
221080
221096
221112
221128
221144
221160
221176
221192
221208
221224
221240
221256
221272
221288
221304
221320
221336
221352
221368
221384
221400
221416
221432
221448
221464
221480
221496
221512
221528
221544
221560
221576
221592
221608
221624
221640
221656
221672
221688
221704
221720
221736
221752
221768
221784
221800
221816
221832
221848
221864
221880
221896
221912
221928
221944
221960
221976
221992
222008
222024
222040
222056
222072
222088
222104
222120
222136
222152
222168
222184
222200
222216
222232
222248
222264
222280
222296
222312
222328
222344
222360
222376
222392
222408
222424
222440
222456
222472
222488
222504
222520
222536
222552
222568
222584
222600
222616
222632
222648
222664
222680
222696
222712
222728
222744
222760
222776
222792
222808
222824
222840
222856
222872
222888
222904
222920
222936
222952
222968
222984
223000
223016
223032
223048
223064
223080
223096
223112
223128
223144
223160
223176
223192
223208
223224
223240
223256
223272
223288
223304
223320
223336
223352
223368
223384
223400
223416
223432
223448
223464
223480
223496
223512
223528
223544
223560
223576
223592
223608
223624
223640
223656
223672
223688
223704
223720
223736
223753
223770
223787
223804
223821
223838
223855
223872
223889
223906
223923
223940
223957
223974
223991
224008
224025
224042
224059
224076
224093
224110
224127
224144
224161
224178
224195
224212
224229
224246
224263
224280
224297
224314
224331
224348
224365
224382
224399
224416
224433
224450
224467
224484
224501
224518
224535
224552
224569
224586
224603
224620
224637
224654
224671
224688
224705
224722
224739
224756
224773
224790
224807
224824
224841
224858
224875
224892
224909
224926
224943
224960
224977
224994
225011
225028
225045
225062
225079
225096
225113
225130
225147
225164
225181
225198
225215
225232
225249
225266
225283
225300
225317
225334
225351
225368
225385
225402
225419
225436
225453
225470
225487
225504
225521
225538
225555
225572
225589
225606
225623
225640
225657
225674
225691
225708
225725
225742
225759
225776
225793
225810
225827
225844
225861
225878
225895
225912
225929
225946
225963
225980
225997
226014
226031
226048
226065
226082
226099
226116
226133
226150
226167
226184
226201
226218
226235
226252
226269
226286
226303
226320
226337
226354
226371
226388
226405
226422
226439
226456
226473
226490
226507
226524
226541
226558
226575
226592
226609
226626
226643
226660
226677
226694
226711
226728
226745
226762
226779
226796
226813
226830
226847
226864
226881
226898
226915
226932
226949
226966
226983
227000
227017
227034
227051
227068
227085
227102
227119
227136
227153
227170
227187
227204
227221
227238
227255
227272
227289
227306
227323
227340
227357
227374
227391
227408
227425
227442
227459
227476
227493
227510
227527
227544
227561
227578
227595
227612
227629
227646
227663
227680
227697
227714
227731
227748
227765
227782
227799
227816
227833
227850
227867
227884
227901
227918
227935
227952
227969
227986
228003
228020
228037
228054
228071
228088
228105
228122
228139
228156
228173
228190
228207
228224
228241
228258
228275
228292
228309
228326
228343
228360
228377
228394
228411
228428
228445
228462
228479
228496
228513
228530
228547
228564
228581
228598
228615
228632
228649
228666
228683
228700
228717
228734
228751
228768
228785
228802
228819
228836
228853
228870
228887
228904
228921
228938
228955
228972
228989
229006
229023
229040
229057
229074
229091
229108
229125
229142
229159
229176
229193
229210
229227
229244
229261
229278
229295
229312
229329
229346
229363
229380
229397
229414
229431
229448
229465
229482
229499
229516
229533
229550
229567
229584
229601
229618
229635
229652
229669
229686
229703
229720
229737
229754
229771
229788
229805
229822
229839
229856
229873
229890
229907
229924
229941
229958
229975
229992
230009
230026
230043
230060
230077
230094
230111
230128
230145
230162
230179
230196
230213
230230
230247
230264
230281
230298
230315
230332
230349
230366
230383
230400
230417
230434
230451
230468
230485
230502
230519
230536
230553
230570
230587
230604
230621
230638
230655
230672
230689
230706
230723
230740
230757
230774
230791
230808
230825
230842
230859
230876
230893
230910
230927
230944
230961
230978
230995
231012
231029
231046
231063
231080
231097
231114
231131
231148
231165
231182
231199
231216
231233
231250
231267
231284
231301
231318
231335
231352
231369
231386
231403
231420
231437
231454
231471
231488
231505
231522
231539
231556
231573
231590
231607
231624
231641
231658
231675
231692
231709
231726
231743
231760
231777
231794
231811
231828
231845
231862
231879
231896
231913
231930
231947
231964
231981
231998
232015
232032
232049
232066
232083
232100
232117
232134
232151
232168
232185
232202
232219
232236
232253
232270
232287
232304
232321
232338
232355
232372
232389
232406
232423
232440
232457
232474
232491
232508
232525
232542
232559
232576
232593
232610
232627
232644
232661
232678
232695
232712
232729
232746
232763
232780
232797
232814
232831
232848
232865
232882
232899
232916
232933
232950
232967
232984
233001
233018
233035
233052
233069
233086
233103
233120
233137
233154
233171
233188
233205
233222
233239
233256
233273
233290
233307
233324
233341
233358
233375
233392
233409
233426
233443
233460
233477
233494
233511
233528
233545
233562
233579
233596
233613
233630
233647
233664
233681
233698
233715
233732
233749
233766
233783
233800
233817
233834
233851
233868
233885
233902
233919
233936
233953
233970
233987
234004
234021
234038
234055
234072
234089
234106
234123
234140
234157
234174
234191
234208
234225
234242
234259
234276
234293
234310
234327
234344
234361
234378
234395
234412
234429
234446
234463
234480
234497
234514
234531
234548
234565
234582
234599
234616
234633
234650
234667
234684
234701
234718
234735
234752
234769
234786
234803
234820
234837
234854
234871
234888
234905
234922
234939
234956
234973
234990
235007
235024
235041
235058
235075
235092
235109
235126
235143
235160
235177
235194
235211
235228
235245
235262
235279
235296
235313
235330
235347
235364
235381
235398
235415
235432
235449
235466
235483
235500
235517
235534
235551
235568
235585
235602
235619
235636
235653
235670
235687
235704
235721
235738
235755
235772
235789
235806
235823
235840
235857
235874
235891
235908
235925
235942
235959
235976
235993
236010
236027
236044
236061
236078
236095
236112
236129
236146
236163
236180
236197
236214
236231
236248
236265
236282
236299
236316
236333
236350
236367
236384
236401
236418
236435
236452
236469
236486
236503
236520
236537
236554
236571
236588
236605
236622
236639
236656
236673
236690
236707
236724
236741
236758
236775
236792
236809
236826
236843
236860
236877
236894
236911
236928
236945
236962
236979
236996
237013
237030
237047
237064
237081
237098
237115
237132
237149
237166
237183
237200
237217
237234
237251
237268
237285
237302
237319
237336
237353
237370
237387
237404
237421
237438
237455
237472
237489
237506
237523
237540
237557
237574
237591
237608
237625
237642
237659
237676
237693
237710
237727
237744
237761
237778
237795
237812
237829
237846
237863
237880
237897
237914
237931
237948
237965
237982
237999
238016
238033
238050
238067
238084
238101
238118
238135
238152
238169
238186
238203
238220
238238
238256
238274
238292
238310
238328
238346
238364
238382
238400
238418
238436
238454
238472
238490
238508
238526
238544
238562
238580
238598
238616
238634
238652
238670
238688
238706
238724
238742
238760
238778
238796
238814
238832
238850
238868
238886
238904
238922
238940
238958
238976
238994
239012
239030
239048
239066
239084
239102
239120
239138
239156
239174
239192
239210
239228
239246
239264
239282
239300
239318
239336
239354
239372
239390
239408
239426
239444
239462
239480
239498
239516
239534
239552
239570
239588
239606
239624
239642
239660
239678
239696
239714
239732
239750
239768
239786
239804
239822
239840
239858
239876
239894
239912
239930
239948
239966
239984
240002
240020
240038
240056
240074
240092
240110
240128
240146
240164
240182
240200
240218
240236
240254
240272
240290
240308
240326
240344
240362
240380
240398
240416
240434
240452
240470
240488
240506
240524
240542
240560
240578
240596
240614
240632
240650
240668
240686
240704
240722
240740
240758
240776
240794
240812
240830
240848
240866
240884
240902
240920
240938
240956
240974
240992
241010
241028
241046
241064
241082
241100
241118
241136
241154
241172
241190
241208
241226
241244
241262
241280
241298
241316
241334
241352
241370
241388
241406
241424
241442
241460
241478
241496
241514
241532
241550
241568
241586
241604
241622
241640
241658
241676
241694
241712
241730
241748
241766
241784
241802
241820
241838
241856
241874
241892
241910
241928
241946
241964
241982
242000
242018
242036
242054
242072
242090
242108
242126
242144
242162
242180
242198
242216
242234
242252
242270
242288
242306
242324
242342
242360
242378
242396
242414
242432
242450
242468
242486
242504
242522
242540
242558
242576
242594
242612
242630
242648
242666
242684
242702
242720
242738
242756
242774
242792
242810
242828
242846
242864
242882
242900
242918
242936
242954
242972
242990
243008
243026
243044
243062
243080
243098
243116
243134
243152
243170
243188
243206
243224
243242
243260
243278
243296
243314
243332
243350
243368
243386
243404
243422
243440
243458
243476
243494
243512
243530
243548
243566
243584
243602
243620
243638
243656
243674
243692
243710
243728
243746
243764
243782
243800
243818
243836
243854
243872
243890
243908
243926
243944
243962
243980
243998
244016
244034
244052
244070
244088
244106
244124
244142
244160
244178
244196
244214
244232
244250
244268
244286
244304
244322
244340
244358
244376
244394
244412
244430
244448
244466
244484
244502
244520
244538
244556
244574
244592
244610
244628
244646
244664
244682
244700
244718
244736
244754
244772
244790
244808
244826
244844
244862
244880
244898
244916
244934
244952
244970
244988
245006
245024
245042
245060
245078
245096
245114
245132
245150
245168
245186
245204
245222
245240
245258
245276
245294
245312
245330
245348
245366
245384
245402
245420
245438
245456
245474
245492
245510
245528
245546
245564
245582
245600
245618
245636
245654
245672
245690
245708
245726
245744
245762
245780
245798
245816
245834
245852
245870
245888
245906
245924
245942
245960
245978
245996
246014
246032
246050
246068
246086
246104
246122
246140
246158
246176
246194
246212
246230
246248
246266
246284
246302
246320
246338
246356
246374
246392
246410
246428
246446
246464
246482
246500
246518
246536
246554
246572
246590
246608
246626
246644
246662
246680
246698
246716
246734
246752
246770
246788
246806
246824
246842
246860
246878
246896
246914
246932
246950
246968
246986
247004
247022
247040
247058
247076
247094
247112
247130
247148
247166
247184
247202
247220
247238
247256
247274
247292
247310
247328
247346
247364
247382
247400
247418
247436
247454
247472
247490
247508
247526
247544
247562
247580
247598
247616
247634
247652
247670
247688
247706
247724
247742
247760
247778
247796
247814
247832
247850
247868
247886
247904
247922
247940
247958
247976
247994
248012
248030
248048
248066
248084
248102
248120
248138
248156
248174
248192
248210
248228
248246
248264
248282
248300
248318
248336
248354
248372
248390
248408
248426
248444
248462
248480
248498
248516
248534
248552
248570
248588
248606
248624
248642
248660
248678
248696
248714
248732
248750
248768
248786
248804
248822
248840
248858
248876
248894
248912
248930
248948
248966
248984
249002
249020
249038
249056
249074
249092
249110
249128
249146
249164
249182
249200
249218
249236
249254
249272
249290
249308
249326
249344
249362
249380
249398
249416
249434
249452
249470
249488
249506
249524
249542
249560
249578
249596
249614
249632
249650
249668
249686
249704
249722
249740
249758
249776
249794
249812
249830
249848
249866
249884
249902
249920
249938
249956
249974
249992
250010
250028
250046
250064
250082
250100
250118
250136
250154
250172
250190
250208
250226
250244
250262
250280
250298
250316
250334
250352
250370
250388
250406
250424
250442
250460
250478
250496
250514
250532
250550
250568
250586
250604
250622
250640
250658
250676
250694
250712
250730
250748
250766
250784
250802
250820
250838
250856
250874
250892
250910
250928
250946
250964
250982
251000
251018
251036
251054
251072
251090
251108
251126
251144
251162
251180
251198
251216
251234
251252
251270
251288
251306
251324
251342
251360
251378
251396
251414
251432
251450
251468
251486
251504
251522
251540
251558
251576
251594
251612
251630
251648
251666
251684
251702
251720
251738
251756
251774
251792
251810
251828
251846
251864
251882
251900
251918
251936
251954
251972
251990
252008
252026
252044
252062
252080
252098
252116
252134
252152
252170
252188
252206
252224
252242
252260
252278
252296
252314
252332
252350
252368
252386
252404
252422
252440
252458
252476
252494
252512
252530
252548
252566
252584
252602
252620
252638
252656
252674
252692
252711
252730
252749
252768
252787
252806
252825
252844
252863
252882
252901
252920
252939
252958
252977
252996
253015
253034
253053
253072
253091
253110
253129
253148
253167
253186
253205
253224
253243
253262
253281
253300
253319
253338
253357
253376
253395
253414
253433
253452
253471
253490
253509
253528
253547
253566
253585
253604
253623
253642
253661
253680
253699
253718
253737
253756
253775
253794
253813
253832
253851
253870
253889
253908
253927
253946
253965
253984
254003
254022
254041
254060
254079
254098
254117
254136
254155
254174
254193
254212
254231
254250
254269
254288
254307
254326
254345
254364
254383
254402
254421
254440
254459
254478
254497
254516
254535
254554
254573
254592
254611
254630
254649
254668
254687
254706
254725
254744
254763
254782
254801
254820
254839
254858
254877
254896
254915
254934
254953
254972
254991
255010
255029
255048
255067
255086
255105
255124
255143
255162
255181
255200
255219
255238
255257
255276
255295
255314
255333
255352
255371
255390
255409
255428
255447
255466
255485
255504
255523
255542
255561
255580
255599
255618
255637
255656
255675
255694
255713
255732
255751
255770
255789
255808
255827
255846
255865
255884
255903
255922
255941
255960
255979
255998
256017
256036
256055
256074
256093
256112
256131
256150
256169
256188
256207
256226
256245
256264
256283
256302
256321
256340
256359
256378
256397
256416
256435
256454
256473
256492
256511
256530
256549
256568
256587
256606
256625
256644
256663
256682
256701
256720
256739
256758
256777
256796
256815
256834
256853
256872
256891
256910
256929
256948
256967
256986
257005
257024
257043
257062
257081
257100
257119
257138
257157
257176
257195
257214
257233
257252
257271
257290
257309
257328
257347
257366
257385
257404
257423
257442
257461
257480
257499
257518
257537
257556
257575
257594
257613
257632
257651
257670
257689
257708
257727
257746
257765
257784
257803
257822
257841
257860
257879
257898
257917
257936
257955
257974
257993
258012
258031
258050
258069
258088
258107
258126
258145
258164
258183
258202
258221
258240
258259
258278
258297
258316
258335
258354
258373
258392
258411
258430
258449
258468
258487
258506
258525
258544
258563
258582
258601
258620
258639
258658
258677
258696
258715
258734
258753
258772
258791
258810
258829
258848
258867
258886
258905
258924
258943
258962
258981
259000
259019
259038
259057
259076
259095
259114
259133
259152
259171
259190
259209
259228
259247
259266
259285
259304
259323
259342
259361
259380
259399
259418
259437
259456
259475
259494
259513
259532
259551
259570
259589
259608
259627
259646
259665
259684
259703
259722
259741
259760
259779
259798
259817
259836
259855
259874
259893
259912
259931
259950
259969
259988
260007
260026
260045
260064
260083
260102
260121
260140
260159
260178
260197
260216
260235
260254
260273
260292
260311
260330
260349
260368
260387
260406
260425
260444
260463
260482
260501
260520
260539
260558
260577
260596
260615
260634
260653
260672
260691
260710
260729
260748
260767
260786
260805
260824
260843
260862
260881
260900
260919
260938
260957
260976
260995
261014
261033
261052
261071
261090
261109
261128
261147
261166
261185
261204
261223
261242
261261
261280
261299
261318
261337
261356
261375
261394
261413
261432
261451
261470
261489
261508
261527
261546
261565
261584
261603
261622
261641
261660
261679
261698
261717
261736
261755
261774
261793
261812
261831
261850
261869
261888
261907
261926
261945
261964
261983
262002
262021
262040
262059
262078
262097
262116
262135
262154
262173
262192
262211
262230
262249
262268
262287
262306
262325
262344
262363
262382
262401
262420
262439
262458
262477
262496
262515
262534
262553
262572
262591
262610
262629
262648
262667
262686
262705
262724
262743
262762
262781
262800
262819
262838
262857
262876
262895
262914
262933
262952
262971
262990
263009
263028
263047
263066
263085
263104
263123
263142
263161
263180
263199
263218
263237
263256
263275
263294
263313
263332
263351
263370
263389
263408
263427
263446
263465
263484
263503
263522
263541
263560
263579
263598
263617
263636
263655
263674
263693
263712
263731
263750
263769
263788
263807
263826
263845
263864
263883
263902
263921
263940
263959
263978
263997
264016
264035
264054
264073
264092
264111
264130
264149
264168
264187
264206
264225
264244
264263
264282
264301
264320
264339
264358
264377
264396
264415
264434
264453
264472
264491
264510
264529
264548
264567
264586
264605
264624
264643
264662
264681
264700
264719
264738
264757
264776
264795
264814
264833
264852
264871
264890
264909
264928
264947
264966
264985
265004
265023
265042
265061
265080
265099
265118
265137
265156
265175
265194
265213
265232
265251
265270
265289
265308
265327
265346
265365
265384
265403
265422
265441
265460
265479
265498
265517
265536
265555
265574
265593
265612
265631
265650
265669
265688
265707
265726
265745
265764
265783
265802
265821
265840
265859
265878
265897
265916
265935
265954
265973
265992
266011
266030
266049
266068
266087
266106
266125
266144
266163
266182
266201
266220
266239
266258
266277
266296
266315
266334
266353
266372
266391
266410
266429
266448
266467
266486
266505
266524
266543
266562
266581
266600
266619
266638
266657
266676
266695
266714
266733
266752
266771
266790
266809
266828
266847
266866
266885
266904
266923
266942
266961
266980
266999
267018
267037
267056
267075
267094
267113
267132
267151
267170
267190
267210
267230
267250
267270
267290
267310
267330
267350
267370
267390
267410
267430
267450
267470
267490
267510
267530
267550
267570
267590
267610
267630
267650
267670
267690
267710
267730
267750
267770
267790
267810
267830
267850
267870
267890
267910
267930
267950
267970
267990
268010
268030
268050
268070
268090
268110
268130
268150
268170
268190
268210
268230
268250
268270
268290
268310
268330
268350
268370
268390
268410
268430
268450
268470
268490
268510
268530
268550
268570
268590
268610
268630
268650
268670
268690
268710
268730
268750
268770
268790
268810
268830
268850
268870
268890
268910
268930
268950
268970
268990
269010
269030
269050
269070
269090
269110
269130
269150
269170
269190
269210
269230
269250
269270
269290
269310
269330
269350
269370
269390
269410
269430
269450
269470
269490
269510
269530
269550
269570
269590
269610
269630
269650
269670
269690
269710
269730
269750
269770
269790
269810
269830
269850
269870
269890
269910
269930
269950
269970
269990
270010
270030
270050
270070
270090
270110
270130
270150
270170
270190
270210
270230
270250
270270
270290
270310
270330
270350
270370
270390
270410
270430
270450
270470
270490
270510
270530
270550
270570
270590
270610
270630
270650
270670
270690
270710
270730
270750
270770
270790
270810
270830
270850
270870
270890
270910
270930
270950
270970
270990
271010
271030
271050
271070
271090
271110
271130
271150
271170
271190
271210
271230
271250
271270
271290
271310
271330
271350
271370
271390
271410
271430
271450
271470
271490
271510
271530
271550
271570
271590
271610
271630
271650
271670
271690
271710
271730
271750
271770
271790
271810
271830
271850
271870
271890
271910
271930
271950
271970
271990
272010
272030
272050
272070
272090
272110
272130
272150
272170
272190
272210
272230
272250
272270
272290
272310
272330
272350
272370
272390
272410
272430
272450
272470
272490
272510
272530
272550
272570
272590
272610
272630
272650
272670
272690
272710
272730
272750
272770
272790
272810
272830
272850
272870
272890
272910
272930
272950
272970
272990
273010
273030
273050
273070
273090
273110
273130
273150
273170
273190
273210
273230
273250
273270
273290
273310
273330
273350
273370
273390
273410
273430
273450
273470
273490
273510
273530
273550
273570
273590
273610
273630
273650
273670
273690
273710
273730
273750
273770
273790
273810
273830
273850
273870
273890
273910
273930
273950
273970
273990
274010
274030
274050
274070
274090
274110
274130
274150
274170
274190
274210
274230
274250
274270
274290
274310
274330
274350
274370
274390
274410
274430
274450
274470
274490
274510
274530
274550
274570
274590
274610
274630
274650
274670
274690
274710
274730
274750
274770
274790
274810
274830
274850
274870
274890
274910
274930
274950
274970
274990
275010
275030
275050
275070
275090
275110
275130
275150
275170
275190
275210
275230
275250
275270
275290
275310
275330
275350
275370
275390
275410
275430
275450
275470
275490
275510
275530
275550
275570
275590
275610
275630
275650
275670
275690
275710
275730
275750
275770
275790
275810
275830
275850
275870
275890
275910
275930
275950
275970
275990
276010
276030
276050
276070
276090
276110
276130
276150
276170
276190
276210
276230
276250
276270
276290
276310
276330
276350
276370
276390
276410
276430
276450
276470
276490
276510
276530
276550
276570
276590
276610
276630
276650
276670
276690
276710
276730
276750
276770
276790
276810
276830
276850
276870
276890
276910
276930
276950
276970
276990
277010
277030
277050
277070
277090
277110
277130
277150
277170
277190
277210
277230
277250
277270
277290
277310
277330
277350
277370
277390
277410
277430
277450
277470
277490
277510
277530
277550
277570
277590
277610
277630
277650
277670
277690
277710
277730
277750
277770
277790
277810
277830
277850
277870
277890
277910
277930
277950
277970
277990
278010
278030
278050
278070
278090
278110
278130
278150
278170
278190
278210
278230
278250
278270
278290
278310
278330
278350
278370
278390
278410
278430
278450
278470
278490
278510
278530
278550
278570
278590
278610
278630
278650
278670
278690
278710
278730
278750
278770
278790
278810
278830
278850
278870
278890
278910
278930
278950
278970
278990
279010
279030
279050
279070
279090
279110
279130
279150
279170
279190
279210
279230
279250
279270
279290
279310
279330
279350
279370
279390
279410
279430
279450
279470
279490
279510
279530
279550
279570
279590
279610
279630
279650
279670
279690
279710
279730
279750
279770
279790
279810
279830
279850
279870
279890
279910
279930
279950
279970
279990
280010
280030
280050
280070
280090
280110
280130
280150
280170
280190
280210
280230
280250
280270
280290
280310
280330
280350
280370
280390
280410
280430
280450
280470
280490
280510
280530
280550
280570
280590
280610
280630
280650
280670
280690
280710
280730
280750
280770
280790
280810
280830
280850
280870
280890
280910
280930
280950
280970
280990
281010
281030
281050
281070
281090
281110
281130
281150
281170
281190
281210
281230
281250
281270
281290
281310
281330
281350
281370
281390
281410
281430
281450
281470
281490
281510
281530
281550
281570
281590
281610
281630
281650
281671
281692
281713
281734
281755
281776
281797
281818
281839
281860
281881
281902
281923
281944
281965
281986
282007
282028
282049
282070
282091
282112
282133
282154
282175
282196
282217
282238
282259
282280
282301
282322
282343
282364
282385
282406
282427
282448
282469
282490
282511
282532
282553
282574
282595
282616
282637
282658
282679
282700
282721
282742
282763
282784
282805
282826
282847
282868
282889
282910
282931
282952
282973
282994
283015
283036
283057
283078
283099
283120
283141
283162
283183
283204
283225
283246
283267
283288
283309
283330
283351
283372
283393
283414
283435
283456
283477
283498
283519
283540
283561
283582
283603
283624
283645
283666
283687
283708
283729
283750
283771
283792
283813
283834
283855
283876
283897
283918
283939
283960
283981
284002
284023
284044
284065
284086
284107
284128
284149
284170
284191
284212
284233
284254
284275
284296
284317
284338
284359
284380
284401
284422
284443
284464
284485
284506
284527
284548
284569
284590
284611
284632
284653
284674
284695
284716
284737
284758
284779
284800
284821
284842
284863
284884
284905
284926
284947
284968
284989
285010
285031
285052
285073
285094
285115
285136
285157
285178
285199
285220
285241
285262
285283
285304
285325
285346
285367
285388
285409
285430
285451
285472
285493
285514
285535
285556
285577
285598
285619
285640
285661
285682
285703
285724
285745
285766
285787
285808
285829
285850
285871
285892
285913
285934
285955
285976
285997
286018
286039
286060
286081
286102
286123
286144
286165
286186
286207
286228
286249
286270
286291
286312
286333
286354
286375
286396
286417
286438
286459
286480
286501
286522
286543
286564
286585
286606
286627
286648
286669
286690
286711
286732
286753
286774
286795
286816
286837
286858
286879
286900
286921
286942
286963
286984
287005
287026
287047
287068
287089
287110
287131
287152
287173
287194
287215
287236
287257
287278
287299
287320
287341
287362
287383
287404
287425
287446
287467
287488
287509
287530
287551
287572
287593
287614
287635
287656
287677
287698
287719
287740
287761
287782
287803
287824
287845
287866
287887
287908
287929
287950
287971
287992
288013
288034
288055
288076
288097
288118
288139
288160
288181
288202
288223
288244
288265
288286
288307
288328
288349
288370
288391
288412
288433
288454
288475
288496
288517
288538
288559
288580
288601
288622
288643
288664
288685
288706
288727
288748
288769
288790
288811
288832
288853
288874
288895
288916
288937
288958
288979
289000
289021
289042
289063
289084
289105
289126
289147
289168
289189
289210
289231
289252
289273
289294
289315
289336
289357
289378
289399
289420
289441
289462
289483
289504
289525
289546
289567
289588
289609
289630
289651
289672
289693
289714
289735
289756
289777
289798
289819
289840
289861
289882
289903
289924
289945
289966
289987
290008
290029
290050
290071
290092
290113
290134
290155
290176
290197
290218
290239
290260
290281
290302
290323
290344
290365
290386
290407
290428
290449
290470
290491
290512
290533
290554
290575
290596
290617
290638
290659
290680
290701
290722
290743
290764
290785
290806
290827
290848
290869
290890
290911
290932
290953
290974
290995
291016
291037
291058
291079
291100
291121
291142
291163
291184
291205
291226
291247
291268
291289
291310
291331
291352
291373
291394
291415
291436
291457
291478
291499
291520
291541
291562
291583
291604
291625
291646
291667
291688
291709
291730
291751
291772
291793
291814
291835
291856
291877
291898
291919
291940
291961
291982
292003
292024
292045
292066
292087
292108
292129
292150
292171
292192
292213
292234
292255
292276
292297
292318
292339
292360
292381
292402
292423
292444
292465
292486
292507
292528
292549
292570
292591
292612
292633
292654
292675
292696
292717
292738
292759
292780
292801
292822
292843
292864
292885
292906
292927
292948
292969
292990
293011
293032
293053
293074
293095
293116
293137
293158
293179
293200
293221
293242
293263
293284
293305
293326
293347
293368
293389
293410
293431
293452
293473
293494
293515
293536
293557
293578
293599
293620
293641
293662
293683
293704
293725
293746
293767
293788
293809
293830
293851
293872
293893
293914
293935
293956
293977
293998
294019
294040
294061
294082
294103
294124
294145
294166
294187
294208
294229
294250
294271
294292
294313
294334
294355
294376
294397
294418
294439
294460
294481
294502
294523
294544
294565
294586
294607
294628
294649
294670
294691
294712
294733
294754
294775
294796
294817
294838
294859
294880
294901
294922
294943
294964
294985
295006
295027
295048
295069
295090
295111
295132
295153
295174
295195
295216
295237
295258
295279
295300
295321
295342
295363
295384
295405
295426
295447
295468
295489
295510
295531
295552
295573
295594
295615
295636
295657
295678
295699
295720
295741
295762
295783
295804
295825
295846
295867
295888
295909
295930
295951
295972
295993
296014
296035
296056
296077
296098
296119
296140
296162
296184
296206
296228
296250
296272
296294
296316
296338
296360
296382
296404
296426
296448
296470
296492
296514
296536
296558
296580
296602
296624
296646
296668
296690
296712
296734
296756
296778
296800
296822
296844
296866
296888
296910
296932
296954
296976
296998
297020
297042
297064
297086
297108
297130
297152
297174
297196
297218
297240
297262
297284
297306
297328
297350
297372
297394
297416
297438
297460
297482
297504
297526
297548
297570
297592
297614
297636
297658
297680
297702
297724
297746
297768
297790
297812
297834
297856
297878
297900
297922
297944
297966
297988
298010
298032
298054
298076
298098
298120
298142
298164
298186
298208
298230
298252
298274
298296
298318
298340
298362
298384
298406
298428
298450
298472
298494
298516
298538
298560
298582
298604
298626
298648
298670
298692
298714
298736
298758
298780
298802
298824
298846
298868
298890
298912
298934
298956
298978
299000
299022
299044
299066
299088
299110
299132
299154
299176
299198
299220
299242
299264
299286
299308
299330
299352
299374
299396
299418
299440
299462
299484
299506
299528
299550
299572
299594
299616
299638
299660
299682
299704
299726
299748
299770
299792
299814
299836
299858
299880
299902
299924
299946
299968
299990
300012
300034
300056
300078
300100
300122
300144
300166
300188
300210
300232
300254
300276
300298
300320
300342
300364
300386
300408
300430
300452
300474
300496
300518
300540
300562
300584
300606
300628
300650
300672
300694
300716
300738
300760
300782
300804
300826
300848
300870
300892
300914
300936
300958
300980
301002
301024
301046
301068
301090
301112
301134
301156
301178
301200
301222
301244
301266
301288
301310
301332
301354
301376
301398
301420
301442
301464
301486
301508
301530
301552
301574
301596
301618
301640
301662
301684
301706
301728
301750
301772
301794
301816
301838
301860
301882
301904
301926
301948
301970
301992
302014
302036
302058
302080
302102
302124
302146
302168
302190
302212
302234
302256
302278
302300
302322
302344
302366
302388
302410
302432
302454
302476
302498
302520
302542
302564
302586
302608
302630
302652
302674
302696
302718
302740
302762
302784
302806
302828
302850
302872
302894
302916
302938
302960
302982
303004
303026
303048
303070
303092
303114
303136
303158
303180
303202
303224
303246
303268
303290
303312
303334
303356
303378
303400
303422
303444
303466
303488
303510
303532
303554
303576
303598
303620
303642
303664
303686
303708
303730
303752
303774
303796
303818
303840
303862
303884
303906
303928
303950
303972
303994
304016
304038
304060
304082
304104
304126
304148
304170
304192
304214
304236
304258
304280
304302
304324
304346
304368
304390
304412
304434
304456
304478
304500
304522
304544
304566
304588
304610
304632
304654
304676
304698
304720
304742
304764
304786
304808
304830
304852
304874
304896
304918
304940
304962
304984
305006
305028
305050
305072
305094
305116
305138
305160
305182
305204
305226
305248
305270
305292
305314
305336
305358
305380
305402
305424
305446
305468
305490
305512
305534
305556
305578
305600
305622
305644
305666
305688
305710
305732
305754
305776
305798
305820
305842
305864
305886
305908
305930
305952
305974
305996
306018
306040
306062
306084
306106
306128
306150
306172
306194
306216
306238
306260
306282
306304
306326
306348
306370
306392
306414
306436
306458
306480
306502
306524
306546
306568
306590
306612
306634
306656
306678
306700
306722
306744
306766
306788
306810
306832
306854
306876
306898
306920
306942
306964
306986
307008
307030
307052
307074
307096
307118
307140
307162
307184
307206
307228
307250
307272
307294
307316
307338
307360
307382
307404
307426
307448
307470
307492
307514
307536
307558
307580
307602
307624
307646
307668
307690
307712
307734
307756
307778
307800
307822
307844
307866
307888
307910
307932
307954
307976
307998
308020
308042
308064
308086
308108
308130
308152
308174
308196
308218
308240
308262
308284
308306
308328
308350
308372
308394
308416
308438
308460
308482
308504
308526
308548
308570
308592
308614
308636
308658
308680
308702
308724
308746
308768
308790
308812
308834
308856
308878
308900
308922
308944
308966
308988
309010
309032
309054
309076
309098
309120
309142
309164
309186
309208
309230
309252
309274
309296
309318
309340
309362
309384
309406
309428
309450
309472
309494
309516
309538
309560
309582
309604
309626
309648
309670
309692
309714
309736
309758
309780
309802
309824
309846
309868
309890
309912
309934
309956
309978
310000
310022
310044
310066
310088
310110
310132
310154
310176
310198
310220
310242
310264
310286
310308
310330
310352
310374
310396
310418
310440
310462
310484
310506
310528
310550
310572
310594
310616
310639
310662
310685
310708
310731
310754
310777
310800
310823
310846
310869
310892
310915
310938
310961
310984
311007
311030
311053
311076
311099
311122
311145
311168
311191
311214
311237
311260
311283
311306
311329
311352
311375
311398
311421
311444
311467
311490
311513
311536
311559
311582
311605
311628
311651
311674
311697
311720
311743
311766
311789
311812
311835
311858
311881
311904
311927
311950
311973
311996
312019
312042
312065
312088
312111
312134
312157
312180
312203
312226
312249
312272
312295
312318
312341
312364
312387
312410
312433
312456
312479
312502
312525
312548
312571
312594
312617
312640
312663
312686
312709
312732
312755
312778
312801
312824
312847
312870
312893
312916
312939
312962
312985
313008
313031
313054
313077
313100
313123
313146
313169
313192
313215
313238
313261
313284
313307
313330
313353
313376
313399
313422
313445
313468
313491
313514
313537
313560
313583
313606
313629
313652
313675
313698
313721
313744
313767
313790
313813
313836
313859
313882
313905
313928
313951
313974
313997
314020
314043
314066
314089
314112
314135
314158
314181
314204
314227
314250
314273
314296
314319
314342
314365
314388
314411
314434
314457
314480
314503
314526
314549
314572
314595
314618
314641
314664
314687
314710
314733
314756
314779
314802
314825
314848
314871
314894
314917
314940
314963
314986
315009
315032
315055
315078
315101
315124
315147
315170
315193
315216
315239
315262
315285
315308
315331
315354
315377
315400
315423
315446
315469
315492
315515
315538
315561
315584
315607
315630
315653
315676
315699
315722
315745
315768
315791
315814
315837
315860
315883
315906
315929
315952
315975
315998
316021
316044
316067
316090
316113
316136
316159
316182
316205
316228
316251
316274
316297
316320
316343
316366
316389
316412
316435
316458
316481
316504
316527
316550
316573
316596
316619
316642
316665
316688
316711
316734
316757
316780
316803
316826
316849
316872
316895
316918
316941
316964
316987
317010
317033
317056
317079
317102
317125
317148
317171
317194
317217
317240
317263
317286
317309
317332
317355
317378
317401
317424
317447
317470
317493
317516
317539
317562
317585
317608
317631
317654
317677
317700
317723
317746
317769
317792
317815
317838
317861
317884
317907
317930
317953
317976
317999
318022
318045
318068
318091
318114
318137
318160
318183
318206
318229
318252
318275
318298
318321
318344
318367
318390
318413
318436
318459
318482
318505
318528
318551
318574
318597
318620
318643
318666
318689
318712
318735
318758
318781
318804
318827
318850
318873
318896
318919
318942
318965
318988
319011
319034
319057
319080
319103
319126
319149
319172
319195
319218
319241
319264
319287
319310
319333
319356
319379
319402
319425
319448
319471
319494
319517
319540
319563
319586
319609
319632
319655
319678
319701
319724
319747
319770
319793
319816
319839
319862
319885
319908
319931
319954
319977
320000
320023
320046
320069
320092
320115
320138
320161
320184
320207
320230
320253
320276
320299
320322
320345
320368
320391
320414
320437
320460
320483
320506
320529
320552
320575
320598
320621
320644
320667
320690
320713
320736
320759
320782
320805
320828
320851
320874
320897
320920
320943
320966
320989
321012
321035
321058
321081
321104
321127
321150
321173
321196
321219
321242
321265
321288
321311
321334
321357
321380
321403
321426
321449
321472
321495
321518
321541
321564
321587
321610
321633
321656
321679
321702
321725
321748
321771
321794
321817
321840
321863
321886
321909
321932
321955
321978
322001
322024
322047
322070
322093
322116
322139
322162
322185
322208
322231
322254
322277
322300
322323
322346
322369
322392
322415
322438
322461
322484
322507
322530
322553
322576
322599
322622
322645
322668
322691
322714
322737
322760
322783
322806
322829
322852
322875
322898
322921
322944
322967
322990
323013
323036
323059
323082
323105
323128
323151
323174
323197
323220
323243
323266
323289
323312
323335
323358
323381
323404
323427
323450
323473
323496
323519
323542
323565
323588
323611
323634
323657
323680
323703
323726
323749
323772
323795
323818
323841
323864
323887
323910
323933
323956
323979
324002
324025
324048
324071
324094
324117
324140
324163
324186
324209
324232
324255
324278
324301
324324
324347
324370
324393
324416
324439
324462
324485
324508
324531
324554
324577
324600
324623
324646
324669
324692
324715
324738
324761
324784
324807
324830
324853
324876
324899
324922
324945
324968
324991
325014
325037
325060
325083
325107
325131
325155
325179
325203
325227
325251
325275
325299
325323
325347
325371
325395
325419
325443
325467
325491
325515
325539
325563
325587
325611
325635
325659
325683
325707
325731
325755
325779
325803
325827
325851
325875
325899
325923
325947
325971
325995
326019
326043
326067
326091
326115
326139
326163
326187
326211
326235
326259
326283
326307
326331
326355
326379
326403
326427
326451
326475
326499
326523
326547
326571
326595
326619
326643
326667
326691
326715
326739
326763
326787
326811
326835
326859
326883
326907
326931
326955
326979
327003
327027
327051
327075
327099
327123
327147
327171
327195
327219
327243
327267
327291
327315
327339
327363
327387
327411
327435
327459
327483
327507
327531
327555
327579
327603
327627
327651
327675
327699
327723
327747
327771
327795
327819
327843
327867
327891
327915
327939
327963
327987
328011
328035
328059
328083
328107
328131
328155
328179
328203
328227
328251
328275
328299
328323
328347
328371
328395
328419
328443
328467
328491
328515
328539
328563
328587
328611
328635
328659
328683
328707
328731
328755
328779
328803
328827
328851
328875
328899
328923
328947
328971
328995
329019
329043
329067
329091
329115
329139
329163
329187
329211
329235
329259
329283
329307
329331
329355
329379
329403
329427
329451
329475
329499
329523
329547
329571
329595
329619
329643
329667
329691
329715
329739
329763
329787
329811
329835
329859
329883
329907
329931
329955
329979
330003
330027
330051
330075
330099
330123
330147
330171
330195
330219
330243
330267
330291
330315
330339
330363
330387
330411
330435
330459
330483
330507
330531
330555
330579
330603
330627
330651
330675
330699
330723
330747
330771
330795
330819
330843
330867
330891
330915
330939
330963
330987
331011
331035
331059
331083
331107
331131
331155
331179
331203
331227
331251
331275
331299
331323
331347
331371
331395
331419
331443
331467
331491
331515
331539
331563
331587
331611
331635
331659
331683
331707
331731
331755
331779
331803
331827
331851
331875
331899
331923
331947
331971
331995
332019
332043
332067
332091
332115
332139
332163
332187
332211
332235
332259
332283
332307
332331
332355
332379
332403
332427
332451
332475
332499
332523
332547
332571
332595
332619
332643
332667
332691
332715
332739
332763
332787
332811
332835
332859
332883
332907
332931
332955
332979
333003
333027
333051
333075
333099
333123
333147
333171
333195
333219
333243
333267
333291
333315
333339
333363
333387
333411
333435
333459
333483
333507
333531
333555
333579
333603
333627
333651
333675
333699
333723
333747
333771
333795
333819
333843
333867
333891
333915
333939
333963
333987
334011
334035
334059
334083
334107
334131
334155
334179
334203
334227
334251
334275
334299
334323
334347
334371
334395
334419
334443
334467
334491
334515
334539
334563
334587
334611
334635
334659
334683
334707
334731
334755
334779
334803
334827
334851
334875
334899
334923
334947
334971
334995
335019
335043
335067
335091
335115
335139
335163
335187
335211
335235
335259
335283
335307
335331
335355
335379
335403
335427
335451
335475
335499
335523
335547
335571
335595
335619
335643
335667
335691
335715
335739
335763
335787
335811
335835
335859
335883
335907
335931
335955
335979
336003
336027
336051
336075
336099
336123
336147
336171
336195
336219
336243
336267
336291
336315
336339
336363
336387
336411
336435
336459
336483
336507
336531
336555
336579
336603
336627
336651
336675
336699
336723
336747
336771
336795
336819
336843
336867
336891
336915
336939
336963
336987
337011
337035
337059
337083
337107
337131
337155
337179
337203
337227
337251
337275
337299
337323
337347
337371
337395
337419
337443
337467
337491
337515
337539
337563
337587
337611
337635
337659
337683
337707
337731
337755
337779
337803
337827
337851
337875
337899
337923
337947
337971
337995
338019
338043
338067
338091
338115
338139
338163
338187
338211
338235
338259
338283
338307
338331
338355
338379
338403
338427
338451
338475
338499
338523
338547
338571
338595
338619
338643
338667
338691
338715
338739
338763
338787
338811
338835
338859
338883
338907
338931
338955
338979
339003
339027
339051
339075
339099
339123
339147
339171
339195
339219
339243
339267
339291
339315
339339
339363
339387
339411
339435
339459
339483
339507
339531
339555
339579
339604
339629
339654
339679
339704
339729
339754
339779
339804
339829
339854
339879
339904
339929
339954
339979
340004
340029
340054
340079
340104
340129
340154
340179
340204
340229
340254
340279
340304
340329
340354
340379
340404
340429
340454
340479
340504
340529
340554
340579
340604
340629
340654
340679
340704
340729
340754
340779
340804
340829
340854
340879
340904
340929
340954
340979
341004
341029
341054
341079
341104
341129
341154
341179
341204
341229
341254
341279
341304
341329
341354
341379
341404
341429
341454
341479
341504
341529
341554
341579
341604
341629
341654
341679
341704
341729
341754
341779
341804
341829
341854
341879
341904
341929
341954
341979
342004
342029
342054
342079
342104
342129
342154
342179
342204
342229
342254
342279
342304
342329
342354
342379
342404
342429
342454
342479
342504
342529
342554
342579
342604
342629
342654
342679
342704
342729
342754
342779
342804
342829
342854
342879
342904
342929
342954
342979
343004
343029
343054
343079
343104
343129
343154
343179
343204
343229
343254
343279
343304
343329
343354
343379
343404
343429
343454
343479
343504
343529
343554
343579
343604
343629
343654
343679
343704
343729
343754
343779
343804
343829
343854
343879
343904
343929
343954
343979
344004
344029
344054
344079
344104
344129
344154
344179
344204
344229
344254
344279
344304
344329
344354
344379
344404
344429
344454
344479
344504
344529
344554
344579
344604
344629
344654
344679
344704
344729
344754
344779
344804
344829
344854
344879
344904
344929
344954
344979
345004
345029
345054
345079
345104
345129
345154
345179
345204
345229
345254
345279
345304
345329
345354
345379
345404
345429
345454
345479
345504
345529
345554
345579
345604
345629
345654
345679
345704
345729
345754
345779
345804
345829
345854
345879
345904
345929
345954
345979
346004
346029
346054
346079
346104
346129
346154
346179
346204
346229
346254
346279
346304
346329
346354
346379
346404
346429
346454
346479
346504
346529
346554
346579
346604
346629
346654
346679
346704
346729
346754
346779
346804
346829
346854
346879
346904
346929
346954
346979
347004
347029
347054
347079
347104
347129
347154
347179
347204
347229
347254
347279
347304
347329
347354
347379
347404
347429
347454
347479
347504
347529
347554
347579
347604
347629
347654
347679
347704
347729
347754
347779
347804
347829
347854
347879
347904
347929
347954
347979
348004
348029
348054
348079
348104
348129
348154
348179
348204
348229
348254
348279
348304
348329
348354
348379
348404
348429
348454
348479
348504
348529
348554
348579
348604
348629
348654
348679
348704
348729
348754
348779
348804
348829
348854
348879
348904
348929
348954
348979
349004
349029
349054
349079
349104
349129
349154
349179
349204
349229
349254
349279
349304
349329
349354
349379
349404
349429
349454
349479
349504
349529
349554
349579
349604
349629
349654
349679
349704
349729
349754
349779
349804
349829
349854
349879
349904
349929
349954
349979
350004
350029
350054
350079
350104
350129
350154
350179
350204
350229
350254
350279
350304
350329
350354
350379
350404
350429
350454
350479
350504
350529
350554
350579
350604
350629
350654
350679
350704
350729
350754
350779
350804
350829
350854
350879
350904
350929
350954
350979
351004
351029
351054
351079
351104
351129
351154
351179
351204
351229
351254
351279
351304
351329
351354
351379
351404
351429
351454
351479
351504
351529
351554
351579
351604
351629
351654
351679
351704
351729
351754
351779
351804
351829
351854
351879
351904
351929
351954
351979
352004
352029
352054
352079
352104
352129
352154
352179
352204
352229
352254
352279
352304
352329
352354
352379
352404
352429
352454
352479
352504
352529
352554
352579
352604
352629
352654
352679
352704
352729
352754
352779
352804
352829
352854
352879
352904
352929
352954
352979
353004
353029
353054
353079
353104
353129
353154
353179
353204
353229
353254
353279
353304
353329
353354
353379
353404
353429
353454
353479
353504
353529
353554
353579
353604
353629
353654
353679
353704
353729
353754
353779
353804
353829
353854
353879
353904
353929
353954
353979
354004
354029
354054
354080
354106
354132
354158
354184
354210
354236
354262
354288
354314
354340
354366
354392
354418
354444
354470
354496
354522
354548
354574
354600
354626
354652
354678
354704
354730
354756
354782
354808
354834
354860
354886
354912
354938
354964
354990
355016
355042
355068
355094
355120
355146
355172
355198
355224
355250
355276
355302
355328
355354
355380
355406
355432
355458
355484
355510
355536
355562
355588
355614
355640
355666
355692
355718
355744
355770
355796
355822
355848
355874
355900
355926
355952
355978
356004
356030
356056
356082
356108
356134
356160
356186
356212
356238
356264
356290
356316
356342
356368
356394
356420
356446
356472
356498
356524
356550
356576
356602
356628
356654
356680
356706
356732
356758
356784
356810
356836
356862
356888
356914
356940
356966
356992
357018
357044
357070
357096
357122
357148
357174
357200
357226
357252
357278
357304
357330
357356
357382
357408
357434
357460
357486
357512
357538
357564
357590
357616
357642
357668
357694
357720
357746
357772
357798
357824
357850
357876
357902
357928
357954
357980
358006
358032
358058
358084
358110
358136
358162
358188
358214
358240
358266
358292
358318
358344
358370
358396
358422
358448
358474
358500
358526
358552
358578
358604
358630
358656
358682
358708
358734
358760
358786
358812
358838
358864
358890
358916
358942
358968
358994
359020
359046
359072
359098
359124
359150
359176
359202
359228
359254
359280
359306
359332
359358
359384
359410
359436
359462
359488
359514
359540
359566
359592
359618
359644
359670
359696
359722
359748
359774
359800
359826
359852
359878
359904
359930
359956
359982
360008
360034
360060
360086
360112
360138
360164
360190
360216
360242
360268
360294
360320
360346
360372
360398
360424
360450
360476
360502
360528
360554
360580
360606
360632
360658
360684
360710
360736
360762
360788
360814
360840
360866
360892
360918
360944
360970
360996
361022
361048
361074
361100
361126
361152
361178
361204
361230
361256
361282
361308
361334
361360
361386
361412
361438
361464
361490
361516
361542
361568
361594
361620
361646
361672
361698
361724
361750
361776
361802
361828
361854
361880
361906
361932
361958
361984
362010
362036
362062
362088
362114
362140
362166
362192
362218
362244
362270
362296
362322
362348
362374
362400
362426
362452
362478
362504
362530
362556
362582
362608
362634
362660
362686
362712
362738
362764
362790
362816
362842
362868
362894
362920
362946
362972
362998
363024
363050
363076
363102
363128
363154
363180
363206
363232
363258
363284
363310
363336
363362
363388
363414
363440
363466
363492
363518
363544
363570
363596
363622
363648
363674
363700
363726
363752
363778
363804
363830
363856
363882
363908
363934
363960
363986
364012
364038
364064
364090
364116
364142
364168
364194
364220
364246
364272
364298
364324
364350
364376
364402
364428
364454
364480
364506
364532
364558
364584
364610
364636
364662
364688
364714
364740
364766
364792
364818
364844
364870
364896
364922
364948
364974
365000
365026
365052
365078
365104
365130
365156
365182
365208
365234
365260
365286
365312
365338
365364
365390
365416
365442
365468
365494
365520
365546
365572
365598
365624
365650
365676
365702
365728
365754
365780
365806
365832
365858
365884
365910
365936
365962
365988
366014
366040
366066
366092
366118
366144
366170
366196
366222
366248
366274
366300
366326
366352
366378
366404
366430
366456
366482
366508
366534
366560
366586
366612
366638
366664
366690
366716
366742
366768
366794
366820
366846
366872
366898
366924
366950
366976
367002
367028
367054
367080
367106
367132
367158
367184
367210
367236
367262
367288
367314
367340
367366
367392
367418
367444
367470
367496
367522
367548
367574
367600
367626
367652
367678
367704
367730
367756
367782
367808
367834
367860
367886
367912
367938
367964
367990
368016
368042
368068
368094
368120
368146
368172
368198
368224
368250
368276
368302
368328
368354
368380
368406
368432
368458
368484
368510
368536
368563
368590
368617
368644
368671
368698
368725
368752
368779
368806
368833
368860
368887
368914
368941
368968
368995
369022
369049
369076
369103
369130
369157
369184
369211
369238
369265
369292
369319
369346
369373
369400
369427
369454
369481
369508
369535
369562
369589
369616
369643
369670
369697
369724
369751
369778
369805
369832
369859
369886
369913
369940
369967
369994
370021
370048
370075
370102
370129
370156
370183
370210
370237
370264
370291
370318
370345
370372
370399
370426
370453
370480
370507
370534
370561
370588
370615
370642
370669
370696
370723
370750
370777
370804
370831
370858
370885
370912
370939
370966
370993
371020
371047
371074
371101
371128
371155
371182
371209
371236
371263
371290
371317
371344
371371
371398
371425
371452
371479
371506
371533
371560
371587
371614
371641
371668
371695
371722
371749
371776
371803
371830
371857
371884
371911
371938
371965
371992
372019
372046
372073
372100
372127
372154
372181
372208
372235
372262
372289
372316
372343
372370
372397
372424
372451
372478
372505
372532
372559
372586
372613
372640
372667
372694
372721
372748
372775
372802
372829
372856
372883
372910
372937
372964
372991
373018
373045
373072
373099
373126
373153
373180
373207
373234
373261
373288
373315
373342
373369
373396
373423
373450
373477
373504
373531
373558
373585
373612
373639
373666
373693
373720
373747
373774
373801
373828
373855
373882
373909
373936
373963
373990
374017
374044
374071
374098
374125
374152
374179
374206
374233
374260
374287
374314
374341
374368
374395
374422
374449
374476
374503
374530
374557
374584
374611
374638
374665
374692
374719
374746
374773
374800
374827
374854
374881
374908
374935
374962
374989
375016
375043
375070
375097
375124
375151
375178
375205
375232
375259
375286
375313
375340
375367
375394
375421
375448
375475
375502
375529
375556
375583
375610
375637
375664
375691
375718
375745
375772
375799
375826
375853
375880
375907
375934
375961
375988
376015
376042
376069
376096
376123
376150
376177
376204
376231
376258
376285
376312
376339
376366
376393
376420
376447
376474
376501
376528
376555
376582
376609
376636
376663
376690
376717
376744
376771
376798
376825
376852
376879
376906
376933
376960
376987
377014
377041
377068
377095
377122
377149
377176
377203
377230
377257
377284
377311
377338
377365
377392
377419
377446
377473
377500
377527
377554
377581
377608
377635
377662
377689
377716
377743
377770
377797
377824
377851
377878
377905
377932
377959
377986
378013
378040
378067
378094
378121
378148
378175
378202
378229
378256
378283
378310
378337
378364
378391
378418
378445
378472
378499
378526
378553
378580
378607
378634
378661
378688
378715
378742
378769
378796
378823
378850
378877
378904
378931
378958
378985
379012
379039
379066
379093
379120
379147
379174
379201
379228
379255
379282
379309
379336
379363
379390
379417
379444
379471
379498
379525
379552
379579
379606
379633
379660
379687
379714
379741
379768
379795
379822
379849
379876
379903
379930
379957
379984
380011
380038
380065
380092
380119
380146
380173
380200
380227
380254
380281
380308
380335
380362
380389
380416
380443
380470
380497
380524
380551
380578
380605
380632
380659
380686
380713
380740
380767
380794
380821
380848
380875
380902
380929
380956
380983
381010
381037
381064
381091
381118
381145
381172
381199
381226
381253
381280
381307
381334
381361
381388
381415
381442
381469
381496
381523
381550
381577
381604
381631
381658
381685
381712
381739
381766
381793
381820
381847
381874
381901
381928
381955
381982
382009
382036
382063
382090
382117
382144
382171
382198
382225
382252
382279
382306
382333
382360
382387
382414
382441
382468
382495
382522
382549
382576
382603
382630
382657
382684
382711
382738
382765
382792
382819
382846
382873
382900
382927
382954
382981
383008
383036
383064
383092
383120
383148
383176
383204
383232
383260
383288
383316
383344
383372
383400
383428
383456
383484
383512
383540
383568
383596
383624
383652
383680
383708
383736
383764
383792
383820
383848
383876
383904
383932
383960
383988
384016
384044
384072
384100
384128
384156
384184
384212
384240
384268
384296
384324
384352
384380
384408
384436
384464
384492
384520
384548
384576
384604
384632
384660
384688
384716
384744
384772
384800
384828
384856
384884
384912
384940
384968
384996
385024
385052
385080
385108
385136
385164
385192
385220
385248
385276
385304
385332
385360
385388
385416
385444
385472
385500
385528
385556
385584
385612
385640
385668
385696
385724
385752
385780
385808
385836
385864
385892
385920
385948
385976
386004
386032
386060
386088
386116
386144
386172
386200
386228
386256
386284
386312
386340
386368
386396
386424
386452
386480
386508
386536
386564
386592
386620
386648
386676
386704
386732
386760
386788
386816
386844
386872
386900
386928
386956
386984
387012
387040
387068
387096
387124
387152
387180
387208
387236
387264
387292
387320
387348
387376
387404
387432
387460
387488
387516
387544
387572
387600
387628
387656
387684
387712
387740
387768
387796
387824
387852
387880
387908
387936
387964
387992
388020
388048
388076
388104
388132
388160
388188
388216
388244
388272
388300
388328
388356
388384
388412
388440
388468
388496
388524
388552
388580
388608
388636
388664
388692
388720
388748
388776
388804
388832
388860
388888
388916
388944
388972
389000
389028
389056
389084
389112
389140
389168
389196
389224
389252
389280
389308
389336
389364
389392
389420
389448
389476
389504
389532
389560
389588
389616
389644
389672
389700
389728
389756
389784
389812
389840
389868
389896
389924
389952
389980
390008
390036
390064
390092
390120
390148
390176
390204
390232
390260
390288
390316
390344
390372
390400
390428
390456
390484
390512
390540
390568
390596
390624
390652
390680
390708
390736
390764
390792
390820
390848
390876
390904
390932
390960
390988
391016
391044
391072
391100
391128
391156
391184
391212
391240
391268
391296
391324
391352
391380
391408
391436
391464
391492
391520
391548
391576
391604
391632
391660
391688
391716
391744
391772
391800
391828
391856
391884
391912
391940
391968
391996
392024
392052
392080
392108
392136
392164
392192
392220
392248
392276
392304
392332
392360
392388
392416
392444
392472
392500
392528
392556
392584
392612
392640
392668
392696
392724
392752
392780
392808
392836
392864
392892
392920
392948
392976
393004
393032
393060
393088
393116
393144
393172
393200
393228
393256
393284
393312
393340
393368
393396
393424
393452
393480
393508
393536
393564
393592
393620
393648
393676
393704
393732
393760
393788
393816
393844
393872
393900
393928
393956
393984
394012
394040
394068
394096
394124
394152
394180
394208
394236
394264
394292
394320
394348
394376
394404
394432
394460
394488
394516
394544
394572
394600
394628
394656
394684
394712
394740
394768
394796
394824
394852
394880
394908
394936
394964
394992
395020
395048
395076
395104
395132
395160
395188
395216
395244
395272
395300
395328
395356
395384
395412
395440
395468
395496
395524
395552
395580
395608
395636
395664
395692
395720
395748
395776
395804
395832
395860
395888
395916
395944
395972
396000
396028
396056
396084
396112
396140
396168
396196
396224
396252
396280
396308
396336
396364
396392
396420
396448
396476
396504
396532
396560
396588
396616
396644
396672
396700
396728
396756
396784
396812
396840
396868
396896
396924
396952
396980
397008
397036
397064
397092
397120
397148
397176
397204
397232
397260
397288
397316
397344
397372
397400
397428
397456
397484
397513
397542
397571
397600
397629
397658
397687
397716
397745
397774
397803
397832
397861
397890
397919
397948
397977
398006
398035
398064
398093
398122
398151
398180
398209
398238
398267
398296
398325
398354
398383
398412
398441
398470
398499
398528
398557
398586
398615
398644
398673
398702
398731
398760
398789
398818
398847
398876
398905
398934
398963
398992
399021
399050
399079
399108
399137
399166
399195
399224
399253
399282
399311
399340
399369
399398
399427
399456
399485
399514
399543
399572
399601
399630
399659
399688
399717
399746
399775
399804
399833
399862
399891
399920
399949
399978
400007
400036
400065
400094
400123
400152
400181
400210
400239
400268
400297
400326
400355
400384
400413
400442
400471
400500
400529
400558
400587
400616
400645
400674
400703
400732
400761
400790
400819
400848
400877
400906
400935
400964
400993
401022
401051
401080
401109
401138
401167
401196
401225
401254
401283
401312
401341
401370
401399
401428
401457
401486
401515
401544
401573
401602
401631
401660
401689
401718
401747
401776
401805
401834
401863
401892
401921
401950
401979
402008
402037
402066
402095
402124
402153
402182
402211
402240
402269
402298
402327
402356
402385
402414
402443
402472
402501
402530
402559
402588
402617
402646
402675
402704
402733
402762
402791
402820
402849
402878
402907
402936
402965
402994
403023
403052
403081
403110
403139
403168
403197
403226
403255
403284
403313
403342
403371
403400
403429
403458
403487
403516
403545
403574
403603
403632
403661
403690
403719
403748
403777
403806
403835
403864
403893
403922
403951
403980
404009
404038
404067
404096
404125
404154
404183
404212
404241
404270
404299
404328
404357
404386
404415
404444
404473
404502
404531
404560
404589
404618
404647
404676
404705
404734
404763
404792
404821
404850
404879
404908
404937
404966
404995
405024
405053
405082
405111
405140
405169
405198
405227
405256
405285
405314
405343
405372
405401
405430
405459
405488
405517
405546
405575
405604
405633
405662
405691
405720
405749
405778
405807
405836
405865
405894
405923
405952
405981
406010
406039
406068
406097
406126
406155
406184
406213
406242
406271
406300
406329
406358
406387
406416
406445
406474
406503
406532
406561
406590
406619
406648
406677
406706
406735
406764
406793
406822
406851
406880
406909
406938
406967
406996
407025
407054
407083
407112
407141
407170
407199
407228
407257
407286
407315
407344
407373
407402
407431
407460
407489
407518
407547
407576
407605
407634
407663
407692
407721
407750
407779
407808
407837
407866
407895
407924
407953
407982
408011
408040
408069
408098
408127
408156
408185
408214
408243
408272
408301
408330
408359
408388
408417
408446
408475
408504
408533
408562
408591
408620
408649
408678
408707
408736
408765
408794
408823
408852
408881
408910
408939
408968
408997
409026
409055
409084
409113
409142
409171
409200
409229
409258
409287
409316
409345
409374
409403
409432
409461
409490
409519
409548
409577
409606
409635
409664
409693
409722
409751
409780
409809
409838
409867
409896
409925
409954
409983
410012
410041
410070
410099
410128
410157
410186
410215
410244
410273
410302
410331
410360
410389
410418
410447
410476
410505
410534
410563
410592
410621
410650
410679
410708
410737
410766
410795
410824
410853
410882
410911
410940
410969
410998
411027
411056
411085
411114
411143
411172
411201
411230
411259
411288
411317
411346
411375
411404
411433
411462
411491
411520
411549
411578
411607
411636
411665
411694
411723
411752
411781
411810
411839
411868
411897
411926
411955
411985
412015
412045
412075
412105
412135
412165
412195
412225
412255
412285
412315
412345
412375
412405
412435
412465
412495
412525
412555
412585
412615
412645
412675
412705
412735
412765
412795
412825
412855
412885
412915
412945
412975
413005
413035
413065
413095
413125
413155
413185
413215
413245
413275
413305
413335
413365
413395
413425
413455
413485
413515
413545
413575
413605
413635
413665
413695
413725
413755
413785
413815
413845
413875
413905
413935
413965
413995
414025
414055
414085
414115
414145
414175
414205
414235
414265
414295
414325
414355
414385
414415
414445
414475
414505
414535
414565
414595
414625
414655
414685
414715
414745
414775
414805
414835
414865
414895
414925
414955
414985
415015
415045
415075
415105
415135
415165
415195
415225
415255
415285
415315
415345
415375
415405
415435
415465
415495
415525
415555
415585
415615
415645
415675
415705
415735
415765
415795
415825
415855
415885
415915
415945
415975
416005
416035
416065
416095
416125
416155
416185
416215
416245
416275
416305
416335
416365
416395
416425
416455
416485
416515
416545
416575
416605
416635
416665
416695
416725
416755
416785
416815
416845
416875
416905
416935
416965
416995
417025
417055
417085
417115
417145
417175
417205
417235
417265
417295
417325
417355
417385
417415
417445
417475
417505
417535
417565
417595
417625
417655
417685
417715
417745
417775
417805
417835
417865
417895
417925
417955
417985
418015
418045
418075
418105
418135
418165
418195
418225
418255
418285
418315
418345
418375
418405
418435
418465
418495
418525
418555
418585
418615
418645
418675
418705
418735
418765
418795
418825
418855
418885
418915
418945
418975
419005
419035
419065
419095
419125
419155
419185
419215
419245
419275
419305
419335
419365
419395
419425
419455
419485
419515
419545
419575
419605
419635
419665
419695
419725
419755
419785
419815
419845
419875
419905
419935
419965
419995
420025
420055
420085
420115
420145
420175
420205
420235
420265
420295
420325
420355
420385
420415
420445
420475
420505
420535
420565
420595
420625
420655
420685
420715
420745
420775
420805
420835
420865
420895
420925
420955
420985
421015
421045
421075
421105
421135
421165
421195
421225
421255
421285
421315
421345
421375
421405
421435
421465
421495
421525
421555
421585
421615
421645
421675
421705
421735
421765
421795
421825
421855
421885
421915
421945
421975
422005
422035
422065
422095
422125
422155
422185
422215
422245
422275
422305
422335
422365
422395
422425
422455
422485
422515
422545
422575
422605
422635
422665
422695
422725
422755
422785
422815
422845
422875
422905
422935
422965
422995
423025
423055
423085
423115
423145
423175
423205
423235
423265
423295
423325
423355
423385
423415
423445
423475
423505
423535
423565
423595
423625
423655
423685
423715
423745
423775
423805
423835
423865
423895
423925
423955
423985
424015
424045
424075
424105
424135
424165
424195
424225
424255
424285
424315
424345
424375
424405
424435
424465
424495
424525
424555
424585
424615
424645
424675
424705
424735
424765
424795
424825
424855
424885
424915
424945
424975
425005
425035
425065
425095
425125
425155
425185
425215
425245
425275
425305
425335
425365
425395
425425
425455
425485
425515
425545
425575
425605
425635
425665
425695
425725
425755
425785
425815
425845
425875
425905
425935
425965
425995
426025
426055
426085
426115
426145
426175
426205
426235
426265
426295
426325
426355
426385
426415
426445
426476
426507
426538
426569
426600
426631
426662
426693
426724
426755
426786
426817
426848
426879
426910
426941
426972
427003
427034
427065
427096
427127
427158
427189
427220
427251
427282
427313
427344
427375
427406
427437
427468
427499
427530
427561
427592
427623
427654
427685
427716
427747
427778
427809
427840
427871
427902
427933
427964
427995
428026
428057
428088
428119
428150
428181
428212
428243
428274
428305
428336
428367
428398
428429
428460
428491
428522
428553
428584
428615
428646
428677
428708
428739
428770
428801
428832
428863
428894
428925
428956
428987
429018
429049
429080
429111
429142
429173
429204
429235
429266
429297
429328
429359
429390
429421
429452
429483
429514
429545
429576
429607
429638
429669
429700
429731
429762
429793
429824
429855
429886
429917
429948
429979
430010
430041
430072
430103
430134
430165
430196
430227
430258
430289
430320
430351
430382
430413
430444
430475
430506
430537
430568
430599
430630
430661
430692
430723
430754
430785
430816
430847
430878
430909
430940
430971
431002
431033
431064
431095
431126
431157
431188
431219
431250
431281
431312
431343
431374
431405
431436
431467
431498
431529
431560
431591
431622
431653
431684
431715
431746
431777
431808
431839
431870
431901
431932
431963
431994
432025
432056
432087
432118
432149
432180
432211
432242
432273
432304
432335
432366
432397
432428
432459
432490
432521
432552
432583
432614
432645
432676
432707
432738
432769
432800
432831
432862
432893
432924
432955
432986
433017
433048
433079
433110
433141
433172
433203
433234
433265
433296
433327
433358
433389
433420
433451
433482
433513
433544
433575
433606
433637
433668
433699
433730
433761
433792
433823
433854
433885
433916
433947
433978
434009
434040
434071
434102
434133
434164
434195
434226
434257
434288
434319
434350
434381
434412
434443
434474
434505
434536
434567
434598
434629
434660
434691
434722
434753
434784
434815
434846
434877
434908
434939
434970
435001
435032
435063
435094
435125
435156
435187
435218
435249
435280
435311
435342
435373
435404
435435
435466
435497
435528
435559
435590
435621
435652
435683
435714
435745
435776
435807
435838
435869
435900
435931
435962
435993
436024
436055
436086
436117
436148
436179
436210
436241
436272
436303
436334
436365
436396
436427
436458
436489
436520
436551
436582
436613
436644
436675
436706
436737
436768
436799
436830
436861
436892
436923
436954
436985
437016
437047
437078
437109
437140
437171
437202
437233
437264
437295
437326
437357
437388
437419
437450
437481
437512
437543
437574
437605
437636
437667
437698
437729
437760
437791
437822
437853
437884
437915
437946
437977
438008
438039
438070
438101
438132
438163
438194
438225
438256
438287
438318
438349
438380
438411
438442
438473
438504
438535
438566
438597
438628
438659
438690
438721
438752
438783
438814
438845
438876
438907
438938
438969
439000
439031
439062
439093
439124
439155
439186
439217
439248
439279
439310
439341
439372
439403
439434
439465
439496
439527
439558
439589
439620
439651
439682
439713
439744
439775
439806
439837
439868
439899
439930
439961
439992
440023
440054
440085
440116
440147
440178
440209
440240
440271
440302
440333
440364
440395
440426
440457
440488
440519
440550
440581
440612
440643
440674
440705
440736
440767
440798
440829
440860
440891
440922
440954
440986
441018
441050
441082
441114
441146
441178
441210
441242
441274
441306
441338
441370
441402
441434
441466
441498
441530
441562
441594
441626
441658
441690
441722
441754
441786
441818
441850
441882
441914
441946
441978
442010
442042
442074
442106
442138
442170
442202
442234
442266
442298
442330
442362
442394
442426
442458
442490
442522
442554
442586
442618
442650
442682
442714
442746
442778
442810
442842
442874
442906
442938
442970
443002
443034
443066
443098
443130
443162
443194
443226
443258
443290
443322
443354
443386
443418
443450
443482
443514
443546
443578
443610
443642
443674
443706
443738
443770
443802
443834
443866
443898
443930
443962
443994
444026
444058
444090
444122
444154
444186
444218
444250
444282
444314
444346
444378
444410
444442
444474
444506
444538
444570
444602
444634
444666
444698
444730
444762
444794
444826
444858
444890
444922
444954
444986
445018
445050
445082
445114
445146
445178
445210
445242
445274
445306
445338
445370
445402
445434
445466
445498
445530
445562
445594
445626
445658
445690
445722
445754
445786
445818
445850
445882
445914
445946
445978
446010
446042
446074
446106
446138
446170
446202
446234
446266
446298
446330
446362
446394
446426
446458
446490
446522
446554
446586
446618
446650
446682
446714
446746
446778
446810
446842
446874
446906
446938
446970
447002
447034
447066
447098
447130
447162
447194
447226
447258
447290
447322
447354
447386
447418
447450
447482
447514
447546
447578
447610
447642
447674
447706
447738
447770
447802
447834
447866
447898
447930
447962
447994
448026
448058
448090
448122
448154
448186
448218
448250
448282
448314
448346
448378
448410
448442
448474
448506
448538
448570
448602
448634
448666
448698
448730
448762
448794
448826
448858
448890
448922
448954
448986
449018
449050
449082
449114
449146
449178
449210
449242
449274
449306
449338
449370
449402
449434
449466
449498
449530
449562
449594
449626
449658
449690
449722
449754
449786
449818
449850
449882
449914
449946
449978
450010
450042
450074
450106
450138
450170
450202
450234
450266
450298
450330
450362
450394
450426
450458
450490
450522
450554
450586
450618
450650
450682
450714
450746
450778
450810
450842
450874
450906
450938
450970
451002
451034
451066
451098
451130
451162
451194
451226
451258
451290
451322
451354
451386
451418
451450
451482
451514
451546
451578
451610
451642
451674
451706
451738
451770
451802
451834
451866
451898
451930
451962
451994
452026
452058
452090
452122
452154
452186
452218
452250
452282
452314
452346
452378
452410
452442
452474
452506
452538
452570
452602
452634
452666
452698
452730
452762
452794
452826
452858
452890
452922
452954
452986
453018
453050
453082
453114
453146
453178
453210
453242
453274
453306
453338
453370
453402
453434
453466
453498
453530
453562
453594
453626
453658
453690
453722
453754
453786
453818
453850
453882
453914
453946
453978
454010
454042
454074
454106
454138
454170
454202
454234
454266
454298
454330
454362
454394
454426
454458
454490
454522
454554
454586
454618
454650
454682
454714
454746
454778
454810
454842
454874
454906
454938
454970
455002
455034
455066
455098
455130
455162
455194
455226
455258
455290
455322
455354
455386
455419
455452
455485
455518
455551
455584
455617
455650
455683
455716
455749
455782
455815
455848
455881
455914
455947
455980
456013
456046
456079
456112
456145
456178
456211
456244
456277
456310
456343
456376
456409
456442
456475
456508
456541
456574
456607
456640
456673
456706
456739
456772
456805
456838
456871
456904
456937
456970
457003
457036
457069
457102
457135
457168
457201
457234
457267
457300
457333
457366
457399
457432
457465
457498
457531
457564
457597
457630
457663
457696
457729
457762
457795
457828
457861
457894
457927
457960
457993
458026
458059
458092
458125
458158
458191
458224
458257
458290
458323
458356
458389
458422
458455
458488
458521
458554
458587
458620
458653
458686
458719
458752
458785
458818
458851
458884
458917
458950
458983
459016
459049
459082
459115
459148
459181
459214
459247
459280
459313
459346
459379
459412
459445
459478
459511
459544
459577
459610
459643
459676
459709
459742
459775
459808
459841
459874
459907
459940
459973
460006
460039
460072
460105
460138
460171
460204
460237
460270
460303
460336
460369
460402
460435
460468
460501
460534
460567
460600
460633
460666
460699
460732
460765
460798
460831
460864
460897
460930
460963
460996
461029
461062
461095
461128
461161
461194
461227
461260
461293
461326
461359
461392
461425
461458
461491
461524
461557
461590
461623
461656
461689
461722
461755
461788
461821
461854
461887
461920
461953
461986
462019
462052
462085
462118
462151
462184
462217
462250
462283
462316
462349
462382
462415
462448
462481
462514
462547
462580
462613
462646
462679
462712
462745
462778
462811
462844
462877
462910
462943
462976
463009
463042
463075
463108
463141
463174
463207
463240
463273
463306
463339
463372
463405
463438
463471
463504
463537
463570
463603
463636
463669
463702
463735
463768
463801
463834
463867
463900
463933
463966
463999
464032
464065
464098
464131
464164
464197
464230
464263
464296
464329
464362
464395
464428
464461
464494
464527
464560
464593
464626
464659
464692
464725
464758
464791
464824
464857
464890
464923
464956
464989
465022
465055
465088
465121
465154
465187
465220
465253
465286
465319
465352
465385
465418
465451
465484
465517
465550
465583
465616
465649
465682
465715
465748
465781
465814
465847
465880
465913
465946
465979
466012
466045
466078
466111
466144
466177
466210
466243
466276
466309
466342
466375
466408
466441
466474
466507
466540
466573
466606
466639
466672
466705
466738
466771
466804
466837
466870
466903
466936
466969
467002
467035
467068
467101
467134
467167
467200
467233
467266
467299
467332
467365
467398
467431
467464
467497
467530
467563
467596
467629
467662
467695
467728
467761
467794
467827
467860
467893
467926
467959
467992
468025
468058
468091
468124
468157
468190
468223
468256
468289
468322
468355
468388
468421
468454
468487
468520
468553
468586
468619
468652
468685
468718
468751
468784
468817
468850
468883
468916
468949
468982
469015
469048
469081
469114
469147
469180
469213
469246
469279
469312
469345
469378
469411
469444
469477
469510
469543
469576
469609
469642
469675
469708
469741
469774
469807
469840
469873
469907
469941
469975
470009
470043
470077
470111
470145
470179
470213
470247
470281
470315
470349
470383
470417
470451
470485
470519
470553
470587
470621
470655
470689
470723
470757
470791
470825
470859
470893
470927
470961
470995
471029
471063
471097
471131
471165
471199
471233
471267
471301
471335
471369
471403
471437
471471
471505
471539
471573
471607
471641
471675
471709
471743
471777
471811
471845
471879
471913
471947
471981
472015
472049
472083
472117
472151
472185
472219
472253
472287
472321
472355
472389
472423
472457
472491
472525
472559
472593
472627
472661
472695
472729
472763
472797
472831
472865
472899
472933
472967
473001
473035
473069
473103
473137
473171
473205
473239
473273
473307
473341
473375
473409
473443
473477
473511
473545
473579
473613
473647
473681
473715
473749
473783
473817
473851
473885
473919
473953
473987
474021
474055
474089
474123
474157
474191
474225
474259
474293
474327
474361
474395
474429
474463
474497
474531
474565
474599
474633
474667
474701
474735
474769
474803
474837
474871
474905
474939
474973
475007
475041
475075
475109
475143
475177
475211
475245
475279
475313
475347
475381
475415
475449
475483
475517
475551
475585
475619
475653
475687
475721
475755
475789
475823
475857
475891
475925
475959
475993
476027
476061
476095
476129
476163
476197
476231
476265
476299
476333
476367
476401
476435
476469
476503
476537
476571
476605
476639
476673
476707
476741
476775
476809
476843
476877
476911
476945
476979
477013
477047
477081
477115
477149
477183
477217
477251
477285
477319
477353
477387
477421
477455
477489
477523
477557
477591
477625
477659
477693
477727
477761
477795
477829
477863
477897
477931
477965
477999
478033
478067
478101
478135
478169
478203
478237
478271
478305
478339
478373
478407
478441
478475
478509
478543
478577
478611
478645
478679
478713
478747
478781
478815
478849
478883
478917
478951
478985
479019
479053
479087
479121
479155
479189
479223
479257
479291
479325
479359
479393
479427
479461
479495
479529
479563
479597
479631
479665
479699
479733
479767
479801
479835
479869
479903
479937
479971
480005
480039
480073
480107
480141
480175
480209
480243
480277
480311
480345
480379
480413
480447
480481
480515
480549
480583
480617
480651
480685
480719
480753
480787
480821
480855
480889
480923
480957
480991
481025
481059
481093
481127
481161
481195
481229
481263
481297
481331
481365
481399
481433
481467
481501
481535
481569
481603
481637
481671
481705
481739
481773
481807
481841
481875
481909
481943
481977
482011
482045
482079
482113
482147
482181
482215
482249
482283
482317
482351
482385
482419
482453
482487
482521
482555
482589
482623
482657
482691
482725
482759
482793
482827
482861
482895
482929
482963
482997
483031
483065
483099
483133
483167
483201
483235
483269
483303
483337
483371
483405
483439
483473
483507
483541
483575
483609
483643
483677
483711
483745
483779
483813
483847
483881
483915
483949
483983
484017
484051
484085
484119
484153
484187
484221
484255
484289
484323
484357
484392
484427
484462
484497
484532
484567
484602
484637
484672
484707
484742
484777
484812
484847
484882
484917
484952
484987
485022
485057
485092
485127
485162
485197
485232
485267
485302
485337
485372
485407
485442
485477
485512
485547
485582
485617
485652
485687
485722
485757
485792
485827
485862
485897
485932
485967
486002
486037
486072
486107
486142
486177
486212
486247
486282
486317
486352
486387
486422
486457
486492
486527
486562
486597
486632
486667
486702
486737
486772
486807
486842
486877
486912
486947
486982
487017
487052
487087
487122
487157
487192
487227
487262
487297
487332
487367
487402
487437
487472
487507
487542
487577
487612
487647
487682
487717
487752
487787
487822
487857
487892
487927
487962
487997
488032
488067
488102
488137
488172
488207
488242
488277
488312
488347
488382
488417
488452
488487
488522
488557
488592
488627
488662
488697
488732
488767
488802
488837
488872
488907
488942
488977
489012
489047
489082
489117
489152
489187
489222
489257
489292
489327
489362
489397
489432
489467
489502
489537
489572
489607
489642
489677
489712
489747
489782
489817
489852
489887
489922
489957
489992
490027
490062
490097
490132
490167
490202
490237
490272
490307
490342
490377
490412
490447
490482
490517
490552
490587
490622
490657
490692
490727
490762
490797
490832
490867
490902
490937
490972
491007
491042
491077
491112
491147
491182
491217
491252
491287
491322
491357
491392
491427
491462
491497
491532
491567
491602
491637
491672
491707
491742
491777
491812
491847
491882
491917
491952
491987
492022
492057
492092
492127
492162
492197
492232
492267
492302
492337
492372
492407
492442
492477
492512
492547
492582
492617
492652
492687
492722
492757
492792
492827
492862
492897
492932
492967
493002
493037
493072
493107
493142
493177
493212
493247
493282
493317
493352
493387
493422
493457
493492
493527
493562
493597
493632
493667
493702
493737
493772
493807
493842
493877
493912
493947
493982
494017
494052
494087
494122
494157
494192
494227
494262
494297
494332
494367
494402
494437
494472
494507
494542
494577
494612
494647
494682
494717
494752
494787
494822
494857
494892
494927
494962
494997
495032
495067
495102
495137
495172
495207
495242
495277
495312
495347
495382
495417
495452
495487
495522
495557
495592
495627
495662
495697
495732
495767
495802
495837
495872
495907
495942
495977
496012
496047
496082
496117
496152
496187
496222
496257
496292
496327
496362
496397
496432
496467
496502
496537
496572
496607
496642
496677
496712
496747
496782
496817
496852
496887
496922
496957
496992
497027
497062
497097
497132
497167
497202
497237
497272
497307
497342
497377
497412
497447
497482
497517
497552
497587
497622
497657
497692
497727
497762
497797
497832
497867
497902
497937
497972
498007
498042
498077
498112
498147
498182
498217
498252
498287
498322
498357
498392
498427
498462
498497
498532
498567
498602
498637
498672
498707
498742
498777
498812
498848
498884
498920
498956
498992
499028
499064
499100
499136
499172
499208
499244
499280
499316
499352
499388
499424
499460
499496
499532
499568
499604
499640
499676
499712
499748
499784
499820
499856
499892
499928
499964
500000
500036
500072
500108
500144
500180
500216
500252
500288
500324
500360
500396
500432
500468
500504
500540
500576
500612
500648
500684
500720
500756
500792
500828
500864
500900
500936
500972
501008
501044
501080
501116
501152
501188
501224
501260
501296
501332
501368
501404
501440
501476
501512
501548
501584
501620
501656
501692
501728
501764
501800
501836
501872
501908
501944
501980
502016
502052
502088
502124
502160
502196
502232
502268
502304
502340
502376
502412
502448
502484
502520
502556
502592
502628
502664
502700
502736
502772
502808
502844
502880
502916
502952
502988
503024
503060
503096
503132
503168
503204
503240
503276
503312
503348
503384
503420
503456
503492
503528
503564
503600
503636
503672
503708
503744
503780
503816
503852
503888
503924
503960
503996
504032
504068
504104
504140
504176
504212
504248
504284
504320
504356
504392
504428
504464
504500
504536
504572
504608
504644
504680
504716
504752
504788
504824
504860
504896
504932
504968
505004
505040
505076
505112
505148
505184
505220
505256
505292
505328
505364
505400
505436
505472
505508
505544
505580
505616
505652
505688
505724
505760
505796
505832
505868
505904
505940
505976
506012
506048
506084
506120
506156
506192
506228
506264
506300
506336
506372
506408
506444
506480
506516
506552
506588
506624
506660
506696
506732
506768
506804
506840
506876
506912
506948
506984
507020
507056
507092
507128
507164
507200
507236
507272
507308
507344
507380
507416
507452
507488
507524
507560
507596
507632
507668
507704
507740
507776
507812
507848
507884
507920
507956
507992
508028
508064
508100
508136
508172
508208
508244
508280
508316
508352
508388
508424
508460
508496
508532
508568
508604
508640
508676
508712
508748
508784
508820
508856
508892
508928
508964
509000
509036
509072
509108
509144
509180
509216
509252
509288
509324
509360
509396
509432
509468
509504
509540
509576
509612
509648
509684
509720
509756
509792
509828
509864
509900
509936
509972
510008
510044
510080
510116
510152
510188
510224
510260
510296
510332
510368
510404
510440
510476
510512
510548
510584
510620
510656
510692
510728
510764
510800
510836
510872
510908
510944
510980
511016
511052
511088
511124
511160
511196
511232
511268
511304
511340
511376
511412
511448
511484
511520
511556
511592
511628
511664
511700
511736
511772
511808
511844
511880
511916
511952
511988
512024
512060
512096
512132
512168
512204
512240
512276
512312
512348
512384
512420
512456
512492
512528
512564
512600
512636
512672
512708
512744
512780
512816
512852
512888
512924
512960
512996
513032
513068
513104
513140
513176
513212
513248
513284
513321
513358
513395
513432
513469
513506
513543
513580
513617
513654
513691
513728
513765
513802
513839
513876
513913
513950
513987
514024
514061
514098
514135
514172
514209
514246
514283
514320
514357
514394
514431
514468
514505
514542
514579
514616
514653
514690
514727
514764
514801
514838
514875
514912
514949
514986
515023
515060
515097
515134
515171
515208
515245
515282
515319
515356
515393
515430
515467
515504
515541
515578
515615
515652
515689
515726
515763
515800
515837
515874
515911
515948
515985
516022
516059
516096
516133
516170
516207
516244
516281
516318
516355
516392
516429
516466
516503
516540
516577
516614
516651
516688
516725
516762
516799
516836
516873
516910
516947
516984
517021
517058
517095
517132
517169
517206
517243
517280
517317
517354
517391
517428
517465
517502
517539
517576
517613
517650
517687
517724
517761
517798
517835
517872
517909
517946
517983
518020
518057
518094
518131
518168
518205
518242
518279
518316
518353
518390
518427
518464
518501
518538
518575
518612
518649
518686
518723
518760
518797
518834
518871
518908
518945
518982
519019
519056
519093
519130
519167
519204
519241
519278
519315
519352
519389
519426
519463
519500
519537
519574
519611
519648
519685
519722
519759
519796
519833
519870
519907
519944
519981
520018
520055
520092
520129
520166
520203
520240
520277
520314
520351
520388
520425
520462
520499
520536
520573
520610
520647
520684
520721
520758
520795
520832
520869
520906
520943
520980
521017
521054
521091
521128
521165
521202
521239
521276
521313
521350
521387
521424
521461
521498
521535
521572
521609
521646
521683
521720
521757
521794
521831
521868
521905
521942
521979
522016
522053
522090
522127
522164
522201
522238
522275
522312
522349
522386
522423
522460
522497
522534
522571
522608
522645
522682
522719
522756
522793
522830
522867
522904
522941
522978
523015
523052
523089
523126
523163
523200
523237
523274
523311
523348
523385
523422
523459
523496
523533
523570
523607
523644
523681
523718
523755
523792
523829
523866
523903
523940
523977
524014
524051
524088
524125
524162
524199
524236
524273
524310
524347
524384
524421
524458
524495
524532
524569
524606
524643
524680
524717
524754
524791
524828
524865
524902
524939
524976
525013
525050
525087
525124
525161
525198
525235
525272
525309
525346
525383
525420
525457
525494
525531
525568
525605
525642
525679
525716
525753
525790
525827
525864
525901
525938
525975
526012
526049
526086
526123
526160
526197
526234
526271
526308
526345
526382
526419
526456
526493
526530
526567
526604
526641
526678
526715
526752
526789
526826
526863
526900
526937
526974
527011
527048
527085
527122
527159
527196
527233
527270
527307
527344
527381
527418
527455
527492
527529
527566
527603
527640
527677
527714
527751
527788
527826
527864
527902
527940
527978
528016
528054
528092
528130
528168
528206
528244
528282
528320
528358
528396
528434
528472
528510
528548
528586
528624
528662
528700
528738
528776
528814
528852
528890
528928
528966
529004
529042
529080
529118
529156
529194
529232
529270
529308
529346
529384
529422
529460
529498
529536
529574
529612
529650
529688
529726
529764
529802
529840
529878
529916
529954
529992
530030
530068
530106
530144
530182
530220
530258
530296
530334
530372
530410
530448
530486
530524
530562
530600
530638
530676
530714
530752
530790
530828
530866
530904
530942
530980
531018
531056
531094
531132
531170
531208
531246
531284
531322
531360
531398
531436
531474
531512
531550
531588
531626
531664
531702
531740
531778
531816
531854
531892
531930
531968
532006
532044
532082
532120
532158
532196
532234
532272
532310
532348
532386
532424
532462
532500
532538
532576
532614
532652
532690
532728
532766
532804
532842
532880
532918
532956
532994
533032
533070
533108
533146
533184
533222
533260
533298
533336
533374
533412
533450
533488
533526
533564
533602
533640
533678
533716
533754
533792
533830
533868
533906
533944
533982
534020
534058
534096
534134
534172
534210
534248
534286
534324
534362
534400
534438
534476
534514
534552
534590
534628
534666
534704
534742
534780
534818
534856
534894
534932
534970
535008
535046
535084
535122
535160
535198
535236
535274
535312
535350
535388
535426
535464
535502
535540
535578
535616
535654
535692
535730
535768
535806
535844
535882
535920
535958
535996
536034
536072
536110
536148
536186
536224
536262
536300
536338
536376
536414
536452
536490
536528
536566
536604
536642
536680
536718
536756
536794
536832
536870
536908
536946
536984
537022
537060
537098
537136
537174
537212
537250
537288
537326
537364
537402
537440
537478
537516
537554
537592
537630
537668
537706
537744
537782
537820
537858
537896
537934
537972
538010
538048
538086
538124
538162
538200
538238
538276
538314
538352
538390
538428
538466
538504
538542
538580
538618
538656
538694
538732
538770
538808
538846
538884
538922
538960
538998
539036
539074
539112
539150
539188
539226
539264
539302
539340
539378
539416
539454
539492
539530
539568
539606
539644
539682
539720
539758
539796
539834
539872
539910
539948
539986
540024
540062
540100
540138
540176
540214
540252
540290
540328
540366
540404
540442
540480
540518
540556
540594
540632
540670
540708
540746
540784
540822
540860
540898
540936
540974
541012
541050
541088
541126
541164
541202
541240
541278
541316
541354
541392
541430
541468
541506
541544
541582
541620
541658
541696
541734
541772
541810
541848
541886
541924
541962
542000
542038
542076
542114
542152
542190
542228
542266
542305
542344
542383
542422
542461
542500
542539
542578
542617
542656
542695
542734
542773
542812
542851
542890
542929
542968
543007
543046
543085
543124
543163
543202
543241
543280
543319
543358
543397
543436
543475
543514
543553
543592
543631
543670
543709
543748
543787
543826
543865
543904
543943
543982
544021
544060
544099
544138
544177
544216
544255
544294
544333
544372
544411
544450
544489
544528
544567
544606
544645
544684
544723
544762
544801
544840
544879
544918
544957
544996
545035
545074
545113
545152
545191
545230
545269
545308
545347
545386
545425
545464
545503
545542
545581
545620
545659
545698
545737
545776
545815
545854
545893
545932
545971
546010
546049
546088
546127
546166
546205
546244
546283
546322
546361
546400
546439
546478
546517
546556
546595
546634
546673
546712
546751
546790
546829
546868
546907
546946
546985
547024
547063
547102
547141
547180
547219
547258
547297
547336
547375
547414
547453
547492
547531
547570
547609
547648
547687
547726
547765
547804
547843
547882
547921
547960
547999
548038
548077
548116
548155
548194
548233
548272
548311
548350
548389
548428
548467
548506
548545
548584
548623
548662
548701
548740
548779
548818
548857
548896
548935
548974
549013
549052
549091
549130
549169
549208
549247
549286
549325
549364
549403
549442
549481
549520
549559
549598
549637
549676
549715
549754
549793
549832
549871
549910
549949
549988
550027
550066
550105
550144
550183
550222
550261
550300
550339
550378
550417
550456
550495
550534
550573
550612
550651
550690
550729
550768
550807
550846
550885
550924
550963
551002
551041
551080
551119
551158
551197
551236
551275
551314
551353
551392
551431
551470
551509
551548
551587
551626
551665
551704
551743
551782
551821
551860
551899
551938
551977
552016
552055
552094
552133
552172
552211
552250
552289
552328
552367
552406
552445
552484
552523
552562
552601
552640
552679
552718
552757
552796
552835
552874
552913
552952
552991
553030
553069
553108
553147
553186
553225
553264
553303
553342
553381
553420
553459
553498
553537
553576
553615
553654
553693
553732
553771
553810
553849
553888
553927
553966
554005
554044
554083
554122
554161
554200
554239
554278
554317
554356
554395
554434
554473
554512
554551
554590
554629
554668
554707
554746
554785
554824
554863
554902
554941
554980
555019
555058
555097
555136
555175
555214
555253
555292
555331
555370
555409
555448
555487
555526
555565
555604
555643
555682
555721
555760
555799
555838
555877
555916
555955
555994
556033
556072
556111
556150
556189
556228
556267
556306
556345
556384
556423
556462
556501
556540
556579
556618
556657
556696
556735
556775
556815
556855
556895
556935
556975
557015
557055
557095
557135
557175
557215
557255
557295
557335
557375
557415
557455
557495
557535
557575
557615
557655
557695
557735
557775
557815
557855
557895
557935
557975
558015
558055
558095
558135
558175
558215
558255
558295
558335
558375
558415
558455
558495
558535
558575
558615
558655
558695
558735
558775
558815
558855
558895
558935
558975
559015
559055
559095
559135
559175
559215
559255
559295
559335
559375
559415
559455
559495
559535
559575
559615
559655
559695
559735
559775
559815
559855
559895
559935
559975
560015
560055
560095
560135
560175
560215
560255
560295
560335
560375
560415
560455
560495
560535
560575
560615
560655
560695
560735
560775
560815
560855
560895
560935
560975
561015
561055
561095
561135
561175
561215
561255
561295
561335
561375
561415
561455
561495
561535
561575
561615
561655
561695
561735
561775
561815
561855
561895
561935
561975
562015
562055
562095
562135
562175
562215
562255
562295
562335
562375
562415
562455
562495
562535
562575
562615
562655
562695
562735
562775
562815
562855
562895
562935
562975
563015
563055
563095
563135
563175
563215
563255
563295
563335
563375
563415
563455
563495
563535
563575
563615
563655
563695
563735
563775
563815
563855
563895
563935
563975
564015
564055
564095
564135
564175
564215
564255
564295
564335
564375
564415
564455
564495
564535
564575
564615
564655
564695
564735
564775
564815
564855
564895
564935
564975
565015
565055
565095
565135
565175
565215
565255
565295
565335
565375
565415
565455
565495
565535
565575
565615
565655
565695
565735
565775
565815
565855
565895
565935
565975
566015
566055
566095
566135
566175
566215
566255
566295
566335
566375
566415
566455
566495
566535
566575
566615
566655
566695
566735
566775
566815
566855
566895
566935
566975
567015
567055
567095
567135
567175
567215
567255
567295
567335
567375
567415
567455
567495
567535
567575
567615
567655
567695
567735
567775
567815
567855
567895
567935
567975
568015
568055
568095
568135
568175
568215
568255
568295
568335
568375
568415
568455
568495
568535
568575
568615
568655
568695
568735
568775
568815
568855
568895
568935
568975
569015
569055
569095
569135
569175
569215
569255
569295
569335
569375
569415
569455
569495
569535
569575
569615
569655
569695
569735
569775
569815
569855
569895
569935
569975
570015
570055
570095
570135
570175
570215
570255
570295
570335
570375
570415
570455
570495
570535
570575
570615
570655
570695
570735
570775
570815
570855
570895
570935
570975
571015
571055
571095
571135
571175
571215
571256
571297
571338
571379
571420
571461
571502
571543
571584
571625
571666
571707
571748
571789
571830
571871
571912
571953
571994
572035
572076
572117
572158
572199
572240
572281
572322
572363
572404
572445
572486
572527
572568
572609
572650
572691
572732
572773
572814
572855
572896
572937
572978
573019
573060
573101
573142
573183
573224
573265
573306
573347
573388
573429
573470
573511
573552
573593
573634
573675
573716
573757
573798
573839
573880
573921
573962
574003
574044
574085
574126
574167
574208
574249
574290
574331
574372
574413
574454
574495
574536
574577
574618
574659
574700
574741
574782
574823
574864
574905
574946
574987
575028
575069
575110
575151
575192
575233
575274
575315
575356
575397
575438
575479
575520
575561
575602
575643
575684
575725
575766
575807
575848
575889
575930
575971
576012
576053
576094
576135
576176
576217
576258
576299
576340
576381
576422
576463
576504
576545
576586
576627
576668
576709
576750
576791
576832
576873
576914
576955
576996
577037
577078
577119
577160
577201
577242
577283
577324
577365
577406
577447
577488
577529
577570
577611
577652
577693
577734
577775
577816
577857
577898
577939
577980
578021
578062
578103
578144
578185
578226
578267
578308
578349
578390
578431
578472
578513
578554
578595
578636
578677
578718
578759
578800
578841
578882
578923
578964
579005
579046
579087
579128
579169
579210
579251
579292
579333
579374
579415
579456
579497
579538
579579
579620
579661
579702
579743
579784
579825
579866
579907
579948
579989
580030
580071
580112
580153
580194
580235
580276
580317
580358
580399
580440
580481
580522
580563
580604
580645
580686
580727
580768
580809
580850
580891
580932
580973
581014
581055
581096
581137
581178
581219
581260
581301
581342
581383
581424
581465
581506
581547
581588
581629
581670
581711
581752
581793
581834
581875
581916
581957
581998
582039
582080
582121
582162
582203
582244
582285
582326
582367
582408
582449
582490
582531
582572
582613
582654
582695
582736
582777
582818
582859
582900
582941
582982
583023
583064
583105
583146
583187
583228
583269
583310
583351
583392
583433
583474
583515
583556
583597
583638
583679
583720
583761
583802
583843
583884
583925
583966
584007
584048
584089
584130
584171
584212
584253
584294
584335
584376
584417
584458
584499
584540
584581
584622
584663
584704
584745
584786
584827
584868
584909
584950
584991
585032
585073
585114
585155
585196
585237
585278
585319
585360
585401
585442
585483
585524
585565
585606
585647
585688
585730
585772
585814
585856
585898
585940
585982
586024
586066
586108
586150
586192
586234
586276
586318
586360
586402
586444
586486
586528
586570
586612
586654
586696
586738
586780
586822
586864
586906
586948
586990
587032
587074
587116
587158
587200
587242
587284
587326
587368
587410
587452
587494
587536
587578
587620
587662
587704
587746
587788
587830
587872
587914
587956
587998
588040
588082
588124
588166
588208
588250
588292
588334
588376
588418
588460
588502
588544
588586
588628
588670
588712
588754
588796
588838
588880
588922
588964
589006
589048
589090
589132
589174
589216
589258
589300
589342
589384
589426
589468
589510
589552
589594
589636
589678
589720
589762
589804
589846
589888
589930
589972
590014
590056
590098
590140
590182
590224
590266
590308
590350
590392
590434
590476
590518
590560
590602
590644
590686
590728
590770
590812
590854
590896
590938
590980
591022
591064
591106
591148
591190
591232
591274
591316
591358
591400
591442
591484
591526
591568
591610
591652
591694
591736
591778
591820
591862
591904
591946
591988
592030
592072
592114
592156
592198
592240
592282
592324
592366
592408
592450
592492
592534
592576
592618
592660
592702
592744
592786
592828
592870
592912
592954
592996
593038
593080
593122
593164
593206
593248
593290
593332
593374
593416
593458
593500
593542
593584
593626
593668
593710
593752
593794
593836
593878
593920
593962
594004
594046
594088
594130
594172
594214
594256
594298
594340
594382
594424
594466
594508
594550
594592
594634
594676
594718
594760
594802
594844
594886
594928
594970
595012
595054
595096
595138
595180
595222
595264
595306
595348
595390
595432
595474
595516
595558
595600
595642
595684
595726
595768
595810
595852
595894
595936
595978
596020
596062
596104
596146
596188
596230
596272
596314
596356
596398
596440
596482
596524
596566
596608
596650
596692
596734
596776
596818
596860
596902
596944
596986
597028
597070
597112
597154
597196
597238
597280
597322
597364
597406
597448
597490
597532
597574
597616
597658
597700
597742
597784
597826
597868
597910
597952
597994
598036
598078
598120
598162
598204
598246
598288
598330
598372
598414
598456
598498
598540
598582
598624
598666
598708
598750
598792
598834
598876
598918
598960
599002
599044
599086
599128
599170
599212
599254
599296
599338
599380
599422
599464
599506
599548
599590
599632
599674
599716
599758
599800
599842
599884
599926
599968
600010
600052
600094
600136
600178
600221
600264
600307
600350
600393
600436
600479
600522
600565
600608
600651
600694
600737
600780
600823
600866
600909
600952
600995
601038
601081
601124
601167
601210
601253
601296
601339
601382
601425
601468
601511
601554
601597
601640
601683
601726
601769
601812
601855
601898
601941
601984
602027
602070
602113
602156
602199
602242
602285
602328
602371
602414
602457
602500
602543
602586
602629
602672
602715
602758
602801
602844
602887
602930
602973
603016
603059
603102
603145
603188
603231
603274
603317
603360
603403
603446
603489
603532
603575
603618
603661
603704
603747
603790
603833
603876
603919
603962
604005
604048
604091
604134
604177
604220
604263
604306
604349
604392
604435
604478
604521
604564
604607
604650
604693
604736
604779
604822
604865
604908
604951
604994
605037
605080
605123
605166
605209
605252
605295
605338
605381
605424
605467
605510
605553
605596
605639
605682
605725
605768
605811
605854
605897
605940
605983
606026
606069
606112
606155
606198
606241
606284
606327
606370
606413
606456
606499
606542
606585
606628
606671
606714
606757
606800
606843
606886
606929
606972
607015
607058
607101
607144
607187
607230
607273
607316
607359
607402
607445
607488
607531
607574
607617
607660
607703
607746
607789
607832
607875
607918
607961
608004
608047
608090
608133
608176
608219
608262
608305
608348
608391
608434
608477
608520
608563
608606
608649
608692
608735
608778
608821
608864
608907
608950
608993
609036
609079
609122
609165
609208
609251
609294
609337
609380
609423
609466
609509
609552
609595
609638
609681
609724
609767
609810
609853
609896
609939
609982
610025
610068
610111
610154
610197
610240
610283
610326
610369
610412
610455
610498
610541
610584
610627
610670
610713
610756
610799
610842
610885
610928
610971
611014
611057
611100
611143
611186
611229
611272
611315
611358
611401
611444
611487
611530
611573
611616
611659
611702
611745
611788
611831
611874
611917
611960
612003
612046
612089
612132
612175
612218
612261
612304
612347
612390
612433
612476
612519
612562
612605
612648
612691
612734
612777
612820
612863
612906
612949
612992
613035
613078
613121
613164
613207
613250
613293
613336
613379
613422
613465
613508
613551
613594
613637
613680
613723
613766
613809
613852
613895
613938
613981
614024
614067
614110
614153
614196
614239
614282
614325
614368
614411
614454
614497
614540
614583
614626
614670
614714
614758
614802
614846
614890
614934
614978
615022
615066
615110
615154
615198
615242
615286
615330
615374
615418
615462
615506
615550
615594
615638
615682
615726
615770
615814
615858
615902
615946
615990
616034
616078
616122
616166
616210
616254
616298
616342
616386
616430
616474
616518
616562
616606
616650
616694
616738
616782
616826
616870
616914
616958
617002
617046
617090
617134
617178
617222
617266
617310
617354
617398
617442
617486
617530
617574
617618
617662
617706
617750
617794
617838
617882
617926
617970
618014
618058
618102
618146
618190
618234
618278
618322
618366
618410
618454
618498
618542
618586
618630
618674
618718
618762
618806
618850
618894
618938
618982
619026
619070
619114
619158
619202
619246
619290
619334
619378
619422
619466
619510
619554
619598
619642
619686
619730
619774
619818
619862
619906
619950
619994
620038
620082
620126
620170
620214
620258
620302
620346
620390
620434
620478
620522
620566
620610
620654
620698
620742
620786
620830
620874
620918
620962
621006
621050
621094
621138
621182
621226
621270
621314
621358
621402
621446
621490
621534
621578
621622
621666
621710
621754
621798
621842
621886
621930
621974
622018
622062
622106
622150
622194
622238
622282
622326
622370
622414
622458
622502
622546
622590
622634
622678
622722
622766
622810
622854
622898
622942
622986
623030
623074
623118
623162
623206
623250
623294
623338
623382
623426
623470
623514
623558
623602
623646
623690
623734
623778
623822
623866
623910
623954
623998
624042
624086
624130
624174
624218
624262
624306
624350
624394
624438
624482
624526
624570
624614
624658
624702
624746
624790
624834
624878
624922
624966
625010
625054
625098
625142
625186
625230
625274
625318
625362
625406
625450
625494
625538
625582
625626
625670
625714
625758
625802
625846
625890
625934
625978
626022
626066
626110
626154
626198
626242
626286
626330
626374
626418
626462
626506
626550
626594
626638
626682
626726
626770
626814
626858
626902
626946
626990
627034
627078
627122
627166
627210
627254
627298
627342
627386
627430
627474
627518
627562
627606
627650
627694
627738
627782
627826
627870
627914
627958
628002
628046
628090
628134
628178
628222
628266
628310
628354
628398
628442
628486
628530
628574
628618
628662
628706
628750
628794
628838
628882
628926
628970
629014
629058
629102
629147
629192
629237
629282
629327
629372
629417
629462
629507
629552
629597
629642
629687
629732
629777
629822
629867
629912
629957
630002
630047
630092
630137
630182
630227
630272
630317
630362
630407
630452
630497
630542
630587
630632
630677
630722
630767
630812
630857
630902
630947
630992
631037
631082
631127
631172
631217
631262
631307
631352
631397
631442
631487
631532
631577
631622
631667
631712
631757
631802
631847
631892
631937
631982
632027
632072
632117
632162
632207
632252
632297
632342
632387
632432
632477
632522
632567
632612
632657
632702
632747
632792
632837
632882
632927
632972
633017
633062
633107
633152
633197
633242
633287
633332
633377
633422
633467
633512
633557
633602
633647
633692
633737
633782
633827
633872
633917
633962
634007
634052
634097
634142
634187
634232
634277
634322
634367
634412
634457
634502
634547
634592
634637
634682
634727
634772
634817
634862
634907
634952
634997
635042
635087
635132
635177
635222
635267
635312
635357
635402
635447
635492
635537
635582
635627
635672
635717
635762
635807
635852
635897
635942
635987
636032
636077
636122
636167
636212
636257
636302
636347
636392
636437
636482
636527
636572
636617
636662
636707
636752
636797
636842
636887
636932
636977
637022
637067
637112
637157
637202
637247
637292
637337
637382
637427
637472
637517
637562
637607
637652
637697
637742
637787
637832
637877
637922
637967
638012
638057
638102
638147
638192
638237
638282
638327
638372
638417
638462
638507
638552
638597
638642
638687
638732
638777
638822
638867
638912
638957
639002
639047
639092
639137
639182
639227
639272
639317
639362
639407
639452
639497
639542
639587
639632
639677
639722
639767
639812
639857
639902
639947
639992
640037
640082
640127
640172
640217
640262
640307
640352
640397
640442
640487
640532
640577
640622
640667
640712
640757
640802
640847
640892
640937
640982
641027
641072
641117
641162
641207
641252
641297
641342
641387
641432
641477
641522
641567
641612
641657
641702
641747
641792
641837
641882
641927
641972
642017
642062
642107
642152
642197
642242
642287
642332
642377
642422
642467
642512
642557
642602
642647
642692
642737
642782
642827
642872
642917
642962
643007
643052
643097
643142
643187
643232
643277
643322
643367
643412
643457
643502
643547
643592
643638
643684
643730
643776
643822
643868
643914
643960
644006
644052
644098
644144
644190
644236
644282
644328
644374
644420
644466
644512
644558
644604
644650
644696
644742
644788
644834
644880
644926
644972
645018
645064
645110
645156
645202
645248
645294
645340
645386
645432
645478
645524
645570
645616
645662
645708
645754
645800
645846
645892
645938
645984
646030
646076
646122
646168
646214
646260
646306
646352
646398
646444
646490
646536
646582
646628
646674
646720
646766
646812
646858
646904
646950
646996
647042
647088
647134
647180
647226
647272
647318
647364
647410
647456
647502
647548
647594
647640
647686
647732
647778
647824
647870
647916
647962
648008
648054
648100
648146
648192
648238
648284
648330
648376
648422
648468
648514
648560
648606
648652
648698
648744
648790
648836
648882
648928
648974
649020
649066
649112
649158
649204
649250
649296
649342
649388
649434
649480
649526
649572
649618
649664
649710
649756
649802
649848
649894
649940
649986
650032
650078
650124
650170
650216
650262
650308
650354
650400
650446
650492
650538
650584
650630
650676
650722
650768
650814
650860
650906
650952
650998
651044
651090
651136
651182
651228
651274
651320
651366
651412
651458
651504
651550
651596
651642
651688
651734
651780
651826
651872
651918
651964
652010
652056
652102
652148
652194
652240
652286
652332
652378
652424
652470
652516
652562
652608
652654
652700
652746
652792
652838
652884
652930
652976
653022
653068
653114
653160
653206
653252
653298
653344
653390
653436
653482
653528
653574
653620
653666
653712
653758
653804
653850
653896
653942
653988
654034
654080
654126
654172
654218
654264
654310
654356
654402
654448
654494
654540
654586
654632
654678
654724
654770
654816
654862
654908
654954
655000
655046
655092
655138
655184
655230
655276
655322
655368
655414
655460
655506
655552
655598
655644
655690
655736
655782
655828
655874
655920
655966
656012
656058
656104
656150
656196
656242
656288
656334
656380
656426
656472
656518
656564
656610
656656
656702
656748
656794
656840
656886
656932
656978
657024
657070
657116
657162
657208
657254
657300
657346
657392
657438
657484
657530
657576
657622
657668
657714
657760
657806
657852
657898
657944
657990
658036
658082
658129
658176
658223
658270
658317
658364
658411
658458
658505
658552
658599
658646
658693
658740
658787
658834
658881
658928
658975
659022
659069
659116
659163
659210
659257
659304
659351
659398
659445
659492
659539
659586
659633
659680
659727
659774
659821
659868
659915
659962
660009
660056
660103
660150
660197
660244
660291
660338
660385
660432
660479
660526
660573
660620
660667
660714
660761
660808
660855
660902
660949
660996
661043
661090
661137
661184
661231
661278
661325
661372
661419
661466
661513
661560
661607
661654
661701
661748
661795
661842
661889
661936
661983
662030
662077
662124
662171
662218
662265
662312
662359
662406
662453
662500
662547
662594
662641
662688
662735
662782
662829
662876
662923
662970
663017
663064
663111
663158
663205
663252
663299
663346
663393
663440
663487
663534
663581
663628
663675
663722
663769
663816
663863
663910
663957
664004
664051
664098
664145
664192
664239
664286
664333
664380
664427
664474
664521
664568
664615
664662
664709
664756
664803
664850
664897
664944
664991
665038
665085
665132
665179
665226
665273
665320
665367
665414
665461
665508
665555
665602
665649
665696
665743
665790
665837
665884
665931
665978
666025
666072
666119
666166
666213
666260
666307
666354
666401
666448
666495
666542
666589
666636
666683
666730
666777
666824
666871
666918
666965
667012
667059
667106
667153
667200
667247
667294
667341
667388
667435
667482
667529
667576
667623
667670
667717
667764
667811
667858
667905
667952
667999
668046
668093
668140
668187
668234
668281
668328
668375
668422
668469
668516
668563
668610
668657
668704
668751
668798
668845
668892
668939
668986
669033
669080
669127
669174
669221
669268
669315
669362
669409
669456
669503
669550
669597
669644
669691
669738
669785
669832
669879
669926
669973
670020
670067
670114
670161
670208
670255
670302
670349
670396
670443
670490
670537
670584
670631
670678
670725
670772
670819
670866
670913
670960
671007
671054
671101
671148
671195
671242
671289
671336
671383
671430
671477
671524
671571
671618
671665
671712
671759
671806
671853
671900
671947
671994
672041
672088
672135
672182
672229
672276
672323
672370
672417
672464
672511
672558
672606
672654
672702
672750
672798
672846
672894
672942
672990
673038
673086
673134
673182
673230
673278
673326
673374
673422
673470
673518
673566
673614
673662
673710
673758
673806
673854
673902
673950
673998
674046
674094
674142
674190
674238
674286
674334
674382
674430
674478
674526
674574
674622
674670
674718
674766
674814
674862
674910
674958
675006
675054
675102
675150
675198
675246
675294
675342
675390
675438
675486
675534
675582
675630
675678
675726
675774
675822
675870
675918
675966
676014
676062
676110
676158
676206
676254
676302
676350
676398
676446
676494
676542
676590
676638
676686
676734
676782
676830
676878
676926
676974
677022
677070
677118
677166
677214
677262
677310
677358
677406
677454
677502
677550
677598
677646
677694
677742
677790
677838
677886
677934
677982
678030
678078
678126
678174
678222
678270
678318
678366
678414
678462
678510
678558
678606
678654
678702
678750
678798
678846
678894
678942
678990
679038
679086
679134
679182
679230
679278
679326
679374
679422
679470
679518
679566
679614
679662
679710
679758
679806
679854
679902
679950
679998
680046
680094
680142
680190
680238
680286
680334
680382
680430
680478
680526
680574
680622
680670
680718
680766
680814
680862
680910
680958
681006
681054
681102
681150
681198
681246
681294
681342
681390
681438
681486
681534
681582
681630
681678
681726
681774
681822
681870
681918
681966
682014
682062
682110
682158
682206
682254
682302
682350
682398
682446
682494
682542
682590
682638
682686
682734
682782
682830
682878
682926
682974
683022
683070
683118
683166
683214
683262
683310
683358
683406
683454
683502
683550
683598
683646
683694
683742
683790
683838
683886
683934
683982
684030
684078
684126
684174
684222
684270
684318
684366
684414
684462
684510
684558
684606
684654
684702
684750
684798
684846
684894
684942
684990
685038
685086
685134
685182
685230
685278
685326
685374
685422
685470
685518
685566
685614
685662
685710
685758
685806
685854
685902
685950
685998
686046
686094
686142
686190
686238
686286
686334
686382
686430
686478
686526
686574
686622
686670
686718
686766
686814
686862
686910
686958
687006
687055
687104
687153
687202
687251
687300
687349
687398
687447
687496
687545
687594
687643
687692
687741
687790
687839
687888
687937
687986
688035
688084
688133
688182
688231
688280
688329
688378
688427
688476
688525
688574
688623
688672
688721
688770
688819
688868
688917
688966
689015
689064
689113
689162
689211
689260
689309
689358
689407
689456
689505
689554
689603
689652
689701
689750
689799
689848
689897
689946
689995
690044
690093
690142
690191
690240
690289
690338
690387
690436
690485
690534
690583
690632
690681
690730
690779
690828
690877
690926
690975
691024
691073
691122
691171
691220
691269
691318
691367
691416
691465
691514
691563
691612
691661
691710
691759
691808
691857
691906
691955
692004
692053
692102
692151
692200
692249
692298
692347
692396
692445
692494
692543
692592
692641
692690
692739
692788
692837
692886
692935
692984
693033
693082
693131
693180
693229
693278
693327
693376
693425
693474
693523
693572
693621
693670
693719
693768
693817
693866
693915
693964
694013
694062
694111
694160
694209
694258
694307
694356
694405
694454
694503
694552
694601
694650
694699
694748
694797
694846
694895
694944
694993
695042
695091
695140
695189
695238
695287
695336
695385
695434
695483
695532
695581
695630
695679
695728
695777
695826
695875
695924
695973
696022
696071
696120
696169
696218
696267
696316
696365
696414
696463
696512
696561
696610
696659
696708
696757
696806
696855
696904
696953
697002
697051
697100
697149
697198
697247
697296
697345
697394
697443
697492
697541
697590
697639
697688
697737
697786
697835
697884
697933
697982
698031
698080
698129
698178
698227
698276
698325
698374
698423
698472
698521
698570
698619
698668
698717
698766
698815
698864
698913
698962
699011
699060
699109
699158
699207
699256
699305
699354
699403
699452
699501
699550
699599
699648
699697
699746
699795
699844
699893
699942
699991
700040
700089
700138
700187
700236
700285
700334
700383
700432
700481
700530
700579
700628
700677
700726
700775
700824
700873
700922
700971
701020
701069
701118
701167
701216
701265
701314
701363
701412
701461
701510
701560
701610
701660
701710
701760
701810
701860
701910
701960
702010
702060
702110
702160
702210
702260
702310
702360
702410
702460
702510
702560
702610
702660
702710
702760
702810
702860
702910
702960
703010
703060
703110
703160
703210
703260
703310
703360
703410
703460
703510
703560
703610
703660
703710
703760
703810
703860
703910
703960
704010
704060
704110
704160
704210
704260
704310
704360
704410
704460
704510
704560
704610
704660
704710
704760
704810
704860
704910
704960
705010
705060
705110
705160
705210
705260
705310
705360
705410
705460
705510
705560
705610
705660
705710
705760
705810
705860
705910
705960
706010
706060
706110
706160
706210
706260
706310
706360
706410
706460
706510
706560
706610
706660
706710
706760
706810
706860
706910
706960
707010
707060
707110
707160
707210
707260
707310
707360
707410
707460
707510
707560
707610
707660
707710
707760
707810
707860
707910
707960
708010
708060
708110
708160
708210
708260
708310
708360
708410
708460
708510
708560
708610
708660
708710
708760
708810
708860
708910
708960
709010
709060
709110
709160
709210
709260
709310
709360
709410
709460
709510
709560
709610
709660
709710
709760
709810
709860
709910
709960
710010
710060
710110
710160
710210
710260
710310
710360
710410
710460
710510
710560
710610
710660
710710
710760
710810
710860
710910
710960
711010
711060
711110
711160
711210
711260
711310
711360
711410
711460
711510
711560
711610
711660
711710
711760
711810
711860
711910
711960
712010
712060
712110
712160
712210
712260
712310
712360
712410
712460
712510
712560
712610
712660
712710
712760
712810
712860
712910
712960
713010
713060
713110
713160
713210
713260
713310
713360
713410
713460
713510
713560
713610
713660
713710
713760
713810
713860
713910
713960
714010
714060
714110
714160
714210
714260
714310
714360
714410
714460
714510
714560
714610
714660
714710
714760
714810
714860
714910
714960
715010
715060
715110
715160
715210
715260
715310
715360
715410
715460
715510
715560
715610
715660
715710
715760
715810
715860
715910
715960
716011
716062
716113
716164
716215
716266
716317
716368
716419
716470
716521
716572
716623
716674
716725
716776
716827
716878
716929
716980
717031
717082
717133
717184
717235
717286
717337
717388
717439
717490
717541
717592
717643
717694
717745
717796
717847
717898
717949
718000
718051
718102
718153
718204
718255
718306
718357
718408
718459
718510
718561
718612
718663
718714
718765
718816
718867
718918
718969
719020
719071
719122
719173
719224
719275
719326
719377
719428
719479
719530
719581
719632
719683
719734
719785
719836
719887
719938
719989
720040
720091
720142
720193
720244
720295
720346
720397
720448
720499
720550
720601
720652
720703
720754
720805
720856
720907
720958
721009
721060
721111
721162
721213
721264
721315
721366
721417
721468
721519
721570
721621
721672
721723
721774
721825
721876
721927
721978
722029
722080
722131
722182
722233
722284
722335
722386
722437
722488
722539
722590
722641
722692
722743
722794
722845
722896
722947
722998
723049
723100
723151
723202
723253
723304
723355
723406
723457
723508
723559
723610
723661
723712
723763
723814
723865
723916
723967
724018
724069
724120
724171
724222
724273
724324
724375
724426
724477
724528
724579
724630
724681
724732
724783
724834
724885
724936
724987
725038
725089
725140
725191
725242
725293
725344
725395
725446
725497
725548
725599
725650
725701
725752
725803
725854
725905
725956
726007
726058
726109
726160
726211
726262
726313
726364
726415
726466
726517
726568
726619
726670
726721
726772
726823
726874
726925
726976
727027
727078
727129
727180
727231
727282
727333
727384
727435
727486
727537
727588
727639
727690
727741
727792
727843
727894
727945
727996
728047
728098
728149
728200
728251
728302
728353
728404
728455
728506
728557
728608
728659
728710
728761
728812
728863
728914
728965
729016
729067
729118
729169
729220
729271
729322
729373
729424
729475
729526
729577
729628
729679
729730
729781
729832
729883
729934
729985
730036
730087
730138
730189
730240
730291
730342
730393
730444
730496
730548
730600
730652
730704
730756
730808
730860
730912
730964
731016
731068
731120
731172
731224
731276
731328
731380
731432
731484
731536
731588
731640
731692
731744
731796
731848
731900
731952
732004
732056
732108
732160
732212
732264
732316
732368
732420
732472
732524
732576
732628
732680
732732
732784
732836
732888
732940
732992
733044
733096
733148
733200
733252
733304
733356
733408
733460
733512
733564
733616
733668
733720
733772
733824
733876
733928
733980
734032
734084
734136
734188
734240
734292
734344
734396
734448
734500
734552
734604
734656
734708
734760
734812
734864
734916
734968
735020
735072
735124
735176
735228
735280
735332
735384
735436
735488
735540
735592
735644
735696
735748
735800
735852
735904
735956
736008
736060
736112
736164
736216
736268
736320
736372
736424
736476
736528
736580
736632
736684
736736
736788
736840
736892
736944
736996
737048
737100
737152
737204
737256
737308
737360
737412
737464
737516
737568
737620
737672
737724
737776
737828
737880
737932
737984
738036
738088
738140
738192
738244
738296
738348
738400
738452
738504
738556
738608
738660
738712
738764
738816
738868
738920
738972
739024
739076
739128
739180
739232
739284
739336
739388
739440
739492
739544
739596
739648
739700
739752
739804
739856
739908
739960
740012
740064
740116
740168
740220
740272
740324
740376
740428
740480
740532
740584
740636
740688
740740
740792
740844
740896
740948
741000
741052
741104
741156
741208
741260
741312
741364
741416
741468
741520
741572
741624
741676
741728
741780
741832
741884
741936
741988
742040
742092
742144
742196
742248
742300
742352
742404
742456
742508
742560
742612
742664
742716
742768
742820
742872
742924
742976
743028
743080
743132
743184
743236
743288
743340
743392
743444
743496
743548
743600
743652
743704
743756
743808
743860
743912
743964
744016
744068
744120
744172
744224
744276
744328
744380
744432
744484
744536
744588
744640
744692
744744
744796
744848
744900
744952
745005
745058
745111
745164
745217
745270
745323
745376
745429
745482
745535
745588
745641
745694
745747
745800
745853
745906
745959
746012
746065
746118
746171
746224
746277
746330
746383
746436
746489
746542
746595
746648
746701
746754
746807
746860
746913
746966
747019
747072
747125
747178
747231
747284
747337
747390
747443
747496
747549
747602
747655
747708
747761
747814
747867
747920
747973
748026
748079
748132
748185
748238
748291
748344
748397
748450
748503
748556
748609
748662
748715
748768
748821
748874
748927
748980
749033
749086
749139
749192
749245
749298
749351
749404
749457
749510
749563
749616
749669
749722
749775
749828
749881
749934
749987
750040
750093
750146
750199
750252
750305
750358
750411
750464
750517
750570
750623
750676
750729
750782
750835
750888
750941
750994
751047
751100
751153
751206
751259
751312
751365
751418
751471
751524
751577
751630
751683
751736
751789
751842
751895
751948
752001
752054
752107
752160
752213
752266
752319
752372
752425
752478
752531
752584
752637
752690
752743
752796
752849
752902
752955
753008
753061
753114
753167
753220
753273
753326
753379
753432
753485
753538
753591
753644
753697
753750
753803
753856
753909
753962
754015
754068
754121
754174
754227
754280
754333
754386
754439
754492
754545
754598
754651
754704
754757
754810
754863
754916
754969
755022
755075
755128
755181
755234
755287
755340
755393
755446
755499
755552
755605
755658
755711
755764
755817
755870
755923
755976
756029
756082
756135
756188
756241
756294
756347
756400
756453
756506
756559
756612
756665
756718
756771
756824
756877
756930
756983
757036
757089
757142
757195
757248
757301
757354
757407
757460
757513
757566
757619
757672
757725
757778
757831
757884
757937
757990
758043
758096
758149
758202
758255
758308
758361
758414
758467
758520
758573
758626
758679
758732
758785
758838
758891
758944
758997
759050
759103
759156
759209
759262
759315
759368
759421
759475
759529
759583
759637
759691
759745
759799
759853
759907
759961
760015
760069
760123
760177
760231
760285
760339
760393
760447
760501
760555
760609
760663
760717
760771
760825
760879
760933
760987
761041
761095
761149
761203
761257
761311
761365
761419
761473
761527
761581
761635
761689
761743
761797
761851
761905
761959
762013
762067
762121
762175
762229
762283
762337
762391
762445
762499
762553
762607
762661
762715
762769
762823
762877
762931
762985
763039
763093
763147
763201
763255
763309
763363
763417
763471
763525
763579
763633
763687
763741
763795
763849
763903
763957
764011
764065
764119
764173
764227
764281
764335
764389
764443
764497
764551
764605
764659
764713
764767
764821
764875
764929
764983
765037
765091
765145
765199
765253
765307
765361
765415
765469
765523
765577
765631
765685
765739
765793
765847
765901
765955
766009
766063
766117
766171
766225
766279
766333
766387
766441
766495
766549
766603
766657
766711
766765
766819
766873
766927
766981
767035
767089
767143
767197
767251
767305
767359
767413
767467
767521
767575
767629
767683
767737
767791
767845
767899
767953
768007
768061
768115
768169
768223
768277
768331
768385
768439
768493
768547
768601
768655
768709
768763
768817
768871
768925
768979
769033
769087
769141
769195
769249
769303
769357
769411
769465
769519
769573
769627
769681
769735
769789
769843
769897
769951
770005
770059
770113
770167
770221
770275
770329
770383
770437
770491
770545
770599
770653
770707
770761
770815
770869
770923
770977
771031
771085
771139
771193
771247
771301
771355
771409
771463
771517
771571
771625
771679
771733
771787
771841
771895
771949
772003
772057
772111
772165
772219
772273
772327
772381
772435
772489
772543
772597
772651
772705
772759
772813
772867
772921
772975
773029
773083
773137
773191
773245
773299
773353
773407
773461
773515
773569
773623
773677
773731
773785
773839
773893
773948
774003
774058
774113
774168
774223
774278
774333
774388
774443
774498
774553
774608
774663
774718
774773
774828
774883
774938
774993
775048
775103
775158
775213
775268
775323
775378
775433
775488
775543
775598
775653
775708
775763
775818
775873
775928
775983
776038
776093
776148
776203
776258
776313
776368
776423
776478
776533
776588
776643
776698
776753
776808
776863
776918
776973
777028
777083
777138
777193
777248
777303
777358
777413
777468
777523
777578
777633
777688
777743
777798
777853
777908
777963
778018
778073
778128
778183
778238
778293
778348
778403
778458
778513
778568
778623
778678
778733
778788
778843
778898
778953
779008
779063
779118
779173
779228
779283
779338
779393
779448
779503
779558
779613
779668
779723
779778
779833
779888
779943
779998
780053
780108
780163
780218
780273
780328
780383
780438
780493
780548
780603
780658
780713
780768
780823
780878
780933
780988
781043
781098
781153
781208
781263
781318
781373
781428
781483
781538
781593
781648
781703
781758
781813
781868
781923
781978
782033
782088
782143
782198
782253
782308
782363
782418
782473
782528
782583
782638
782693
782748
782803
782858
782913
782968
783023
783078
783133
783188
783243
783298
783353
783408
783463
783518
783573
783628
783683
783738
783793
783848
783903
783958
784013
784068
784123
784178
784233
784288
784343
784398
784453
784508
784563
784618
784673
784728
784783
784838
784893
784948
785003
785058
785113
785168
785223
785278
785333
785388
785443
785498
785553
785608
785663
785718
785773
785828
785883
785938
785993
786048
786103
786158
786213
786268
786323
786378
786433
786488
786543
786598
786653
786708
786763
786818
786873
786928
786983
787038
787093
787148
787203
787258
787313
787368
787423
787478
787533
787588
787643
787698
787753
787808
787863
787918
787973
788028
788083
788138
788193
788248
788303
788358
788414
788470
788526
788582
788638
788694
788750
788806
788862
788918
788974
789030
789086
789142
789198
789254
789310
789366
789422
789478
789534
789590
789646
789702
789758
789814
789870
789926
789982
790038
790094
790150
790206
790262
790318
790374
790430
790486
790542
790598
790654
790710
790766
790822
790878
790934
790990
791046
791102
791158
791214
791270
791326
791382
791438
791494
791550
791606
791662
791718
791774
791830
791886
791942
791998
792054
792110
792166
792222
792278
792334
792390
792446
792502
792558
792614
792670
792726
792782
792838
792894
792950
793006
793062
793118
793174
793230
793286
793342
793398
793454
793510
793566
793622
793678
793734
793790
793846
793902
793958
794014
794070
794126
794182
794238
794294
794350
794406
794462
794518
794574
794630
794686
794742
794798
794854
794910
794966
795022
795078
795134
795190
795246
795302
795358
795414
795470
795526
795582
795638
795694
795750
795806
795862
795918
795974
796030
796086
796142
796198
796254
796310
796366
796422
796478
796534
796590
796646
796702
796758
796814
796870
796926
796982
797038
797094
797150
797206
797262
797318
797374
797430
797486
797542
797598
797654
797710
797766
797822
797878
797934
797990
798046
798102
798158
798214
798270
798326
798382
798438
798494
798550
798606
798662
798718
798774
798830
798886
798942
798998
799054
799110
799166
799222
799278
799334
799390
799446
799502
799558
799614
799670
799726
799782
799838
799894
799950
800006
800062
800118
800174
800230
800286
800342
800398
800454
800510
800566
800622
800678
800734
800790
800846
800902
800958
801014
801070
801126
801182
801238
801294
801350
801406
801462
801518
801574
801630
801686
801742
801798
801854
801910
801966
802022
802078
802134
802190
802246
802302
802358
802414
802470
802526
802582
802638
802694
802750
802806
802862
802919
802976
803033
803090
803147
803204
803261
803318
803375
803432
803489
803546
803603
803660
803717
803774
803831
803888
803945
804002
804059
804116
804173
804230
804287
804344
804401
804458
804515
804572
804629
804686
804743
804800
804857
804914
804971
805028
805085
805142
805199
805256
805313
805370
805427
805484
805541
805598
805655
805712
805769
805826
805883
805940
805997
806054
806111
806168
806225
806282
806339
806396
806453
806510
806567
806624
806681
806738
806795
806852
806909
806966
807023
807080
807137
807194
807251
807308
807365
807422
807479
807536
807593
807650
807707
807764
807821
807878
807935
807992
808049
808106
808163
808220
808277
808334
808391
808448
808505
808562
808619
808676
808733
808790
808847
808904
808961
809018
809075
809132
809189
809246
809303
809360
809417
809474
809531
809588
809645
809702
809759
809816
809873
809930
809987
810044
810101
810158
810215
810272
810329
810386
810443
810500
810557
810614
810671
810728
810785
810842
810899
810956
811013
811070
811127
811184
811241
811298
811355
811412
811469
811526
811583
811640
811697
811754
811811
811868
811925
811982
812039
812096
812153
812210
812267
812324
812381
812438
812495
812552
812609
812666
812723
812780
812837
812894
812951
813008
813065
813122
813179
813236
813293
813350
813407
813464
813521
813578
813635
813692
813749
813806
813863
813920
813977
814034
814091
814148
814205
814262
814319
814376
814433
814490
814547
814604
814661
814718
814775
814832
814889
814946
815003
815060
815117
815174
815231
815288
815345
815402
815459
815516
815573
815630
815687
815744
815801
815858
815915
815972
816029
816086
816143
816200
816257
816314
816371
816428
816485
816542
816599
816656
816713
816770
816827
816884
816941
816998
817055
817112
817169
817226
817283
817340
817398
817456
817514
817572
817630
817688
817746
817804
817862
817920
817978
818036
818094
818152
818210
818268
818326
818384
818442
818500
818558
818616
818674
818732
818790
818848
818906
818964
819022
819080
819138
819196
819254
819312
819370
819428
819486
819544
819602
819660
819718
819776
819834
819892
819950
820008
820066
820124
820182
820240
820298
820356
820414
820472
820530
820588
820646
820704
820762
820820
820878
820936
820994
821052
821110
821168
821226
821284
821342
821400
821458
821516
821574
821632
821690
821748
821806
821864
821922
821980
822038
822096
822154
822212
822270
822328
822386
822444
822502
822560
822618
822676
822734
822792
822850
822908
822966
823024
823082
823140
823198
823256
823314
823372
823430
823488
823546
823604
823662
823720
823778
823836
823894
823952
824010
824068
824126
824184
824242
824300
824358
824416
824474
824532
824590
824648
824706
824764
824822
824880
824938
824996
825054
825112
825170
825228
825286
825344
825402
825460
825518
825576
825634
825692
825750
825808
825866
825924
825982
826040
826098
826156
826214
826272
826330
826388
826446
826504
826562
826620
826678
826736
826794
826852
826910
826968
827026
827084
827142
827200
827258
827316
827374
827432
827490
827548
827606
827664
827722
827780
827838
827896
827954
828012
828070
828128
828186
828244
828302
828360
828418
828476
828534
828592
828650
828708
828766
828824
828882
828940
828998
829056
829114
829172
829230
829288
829346
829404
829462
829520
829578
829636
829694
829752
829810
829868
829926
829984
830042
830100
830158
830216
830274
830332
830390
830448
830506
830564
830622
830680
830738
830796
830854
830912
830970
831028
831086
831144
831202
831260
831318
831376
831434
831492
831550
831608
831666
831724
831782
831841
831900
831959
832018
832077
832136
832195
832254
832313
832372
832431
832490
832549
832608
832667
832726
832785
832844
832903
832962
833021
833080
833139
833198
833257
833316
833375
833434
833493
833552
833611
833670
833729
833788
833847
833906
833965
834024
834083
834142
834201
834260
834319
834378
834437
834496
834555
834614
834673
834732
834791
834850
834909
834968
835027
835086
835145
835204
835263
835322
835381
835440
835499
835558
835617
835676
835735
835794
835853
835912
835971
836030
836089
836148
836207
836266
836325
836384
836443
836502
836561
836620
836679
836738
836797
836856
836915
836974
837033
837092
837151
837210
837269
837328
837387
837446
837505
837564
837623
837682
837741
837800
837859
837918
837977
838036
838095
838154
838213
838272
838331
838390
838449
838508
838567
838626
838685
838744
838803
838862
838921
838980
839039
839098
839157
839216
839275
839334
839393
839452
839511
839570
839629
839688
839747
839806
839865
839924
839983
840042
840101
840160
840219
840278
840337
840396
840455
840514
840573
840632
840691
840750
840809
840868
840927
840986
841045
841104
841163
841222
841281
841340
841399
841458
841517
841576
841635
841694
841753
841812
841871
841930
841989
842048
842107
842166
842225
842284
842343
842402
842461
842520
842579
842638
842697
842756
842815
842874
842933
842992
843051
843110
843169
843228
843287
843346
843405
843464
843523
843582
843641
843700
843759
843818
843877
843936
843995
844054
844113
844172
844231
844290
844349
844408
844467
844526
844585
844644
844703
844762
844821
844880
844939
844998
845057
845116
845175
845234
845293
845352
845411
845470
845529
845588
845647
845706
845765
845824
845883
845942
846001
846060
846119
846178
846237
846297
846357
846417
846477
846537
846597
846657
846717
846777
846837
846897
846957
847017
847077
847137
847197
847257
847317
847377
847437
847497
847557
847617
847677
847737
847797
847857
847917
847977
848037
848097
848157
848217
848277
848337
848397
848457
848517
848577
848637
848697
848757
848817
848877
848937
848997
849057
849117
849177
849237
849297
849357
849417
849477
849537
849597
849657
849717
849777
849837
849897
849957
850017
850077
850137
850197
850257
850317
850377
850437
850497
850557
850617
850677
850737
850797
850857
850917
850977
851037
851097
851157
851217
851277
851337
851397
851457
851517
851577
851637
851697
851757
851817
851877
851937
851997
852057
852117
852177
852237
852297
852357
852417
852477
852537
852597
852657
852717
852777
852837
852897
852957
853017
853077
853137
853197
853257
853317
853377
853437
853497
853557
853617
853677
853737
853797
853857
853917
853977
854037
854097
854157
854217
854277
854337
854397
854457
854517
854577
854637
854697
854757
854817
854877
854937
854997
855057
855117
855177
855237
855297
855357
855417
855477
855537
855597
855657
855717
855777
855837
855897
855957
856017
856077
856137
856197
856257
856317
856377
856437
856497
856557
856617
856677
856737
856797
856857
856917
856977
857037
857097
857157
857217
857277
857337
857397
857457
857517
857577
857637
857697
857757
857817
857877
857937
857997
858057
858117
858177
858237
858297
858357
858417
858477
858537
858597
858657
858717
858777
858837
858897
858957
859017
859077
859137
859197
859257
859317
859377
859437
859497
859557
859617
859677
859737
859797
859857
859917
859977
860037
860097
860157
860217
860277
860337
860397
860457
860517
860577
860637
860697
860757
860818
860879
860940
861001
861062
861123
861184
861245
861306
861367
861428
861489
861550
861611
861672
861733
861794
861855
861916
861977
862038
862099
862160
862221
862282
862343
862404
862465
862526
862587
862648
862709
862770
862831
862892
862953
863014
863075
863136
863197
863258
863319
863380
863441
863502
863563
863624
863685
863746
863807
863868
863929
863990
864051
864112
864173
864234
864295
864356
864417
864478
864539
864600
864661
864722
864783
864844
864905
864966
865027
865088
865149
865210
865271
865332
865393
865454
865515
865576
865637
865698
865759
865820
865881
865942
866003
866064
866125
866186
866247
866308
866369
866430
866491
866552
866613
866674
866735
866796
866857
866918
866979
867040
867101
867162
867223
867284
867345
867406
867467
867528
867589
867650
867711
867772
867833
867894
867955
868016
868077
868138
868199
868260
868321
868382
868443
868504
868565
868626
868687
868748
868809
868870
868931
868992
869053
869114
869175
869236
869297
869358
869419
869480
869541
869602
869663
869724
869785
869846
869907
869968
870029
870090
870151
870212
870273
870334
870395
870456
870517
870578
870639
870700
870761
870822
870883
870944
871005
871066
871127
871188
871249
871310
871371
871432
871493
871554
871615
871676
871737
871798
871859
871920
871981
872042
872103
872164
872225
872286
872347
872408
872469
872530
872591
872652
872713
872774
872835
872896
872957
873018
873079
873140
873201
873262
873323
873384
873445
873506
873567
873628
873689
873750
873811
873872
873933
873994
874055
874116
874177
874238
874299
874360
874421
874482
874543
874604
874665
874726
874787
874848
874909
874970
875031
875092
875153
875214
875276
875338
875400
875462
875524
875586
875648
875710
875772
875834
875896
875958
876020
876082
876144
876206
876268
876330
876392
876454
876516
876578
876640
876702
876764
876826
876888
876950
877012
877074
877136
877198
877260
877322
877384
877446
877508
877570
877632
877694
877756
877818
877880
877942
878004
878066
878128
878190
878252
878314
878376
878438
878500
878562
878624
878686
878748
878810
878872
878934
878996
879058
879120
879182
879244
879306
879368
879430
879492
879554
879616
879678
879740
879802
879864
879926
879988
880050
880112
880174
880236
880298
880360
880422
880484
880546
880608
880670
880732
880794
880856
880918
880980
881042
881104
881166
881228
881290
881352
881414
881476
881538
881600
881662
881724
881786
881848
881910
881972
882034
882096
882158
882220
882282
882344
882406
882468
882530
882592
882654
882716
882778
882840
882902
882964
883026
883088
883150
883212
883274
883336
883398
883460
883522
883584
883646
883708
883770
883832
883894
883956
884018
884080
884142
884204
884266
884328
884390
884452
884514
884576
884638
884700
884762
884824
884886
884948
885010
885072
885134
885196
885258
885320
885382
885444
885506
885568
885630
885692
885754
885816
885878
885940
886002
886064
886126
886188
886250
886312
886374
886436
886498
886560
886622
886684
886746
886808
886870
886932
886994
887056
887118
887180
887242
887304
887366
887428
887490
887552
887614
887676
887738
887800
887862
887924
887986
888048
888110
888172
888234
888296
888358
888420
888482
888544
888606
888668
888730
888792
888854
888916
888978
889040
889102
889164
889226
889288
889350
889412
889474
889536
889598
889660
889722
889785
889848
889911
889974
890037
890100
890163
890226
890289
890352
890415
890478
890541
890604
890667
890730
890793
890856
890919
890982
891045
891108
891171
891234
891297
891360
891423
891486
891549
891612
891675
891738
891801
891864
891927
891990
892053
892116
892179
892242
892305
892368
892431
892494
892557
892620
892683
892746
892809
892872
892935
892998
893061
893124
893187
893250
893313
893376
893439
893502
893565
893628
893691
893754
893817
893880
893943
894006
894069
894132
894195
894258
894321
894384
894447
894510
894573
894636
894699
894762
894825
894888
894951
895014
895077
895140
895203
895266
895329
895392
895455
895518
895581
895644
895707
895770
895833
895896
895959
896022
896085
896148
896211
896274
896337
896400
896463
896526
896589
896652
896715
896778
896841
896904
896967
897030
897093
897156
897219
897282
897345
897408
897471
897534
897597
897660
897723
897786
897849
897912
897975
898038
898101
898164
898227
898290
898353
898416
898479
898542
898605
898668
898731
898794
898857
898920
898983
899046
899109
899172
899235
899298
899361
899424
899487
899550
899613
899676
899739
899802
899865
899928
899991
900054
900117
900180
900243
900306
900369
900432
900495
900558
900621
900684
900747
900810
900873
900936
900999
901062
901125
901188
901251
901314
901377
901440
901503
901566
901629
901692
901755
901818
901881
901944
902007
902070
902133
902196
902259
902322
902385
902448
902511
902574
902637
902700
902763
902826
902889
902952
903015
903078
903141
903204
903267
903330
903393
903456
903519
903582
903645
903708
903771
903834
903897
903960
904023
904086
904149
904213
904277
904341
904405
904469
904533
904597
904661
904725
904789
904853
904917
904981
905045
905109
905173
905237
905301
905365
905429
905493
905557
905621
905685
905749
905813
905877
905941
906005
906069
906133
906197
906261
906325
906389
906453
906517
906581
906645
906709
906773
906837
906901
906965
907029
907093
907157
907221
907285
907349
907413
907477
907541
907605
907669
907733
907797
907861
907925
907989
908053
908117
908181
908245
908309
908373
908437
908501
908565
908629
908693
908757
908821
908885
908949
909013
909077
909141
909205
909269
909333
909397
909461
909525
909589
909653
909717
909781
909845
909909
909973
910037
910101
910165
910229
910293
910357
910421
910485
910549
910613
910677
910741
910805
910869
910933
910997
911061
911125
911189
911253
911317
911381
911445
911509
911573
911637
911701
911765
911829
911893
911957
912021
912085
912149
912213
912277
912341
912405
912469
912533
912597
912661
912725
912789
912853
912917
912981
913045
913109
913173
913237
913301
913365
913429
913493
913557
913621
913685
913749
913813
913877
913941
914005
914069
914133
914197
914261
914325
914389
914453
914517
914581
914645
914709
914773
914837
914901
914965
915029
915093
915157
915221
915285
915349
915413
915477
915541
915605
915669
915733
915797
915861
915925
915989
916053
916117
916181
916245
916309
916373
916437
916501
916565
916629
916693
916757
916821
916885
916949
917013
917077
917141
917205
917269
917333
917397
917461
917525
917589
917653
917717
917781
917845
917909
917973
918037
918101
918165
918229
918293
918357
918421
918485
918549
918613
918677
918742
918807
918872
918937
919002
919067
919132
919197
919262
919327
919392
919457
919522
919587
919652
919717
919782
919847
919912
919977
920042
920107
920172
920237
920302
920367
920432
920497
920562
920627
920692
920757
920822
920887
920952
921017
921082
921147
921212
921277
921342
921407
921472
921537
921602
921667
921732
921797
921862
921927
921992
922057
922122
922187
922252
922317
922382
922447
922512
922577
922642
922707
922772
922837
922902
922967
923032
923097
923162
923227
923292
923357
923422
923487
923552
923617
923682
923747
923812
923877
923942
924007
924072
924137
924202
924267
924332
924397
924462
924527
924592
924657
924722
924787
924852
924917
924982
925047
925112
925177
925242
925307
925372
925437
925502
925567
925632
925697
925762
925827
925892
925957
926022
926087
926152
926217
926282
926347
926412
926477
926542
926607
926672
926737
926802
926867
926932
926997
927062
927127
927192
927257
927322
927387
927452
927517
927582
927647
927712
927777
927842
927907
927972
928037
928102
928167
928232
928297
928362
928427
928492
928557
928622
928687
928752
928817
928882
928947
929012
929077
929142
929207
929272
929337
929402
929467
929532
929597
929662
929727
929792
929857
929922
929987
930052
930117
930182
930247
930312
930377
930442
930507
930572
930637
930702
930767
930832
930897
930962
931027
931092
931157
931222
931287
931352
931417
931482
931547
931612
931677
931742
931807
931872
931937
932002
932067
932132
932197
932262
932327
932392
932457
932522
932587
932652
932717
932782
932847
932912
932977
933042
933107
933173
933239
933305
933371
933437
933503
933569
933635
933701
933767
933833
933899
933965
934031
934097
934163
934229
934295
934361
934427
934493
934559
934625
934691
934757
934823
934889
934955
935021
935087
935153
935219
935285
935351
935417
935483
935549
935615
935681
935747
935813
935879
935945
936011
936077
936143
936209
936275
936341
936407
936473
936539
936605
936671
936737
936803
936869
936935
937001
937067
937133
937199
937265
937331
937397
937463
937529
937595
937661
937727
937793
937859
937925
937991
938057
938123
938189
938255
938321
938387
938453
938519
938585
938651
938717
938783
938849
938915
938981
939047
939113
939179
939245
939311
939377
939443
939509
939575
939641
939707
939773
939839
939905
939971
940037
940103
940169
940235
940301
940367
940433
940499
940565
940631
940697
940763
940829
940895
940961
941027
941093
941159
941225
941291
941357
941423
941489
941555
941621
941687
941753
941819
941885
941951
942017
942083
942149
942215
942281
942347
942413
942479
942545
942611
942677
942743
942809
942875
942941
943007
943073
943139
943205
943271
943337
943403
943469
943535
943601
943667
943733
943799
943865
943931
943997
944063
944129
944195
944261
944327
944393
944459
944525
944591
944657
944723
944789
944855
944921
944987
945053
945119
945185
945251
945317
945383
945449
945515
945581
945647
945713
945779
945845
945911
945977
946043
946109
946175
946241
946307
946373
946439
946505
946571
946637
946703
946769
946835
946901
946967
947033
947099
947165
947231
947297
947363
947429
947495
947561
947627
947694
947761
947828
947895
947962
948029
948096
948163
948230
948297
948364
948431
948498
948565
948632
948699
948766
948833
948900
948967
949034
949101
949168
949235
949302
949369
949436
949503
949570
949637
949704
949771
949838
949905
949972
950039
950106
950173
950240
950307
950374
950441
950508
950575
950642
950709
950776
950843
950910
950977
951044
951111
951178
951245
951312
951379
951446
951513
951580
951647
951714
951781
951848
951915
951982
952049
952116
952183
952250
952317
952384
952451
952518
952585
952652
952719
952786
952853
952920
952987
953054
953121
953188
953255
953322
953389
953456
953523
953590
953657
953724
953791
953858
953925
953992
954059
954126
954193
954260
954327
954394
954461
954528
954595
954662
954729
954796
954863
954930
954997
955064
955131
955198
955265
955332
955399
955466
955533
955600
955667
955734
955801
955868
955935
956002
956069
956136
956203
956270
956337
956404
956471
956538
956605
956672
956739
956806
956873
956940
957007
957074
957141
957208
957275
957342
957409
957476
957543
957610
957677
957744
957811
957878
957945
958012
958079
958146
958213
958280
958347
958414
958481
958548
958615
958682
958749
958816
958883
958950
959017
959084
959151
959218
959285
959352
959419
959486
959553
959620
959687
959754
959821
959888
959955
960022
960089
960156
960223
960290
960357
960424
960491
960558
960625
960692
960759
960826
960893
960960
961027
961094
961161
961228
961295
961362
961429
961496
961563
961630
961697
961764
961831
961898
961965
962032
962099
962167
962235
962303
962371
962439
962507
962575
962643
962711
962779
962847
962915
962983
963051
963119
963187
963255
963323
963391
963459
963527
963595
963663
963731
963799
963867
963935
964003
964071
964139
964207
964275
964343
964411
964479
964547
964615
964683
964751
964819
964887
964955
965023
965091
965159
965227
965295
965363
965431
965499
965567
965635
965703
965771
965839
965907
965975
966043
966111
966179
966247
966315
966383
966451
966519
966587
966655
966723
966791
966859
966927
966995
967063
967131
967199
967267
967335
967403
967471
967539
967607
967675
967743
967811
967879
967947
968015
968083
968151
968219
968287
968355
968423
968491
968559
968627
968695
968763
968831
968899
968967
969035
969103
969171
969239
969307
969375
969443
969511
969579
969647
969715
969783
969851
969919
969987
970055
970123
970191
970259
970327
970395
970463
970531
970599
970667
970735
970803
970871
970939
971007
971075
971143
971211
971279
971347
971415
971483
971551
971619
971687
971755
971823
971891
971959
972027
972095
972163
972231
972299
972367
972435
972503
972571
972639
972707
972775
972843
972911
972979
973047
973115
973183
973251
973319
973387
973455
973523
973591
973659
973727
973795
973863
973931
973999
974067
974135
974203
974271
974339
974407
974475
974543
974611
974679
974747
974815
974883
974951
975019
975087
975155
975223
975291
975359
975427
975495
975563
975631
975699
975767
975835
975903
975971
976039
976107
976175
976243
976311
976379
976447
976515
976583
976652
976721
976790
976859
976928
976997
977066
977135
977204
977273
977342
977411
977480
977549
977618
977687
977756
977825
977894
977963
978032
978101
978170
978239
978308
978377
978446
978515
978584
978653
978722
978791
978860
978929
978998
979067
979136
979205
979274
979343
979412
979481
979550
979619
979688
979757
979826
979895
979964
980033
980102
980171
980240
980309
980378
980447
980516
980585
980654
980723
980792
980861
980930
980999
981068
981137
981206
981275
981344
981413
981482
981551
981620
981689
981758
981827
981896
981965
982034
982103
982172
982241
982310
982379
982448
982517
982586
982655
982724
982793
982862
982931
983000
983069
983138
983207
983276
983345
983414
983483
983552
983621
983690
983759
983828
983897
983966
984035
984104
984173
984242
984311
984380
984449
984518
984587
984656
984725
984794
984863
984932
985001
985070
985139
985208
985277
985346
985415
985484
985553
985622
985691
985760
985829
985898
985967
986036
986105
986174
986243
986312
986381
986450
986519
986588
986657
986726
986795
986864
986933
987002
987071
987140
987209
987278
987347
987416
987485
987554
987623
987692
987761
987830
987899
987968
988037
988106
988175
988244
988313
988382
988451
988520
988589
988658
988727
988796
988865
988934
989003
989072
989141
989210
989279
989348
989417
989486
989555
989624
989693
989762
989831
989900
989969
990038
990107
990176
990245
990314
990383
990452
990521
990590
990659
990728
990797
990866
990935
991004
991074
991144
991214
991284
991354
991424
991494
991564
991634
991704
991774
991844
991914
991984
992054
992124
992194
992264
992334
992404
992474
992544
992614
992684
992754
992824
992894
992964
993034
993104
993174
993244
993314
993384
993454
993524
993594
993664
993734
993804
993874
993944
994014
994084
994154
994224
994294
994364
994434
994504
994574
994644
994714
994784
994854
994924
994994
995064
995134
995204
995274
995344
995414
995484
995554
995624
995694
995764
995834
995904
995974
996044
996114
996184
996254
996324
996394
996464
996534
996604
996674
996744
996814
996884
996954
997024
997094
997164
997234
997304
997374
997444
997514
997584
997654
997724
997794
997864
997934
998004
998074
998144
998214
998284
998354
998424
998494
998564
998634
998704
998774
998844
998914
998984
999054
999124
999194
999264
999334
999404
999474
999544
999614
999684
999754
999824
999894
999964
1000034
1000104
1000174
1000244
1000314
1000384
1000454
1000524
1000594
1000664
1000734
1000804
1000874
1000944
1001014
1001084
1001154
1001224
1001294
1001364
1001434
1001504
1001574
1001644
1001714
1001784
1001854
1001924
1001994
1002064
1002134
1002204
1002274
1002344
1002414
1002484
1002554
1002624
1002694
1002764
1002834
1002904
1002974
1003044
1003114
1003184
1003254
1003324
1003394
1003464
1003534
1003604
1003674
1003744
1003814
1003884
1003954
1004024
1004094
1004164
1004234
1004304
1004374
1004444
1004514
1004584
1004654
1004724
1004794
1004864
1004934
1005004
1005074
1005144
1005214
1005284
1005354
1005424
1005494
1005565
1005636
1005707
1005778
1005849
1005920
1005991
1006062
1006133
1006204
1006275
1006346
1006417
1006488
1006559
1006630
1006701
1006772
1006843
1006914
1006985
1007056
1007127
1007198
1007269
1007340
1007411
1007482
1007553
1007624
1007695
1007766
1007837
1007908
1007979
1008050
1008121
1008192
1008263
1008334
1008405
1008476
1008547
1008618
1008689
1008760
1008831
1008902
1008973
1009044
1009115
1009186
1009257
1009328
1009399
1009470
1009541
1009612
1009683
1009754
1009825
1009896
1009967
1010038
1010109
1010180
1010251
1010322
1010393
1010464
1010535
1010606
1010677
1010748
1010819
1010890
1010961
1011032
1011103
1011174
1011245
1011316
1011387
1011458
1011529
1011600
1011671
1011742
1011813
1011884
1011955
1012026
1012097
1012168
1012239
1012310
1012381
1012452
1012523
1012594
1012665
1012736
1012807
1012878
1012949
1013020
1013091
1013162
1013233
1013304
1013375
1013446
1013517
1013588
1013659
1013730
1013801
1013872
1013943
1014014
1014085
1014156
1014227
1014298
1014369
1014440
1014511
1014582
1014653
1014724
1014795
1014866
1014937
1015008
1015079
1015150
1015221
1015292
1015363
1015434
1015505
1015576
1015647
1015718
1015789
1015860
1015931
1016002
1016073
1016144
1016215
1016286
1016357
1016428
1016499
1016570
1016641
1016712
1016783
1016854
1016925
1016996
1017067
1017138
1017209
1017280
1017351
1017422
1017493
1017564
1017635
1017706
1017777
1017848
1017919
1017990
1018061
1018132
1018203
1018274
1018345
1018416
1018487
1018558
1018629
1018700
1018771
1018842
1018913
1018984
1019055
1019126
1019197
1019268
1019339
1019410
1019481
1019552
1019623
1019694
1019765
1019836
1019907
1019978
1020050
1020122
1020194
1020266
1020338
1020410
1020482
1020554
1020626
1020698
1020770
1020842
1020914
1020986
1021058
1021130
1021202
1021274
1021346
1021418
1021490
1021562
1021634
1021706
1021778
1021850
1021922
1021994
1022066
1022138
1022210
1022282
1022354
1022426
1022498
1022570
1022642
1022714
1022786
1022858
1022930
1023002
1023074
1023146
1023218
1023290
1023362
1023434
1023506
1023578
1023650
1023722
1023794
1023866
1023938
1024010
1024082
1024154
1024226
1024298
1024370
1024442
1024514
1024586
1024658
1024730
1024802
1024874
1024946
1025018
1025090
1025162
1025234
1025306
1025378
1025450
1025522
1025594
1025666
1025738
1025810
1025882
1025954
1026026
1026098
1026170
1026242
1026314
1026386
1026458
1026530
1026602
1026674
1026746
1026818
1026890
1026962
1027034
1027106
1027178
1027250
1027322
1027394
1027466
1027538
1027610
1027682
1027754
1027826
1027898
1027970
1028042
1028114
1028186
1028258
1028330
1028402
1028474
1028546
1028618
1028690
1028762
1028834
1028906
1028978
1029050
1029122
1029194
1029266
1029338
1029410
1029482
1029554
1029626
1029698
1029770
1029842
1029914
1029986
1030058
1030130
1030202
1030274
1030346
1030418
1030490
1030562
1030634
1030706
1030778
1030850
1030922
1030994
1031066
1031138
1031210
1031282
1031354
1031426
1031498
1031570
1031642
1031714
1031786
1031858
1031930
1032002
1032074
1032146
1032218
1032290
1032362
1032434
1032506
1032578
1032650
1032722
1032794
1032866
1032938
1033010
1033082
1033154
1033226
1033298
1033370
1033442
1033514
1033586
1033658
1033730
1033802
1033874
1033946
1034018
1034090
1034162
1034234
1034306
1034378
1034450
1034523
1034596
1034669
1034742
1034815
1034888
1034961
1035034
1035107
1035180
1035253
1035326
1035399
1035472
1035545
1035618
1035691
1035764
1035837
1035910
1035983
1036056
1036129
1036202
1036275
1036348
1036421
1036494
1036567
1036640
1036713
1036786
1036859
1036932
1037005
1037078
1037151
1037224
1037297
1037370
1037443
1037516
1037589
1037662
1037735
1037808
1037881
1037954
1038027
1038100
1038173
1038246
1038319
1038392
1038465
1038538
1038611
1038684
1038757
1038830
1038903
1038976
1039049
1039122
1039195
1039268
1039341
1039414
1039487
1039560
1039633
1039706
1039779
1039852
1039925
1039998
1040071
1040144
1040217
1040290
1040363
1040436
1040509
1040582
1040655
1040728
1040801
1040874
1040947
1041020
1041093
1041166
1041239
1041312
1041385
1041458
1041531
1041604
1041677
1041750
1041823
1041896
1041969
1042042
1042115
1042188
1042261
1042334
1042407
1042480
1042553
1042626
1042699
1042772
1042845
1042918
1042991
1043064
1043137
1043210
1043283
1043356
1043429
1043502
1043575
1043648
1043721
1043794
1043867
1043940
1044013
1044086
1044159
1044232
1044305
1044378
1044451
1044524
1044597
1044670
1044743
1044816
1044889
1044962
1045035
1045108
1045181
1045254
1045327
1045400
1045473
1045546
1045619
1045692
1045765
1045838
1045911
1045984
1046057
1046130
1046203
1046276
1046349
1046422
1046495
1046568
1046641
1046714
1046787
1046860
1046933
1047006
1047079
1047152
1047225
1047298
1047371
1047444
1047517
1047590
1047663
1047736
1047809
1047882
1047955
1048028
1048101
1048174
1048247
1048320
1048393
1048466
1048539
1048612
1048685
1048758
1048831
1048904
1048978
1049052
1049126
1049200
1049274
1049348
1049422
1049496
1049570
1049644
1049718
1049792
1049866
1049940
1050014
1050088
1050162
1050236
1050310
1050384
1050458
1050532
1050606
1050680
1050754
1050828
1050902
1050976
1051050
1051124
1051198
1051272
1051346
1051420
1051494
1051568
1051642
1051716
1051790
1051864
1051938
1052012
1052086
1052160
1052234
1052308
1052382
1052456
1052530
1052604
1052678
1052752
1052826
1052900
1052974
1053048
1053122
1053196
1053270
1053344
1053418
1053492
1053566
1053640
1053714
1053788
1053862
1053936
1054010
1054084
1054158
1054232
1054306
1054380
1054454
1054528
1054602
1054676
1054750
1054824
1054898
1054972
1055046
1055120
1055194
1055268
1055342
1055416
1055490
1055564
1055638
1055712
1055786
1055860
1055934
1056008
1056082
1056156
1056230
1056304
1056378
1056452
1056526
1056600
1056674
1056748
1056822
1056896
1056970
1057044
1057118
1057192
1057266
1057340
1057414
1057488
1057562
1057636
1057710
1057784
1057858
1057932
1058006
1058080
1058154
1058228
1058302
1058376
1058450
1058524
1058598
1058672
1058746
1058820
1058894
1058968
1059042
1059116
1059190
1059264
1059338
1059412
1059486
1059560
1059634
1059708
1059782
1059856
1059930
1060004
1060078
1060152
1060226
1060300
1060374
1060448
1060522
1060596
1060670
1060744
1060818
1060892
1060966
1061040
1061114
1061188
1061262
1061336
1061410
1061484
1061558
1061632
1061706
1061780
1061854
1061928
1062002
1062076
1062150
1062224
1062298
1062372
1062446
1062520
1062594
1062668
1062742
1062816
1062890
1062964
1063038
1063112
1063186
1063260
1063334
1063408
1063483
1063558
1063633
1063708
1063783
1063858
1063933
1064008
1064083
1064158
1064233
1064308
1064383
1064458
1064533
1064608
1064683
1064758
1064833
1064908
1064983
1065058
1065133
1065208
1065283
1065358
1065433
1065508
1065583
1065658
1065733
1065808
1065883
1065958
1066033
1066108
1066183
1066258
1066333
1066408
1066483
1066558
1066633
1066708
1066783
1066858
1066933
1067008
1067083
1067158
1067233
1067308
1067383
1067458
1067533
1067608
1067683
1067758
1067833
1067908
1067983
1068058
1068133
1068208
1068283
1068358
1068433
1068508
1068583
1068658
1068733
1068808
1068883
1068958
1069033
1069108
1069183
1069258
1069333
1069408
1069483
1069558
1069633
1069708
1069783
1069858
1069933
1070008
1070083
1070158
1070233
1070308
1070383
1070458
1070533
1070608
1070683
1070758
1070833
1070908
1070983
1071058
1071133
1071208
1071283
1071358
1071433
1071508
1071583
1071658
1071733
1071808
1071883
1071958
1072033
1072108
1072183
1072258
1072333
1072408
1072483
1072558
1072633
1072708
1072783
1072858
1072933
1073008
1073083
1073158
1073233
1073308
1073383
1073458
1073533
1073608
1073683
1073758
1073833
1073908
1073983
1074058
1074133
1074208
1074283
1074358
1074433
1074508
1074583
1074658
1074733
1074808
1074883
1074958
1075033
1075108
1075183
1075258
1075333
1075408
1075483
1075558
1075633
1075708
1075783
1075858
1075933
1076008
1076083
1076158
1076233
1076308
1076383
1076458
1076533
1076608
1076683
1076758
1076833
1076908
1076983
1077058
1077133
1077208
1077283
1077358
1077433
1077508
1077583
1077658
1077733
1077808
1077883
1077959
1078035
1078111
1078187
1078263
1078339
1078415
1078491
1078567
1078643
1078719
1078795
1078871
1078947
1079023
1079099
1079175
1079251
1079327
1079403
1079479
1079555
1079631
1079707
1079783
1079859
1079935
1080011
1080087
1080163
1080239
1080315
1080391
1080467
1080543
1080619
1080695
1080771
1080847
1080923
1080999
1081075
1081151
1081227
1081303
1081379
1081455
1081531
1081607
1081683
1081759
1081835
1081911
1081987
1082063
1082139
1082215
1082291
1082367
1082443
1082519
1082595
1082671
1082747
1082823
1082899
1082975
1083051
1083127
1083203
1083279
1083355
1083431
1083507
1083583
1083659
1083735
1083811
1083887
1083963
1084039
1084115
1084191
1084267
1084343
1084419
1084495
1084571
1084647
1084723
1084799
1084875
1084951
1085027
1085103
1085179
1085255
1085331
1085407
1085483
1085559
1085635
1085711
1085787
1085863
1085939
1086015
1086091
1086167
1086243
1086319
1086395
1086471
1086547
1086623
1086699
1086775
1086851
1086927
1087003
1087079
1087155
1087231
1087307
1087383
1087459
1087535
1087611
1087687
1087763
1087839
1087915
1087991
1088067
1088143
1088219
1088295
1088371
1088447
1088523
1088599
1088675
1088751
1088827
1088903
1088979
1089055
1089131
1089207
1089283
1089359
1089435
1089511
1089587
1089663
1089739
1089815
1089891
1089967
1090043
1090119
1090195
1090271
1090347
1090423
1090499
1090575
1090651
1090727
1090803
1090879
1090955
1091031
1091107
1091183
1091259
1091335
1091411
1091487
1091563
1091639
1091715
1091791
1091867
1091943
1092019
1092095
1092171
1092247
1092323
1092399
1092476
1092553
1092630
1092707
1092784
1092861
1092938
1093015
1093092
1093169
1093246
1093323
1093400
1093477
1093554
1093631
1093708
1093785
1093862
1093939
1094016
1094093
1094170
1094247
1094324
1094401
1094478
1094555
1094632
1094709
1094786
1094863
1094940
1095017
1095094
1095171
1095248
1095325
1095402
1095479
1095556
1095633
1095710
1095787
1095864
1095941
1096018
1096095
1096172
1096249
1096326
1096403
1096480
1096557
1096634
1096711
1096788
1096865
1096942
1097019
1097096
1097173
1097250
1097327
1097404
1097481
1097558
1097635
1097712
1097789
1097866
1097943
1098020
1098097
1098174
1098251
1098328
1098405
1098482
1098559
1098636
1098713
1098790
1098867
1098944
1099021
1099098
1099175
1099252
1099329
1099406
1099483
1099560
1099637
1099714
1099791
1099868
1099945
1100022
1100099
1100176
1100253
1100330
1100407
1100484
1100561
1100638
1100715
1100792
1100869
1100946
1101023
1101100
1101177
1101254
1101331
1101408
1101485
1101562
1101639
1101716
1101793
1101870
1101947
1102024
1102101
1102178
1102255
1102332
1102409
1102486
1102563
1102640
1102717
1102794
1102871
1102948
1103025
1103102
1103179
1103256
1103333
1103410
1103487
1103564
1103641
1103718
1103795
1103872
1103949
1104026
1104103
1104180
1104257
1104334
1104411
1104488
1104565
1104642
1104719
1104796
1104873
1104950
1105027
1105104
1105181
1105258
1105335
1105412
1105489
1105566
1105643
1105720
1105797
1105874
1105951
1106028
1106105
1106182
1106259
1106336
1106413
1106490
1106567
1106644
1106721
1106798
1106875
1106953
1107031
1107109
1107187
1107265
1107343
1107421
1107499
1107577
1107655
1107733
1107811
1107889
1107967
1108045
1108123
1108201
1108279
1108357
1108435
1108513
1108591
1108669
1108747
1108825
1108903
1108981
1109059
1109137
1109215
1109293
1109371
1109449
1109527
1109605
1109683
1109761
1109839
1109917
1109995
1110073
1110151
1110229
1110307
1110385
1110463
1110541
1110619
1110697
1110775
1110853
1110931
1111009
1111087
1111165
1111243
1111321
1111399
1111477
1111555
1111633
1111711
1111789
1111867
1111945
1112023
1112101
1112179
1112257
1112335
1112413
1112491
1112569
1112647
1112725
1112803
1112881
1112959
1113037
1113115
1113193
1113271
1113349
1113427
1113505
1113583
1113661
1113739
1113817
1113895
1113973
1114051
1114129
1114207
1114285
1114363
1114441
1114519
1114597
1114675
1114753
1114831
1114909
1114987
1115065
1115143
1115221
1115299
1115377
1115455
1115533
1115611
1115689
1115767
1115845
1115923
1116001
1116079
1116157
1116235
1116313
1116391
1116469
1116547
1116625
1116703
1116781
1116859
1116937
1117015
1117093
1117171
1117249
1117327
1117405
1117483
1117561
1117639
1117717
1117795
1117873
1117951
1118029
1118107
1118185
1118263
1118341
1118419
1118497
1118575
1118653
1118731
1118809
1118887
1118965
1119043
1119121
1119199
1119277
1119355
1119433
1119511
1119589
1119667
1119745
1119823
1119901
1119979
1120057
1120135
1120213
1120291
1120369
1120447
1120525
1120603
1120681
1120759
1120837
1120915
1120993
1121071
1121149
1121227
1121305
1121384
1121463
1121542
1121621
1121700
1121779
1121858
1121937
1122016
1122095
1122174
1122253
1122332
1122411
1122490
1122569
1122648
1122727
1122806
1122885
1122964
1123043
1123122
1123201
1123280
1123359
1123438
1123517
1123596
1123675
1123754
1123833
1123912
1123991
1124070
1124149
1124228
1124307
1124386
1124465
1124544
1124623
1124702
1124781
1124860
1124939
1125018
1125097
1125176
1125255
1125334
1125413
1125492
1125571
1125650
1125729
1125808
1125887
1125966
1126045
1126124
1126203
1126282
1126361
1126440
1126519
1126598
1126677
1126756
1126835
1126914
1126993
1127072
1127151
1127230
1127309
1127388
1127467
1127546
1127625
1127704
1127783
1127862
1127941
1128020
1128099
1128178
1128257
1128336
1128415
1128494
1128573
1128652
1128731
1128810
1128889
1128968
1129047
1129126
1129205
1129284
1129363
1129442
1129521
1129600
1129679
1129758
1129837
1129916
1129995
1130074
1130153
1130232
1130311
1130390
1130469
1130548
1130627
1130706
1130785
1130864
1130943
1131022
1131101
1131180
1131259
1131338
1131417
1131496
1131575
1131654
1131733
1131812
1131891
1131970
1132049
1132128
1132207
1132286
1132365
1132444
1132523
1132602
1132681
1132760
1132839
1132918
1132997
1133076
1133155
1133234
1133313
1133392
1133471
1133550
1133629
1133708
1133787
1133866
1133945
1134024
1134103
1134182
1134261
1134340
1134419
1134498
1134577
1134656
1134735
1134814
1134893
1134972
1135051
1135130
1135209
1135288
1135367
1135446
1135525
1135604
1135683
1135762
1135842
1135922
1136002
1136082
1136162
1136242
1136322
1136402
1136482
1136562
1136642
1136722
1136802
1136882
1136962
1137042
1137122
1137202
1137282
1137362
1137442
1137522
1137602
1137682
1137762
1137842
1137922
1138002
1138082
1138162
1138242
1138322
1138402
1138482
1138562
1138642
1138722
1138802
1138882
1138962
1139042
1139122
1139202
1139282
1139362
1139442
1139522
1139602
1139682
1139762
1139842
1139922
1140002
1140082
1140162
1140242
1140322
1140402
1140482
1140562
1140642
1140722
1140802
1140882
1140962
1141042
1141122
1141202
1141282
1141362
1141442
1141522
1141602
1141682
1141762
1141842
1141922
1142002
1142082
1142162
1142242
1142322
1142402
1142482
1142562
1142642
1142722
1142802
1142882
1142962
1143042
1143122
1143202
1143282
1143362
1143442
1143522
1143602
1143682
1143762
1143842
1143922
1144002
1144082
1144162
1144242
1144322
1144402
1144482
1144562
1144642
1144722
1144802
1144882
1144962
1145042
1145122
1145202
1145282
1145362
1145442
1145522
1145602
1145682
1145762
1145842
1145922
1146002
1146082
1146162
1146242
1146322
1146402
1146482
1146562
1146642
1146722
1146802
1146882
1146962
1147042
1147122
1147202
1147282
1147362
1147442
1147522
1147602
1147682
1147762
1147842
1147922
1148002
1148082
1148162
1148242
1148322
1148402
1148482
1148562
1148642
1148722
1148802
1148882
1148962
1149042
1149122
1149202
1149282
1149362
1149442
1149522
1149602
1149682
1149762
1149842
1149922
1150002
1150082
1150162
1150242
1150323
1150404
1150485
1150566
1150647
1150728
1150809
1150890
1150971
1151052
1151133
1151214
1151295
1151376
1151457
1151538
1151619
1151700
1151781
1151862
1151943
1152024
1152105
1152186
1152267
1152348
1152429
1152510
1152591
1152672
1152753
1152834
1152915
1152996
1153077
1153158
1153239
1153320
1153401
1153482
1153563
1153644
1153725
1153806
1153887
1153968
1154049
1154130
1154211
1154292
1154373
1154454
1154535
1154616
1154697
1154778
1154859
1154940
1155021
1155102
1155183
1155264
1155345
1155426
1155507
1155588
1155669
1155750
1155831
1155912
1155993
1156074
1156155
1156236
1156317
1156398
1156479
1156560
1156641
1156722
1156803
1156884
1156965
1157046
1157127
1157208
1157289
1157370
1157451
1157532
1157613
1157694
1157775
1157856
1157937
1158018
1158099
1158180
1158261
1158342
1158423
1158504
1158585
1158666
1158747
1158828
1158909
1158990
1159071
1159152
1159233
1159314
1159395
1159476
1159557
1159638
1159719
1159800
1159881
1159962
1160043
1160124
1160205
1160286
1160367
1160448
1160529
1160610
1160691
1160772
1160853
1160934
1161015
1161096
1161177
1161258
1161339
1161420
1161501
1161582
1161663
1161744
1161825
1161906
1161987
1162068
1162149
1162230
1162311
1162392
1162473
1162554
1162635
1162716
1162797
1162878
1162959
1163040
1163121
1163202
1163283
1163364
1163445
1163526
1163607
1163688
1163769
1163850
1163931
1164012
1164093
1164174
1164255
1164336
1164417
1164498
1164579
1164660
1164741
1164823
1164905
1164987
1165069
1165151
1165233
1165315
1165397
1165479
1165561
1165643
1165725
1165807
1165889
1165971
1166053
1166135
1166217
1166299
1166381
1166463
1166545
1166627
1166709
1166791
1166873
1166955
1167037
1167119
1167201
1167283
1167365
1167447
1167529
1167611
1167693
1167775
1167857
1167939
1168021
1168103
1168185
1168267
1168349
1168431
1168513
1168595
1168677
1168759
1168841
1168923
1169005
1169087
1169169
1169251
1169333
1169415
1169497
1169579
1169661
1169743
1169825
1169907
1169989
1170071
1170153
1170235
1170317
1170399
1170481
1170563
1170645
1170727
1170809
1170891
1170973
1171055
1171137
1171219
1171301
1171383
1171465
1171547
1171629
1171711
1171793
1171875
1171957
1172039
1172121
1172203
1172285
1172367
1172449
1172531
1172613
1172695
1172777
1172859
1172941
1173023
1173105
1173187
1173269
1173351
1173433
1173515
1173597
1173679
1173761
1173843
1173925
1174007
1174089
1174171
1174253
1174335
1174417
1174499
1174581
1174663
1174745
1174827
1174909
1174991
1175073
1175155
1175237
1175319
1175401
1175483
1175565
1175647
1175729
1175811
1175893
1175975
1176057
1176139
1176221
1176303
1176385
1176467
1176549
1176631
1176713
1176795
1176877
1176959
1177041
1177123
1177205
1177287
1177369
1177451
1177533
1177615
1177697
1177779
1177861
1177943
1178025
1178107
1178189
1178271
1178353
1178435
1178517
1178599
1178681
1178763
1178845
1178927
1179009
1179091
1179173
1179255
1179338
1179421
1179504
1179587
1179670
1179753
1179836
1179919
1180002
1180085
1180168
1180251
1180334
1180417
1180500
1180583
1180666
1180749
1180832
1180915
1180998
1181081
1181164
1181247
1181330
1181413
1181496
1181579
1181662
1181745
1181828
1181911
1181994
1182077
1182160
1182243
1182326
1182409
1182492
1182575
1182658
1182741
1182824
1182907
1182990
1183073
1183156
1183239
1183322
1183405
1183488
1183571
1183654
1183737
1183820
1183903
1183986
1184069
1184152
1184235
1184318
1184401
1184484
1184567
1184650
1184733
1184816
1184899
1184982
1185065
1185148
1185231
1185314
1185397
1185480
1185563
1185646
1185729
1185812
1185895
1185978
1186061
1186144
1186227
1186310
1186393
1186476
1186559
1186642
1186725
1186808
1186891
1186974
1187057
1187140
1187223
1187306
1187389
1187472
1187555
1187638
1187721
1187804
1187887
1187970
1188053
1188136
1188219
1188302
1188385
1188468
1188551
1188634
1188717
1188800
1188883
1188966
1189049
1189132
1189215
1189298
1189381
1189464
1189547
1189630
1189713
1189796
1189879
1189962
1190045
1190128
1190211
1190294
1190377
1190460
1190543
1190626
1190709
1190792
1190875
1190958
1191041
1191124
1191207
1191290
1191373
1191456
1191539
1191622
1191705
1191788
1191871
1191954
1192037
1192120
1192203
1192286
1192369
1192452
1192535
1192618
1192701
1192784
1192867
1192950
1193033
1193116
1193199
1193282
1193365
1193448
1193531
1193614
1193697
1193781
1193865
1193949
1194033
1194117
1194201
1194285
1194369
1194453
1194537
1194621
1194705
1194789
1194873
1194957
1195041
1195125
1195209
1195293
1195377
1195461
1195545
1195629
1195713
1195797
1195881
1195965
1196049
1196133
1196217
1196301
1196385
1196469
1196553
1196637
1196721
1196805
1196889
1196973
1197057
1197141
1197225
1197309
1197393
1197477
1197561
1197645
1197729
1197813
1197897
1197981
1198065
1198149
1198233
1198317
1198401
1198485
1198569
1198653
1198737
1198821
1198905
1198989
1199073
1199157
1199241
1199325
1199409
1199493
1199577
1199661
1199745
1199829
1199913
1199997
1200081
1200165
1200249
1200333
1200417
1200501
1200585
1200669
1200753
1200837
1200921
1201005
1201089
1201173
1201257
1201341
1201425
1201509
1201593
1201677
1201761
1201845
1201929
1202013
1202097
1202181
1202265
1202349
1202433
1202517
1202601
1202685
1202769
1202853
1202937
1203021
1203105
1203189
1203273
1203357
1203441
1203525
1203609
1203693
1203777
1203861
1203945
1204029
1204113
1204197
1204281
1204365
1204449
1204533
1204617
1204701
1204785
1204869
1204953
1205037
1205121
1205205
1205289
1205373
1205457
1205541
1205625
1205709
1205793
1205877
1205961
1206045
1206129
1206213
1206297
1206381
1206465
1206549
1206633
1206717
1206801
1206885
1206969
1207053
1207137
1207221
1207305
1207389
1207473
1207557
1207641
1207725
1207809
1207893
1207977
1208061
1208145
1208230
1208315
1208400
1208485
1208570
1208655
1208740
1208825
1208910
1208995
1209080
1209165
1209250
1209335
1209420
1209505
1209590
1209675
1209760
1209845
1209930
1210015
1210100
1210185
1210270
1210355
1210440
1210525
1210610
1210695
1210780
1210865
1210950
1211035
1211120
1211205
1211290
1211375
1211460
1211545
1211630
1211715
1211800
1211885
1211970
1212055
1212140
1212225
1212310
1212395
1212480
1212565
1212650
1212735
1212820
1212905
1212990
1213075
1213160
1213245
1213330
1213415
1213500
1213585
1213670
1213755
1213840
1213925
1214010
1214095
1214180
1214265
1214350
1214435
1214520
1214605
1214690
1214775
1214860
1214945
1215030
1215115
1215200
1215285
1215370
1215455
1215540
1215625
1215710
1215795
1215880
1215965
1216050
1216135
1216220
1216305
1216390
1216475
1216560
1216645
1216730
1216815
1216900
1216985
1217070
1217155
1217240
1217325
1217410
1217495
1217580
1217665
1217750
1217835
1217920
1218005
1218090
1218175
1218260
1218345
1218430
1218515
1218600
1218685
1218770
1218855
1218940
1219025
1219110
1219195
1219280
1219365
1219450
1219535
1219620
1219705
1219790
1219875
1219960
1220045
1220130
1220215
1220300
1220385
1220470
1220555
1220640
1220725
1220810
1220895
1220980
1221065
1221150
1221235
1221320
1221405
1221490
1221575
1221660
1221745
1221830
1221915
1222000
1222085
1222170
1222255
1222340
1222425
1222510
1222595
1222680
1222766
1222852
1222938
1223024
1223110
1223196
1223282
1223368
1223454
1223540
1223626
1223712
1223798
1223884
1223970
1224056
1224142
1224228
1224314
1224400
1224486
1224572
1224658
1224744
1224830
1224916
1225002
1225088
1225174
1225260
1225346
1225432
1225518
1225604
1225690
1225776
1225862
1225948
1226034
1226120
1226206
1226292
1226378
1226464
1226550
1226636
1226722
1226808
1226894
1226980
1227066
1227152
1227238
1227324
1227410
1227496
1227582
1227668
1227754
1227840
1227926
1228012
1228098
1228184
1228270
1228356
1228442
1228528
1228614
1228700
1228786
1228872
1228958
1229044
1229130
1229216
1229302
1229388
1229474
1229560
1229646
1229732
1229818
1229904
1229990
1230076
1230162
1230248
1230334
1230420
1230506
1230592
1230678
1230764
1230850
1230936
1231022
1231108
1231194
1231280
1231366
1231452
1231538
1231624
1231710
1231796
1231882
1231968
1232054
1232140
1232226
1232312
1232398
1232484
1232570
1232656
1232742
1232828
1232914
1233000
1233086
1233172
1233258
1233344
1233430
1233516
1233602
1233688
1233774
1233860
1233946
1234032
1234118
1234204
1234290
1234376
1234462
1234548
1234634
1234720
1234806
1234892
1234978
1235064
1235150
1235236
1235322
1235408
1235494
1235580
1235666
1235752
1235838
1235924
1236010
1236096
1236182
1236268
1236354
1236440
1236526
1236612
1236698
1236784
1236870
1236956
1237042
1237128
1237215
1237302
1237389
1237476
1237563
1237650
1237737
1237824
1237911
1237998
1238085
1238172
1238259
1238346
1238433
1238520
1238607
1238694
1238781
1238868
1238955
1239042
1239129
1239216
1239303
1239390
1239477
1239564
1239651
1239738
1239825
1239912
1239999
1240086
1240173
1240260
1240347
1240434
1240521
1240608
1240695
1240782
1240869
1240956
1241043
1241130
1241217
1241304
1241391
1241478
1241565
1241652
1241739
1241826
1241913
1242000
1242087
1242174
1242261
1242348
1242435
1242522
1242609
1242696
1242783
1242870
1242957
1243044
1243131
1243218
1243305
1243392
1243479
1243566
1243653
1243740
1243827
1243914
1244001
1244088
1244175
1244262
1244349
1244436
1244523
1244610
1244697
1244784
1244871
1244958
1245045
1245132
1245219
1245306
1245393
1245480
1245567
1245654
1245741
1245828
1245915
1246002
1246089
1246176
1246263
1246350
1246437
1246524
1246611
1246698
1246785
1246872
1246959
1247046
1247133
1247220
1247307
1247394
1247481
1247568
1247655
1247742
1247829
1247916
1248003
1248090
1248177
1248264
1248351
1248438
1248525
1248612
1248699
1248786
1248873
1248960
1249047
1249134
1249221
1249308
1249395
1249482
1249569
1249656
1249743
1249830
1249917
1250004
1250091
1250178
1250265
1250352
1250439
1250526
1250613
1250700
1250787
1250874
1250961
1251048
1251135
1251222
1251309
1251396
1251483
1251570
1251658
1251746
1251834
1251922
1252010
1252098
1252186
1252274
1252362
1252450
1252538
1252626
1252714
1252802
1252890
1252978
1253066
1253154
1253242
1253330
1253418
1253506
1253594
1253682
1253770
1253858
1253946
1254034
1254122
1254210
1254298
1254386
1254474
1254562
1254650
1254738
1254826
1254914
1255002
1255090
1255178
1255266
1255354
1255442
1255530
1255618
1255706
1255794
1255882
1255970
1256058
1256146
1256234
1256322
1256410
1256498
1256586
1256674
1256762
1256850
1256938
1257026
1257114
1257202
1257290
1257378
1257466
1257554
1257642
1257730
1257818
1257906
1257994
1258082
1258170
1258258
1258346
1258434
1258522
1258610
1258698
1258786
1258874
1258962
1259050
1259138
1259226
1259314
1259402
1259490
1259578
1259666
1259754
1259842
1259930
1260018
1260106
1260194
1260282
1260370
1260458
1260546
1260634
1260722
1260810
1260898
1260986
1261074
1261162
1261250
1261338
1261426
1261514
1261602
1261690
1261778
1261866
1261954
1262042
1262130
1262218
1262306
1262394
1262482
1262570
1262658
1262746
1262834
1262922
1263010
1263098
1263186
1263274
1263362
1263450
1263538
1263626
1263714
1263802
1263890
1263978
1264066
1264154
1264242
1264330
1264418
1264506
1264594
1264682
1264770
1264858
1264946
1265034
1265122
1265210
1265298
1265386
1265474
1265562
1265650
1265738
1265826
1265914
1266002
1266090
1266179
1266268
1266357
1266446
1266535
1266624
1266713
1266802
1266891
1266980
1267069
1267158
1267247
1267336
1267425
1267514
1267603
1267692
1267781
1267870
1267959
1268048
1268137
1268226
1268315
1268404
1268493
1268582
1268671
1268760
1268849
1268938
1269027
1269116
1269205
1269294
1269383
1269472
1269561
1269650
1269739
1269828
1269917
1270006
1270095
1270184
1270273
1270362
1270451
1270540
1270629
1270718
1270807
1270896
1270985
1271074
1271163
1271252
1271341
1271430
1271519
1271608
1271697
1271786
1271875
1271964
1272053
1272142
1272231
1272320
1272409
1272498
1272587
1272676
1272765
1272854
1272943
1273032
1273121
1273210
1273299
1273388
1273477
1273566
1273655
1273744
1273833
1273922
1274011
1274100
1274189
1274278
1274367
1274456
1274545
1274634
1274723
1274812
1274901
1274990
1275079
1275168
1275257
1275346
1275435
1275524
1275613
1275702
1275791
1275880
1275969
1276058
1276147
1276236
1276325
1276414
1276503
1276592
1276681
1276770
1276859
1276948
1277037
1277126
1277215
1277304
1277393
1277482
1277571
1277660
1277749
1277838
1277927
1278016
1278105
1278194
1278283
1278372
1278461
1278550
1278639
1278728
1278817
1278906
1278995
1279084
1279173
1279262
1279351
1279440
1279529
1279618
1279707
1279796
1279885
1279974
1280063
1280152
1280241
1280330
1280419
1280508
1280597
1280687
1280777
1280867
1280957
1281047
1281137
1281227
1281317
1281407
1281497
1281587
1281677
1281767
1281857
1281947
1282037
1282127
1282217
1282307
1282397
1282487
1282577
1282667
1282757
1282847
1282937
1283027
1283117
1283207
1283297
1283387
1283477
1283567
1283657
1283747
1283837
1283927
1284017
1284107
1284197
1284287
1284377
1284467
1284557
1284647
1284737
1284827
1284917
1285007
1285097
1285187
1285277
1285367
1285457
1285547
1285637
1285727
1285817
1285907
1285997
1286087
1286177
1286267
1286357
1286447
1286537
1286627
1286717
1286807
1286897
1286987
1287077
1287167
1287257
1287347
1287437
1287527
1287617
1287707
1287797
1287887
1287977
1288067
1288157
1288247
1288337
1288427
1288517
1288607
1288697
1288787
1288877
1288967
1289057
1289147
1289237
1289327
1289417
1289507
1289597
1289687
1289777
1289867
1289957
1290047
1290137
1290227
1290317
1290407
1290497
1290587
1290677
1290767
1290857
1290947
1291037
1291127
1291217
1291307
1291397
1291487
1291577
1291667
1291757
1291847
1291937
1292027
1292117
1292207
1292297
1292387
1292477
1292567
1292657
1292747
1292837
1292927
1293017
1293107
1293197
1293287
1293377
1293467
1293557
1293647
1293737
1293827
1293917
1294007
1294097
1294187
1294277
1294367
1294457
1294547
1294637
1294727
1294817
1294907
1294997
1295088
1295179
1295270
1295361
1295452
1295543
1295634
1295725
1295816
1295907
1295998
1296089
1296180
1296271
1296362
1296453
1296544
1296635
1296726
1296817
1296908
1296999
1297090
1297181
1297272
1297363
1297454
1297545
1297636
1297727
1297818
1297909
1298000
1298091
1298182
1298273
1298364
1298455
1298546
1298637
1298728
1298819
1298910
1299001
1299092
1299183
1299274
1299365
1299456
1299547
1299638
1299729
1299820
1299911
1300002
1300093
1300184
1300275
1300366
1300457
1300548
1300639
1300730
1300821
1300912
1301003
1301094
1301185
1301276
1301367
1301458
1301549
1301640
1301731
1301822
1301913
1302004
1302095
1302186
1302277
1302368
1302459
1302550
1302641
1302732
1302823
1302914
1303005
1303096
1303187
1303278
1303369
1303460
1303551
1303642
1303733
1303824
1303915
1304006
1304097
1304188
1304279
1304370
1304461
1304552
1304643
1304734
1304825
1304916
1305007
1305098
1305189
1305280
1305371
1305462
1305553
1305644
1305735
1305826
1305917
1306008
1306099
1306190
1306281
1306372
1306463
1306554
1306645
1306736
1306827
1306918
1307009
1307100
1307191
1307282
1307373
1307464
1307555
1307646
1307737
1307828
1307919
1308010
1308101
1308192
1308283
1308374
1308465
1308556
1308647
1308738
1308829
1308920
1309011
1309102
1309193
1309284
1309375
1309466
1309557
1309649
1309741
1309833
1309925
1310017
1310109
1310201
1310293
1310385
1310477
1310569
1310661
1310753
1310845
1310937
1311029
1311121
1311213
1311305
1311397
1311489
1311581
1311673
1311765
1311857
1311949
1312041
1312133
1312225
1312317
1312409
1312501
1312593
1312685
1312777
1312869
1312961
1313053
1313145
1313237
1313329
1313421
1313513
1313605
1313697
1313789
1313881
1313973
1314065
1314157
1314249
1314341
1314433
1314525
1314617
1314709
1314801
1314893
1314985
1315077
1315169
1315261
1315353
1315445
1315537
1315629
1315721
1315813
1315905
1315997
1316089
1316181
1316273
1316365
1316457
1316549
1316641
1316733
1316825
1316917
1317009
1317101
1317193
1317285
1317377
1317469
1317561
1317653
1317745
1317837
1317929
1318021
1318113
1318205
1318297
1318389
1318481
1318573
1318665
1318757
1318849
1318941
1319033
1319125
1319217
1319309
1319401
1319493
1319585
1319677
1319769
1319861
1319953
1320045
1320137
1320229
1320321
1320413
1320505
1320597
1320689
1320781
1320873
1320965
1321057
1321149
1321241
1321333
1321425
1321517
1321609
1321701
1321793
1321885
1321977
1322069
1322161
1322253
1322345
1322437
1322529
1322621
1322713
1322805
1322897
1322989
1323081
1323173
1323265
1323357
1323449
1323541
1323633
1323725
1323817
1323909
1324001
1324094
1324187
1324280
1324373
1324466
1324559
1324652
1324745
1324838
1324931
1325024
1325117
1325210
1325303
1325396
1325489
1325582
1325675
1325768
1325861
1325954
1326047
1326140
1326233
1326326
1326419
1326512
1326605
1326698
1326791
1326884
1326977
1327070
1327163
1327256
1327349
1327442
1327535
1327628
1327721
1327814
1327907
1328000
1328093
1328186
1328279
1328372
1328465
1328558
1328651
1328744
1328837
1328930
1329023
1329116
1329209
1329302
1329395
1329488
1329581
1329674
1329767
1329860
1329953
1330046
1330139
1330232
1330325
1330418
1330511
1330604
1330697
1330790
1330883
1330976
1331069
1331162
1331255
1331348
1331441
1331534
1331627
1331720
1331813
1331906
1331999
1332092
1332185
1332278
1332371
1332464
1332557
1332650
1332743
1332836
1332929
1333022
1333115
1333208
1333301
1333394
1333487
1333580
1333673
1333766
1333859
1333952
1334045
1334138
1334231
1334324
1334417
1334510
1334603
1334696
1334789
1334882
1334975
1335068
1335161
1335254
1335347
1335440
1335533
1335626
1335719
1335812
1335905
1335998
1336091
1336184
1336277
1336370
1336463
1336556
1336649
1336742
1336835
1336928
1337021
1337114
1337207
1337300
1337393
1337486
1337579
1337672
1337765
1337858
1337951
1338044
1338137
1338230
1338323
1338416
1338509
1338603
1338697
1338791
1338885
1338979
1339073
1339167
1339261
1339355
1339449
1339543
1339637
1339731
1339825
1339919
1340013
1340107
1340201
1340295
1340389
1340483
1340577
1340671
1340765
1340859
1340953
1341047
1341141
1341235
1341329
1341423
1341517
1341611
1341705
1341799
1341893
1341987
1342081
1342175
1342269
1342363
1342457
1342551
1342645
1342739
1342833
1342927
1343021
1343115
1343209
1343303
1343397
1343491
1343585
1343679
1343773
1343867
1343961
1344055
1344149
1344243
1344337
1344431
1344525
1344619
1344713
1344807
1344901
1344995
1345089
1345183
1345277
1345371
1345465
1345559
1345653
1345747
1345841
1345935
1346029
1346123
1346217
1346311
1346405
1346499
1346593
1346687
1346781
1346875
1346969
1347063
1347157
1347251
1347345
1347439
1347533
1347627
1347721
1347815
1347909
1348003
1348097
1348191
1348285
1348379
1348473
1348567
1348661
1348755
1348849
1348943
1349037
1349131
1349225
1349319
1349413
1349507
1349601
1349695
1349789
1349883
1349977
1350071
1350165
1350259
1350353
1350447
1350541
1350635
1350729
1350823
1350917
1351011
1351105
1351199
1351293
1351387
1351481
1351575
1351669
1351763
1351857
1351951
1352045
1352139
1352233
1352327
1352421
1352515
1352609
1352703
1352797
1352891
1352985
1353080
1353175
1353270
1353365
1353460
1353555
1353650
1353745
1353840
1353935
1354030
1354125
1354220
1354315
1354410
1354505
1354600
1354695
1354790
1354885
1354980
1355075
1355170
1355265
1355360
1355455
1355550
1355645
1355740
1355835
1355930
1356025
1356120
1356215
1356310
1356405
1356500
1356595
1356690
1356785
1356880
1356975
1357070
1357165
1357260
1357355
1357450
1357545
1357640
1357735
1357830
1357925
1358020
1358115
1358210
1358305
1358400
1358495
1358590
1358685
1358780
1358875
1358970
1359065
1359160
1359255
1359350
1359445
1359540
1359635
1359730
1359825
1359920
1360015
1360110
1360205
1360300
1360395
1360490
1360585
1360680
1360775
1360870
1360965
1361060
1361155
1361250
1361345
1361440
1361535
1361630
1361725
1361820
1361915
1362010
1362105
1362200
1362295
1362390
1362485
1362580
1362675
1362770
1362865
1362960
1363055
1363150
1363245
1363340
1363435
1363530
1363625
1363720
1363815
1363910
1364005
1364100
1364195
1364290
1364385
1364480
1364575
1364670
1364765
1364860
1364955
1365050
1365145
1365240
1365335
1365430
1365525
1365620
1365715
1365810
1365905
1366000
1366095
1366190
1366285
1366380
1366475
1366570
1366665
1366760
1366855
1366950
1367045
1367140
1367235
1367330
1367425
1367521
1367617
1367713
1367809
1367905
1368001
1368097
1368193
1368289
1368385
1368481
1368577
1368673
1368769
1368865
1368961
1369057
1369153
1369249
1369345
1369441
1369537
1369633
1369729
1369825
1369921
1370017
1370113
1370209
1370305
1370401
1370497
1370593
1370689
1370785
1370881
1370977
1371073
1371169
1371265
1371361
1371457
1371553
1371649
1371745
1371841
1371937
1372033
1372129
1372225
1372321
1372417
1372513
1372609
1372705
1372801
1372897
1372993
1373089
1373185
1373281
1373377
1373473
1373569
1373665
1373761
1373857
1373953
1374049
1374145
1374241
1374337
1374433
1374529
1374625
1374721
1374817
1374913
1375009
1375105
1375201
1375297
1375393
1375489
1375585
1375681
1375777
1375873
1375969
1376065
1376161
1376257
1376353
1376449
1376545
1376641
1376737
1376833
1376929
1377025
1377121
1377217
1377313
1377409
1377505
1377601
1377697
1377793
1377889
1377985
1378081
1378177
1378273
1378369
1378465
1378561
1378657
1378753
1378849
1378945
1379041
1379137
1379233
1379329
1379425
1379521
1379617
1379713
1379809
1379905
1380001
1380097
1380193
1380289
1380385
1380481
1380577
1380673
1380769
1380865
1380961
1381057
1381153
1381249
1381345
1381441
1381537
1381633
1381729
1381825
1381921
1382018
1382115
1382212
1382309
1382406
1382503
1382600
1382697
1382794
1382891
1382988
1383085
1383182
1383279
1383376
1383473
1383570
1383667
1383764
1383861
1383958
1384055
1384152
1384249
1384346
1384443
1384540
1384637
1384734
1384831
1384928
1385025
1385122
1385219
1385316
1385413
1385510
1385607
1385704
1385801
1385898
1385995
1386092
1386189
1386286
1386383
1386480
1386577
1386674
1386771
1386868
1386965
1387062
1387159
1387256
1387353
1387450
1387547
1387644
1387741
1387838
1387935
1388032
1388129
1388226
1388323
1388420
1388517
1388614
1388711
1388808
1388905
1389002
1389099
1389196
1389293
1389390
1389487
1389584
1389681
1389778
1389875
1389972
1390069
1390166
1390263
1390360
1390457
1390554
1390651
1390748
1390845
1390942
1391039
1391136
1391233
1391330
1391427
1391524
1391621
1391718
1391815
1391912
1392009
1392106
1392203
1392300
1392397
1392494
1392591
1392688
1392785
1392882
1392979
1393076
1393173
1393270
1393367
1393464
1393561
1393658
1393755
1393852
1393949
1394046
1394143
1394240
1394337
1394434
1394531
1394628
1394725
1394822
1394919
1395016
1395113
1395210
1395307
1395404
1395501
1395598
1395695
1395792
1395889
1395986
1396083
1396180
1396277
1396374
1396472
1396570
1396668
1396766
1396864
1396962
1397060
1397158
1397256
1397354
1397452
1397550
1397648
1397746
1397844
1397942
1398040
1398138
1398236
1398334
1398432
1398530
1398628
1398726
1398824
1398922
1399020
1399118
1399216
1399314
1399412
1399510
1399608
1399706
1399804
1399902
1400000
1400098
1400196
1400294
1400392
1400490
1400588
1400686
1400784
1400882
1400980
1401078
1401176
1401274
1401372
1401470
1401568
1401666
1401764
1401862
1401960
1402058
1402156
1402254
1402352
1402450
1402548
1402646
1402744
1402842
1402940
1403038
1403136
1403234
1403332
1403430
1403528
1403626
1403724
1403822
1403920
1404018
1404116
1404214
1404312
1404410
1404508
1404606
1404704
1404802
1404900
1404998
1405096
1405194
1405292
1405390
1405488
1405586
1405684
1405782
1405880
1405978
1406076
1406174
1406272
1406370
1406468
1406566
1406664
1406762
1406860
1406958
1407056
1407154
1407252
1407350
1407448
1407546
1407644
1407742
1407840
1407938
1408036
1408134
1408232
1408330
1408428
1408526
1408624
1408722
1408820
1408918
1409016
1409114
1409212
1409310
1409408
1409506
1409604
1409702
1409800
1409898
1409996
1410094
1410192
1410290
1410388
1410486
1410584
1410682
1410780
1410878
1410977
1411076
1411175
1411274
1411373
1411472
1411571
1411670
1411769
1411868
1411967
1412066
1412165
1412264
1412363
1412462
1412561
1412660
1412759
1412858
1412957
1413056
1413155
1413254
1413353
1413452
1413551
1413650
1413749
1413848
1413947
1414046
1414145
1414244
1414343
1414442
1414541
1414640
1414739
1414838
1414937
1415036
1415135
1415234
1415333
1415432
1415531
1415630
1415729
1415828
1415927
1416026
1416125
1416224
1416323
1416422
1416521
1416620
1416719
1416818
1416917
1417016
1417115
1417214
1417313
1417412
1417511
1417610
1417709
1417808
1417907
1418006
1418105
1418204
1418303
1418402
1418501
1418600
1418699
1418798
1418897
1418996
1419095
1419194
1419293
1419392
1419491
1419590
1419689
1419788
1419887
1419986
1420085
1420184
1420283
1420382
1420481
1420580
1420679
1420778
1420877
1420976
1421075
1421174
1421273
1421372
1421471
1421570
1421669
1421768
1421867
1421966
1422065
1422164
1422263
1422362
1422461
1422560
1422659
1422758
1422857
1422956
1423055
1423154
1423253
1423352
1423451
1423550
1423649
1423748
1423847
1423946
1424045
1424144
1424243
1424342
1424441
1424540
1424639
1424738
1424837
1424936
1425035
1425134
1425233
1425332
1425432
1425532
1425632
1425732
1425832
1425932
1426032
1426132
1426232
1426332
1426432
1426532
1426632
1426732
1426832
1426932
1427032
1427132
1427232
1427332
1427432
1427532
1427632
1427732
1427832
1427932
1428032
1428132
1428232
1428332
1428432
1428532
1428632
1428732
1428832
1428932
1429032
1429132
1429232
1429332
1429432
1429532
1429632
1429732
1429832
1429932
1430032
1430132
1430232
1430332
1430432
1430532
1430632
1430732
1430832
1430932
1431032
1431132
1431232
1431332
1431432
1431532
1431632
1431732
1431832
1431932
1432032
1432132
1432232
1432332
1432432
1432532
1432632
1432732
1432832
1432932
1433032
1433132
1433232
1433332
1433432
1433532
1433632
1433732
1433832
1433932
1434032
1434132
1434232
1434332
1434432
1434532
1434632
1434732
1434832
1434932
1435032
1435132
1435232
1435332
1435432
1435532
1435632
1435732
1435832
1435932
1436032
1436132
1436232
1436332
1436432
1436532
1436632
1436732
1436832
1436932
1437032
1437132
1437232
1437332
1437432
1437532
1437632
1437732
1437832
1437932
1438032
1438132
1438232
1438332
1438432
1438532
1438632
1438732
1438832
1438932
1439032
1439132
1439232
1439332
1439432
1439532
1439632
1439732
1439832
1439933
1440034
1440135
1440236
1440337
1440438
1440539
1440640
1440741
1440842
1440943
1441044
1441145
1441246
1441347
1441448
1441549
1441650
1441751
1441852
1441953
1442054
1442155
1442256
1442357
1442458
1442559
1442660
1442761
1442862
1442963
1443064
1443165
1443266
1443367
1443468
1443569
1443670
1443771
1443872
1443973
1444074
1444175
1444276
1444377
1444478
1444579
1444680
1444781
1444882
1444983
1445084
1445185
1445286
1445387
1445488
1445589
1445690
1445791
1445892
1445993
1446094
1446195
1446296
1446397
1446498
1446599
1446700
1446801
1446902
1447003
1447104
1447205
1447306
1447407
1447508
1447609
1447710
1447811
1447912
1448013
1448114
1448215
1448316
1448417
1448518
1448619
1448720
1448821
1448922
1449023
1449124
1449225
1449326
1449427
1449528
1449629
1449730
1449831
1449932
1450033
1450134
1450235
1450336
1450437
1450538
1450639
1450740
1450841
1450942
1451043
1451144
1451245
1451346
1451447
1451548
1451649
1451750
1451851
1451952
1452053
1452154
1452255
1452356
1452457
1452558
1452659
1452760
1452861
1452962
1453063
1453164
1453265
1453366
1453467
1453568
1453669
1453770
1453871
1453972
1454073
1454174
1454275
1454377
1454479
1454581
1454683
1454785
1454887
1454989
1455091
1455193
1455295
1455397
1455499
1455601
1455703
1455805
1455907
1456009
1456111
1456213
1456315
1456417
1456519
1456621
1456723
1456825
1456927
1457029
1457131
1457233
1457335
1457437
1457539
1457641
1457743
1457845
1457947
1458049
1458151
1458253
1458355
1458457
1458559
1458661
1458763
1458865
1458967
1459069
1459171
1459273
1459375
1459477
1459579
1459681
1459783
1459885
1459987
1460089
1460191
1460293
1460395
1460497
1460599
1460701
1460803
1460905
1461007
1461109
1461211
1461313
1461415
1461517
1461619
1461721
1461823
1461925
1462027
1462129
1462231
1462333
1462435
1462537
1462639
1462741
1462843
1462945
1463047
1463149
1463251
1463353
1463455
1463557
1463659
1463761
1463863
1463965
1464067
1464169
1464271
1464373
1464475
1464577
1464679
1464781
1464883
1464985
1465087
1465189
1465291
1465393
1465495
1465597
1465699
1465801
1465903
1466005
1466107
1466209
1466311
1466413
1466515
1466617
1466719
1466821
1466923
1467025
1467127
1467229
1467331
1467433
1467535
1467637
1467739
1467841
1467943
1468045
1468147
1468249
1468351
1468453
1468555
1468657
1468759
1468862
1468965
1469068
1469171
1469274
1469377
1469480
1469583
1469686
1469789
1469892
1469995
1470098
1470201
1470304
1470407
1470510
1470613
1470716
1470819
1470922
1471025
1471128
1471231
1471334
1471437
1471540
1471643
1471746
1471849
1471952
1472055
1472158
1472261
1472364
1472467
1472570
1472673
1472776
1472879
1472982
1473085
1473188
1473291
1473394
1473497
1473600
1473703
1473806
1473909
1474012
1474115
1474218
1474321
1474424
1474527
1474630
1474733
1474836
1474939
1475042
1475145
1475248
1475351
1475454
1475557
1475660
1475763
1475866
1475969
1476072
1476175
1476278
1476381
1476484
1476587
1476690
1476793
1476896
1476999
1477102
1477205
1477308
1477411
1477514
1477617
1477720
1477823
1477926
1478029
1478132
1478235
1478338
1478441
1478544
1478647
1478750
1478853
1478956
1479059
1479162
1479265
1479368
1479471
1479574
1479677
1479780
1479883
1479986
1480089
1480192
1480295
1480398
1480501
1480604
1480707
1480810
1480913
1481016
1481119
1481222
1481325
1481428
1481531
1481634
1481737
1481840
1481943
1482046
1482149
1482252
1482355
1482458
1482561
1482664
1482767
1482870
1482973
1483076
1483179
1483282
1483386
1483490
1483594
1483698
1483802
1483906
1484010
1484114
1484218
1484322
1484426
1484530
1484634
1484738
1484842
1484946
1485050
1485154
1485258
1485362
1485466
1485570
1485674
1485778
1485882
1485986
1486090
1486194
1486298
1486402
1486506
1486610
1486714
1486818
1486922
1487026
1487130
1487234
1487338
1487442
1487546
1487650
1487754
1487858
1487962
1488066
1488170
1488274
1488378
1488482
1488586
1488690
1488794
1488898
1489002
1489106
1489210
1489314
1489418
1489522
1489626
1489730
1489834
1489938
1490042
1490146
1490250
1490354
1490458
1490562
1490666
1490770
1490874
1490978
1491082
1491186
1491290
1491394
1491498
1491602
1491706
1491810
1491914
1492018
1492122
1492226
1492330
1492434
1492538
1492642
1492746
1492850
1492954
1493058
1493162
1493266
1493370
1493474
1493578
1493682
1493786
1493890
1493994
1494098
1494202
1494306
1494410
1494514
1494618
1494722
1494826
1494930
1495034
1495138
1495242
1495346
1495450
1495554
1495658
1495762
1495866
1495970
1496074
1496178
1496282
1496386
1496490
1496594
1496698
1496802
1496906
1497010
1497114
1497218
1497322
1497426
1497530
1497634
1497738
1497843
1497948
1498053
1498158
1498263
1498368
1498473
1498578
1498683
1498788
1498893
1498998
1499103
1499208
1499313
1499418
1499523
1499628
1499733
1499838
1499943
1500048
1500153
1500258
1500363
1500468
1500573
1500678
1500783
1500888
1500993
1501098
1501203
1501308
1501413
1501518
1501623
1501728
1501833
1501938
1502043
1502148
1502253
1502358
1502463
1502568
1502673
1502778
1502883
1502988
1503093
1503198
1503303
1503408
1503513
1503618
1503723
1503828
1503933
1504038
1504143
1504248
1504353
1504458
1504563
1504668
1504773
1504878
1504983
1505088
1505193
1505298
1505403
1505508
1505613
1505718
1505823
1505928
1506033
1506138
1506243
1506348
1506453
1506558
1506663
1506768
1506873
1506978
1507083
1507188
1507293
1507398
1507503
1507608
1507713
1507818
1507923
1508028
1508133
1508238
1508343
1508448
1508553
1508658
1508763
1508868
1508973
1509078
1509183
1509288
1509393
1509498
1509603
1509708
1509813
1509918
1510023
1510128
1510233
1510338
1510443
1510548
1510653
1510758
1510863
1510968
1511073
1511178
1511283
1511388
1511493
1511598
1511703
1511808
1511913
1512018
1512123
1512228
1512334
1512440
1512546
1512652
1512758
1512864
1512970
1513076
1513182
1513288
1513394
1513500
1513606
1513712
1513818
1513924
1514030
1514136
1514242
1514348
1514454
1514560
1514666
1514772
1514878
1514984
1515090
1515196
1515302
1515408
1515514
1515620
1515726
1515832
1515938
1516044
1516150
1516256
1516362
1516468
1516574
1516680
1516786
1516892
1516998
1517104
1517210
1517316
1517422
1517528
1517634
1517740
1517846
1517952
1518058
1518164
1518270
1518376
1518482
1518588
1518694
1518800
1518906
1519012
1519118
1519224
1519330
1519436
1519542
1519648
1519754
1519860
1519966
1520072
1520178
1520284
1520390
1520496
1520602
1520708
1520814
1520920
1521026
1521132
1521238
1521344
1521450
1521556
1521662
1521768
1521874
1521980
1522086
1522192
1522298
1522404
1522510
1522616
1522722
1522828
1522934
1523040
1523146
1523252
1523358
1523464
1523570
1523676
1523782
1523888
1523994
1524100
1524206
1524312
1524418
1524524
1524630
1524736
1524842
1524948
1525054
1525160
1525266
1525372
1525478
1525584
1525690
1525796
1525902
1526008
1526114
1526220
1526326
1526432
1526538
1526644
1526751
1526858
1526965
1527072
1527179
1527286
1527393
1527500
1527607
1527714
1527821
1527928
1528035
1528142
1528249
1528356
1528463
1528570
1528677
1528784
1528891
1528998
1529105
1529212
1529319
1529426
1529533
1529640
1529747
1529854
1529961
1530068
1530175
1530282
1530389
1530496
1530603
1530710
1530817
1530924
1531031
1531138
1531245
1531352
1531459
1531566
1531673
1531780
1531887
1531994
1532101
1532208
1532315
1532422
1532529
1532636
1532743
1532850
1532957
1533064
1533171
1533278
1533385
1533492
1533599
1533706
1533813
1533920
1534027
1534134
1534241
1534348
1534455
1534562
1534669
1534776
1534883
1534990
1535097
1535204
1535311
1535418
1535525
1535632
1535739
1535846
1535953
1536060
1536167
1536274
1536381
1536488
1536595
1536702
1536809
1536916
1537023
1537130
1537237
1537344
1537451
1537558
1537665
1537772
1537879
1537986
1538093
1538200
1538307
1538414
1538521
1538628
1538735
1538842
1538949
1539056
1539163
1539270
1539377
1539484
1539591
1539698
1539805
1539912
1540019
1540126
1540233
1540340
1540447
1540554
1540661
1540768
1540875
1540982
1541089
1541197
1541305
1541413
1541521
1541629
1541737
1541845
1541953
1542061
1542169
1542277
1542385
1542493
1542601
1542709
1542817
1542925
1543033
1543141
1543249
1543357
1543465
1543573
1543681
1543789
1543897
1544005
1544113
1544221
1544329
1544437
1544545
1544653
1544761
1544869
1544977
1545085
1545193
1545301
1545409
1545517
1545625
1545733
1545841
1545949
1546057
1546165
1546273
1546381
1546489
1546597
1546705
1546813
1546921
1547029
1547137
1547245
1547353
1547461
1547569
1547677
1547785
1547893
1548001
1548109
1548217
1548325
1548433
1548541
1548649
1548757
1548865
1548973
1549081
1549189
1549297
1549405
1549513
1549621
1549729
1549837
1549945
1550053
1550161
1550269
1550377
1550485
1550593
1550701
1550809
1550917
1551025
1551133
1551241
1551349
1551457
1551565
1551673
1551781
1551889
1551997
1552105
1552213
1552321
1552429
1552537
1552645
1552753
1552861
1552969
1553077
1553185
1553293
1553401
1553509
1553617
1553725
1553833
1553941
1554049
1554157
1554265
1554373
1554481
1554589
1554697
1554805
1554913
1555021
1555129
1555237
1555345
1555453
1555561
1555670
1555779
1555888
1555997
1556106
1556215
1556324
1556433
1556542
1556651
1556760
1556869
1556978
1557087
1557196
1557305
1557414
1557523
1557632
1557741
1557850
1557959
1558068
1558177
1558286
1558395
1558504
1558613
1558722
1558831
1558940
1559049
1559158
1559267
1559376
1559485
1559594
1559703
1559812
1559921
1560030
1560139
1560248
1560357
1560466
1560575
1560684
1560793
1560902
1561011
1561120
1561229
1561338
1561447
1561556
1561665
1561774
1561883
1561992
1562101
1562210
1562319
1562428
1562537
1562646
1562755
1562864
1562973
1563082
1563191
1563300
1563409
1563518
1563627
1563736
1563845
1563954
1564063
1564172
1564281
1564390
1564499
1564608
1564717
1564826
1564935
1565044
1565153
1565262
1565371
1565480
1565589
1565698
1565807
1565916
1566025
1566134
1566243
1566352
1566461
1566570
1566679
1566788
1566897
1567006
1567115
1567224
1567333
1567442
1567551
1567660
1567769
1567878
1567987
1568096
1568205
1568314
1568423
1568532
1568641
1568750
1568859
1568968
1569077
1569186
1569295
1569404
1569513
1569622
1569731
1569840
1569949
1570058
1570168
1570278
1570388
1570498
1570608
1570718
1570828
1570938
1571048
1571158
1571268
1571378
1571488
1571598
1571708
1571818
1571928
1572038
1572148
1572258
1572368
1572478
1572588
1572698
1572808
1572918
1573028
1573138
1573248
1573358
1573468
1573578
1573688
1573798
1573908
1574018
1574128
1574238
1574348
1574458
1574568
1574678
1574788
1574898
1575008
1575118
1575228
1575338
1575448
1575558
1575668
1575778
1575888
1575998
1576108
1576218
1576328
1576438
1576548
1576658
1576768
1576878
1576988
1577098
1577208
1577318
1577428
1577538
1577648
1577758
1577868
1577978
1578088
1578198
1578308
1578418
1578528
1578638
1578748
1578858
1578968
1579078
1579188
1579298
1579408
1579518
1579628
1579738
1579848
1579958
1580068
1580178
1580288
1580398
1580508
1580618
1580728
1580838
1580948
1581058
1581168
1581278
1581388
1581498
1581608
1581718
1581828
1581938
1582048
1582158
1582268
1582378
1582488
1582598
1582708
1582818
1582928
1583038
1583148
1583258
1583368
1583478
1583588
1583698
1583808
1583918
1584028
1584138
1584248
1584358
1584468
1584578
1584689
1584800
1584911
1585022
1585133
1585244
1585355
1585466
1585577
1585688
1585799
1585910
1586021
1586132
1586243
1586354
1586465
1586576
1586687
1586798
1586909
1587020
1587131
1587242
1587353
1587464
1587575
1587686
1587797
1587908
1588019
1588130
1588241
1588352
1588463
1588574
1588685
1588796
1588907
1589018
1589129
1589240
1589351
1589462
1589573
1589684
1589795
1589906
1590017
1590128
1590239
1590350
1590461
1590572
1590683
1590794
1590905
1591016
1591127
1591238
1591349
1591460
1591571
1591682
1591793
1591904
1592015
1592126
1592237
1592348
1592459
1592570
1592681
1592792
1592903
1593014
1593125
1593236
1593347
1593458
1593569
1593680
1593791
1593902
1594013
1594124
1594235
1594346
1594457
1594568
1594679
1594790
1594901
1595012
1595123
1595234
1595345
1595456
1595567
1595678
1595789
1595900
1596011
1596122
1596233
1596344
1596455
1596566
1596677
1596788
1596899
1597010
1597121
1597232
1597343
1597454
1597565
1597676
1597787
1597898
1598009
1598120
1598231
1598342
1598453
1598564
1598675
1598786
1598897
1599008
1599120
1599232
1599344
1599456
1599568
1599680
1599792
1599904
1600016
1600128
1600240
1600352
1600464
1600576
1600688
1600800
1600912
1601024
1601136
1601248
1601360
1601472
1601584
1601696
1601808
1601920
1602032
1602144
1602256
1602368
1602480
1602592
1602704
1602816
1602928
1603040
1603152
1603264
1603376
1603488
1603600
1603712
1603824
1603936
1604048
1604160
1604272
1604384
1604496
1604608
1604720
1604832
1604944
1605056
1605168
1605280
1605392
1605504
1605616
1605728
1605840
1605952
1606064
1606176
1606288
1606400
1606512
1606624
1606736
1606848
1606960
1607072
1607184
1607296
1607408
1607520
1607632
1607744
1607856
1607968
1608080
1608192
1608304
1608416
1608528
1608640
1608752
1608864
1608976
1609088
1609200
1609312
1609424
1609536
1609648
1609760
1609872
1609984
1610096
1610208
1610320
1610432
1610544
1610656
1610768
1610880
1610992
1611104
1611216
1611328
1611440
1611552
1611664
1611776
1611888
1612000
1612112
1612224
1612336
1612448
1612560
1612672
1612784
1612896
1613008
1613120
1613232
1613344
1613456
1613568
1613681
1613794
1613907
1614020
1614133
1614246
1614359
1614472
1614585
1614698
1614811
1614924
1615037
1615150
1615263
1615376
1615489
1615602
1615715
1615828
1615941
1616054
1616167
1616280
1616393
1616506
1616619
1616732
1616845
1616958
1617071
1617184
1617297
1617410
1617523
1617636
1617749
1617862
1617975
1618088
1618201
1618314
1618427
1618540
1618653
1618766
1618879
1618992
1619105
1619218
1619331
1619444
1619557
1619670
1619783
1619896
1620009
1620122
1620235
1620348
1620461
1620574
1620687
1620800
1620913
1621026
1621139
1621252
1621365
1621478
1621591
1621704
1621817
1621930
1622043
1622156
1622269
1622382
1622495
1622608
1622721
1622834
1622947
1623060
1623173
1623286
1623399
1623512
1623625
1623738
1623851
1623964
1624077
1624190
1624303
1624416
1624529
1624642
1624755
1624868
1624981
1625094
1625207
1625320
1625433
1625546
1625659
1625772
1625885
1625998
1626111
1626224
1626337
1626450
1626563
1626676
1626789
1626902
1627015
1627128
1627241
1627354
1627467
1627580
1627693
1627806
1627919
1628032
1628146
1628260
1628374
1628488
1628602
1628716
1628830
1628944
1629058
1629172
1629286
1629400
1629514
1629628
1629742
1629856
1629970
1630084
1630198
1630312
1630426
1630540
1630654
1630768
1630882
1630996
1631110
1631224
1631338
1631452
1631566
1631680
1631794
1631908
1632022
1632136
1632250
1632364
1632478
1632592
1632706
1632820
1632934
1633048
1633162
1633276
1633390
1633504
1633618
1633732
1633846
1633960
1634074
1634188
1634302
1634416
1634530
1634644
1634758
1634872
1634986
1635100
1635214
1635328
1635442
1635556
1635670
1635784
1635898
1636012
1636126
1636240
1636354
1636468
1636582
1636696
1636810
1636924
1637038
1637152
1637266
1637380
1637494
1637608
1637722
1637836
1637950
1638064
1638178
1638292
1638406
1638520
1638634
1638748
1638862
1638976
1639090
1639204
1639318
1639432
1639546
1639660
1639774
1639888
1640002
1640116
1640230
1640344
1640458
1640572
1640686
1640800
1640914
1641028
1641142
1641256
1641370
1641484
1641598
1641712
1641826
1641940
1642054
1642168
1642282
1642396
1642510
1642625
1642740
1642855
1642970
1643085
1643200
1643315
1643430
1643545
1643660
1643775
1643890
1644005
1644120
1644235
1644350
1644465
1644580
1644695
1644810
1644925
1645040
1645155
1645270
1645385
1645500
1645615
1645730
1645845
1645960
1646075
1646190
1646305
1646420
1646535
1646650
1646765
1646880
1646995
1647110
1647225
1647340
1647455
1647570
1647685
1647800
1647915
1648030
1648145
1648260
1648375
1648490
1648605
1648720
1648835
1648950
1649065
1649180
1649295
1649410
1649525
1649640
1649755
1649870
1649985
1650100
1650215
1650330
1650445
1650560
1650675
1650790
1650905
1651020
1651135
1651250
1651365
1651480
1651595
1651710
1651825
1651940
1652055
1652170
1652285
1652400
1652515
1652630
1652745
1652860
1652975
1653090
1653205
1653320
1653435
1653550
1653665
1653780
1653895
1654010
1654125
1654240
1654355
1654470
1654585
1654700
1654815
1654930
1655045
1655160
1655275
1655390
1655505
1655620
1655735
1655850
1655965
1656080
1656195
1656310
1656425
1656540
1656655
1656770
1656885
1657000
1657116
1657232
1657348
1657464
1657580
1657696
1657812
1657928
1658044
1658160
1658276
1658392
1658508
1658624
1658740
1658856
1658972
1659088
1659204
1659320
1659436
1659552
1659668
1659784
1659900
1660016
1660132
1660248
1660364
1660480
1660596
1660712
1660828
1660944
1661060
1661176
1661292
1661408
1661524
1661640
1661756
1661872
1661988
1662104
1662220
1662336
1662452
1662568
1662684
1662800
1662916
1663032
1663148
1663264
1663380
1663496
1663612
1663728
1663844
1663960
1664076
1664192
1664308
1664424
1664540
1664656
1664772
1664888
1665004
1665120
1665236
1665352
1665468
1665584
1665700
1665816
1665932
1666048
1666164
1666280
1666396
1666512
1666628
1666744
1666860
1666976
1667092
1667208
1667324
1667440
1667556
1667672
1667788
1667904
1668020
1668136
1668252
1668368
1668484
1668600
1668716
1668832
1668948
1669064
1669180
1669296
1669412
1669528
1669644
1669760
1669876
1669992
1670108
1670224
1670340
1670456
1670572
1670688
1670804
1670920
1671036
1671152
1671268
1671384
1671501
1671618
1671735
1671852
1671969
1672086
1672203
1672320
1672437
1672554
1672671
1672788
1672905
1673022
1673139
1673256
1673373
1673490
1673607
1673724
1673841
1673958
1674075
1674192
1674309
1674426
1674543
1674660
1674777
1674894
1675011
1675128
1675245
1675362
1675479
1675596
1675713
1675830
1675947
1676064
1676181
1676298
1676415
1676532
1676649
1676766
1676883
1677000
1677117
1677234
1677351
1677468
1677585
1677702
1677819
1677936
1678053
1678170
1678287
1678404
1678521
1678638
1678755
1678872
1678989
1679106
1679223
1679340
1679457
1679574
1679691
1679808
1679925
1680042
1680159
1680276
1680393
1680510
1680627
1680744
1680861
1680978
1681095
1681212
1681329
1681446
1681563
1681680
1681797
1681914
1682031
1682148
1682265
1682382
1682499
1682616
1682733
1682850
1682967
1683084
1683201
1683318
1683435
1683552
1683669
1683786
1683903
1684020
1684137
1684254
1684371
1684488
1684605
1684722
1684839
1684956
1685073
1685190
1685307
1685424
1685541
1685658
1685775
1685892
1686010
1686128
1686246
1686364
1686482
1686600
1686718
1686836
1686954
1687072
1687190
1687308
1687426
1687544
1687662
1687780
1687898
1688016
1688134
1688252
1688370
1688488
1688606
1688724
1688842
1688960
1689078
1689196
1689314
1689432
1689550
1689668
1689786
1689904
1690022
1690140
1690258
1690376
1690494
1690612
1690730
1690848
1690966
1691084
1691202
1691320
1691438
1691556
1691674
1691792
1691910
1692028
1692146
1692264
1692382
1692500
1692618
1692736
1692854
1692972
1693090
1693208
1693326
1693444
1693562
1693680
1693798
1693916
1694034
1694152
1694270
1694388
1694506
1694624
1694742
1694860
1694978
1695096
1695214
1695332
1695450
1695568
1695686
1695804
1695922
1696040
1696158
1696276
1696394
1696512
1696630
1696748
1696866
1696984
1697102
1697220
1697338
1697456
1697574
1697692
1697810
1697928
1698046
1698164
1698282
1698400
1698518
1698636
1698754
1698872
1698990
1699108
1699226
1699344
1699462
1699580
1699698
1699816
1699934
1700052
1700170
1700288
1700406
1700525
1700644
1700763
1700882
1701001
1701120
1701239
1701358
1701477
1701596
1701715
1701834
1701953
1702072
1702191
1702310
1702429
1702548
1702667
1702786
1702905
1703024
1703143
1703262
1703381
1703500
1703619
1703738
1703857
1703976
1704095
1704214
1704333
1704452
1704571
1704690
1704809
1704928
1705047
1705166
1705285
1705404
1705523
1705642
1705761
1705880
1705999
1706118
1706237
1706356
1706475
1706594
1706713
1706832
1706951
1707070
1707189
1707308
1707427
1707546
1707665
1707784
1707903
1708022
1708141
1708260
1708379
1708498
1708617
1708736
1708855
1708974
1709093
1709212
1709331
1709450
1709569
1709688
1709807
1709926
1710045
1710164
1710283
1710402
1710521
1710640
1710759
1710878
1710997
1711116
1711235
1711354
1711473
1711592
1711711
1711830
1711949
1712068
1712187
1712306
1712425
1712544
1712663
1712782
1712901
1713020
1713139
1713258
1713377
1713496
1713615
1713734
1713853
1713972
1714091
1714210
1714329
1714448
1714567
1714686
1714805
1714925
1715045
1715165
1715285
1715405
1715525
1715645
1715765
1715885
1716005
1716125
1716245
1716365
1716485
1716605
1716725
1716845
1716965
1717085
1717205
1717325
1717445
1717565
1717685
1717805
1717925
1718045
1718165
1718285
1718405
1718525
1718645
1718765
1718885
1719005
1719125
1719245
1719365
1719485
1719605
1719725
1719845
1719965
1720085
1720205
1720325
1720445
1720565
1720685
1720805
1720925
1721045
1721165
1721285
1721405
1721525
1721645
1721765
1721885
1722005
1722125
1722245
1722365
1722485
1722605
1722725
1722845
1722965
1723085
1723205
1723325
1723445
1723565
1723685
1723805
1723925
1724045
1724165
1724285
1724405
1724525
1724645
1724765
1724885
1725005
1725125
1725245
1725365
1725485
1725605
1725725
1725845
1725965
1726085
1726205
1726325
1726445
1726565
1726685
1726805
1726925
1727045
1727165
1727285
1727405
1727525
1727645
1727765
1727885
1728005
1728125
1728245
1728365
1728485
1728605
1728725
1728845
1728965
1729085
1729205
1729325
1729446
1729567
1729688
1729809
1729930
1730051
1730172
1730293
1730414
1730535
1730656
1730777
1730898
1731019
1731140
1731261
1731382
1731503
1731624
1731745
1731866
1731987
1732108
1732229
1732350
1732471
1732592
1732713
1732834
1732955
1733076
1733197
1733318
1733439
1733560
1733681
1733802
1733923
1734044
1734165
1734286
1734407
1734528
1734649
1734770
1734891
1735012
1735133
1735254
1735375
1735496
1735617
1735738
1735859
1735980
1736101
1736222
1736343
1736464
1736585
1736706
1736827
1736948
1737069
1737190
1737311
1737432
1737553
1737674
1737795
1737916
1738037
1738158
1738279
1738400
1738521
1738642
1738763
1738884
1739005
1739126
1739247
1739368
1739489
1739610
1739731
1739852
1739973
1740094
1740215
1740336
1740457
1740578
1740699
1740820
1740941
1741062
1741183
1741304
1741425
1741546
1741667
1741788
1741909
1742030
1742151
1742272
1742393
1742514
1742635
1742756
1742877
1742998
1743119
1743240
1743361
1743482
1743603
1743724
1743845
1743967
1744089
1744211
1744333
1744455
1744577
1744699
1744821
1744943
1745065
1745187
1745309
1745431
1745553
1745675
1745797
1745919
1746041
1746163
1746285
1746407
1746529
1746651
1746773
1746895
1747017
1747139
1747261
1747383
1747505
1747627
1747749
1747871
1747993
1748115
1748237
1748359
1748481
1748603
1748725
1748847
1748969
1749091
1749213
1749335
1749457
1749579
1749701
1749823
1749945
1750067
1750189
1750311
1750433
1750555
1750677
1750799
1750921
1751043
1751165
1751287
1751409
1751531
1751653
1751775
1751897
1752019
1752141
1752263
1752385
1752507
1752629
1752751
1752873
1752995
1753117
1753239
1753361
1753483
1753605
1753727
1753849
1753971
1754093
1754215
1754337
1754459
1754581
1754703
1754825
1754947
1755069
1755191
1755313
1755435
1755557
1755679
1755801
1755923
1756045
1756167
1756289
1756411
1756533
1756655
1756777
1756899
1757021
1757143
1757265
1757387
1757509
1757631
1757753
1757875
1757997
1758119
1758241
1758364
1758487
1758610
1758733
1758856
1758979
1759102
1759225
1759348
1759471
1759594
1759717
1759840
1759963
1760086
1760209
1760332
1760455
1760578
1760701
1760824
1760947
1761070
1761193
1761316
1761439
1761562
1761685
1761808
1761931
1762054
1762177
1762300
1762423
1762546
1762669
1762792
1762915
1763038
1763161
1763284
1763407
1763530
1763653
1763776
1763899
1764022
1764145
1764268
1764391
1764514
1764637
1764760
1764883
1765006
1765129
1765252
1765375
1765498
1765621
1765744
1765867
1765990
1766113
1766236
1766359
1766482
1766605
1766728
1766851
1766974
1767097
1767220
1767343
1767466
1767589
1767712
1767835
1767958
1768081
1768204
1768327
1768450
1768573
1768696
1768819
1768942
1769065
1769188
1769311
1769434
1769557
1769680
1769803
1769926
1770049
1770172
1770295
1770418
1770541
1770664
1770787
1770910
1771033
1771156
1771279
1771402
1771525
1771648
1771771
1771894
1772017
1772140
1772263
1772386
1772509
1772632
1772755
1772879
1773003
1773127
1773251
1773375
1773499
1773623
1773747
1773871
1773995
1774119
1774243
1774367
1774491
1774615
1774739
1774863
1774987
1775111
1775235
1775359
1775483
1775607
1775731
1775855
1775979
1776103
1776227
1776351
1776475
1776599
1776723
1776847
1776971
1777095
1777219
1777343
1777467
1777591
1777715
1777839
1777963
1778087
1778211
1778335
1778459
1778583
1778707
1778831
1778955
1779079
1779203
1779327
1779451
1779575
1779699
1779823
1779947
1780071
1780195
1780319
1780443
1780567
1780691
1780815
1780939
1781063
1781187
1781311
1781435
1781559
1781683
1781807
1781931
1782055
1782179
1782303
1782427
1782551
1782675
1782799
1782923
1783047
1783171
1783295
1783419
1783543
1783667
1783791
1783915
1784039
1784163
1784287
1784411
1784535
1784659
1784783
1784907
1785031
1785155
1785279
1785403
1785527
1785651
1785775
1785899
1786023
1786147
1786271
1786395
1786519
1786643
1786767
1786891
1787015
1787139
1787263
1787388
1787513
1787638
1787763
1787888
1788013
1788138
1788263
1788388
1788513
1788638
1788763
1788888
1789013
1789138
1789263
1789388
1789513
1789638
1789763
1789888
1790013
1790138
1790263
1790388
1790513
1790638
1790763
1790888
1791013
1791138
1791263
1791388
1791513
1791638
1791763
1791888
1792013
1792138
1792263
1792388
1792513
1792638
1792763
1792888
1793013
1793138
1793263
1793388
1793513
1793638
1793763
1793888
1794013
1794138
1794263
1794388
1794513
1794638
1794763
1794888
1795013
1795138
1795263
1795388
1795513
1795638
1795763
1795888
1796013
1796138
1796263
1796388
1796513
1796638
1796763
1796888
1797013
1797138
1797263
1797388
1797513
1797638
1797763
1797888
1798013
1798138
1798263
1798388
1798513
1798638
1798763
1798888
1799013
1799138
1799263
1799388
1799513
1799638
1799763
1799888
1800013
1800138
1800263
1800388
1800513
1800638
1800763
1800888
1801013
1801138
1801263
1801388
1801513
1801638
1801763
1801889
1802015
1802141
1802267
1802393
1802519
1802645
1802771
1802897
1803023
1803149
1803275
1803401
1803527
1803653
1803779
1803905
1804031
1804157
1804283
1804409
1804535
1804661
1804787
1804913
1805039
1805165
1805291
1805417
1805543
1805669
1805795
1805921
1806047
1806173
1806299
1806425
1806551
1806677
1806803
1806929
1807055
1807181
1807307
1807433
1807559
1807685
1807811
1807937
1808063
1808189
1808315
1808441
1808567
1808693
1808819
1808945
1809071
1809197
1809323
1809449
1809575
1809701
1809827
1809953
1810079
1810205
1810331
1810457
1810583
1810709
1810835
1810961
1811087
1811213
1811339
1811465
1811591
1811717
1811843
1811969
1812095
1812221
1812347
1812473
1812599
1812725
1812851
1812977
1813103
1813229
1813355
1813481
1813607
1813733
1813859
1813985
1814111
1814237
1814363
1814489
1814615
1814741
1814867
1814993
1815119
1815245
1815371
1815497
1815623
1815749
1815875
1816001
1816127
1816254
1816381
1816508
1816635
1816762
1816889
1817016
1817143
1817270
1817397
1817524
1817651
1817778
1817905
1818032
1818159
1818286
1818413
1818540
1818667
1818794
1818921
1819048
1819175
1819302
1819429
1819556
1819683
1819810
1819937
1820064
1820191
1820318
1820445
1820572
1820699
1820826
1820953
1821080
1821207
1821334
1821461
1821588
1821715
1821842
1821969
1822096
1822223
1822350
1822477
1822604
1822731
1822858
1822985
1823112
1823239
1823366
1823493
1823620
1823747
1823874
1824001
1824128
1824255
1824382
1824509
1824636
1824763
1824890
1825017
1825144
1825271
1825398
1825525
1825652
1825779
1825906
1826033
1826160
1826287
1826414
1826541
1826668
1826795
1826922
1827049
1827176
1827303
1827430
1827557
1827684
1827811
1827938
1828065
1828192
1828319
1828446
1828573
1828700
1828827
1828954
1829081
1829208
1829335
1829462
1829589
1829716
1829843
1829970
1830097
1830224
1830351
1830478
1830605
1830733
1830861
1830989
1831117
1831245
1831373
1831501
1831629
1831757
1831885
1832013
1832141
1832269
1832397
1832525
1832653
1832781
1832909
1833037
1833165
1833293
1833421
1833549
1833677
1833805
1833933
1834061
1834189
1834317
1834445
1834573
1834701
1834829
1834957
1835085
1835213
1835341
1835469
1835597
1835725
1835853
1835981
1836109
1836237
1836365
1836493
1836621
1836749
1836877
1837005
1837133
1837261
1837389
1837517
1837645
1837773
1837901
1838029
1838157
1838285
1838413
1838541
1838669
1838797
1838925
1839053
1839181
1839309
1839437
1839565
1839693
1839821
1839949
1840077
1840205
1840333
1840461
1840589
1840717
1840845
1840973
1841101
1841229
1841357
1841485
1841613
1841741
1841869
1841997
1842125
1842253
1842381
1842509
1842637
1842765
1842893
1843021
1843149
1843277
1843405
1843533
1843661
1843789
1843917
1844045
1844173
1844301
1844429
1844557
1844685
1844813
1844941
1845069
1845197
1845326
1845455
1845584
1845713
1845842
1845971
1846100
1846229
1846358
1846487
1846616
1846745
1846874
1847003
1847132
1847261
1847390
1847519
1847648
1847777
1847906
1848035
1848164
1848293
1848422
1848551
1848680
1848809
1848938
1849067
1849196
1849325
1849454
1849583
1849712
1849841
1849970
1850099
1850228
1850357
1850486
1850615
1850744
1850873
1851002
1851131
1851260
1851389
1851518
1851647
1851776
1851905
1852034
1852163
1852292
1852421
1852550
1852679
1852808
1852937
1853066
1853195
1853324
1853453
1853582
1853711
1853840
1853969
1854098
1854227
1854356
1854485
1854614
1854743
1854872
1855001
1855130
1855259
1855388
1855517
1855646
1855775
1855904
1856033
1856162
1856291
1856420
1856549
1856678
1856807
1856936
1857065
1857194
1857323
1857452
1857581
1857710
1857839
1857968
1858097
1858226
1858355
1858484
1858613
1858742
1858871
1859000
1859129
1859258
1859387
1859516
1859645
1859775
1859905
1860035
1860165
1860295
1860425
1860555
1860685
1860815
1860945
1861075
1861205
1861335
1861465
1861595
1861725
1861855
1861985
1862115
1862245
1862375
1862505
1862635
1862765
1862895
1863025
1863155
1863285
1863415
1863545
1863675
1863805
1863935
1864065
1864195
1864325
1864455
1864585
1864715
1864845
1864975
1865105
1865235
1865365
1865495
1865625
1865755
1865885
1866015
1866145
1866275
1866405
1866535
1866665
1866795
1866925
1867055
1867185
1867315
1867445
1867575
1867705
1867835
1867965
1868095
1868225
1868355
1868485
1868615
1868745
1868875
1869005
1869135
1869265
1869395
1869525
1869655
1869785
1869915
1870045
1870175
1870305
1870435
1870565
1870695
1870825
1870955
1871085
1871215
1871345
1871475
1871605
1871735
1871865
1871995
1872125
1872255
1872385
1872515
1872645
1872775
1872905
1873035
1873165
1873295
1873425
1873555
1873685
1873815
1873945
1874075
1874206
1874337
1874468
1874599
1874730
1874861
1874992
1875123
1875254
1875385
1875516
1875647
1875778
1875909
1876040
1876171
1876302
1876433
1876564
1876695
1876826
1876957
1877088
1877219
1877350
1877481
1877612
1877743
1877874
1878005
1878136
1878267
1878398
1878529
1878660
1878791
1878922
1879053
1879184
1879315
1879446
1879577
1879708
1879839
1879970
1880101
1880232
1880363
1880494
1880625
1880756
1880887
1881018
1881149
1881280
1881411
1881542
1881673
1881804
1881935
1882066
1882197
1882328
1882459
1882590
1882721
1882852
1882983
1883114
1883245
1883376
1883507
1883638
1883769
1883900
1884031
1884162
1884293
1884424
1884555
1884686
1884817
1884948
1885079
1885210
1885341
1885472
1885603
1885734
1885865
1885996
1886127
1886258
1886389
1886520
1886651
1886782
1886913
1887044
1887175
1887306
1887437
1887568
1887699
1887830
1887961
1888092
1888223
1888354
1888485
1888616
1888748
1888880
1889012
1889144
1889276
1889408
1889540
1889672
1889804
1889936
1890068
1890200
1890332
1890464
1890596
1890728
1890860
1890992
1891124
1891256
1891388
1891520
1891652
1891784
1891916
1892048
1892180
1892312
1892444
1892576
1892708
1892840
1892972
1893104
1893236
1893368
1893500
1893632
1893764
1893896
1894028
1894160
1894292
1894424
1894556
1894688
1894820
1894952
1895084
1895216
1895348
1895480
1895612
1895744
1895876
1896008
1896140
1896272
1896404
1896536
1896668
1896800
1896932
1897064
1897196
1897328
1897460
1897592
1897724
1897856
1897988
1898120
1898252
1898384
1898516
1898648
1898780
1898912
1899044
1899176
1899308
1899440
1899572
1899704
1899836
1899968
1900100
1900232
1900364
1900496
1900628
1900760
1900892
1901024
1901156
1901288
1901420
1901552
1901684
1901816
1901948
1902080
1902212
1902344
1902476
1902608
1902740
1902872
1903004
1903137
1903270
1903403
1903536
1903669
1903802
1903935
1904068
1904201
1904334
1904467
1904600
1904733
1904866
1904999
1905132
1905265
1905398
1905531
1905664
1905797
1905930
1906063
1906196
1906329
1906462
1906595
1906728
1906861
1906994
1907127
1907260
1907393
1907526
1907659
1907792
1907925
1908058
1908191
1908324
1908457
1908590
1908723
1908856
1908989
1909122
1909255
1909388
1909521
1909654
1909787
1909920
1910053
1910186
1910319
1910452
1910585
1910718
1910851
1910984
1911117
1911250
1911383
1911516
1911649
1911782
1911915
1912048
1912181
1912314
1912447
1912580
1912713
1912846
1912979
1913112
1913245
1913378
1913511
1913644
1913777
1913910
1914043
1914176
1914309
1914442
1914575
1914708
1914841
1914974
1915107
1915240
1915373
1915506
1915639
1915772
1915905
1916038
1916171
1916304
1916437
1916570
1916703
1916836
1916969
1917102
1917235
1917368
1917501
1917635
1917769
1917903
1918037
1918171
1918305
1918439
1918573
1918707
1918841
1918975
1919109
1919243
1919377
1919511
1919645
1919779
1919913
1920047
1920181
1920315
1920449
1920583
1920717
1920851
1920985
1921119
1921253
1921387
1921521
1921655
1921789
1921923
1922057
1922191
1922325
1922459
1922593
1922727
1922861
1922995
1923129
1923263
1923397
1923531
1923665
1923799
1923933
1924067
1924201
1924335
1924469
1924603
1924737
1924871
1925005
1925139
1925273
1925407
1925541
1925675
1925809
1925943
1926077
1926211
1926345
1926479
1926613
1926747
1926881
1927015
1927149
1927283
1927417
1927551
1927685
1927819
1927953
1928087
1928221
1928355
1928489
1928623
1928757
1928891
1929025
1929159
1929293
1929427
1929561
1929695
1929829
1929963
1930097
1930231
1930365
1930499
1930633
1930767
1930901
1931035
1931169
1931303
1931437
1931571
1931705
1931839
1931973
1932108
1932243
1932378
1932513
1932648
1932783
1932918
1933053
1933188
1933323
1933458
1933593
1933728
1933863
1933998
1934133
1934268
1934403
1934538
1934673
1934808
1934943
1935078
1935213
1935348
1935483
1935618
1935753
1935888
1936023
1936158
1936293
1936428
1936563
1936698
1936833
1936968
1937103
1937238
1937373
1937508
1937643
1937778
1937913
1938048
1938183
1938318
1938453
1938588
1938723
1938858
1938993
1939128
1939263
1939398
1939533
1939668
1939803
1939938
1940073
1940208
1940343
1940478
1940613
1940748
1940883
1941018
1941153
1941288
1941423
1941558
1941693
1941828
1941963
1942098
1942233
1942368
1942503
1942638
1942773
1942908
1943043
1943178
1943313
1943448
1943583
1943718
1943853
1943988
1944123
1944258
1944393
1944528
1944663
1944798
1944933
1945068
1945203
1945338
1945473
1945608
1945743
1945878
1946013
1946148
1946283
1946418
1946554
1946690
1946826
1946962
1947098
1947234
1947370
1947506
1947642
1947778
1947914
1948050
1948186
1948322
1948458
1948594
1948730
1948866
1949002
1949138
1949274
1949410
1949546
1949682
1949818
1949954
1950090
1950226
1950362
1950498
1950634
1950770
1950906
1951042
1951178
1951314
1951450
1951586
1951722
1951858
1951994
1952130
1952266
1952402
1952538
1952674
1952810
1952946
1953082
1953218
1953354
1953490
1953626
1953762
1953898
1954034
1954170
1954306
1954442
1954578
1954714
1954850
1954986
1955122
1955258
1955394
1955530
1955666
1955802
1955938
1956074
1956210
1956346
1956482
1956618
1956754
1956890
1957026
1957162
1957298
1957434
1957570
1957706
1957842
1957978
1958114
1958250
1958386
1958522
1958658
1958794
1958930
1959066
1959202
1959338
1959474
1959610
1959746
1959882
1960018
1960154
1960290
1960426
1960562
1960698
1960834
1960970
1961107
1961244
1961381
1961518
1961655
1961792
1961929
1962066
1962203
1962340
1962477
1962614
1962751
1962888
1963025
1963162
1963299
1963436
1963573
1963710
1963847
1963984
1964121
1964258
1964395
1964532
1964669
1964806
1964943
1965080
1965217
1965354
1965491
1965628
1965765
1965902
1966039
1966176
1966313
1966450
1966587
1966724
1966861
1966998
1967135
1967272
1967409
1967546
1967683
1967820
1967957
1968094
1968231
1968368
1968505
1968642
1968779
1968916
1969053
1969190
1969327
1969464
1969601
1969738
1969875
1970012
1970149
1970286
1970423
1970560
1970697
1970834
1970971
1971108
1971245
1971382
1971519
1971656
1971793
1971930
1972067
1972204
1972341
1972478
1972615
1972752
1972889
1973026
1973163
1973300
1973437
1973574
1973711
1973848
1973985
1974122
1974259
1974396
1974533
1974670
1974807
1974944
1975081
1975218
1975355
1975492
1975630
1975768
1975906
1976044
1976182
1976320
1976458
1976596
1976734
1976872
1977010
1977148
1977286
1977424
1977562
1977700
1977838
1977976
1978114
1978252
1978390
1978528
1978666
1978804
1978942
1979080
1979218
1979356
1979494
1979632
1979770
1979908
1980046
1980184
1980322
1980460
1980598
1980736
1980874
1981012
1981150
1981288
1981426
1981564
1981702
1981840
1981978
1982116
1982254
1982392
1982530
1982668
1982806
1982944
1983082
1983220
1983358
1983496
1983634
1983772
1983910
1984048
1984186
1984324
1984462
1984600
1984738
1984876
1985014
1985152
1985290
1985428
1985566
1985704
1985842
1985980
1986118
1986256
1986394
1986532
1986670
1986808
1986946
1987084
1987222
1987360
1987498
1987636
1987774
1987912
1988050
1988188
1988326
1988464
1988602
1988740
1988878
1989016
1989154
1989292
1989430
1989568
1989706
1989844
1989983
1990122
1990261
1990400
1990539
1990678
1990817
1990956
1991095
1991234
1991373
1991512
1991651
1991790
1991929
1992068
1992207
1992346
1992485
1992624
1992763
1992902
1993041
1993180
1993319
1993458
1993597
1993736
1993875
1994014
1994153
1994292
1994431
1994570
1994709
1994848
1994987
1995126
1995265
1995404
1995543
1995682
1995821
1995960
1996099
1996238
1996377
1996516
1996655
1996794
1996933
1997072
1997211
1997350
1997489
1997628
1997767
1997906
1998045
1998184
1998323
1998462
1998601
1998740
1998879
1999018
1999157
1999296
1999435
1999574
1999713
1999852
1999991
2000130
2000269
2000408
2000547
2000686
2000825
2000964
2001103
2001242
2001381
2001520
2001659
2001798
2001937
2002076
2002215
2002354
2002493
2002632
2002771
2002910
2003049
2003188
2003327
2003466
2003605
2003744
2003883
2004022
2004161
2004300
2004439
2004579
2004719
2004859
2004999
2005139
2005279
2005419
2005559
2005699
2005839
2005979
2006119
2006259
2006399
2006539
2006679
2006819
2006959
2007099
2007239
2007379
2007519
2007659
2007799
2007939
2008079
2008219
2008359
2008499
2008639
2008779
2008919
2009059
2009199
2009339
2009479
2009619
2009759
2009899
2010039
2010179
2010319
2010459
2010599
2010739
2010879
2011019
2011159
2011299
2011439
2011579
2011719
2011859
2011999
2012139
2012279
2012419
2012559
2012699
2012839
2012979
2013119
2013259
2013399
2013539
2013679
2013819
2013959
2014099
2014239
2014379
2014519
2014659
2014799
2014939
2015079
2015219
2015359
2015499
2015639
2015779
2015919
2016059
2016199
2016339
2016479
2016619
2016759
2016899
2017039
2017179
2017319
2017459
2017599
2017739
2017879
2018019
2018159
2018299
2018439
2018579
2018719
2018859
2019000
2019141
2019282
2019423
2019564
2019705
2019846
2019987
2020128
2020269
2020410
2020551
2020692
2020833
2020974
2021115
2021256
2021397
2021538
2021679
2021820
2021961
2022102
2022243
2022384
2022525
2022666
2022807
2022948
2023089
2023230
2023371
2023512
2023653
2023794
2023935
2024076
2024217
2024358
2024499
2024640
2024781
2024922
2025063
2025204
2025345
2025486
2025627
2025768
2025909
2026050
2026191
2026332
2026473
2026614
2026755
2026896
2027037
2027178
2027319
2027460
2027601
2027742
2027883
2028024
2028165
2028306
2028447
2028588
2028729
2028870
2029011
2029152
2029293
2029434
2029575
2029716
2029857
2029998
2030139
2030280
2030421
2030562
2030703
2030844
2030985
2031126
2031267
2031408
2031549
2031690
2031831
2031972
2032113
2032254
2032395
2032536
2032677
2032818
2032959
2033100
2033241
2033382
2033524
2033666
2033808
2033950
2034092
2034234
2034376
2034518
2034660
2034802
2034944
2035086
2035228
2035370
2035512
2035654
2035796
2035938
2036080
2036222
2036364
2036506
2036648
2036790
2036932
2037074
2037216
2037358
2037500
2037642
2037784
2037926
2038068
2038210
2038352
2038494
2038636
2038778
2038920
2039062
2039204
2039346
2039488
2039630
2039772
2039914
2040056
2040198
2040340
2040482
2040624
2040766
2040908
2041050
2041192
2041334
2041476
2041618
2041760
2041902
2042044
2042186
2042328
2042470
2042612
2042754
2042896
2043038
2043180
2043322
2043464
2043606
2043748
2043890
2044032
2044174
2044316
2044458
2044600
2044742
2044884
2045026
2045168
2045310
2045452
2045594
2045736
2045878
2046020
2046162
2046304
2046446
2046588
2046730
2046872
2047014
2047156
2047298
2047440
2047582
2047724
2047866
2048009
2048152
2048295
2048438
2048581
2048724
2048867
2049010
2049153
2049296
2049439
2049582
2049725
2049868
2050011
2050154
2050297
2050440
2050583
2050726
2050869
2051012
2051155
2051298
2051441
2051584
2051727
2051870
2052013
2052156
2052299
2052442
2052585
2052728
2052871
2053014
2053157
2053300
2053443
2053586
2053729
2053872
2054015
2054158
2054301
2054444
2054587
2054730
2054873
2055016
2055159
2055302
2055445
2055588
2055731
2055874
2056017
2056160
2056303
2056446
2056589
2056732
2056875
2057018
2057161
2057304
2057447
2057590
2057733
2057876
2058019
2058162
2058305
2058448
2058591
2058734
2058877
2059020
2059163
2059306
2059449
2059592
2059735
2059878
2060021
2060164
2060307
2060450
2060593
2060736
2060879
2061022
2061165
2061308
2061451
2061594
2061737
2061880
2062023
2062166
2062309
2062453
2062597
2062741
2062885
2063029
2063173
2063317
2063461
2063605
2063749
2063893
2064037
2064181
2064325
2064469
2064613
2064757
2064901
2065045
2065189
2065333
2065477
2065621
2065765
2065909
2066053
2066197
2066341
2066485
2066629
2066773
2066917
2067061
2067205
2067349
2067493
2067637
2067781
2067925
2068069
2068213
2068357
2068501
2068645
2068789
2068933
2069077
2069221
2069365
2069509
2069653
2069797
2069941
2070085
2070229
2070373
2070517
2070661
2070805
2070949
2071093
2071237
2071381
2071525
2071669
2071813
2071957
2072101
2072245
2072389
2072533
2072677
2072821
2072965
2073109
2073253
2073397
2073541
2073685
2073829
2073973
2074117
2074261
2074405
2074549
2074693
2074837
2074981
2075125
2075269
2075413
2075557
2075701
2075845
2075989
2076133
2076277
2076421
2076565
2076709
2076854
2076999
2077144
2077289
2077434
2077579
2077724
2077869
2078014
2078159
2078304
2078449
2078594
2078739
2078884
2079029
2079174
2079319
2079464
2079609
2079754
2079899
2080044
2080189
2080334
2080479
2080624
2080769
2080914
2081059
2081204
2081349
2081494
2081639
2081784
2081929
2082074
2082219
2082364
2082509
2082654
2082799
2082944
2083089
2083234
2083379
2083524
2083669
2083814
2083959
2084104
2084249
2084394
2084539
2084684
2084829
2084974
2085119
2085264
2085409
2085554
2085699
2085844
2085989
2086134
2086279
2086424
2086569
2086714
2086859
2087004
2087149
2087294
2087439
2087584
2087729
2087874
2088019
2088164
2088309
2088454
2088599
2088744
2088889
2089034
2089179
2089324
2089469
2089614
2089759
2089904
2090049
2090194
2090339
2090484
2090629
2090774
2090919
2091064
2091209
2091355
2091501
2091647
2091793
2091939
2092085
2092231
2092377
2092523
2092669
2092815
2092961
2093107
2093253
2093399
2093545
2093691
2093837
2093983
2094129
2094275
2094421
2094567
2094713
2094859
2095005
2095151
2095297
2095443
2095589
2095735
2095881
2096027
2096173
2096319
2096465
2096611
2096757
2096903
2097049
2097195
2097341
2097487
2097633
2097779
2097925
2098071
2098217
2098363
2098509
2098655
2098801
2098947
2099093
2099239
2099385
2099531
2099677
2099823
2099969
2100115
2100261
2100407
2100553
2100699
2100845
2100991
2101137
2101283
2101429
2101575
2101721
2101867
2102013
2102159
2102305
2102451
2102597
2102743
2102889
2103035
2103181
2103327
2103473
2103619
2103765
2103911
2104057
2104203
2104349
2104495
2104641
2104787
2104933
2105079
2105225
2105371
2105517
2105663
2105810
2105957
2106104
2106251
2106398
2106545
2106692
2106839
2106986
2107133
2107280
2107427
2107574
2107721
2107868
2108015
2108162
2108309
2108456
2108603
2108750
2108897
2109044
2109191
2109338
2109485
2109632
2109779
2109926
2110073
2110220
2110367
2110514
2110661
2110808
2110955
2111102
2111249
2111396
2111543
2111690
2111837
2111984
2112131
2112278
2112425
2112572
2112719
2112866
2113013
2113160
2113307
2113454
2113601
2113748
2113895
2114042
2114189
2114336
2114483
2114630
2114777
2114924
2115071
2115218
2115365
2115512
2115659
2115806
2115953
2116100
2116247
2116394
2116541
2116688
2116835
2116982
2117129
2117276
2117423
2117570
2117717
2117864
2118011
2118158
2118305
2118452
2118599
2118746
2118893
2119040
2119187
2119334
2119481
2119628
2119775
2119922
2120069
2120216
2120364
2120512
2120660
2120808
2120956
2121104
2121252
2121400
2121548
2121696
2121844
2121992
2122140
2122288
2122436
2122584
2122732
2122880
2123028
2123176
2123324
2123472
2123620
2123768
2123916
2124064
2124212
2124360
2124508
2124656
2124804
2124952
2125100
2125248
2125396
2125544
2125692
2125840
2125988
2126136
2126284
2126432
2126580
2126728
2126876
2127024
2127172
2127320
2127468
2127616
2127764
2127912
2128060
2128208
2128356
2128504
2128652
2128800
2128948
2129096
2129244
2129392
2129540
2129688
2129836
2129984
2130132
2130280
2130428
2130576
2130724
2130872
2131020
2131168
2131316
2131464
2131612
2131760
2131908
2132056
2132204
2132352
2132500
2132648
2132796
2132944
2133092
2133240
2133388
2133536
2133684
2133832
2133980
2134128
2134276
2134424
2134572
2134720
2134869
2135018
2135167
2135316
2135465
2135614
2135763
2135912
2136061
2136210
2136359
2136508
2136657
2136806
2136955
2137104
2137253
2137402
2137551
2137700
2137849
2137998
2138147
2138296
2138445
2138594
2138743
2138892
2139041
2139190
2139339
2139488
2139637
2139786
2139935
2140084
2140233
2140382
2140531
2140680
2140829
2140978
2141127
2141276
2141425
2141574
2141723
2141872
2142021
2142170
2142319
2142468
2142617
2142766
2142915
2143064
2143213
2143362
2143511
2143660
2143809
2143958
2144107
2144256
2144405
2144554
2144703
2144852
2145001
2145150
2145299
2145448
2145597
2145746
2145895
2146044
2146193
2146342
2146491
2146640
2146789
2146938
2147087
2147236
2147385
2147534
2147683
2147832
2147981
2148130
2148279
2148428
2148577
2148726
2148875
2149024
2149173
2149323
2149473
2149623
2149773
2149923
2150073
2150223
2150373
2150523
2150673
2150823
2150973
2151123
2151273
2151423
2151573
2151723
2151873
2152023
2152173
2152323
2152473
2152623
2152773
2152923
2153073
2153223
2153373
2153523
2153673
2153823
2153973
2154123
2154273
2154423
2154573
2154723
2154873
2155023
2155173
2155323
2155473
2155623
2155773
2155923
2156073
2156223
2156373
2156523
2156673
2156823
2156973
2157123
2157273
2157423
2157573
2157723
2157873
2158023
2158173
2158323
2158473
2158623
2158773
2158923
2159073
2159223
2159373
2159523
2159673
2159823
2159973
2160123
2160273
2160423
2160573
2160723
2160873
2161023
2161173
2161323
2161473
2161623
2161773
2161923
2162073
2162223
2162373
2162523
2162673
2162823
2162973
2163123
2163273
2163423
2163573
2163724
2163875
2164026
2164177
2164328
2164479
2164630
2164781
2164932
2165083
2165234
2165385
2165536
2165687
2165838
2165989
2166140
2166291
2166442
2166593
2166744
2166895
2167046
2167197
2167348
2167499
2167650
2167801
2167952
2168103
2168254
2168405
2168556
2168707
2168858
2169009
2169160
2169311
2169462
2169613
2169764
2169915
2170066
2170217
2170368
2170519
2170670
2170821
2170972
2171123
2171274
2171425
2171576
2171727
2171878
2172029
2172180
2172331
2172482
2172633
2172784
2172935
2173086
2173237
2173388
2173539
2173690
2173841
2173992
2174143
2174294
2174445
2174596
2174747
2174898
2175049
2175200
2175351
2175502
2175653
2175804
2175955
2176106
2176257
2176408
2176559
2176710
2176861
2177012
2177163
2177314
2177465
2177616
2177767
2177918
2178069
2178221
2178373
2178525
2178677
2178829
2178981
2179133
2179285
2179437
2179589
2179741
2179893
2180045
2180197
2180349
2180501
2180653
2180805
2180957
2181109
2181261
2181413
2181565
2181717
2181869
2182021
2182173
2182325
2182477
2182629
2182781
2182933
2183085
2183237
2183389
2183541
2183693
2183845
2183997
2184149
2184301
2184453
2184605
2184757
2184909
2185061
2185213
2185365
2185517
2185669
2185821
2185973
2186125
2186277
2186429
2186581
2186733
2186885
2187037
2187189
2187341
2187493
2187645
2187797
2187949
2188101
2188253
2188405
2188557
2188709
2188861
2189013
2189165
2189317
2189469
2189621
2189773
2189925
2190077
2190229
2190381
2190533
2190685
2190837
2190989
2191141
2191293
2191445
2191597
2191749
2191901
2192053
2192205
2192357
2192509
2192662
2192815
2192968
2193121
2193274
2193427
2193580
2193733
2193886
2194039
2194192
2194345
2194498
2194651
2194804
2194957
2195110
2195263
2195416
2195569
2195722
2195875
2196028
2196181
2196334
2196487
2196640
2196793
2196946
2197099
2197252
2197405
2197558
2197711
2197864
2198017
2198170
2198323
2198476
2198629
2198782
2198935
2199088
2199241
2199394
2199547
2199700
2199853
2200006
2200159
2200312
2200465
2200618
2200771
2200924
2201077
2201230
2201383
2201536
2201689
2201842
2201995
2202148
2202301
2202454
2202607
2202760
2202913
2203066
2203219
2203372
2203525
2203678
2203831
2203984
2204137
2204290
2204443
2204596
2204749
2204902
2205055
2205208
2205361
2205514
2205667
2205820
2205973
2206126
2206279
2206432
2206585
2206738
2206891
2207044
2207198
2207352
2207506
2207660
2207814
2207968
2208122
2208276
2208430
2208584
2208738
2208892
2209046
2209200
2209354
2209508
2209662
2209816
2209970
2210124
2210278
2210432
2210586
2210740
2210894
2211048
2211202
2211356
2211510
2211664
2211818
2211972
2212126
2212280
2212434
2212588
2212742
2212896
2213050
2213204
2213358
2213512
2213666
2213820
2213974
2214128
2214282
2214436
2214590
2214744
2214898
2215052
2215206
2215360
2215514
2215668
2215822
2215976
2216130
2216284
2216438
2216592
2216746
2216900
2217054
2217208
2217362
2217516
2217670
2217824
2217978
2218132
2218286
2218440
2218594
2218748
2218902
2219056
2219210
2219364
2219518
2219672
2219826
2219980
2220134
2220288
2220442
2220596
2220750
2220904
2221058
2221212
2221366
2221520
2221675
2221830
2221985
2222140
2222295
2222450
2222605
2222760
2222915
2223070
2223225
2223380
2223535
2223690
2223845
2224000
2224155
2224310
2224465
2224620
2224775
2224930
2225085
2225240
2225395
2225550
2225705
2225860
2226015
2226170
2226325
2226480
2226635
2226790
2226945
2227100
2227255
2227410
2227565
2227720
2227875
2228030
2228185
2228340
2228495
2228650
2228805
2228960
2229115
2229270
2229425
2229580
2229735
2229890
2230045
2230200
2230355
2230510
2230665
2230820
2230975
2231130
2231285
2231440
2231595
2231750
2231905
2232060
2232215
2232370
2232525
2232680
2232835
2232990
2233145
2233300
2233455
2233610
2233765
2233920
2234075
2234230
2234385
2234540
2234695
2234850
2235005
2235160
2235315
2235470
2235625
2235780
2235935
2236091
2236247
2236403
2236559
2236715
2236871
2237027
2237183
2237339
2237495
2237651
2237807
2237963
2238119
2238275
2238431
2238587
2238743
2238899
2239055
2239211
2239367
2239523
2239679
2239835
2239991
2240147
2240303
2240459
2240615
2240771
2240927
2241083
2241239
2241395
2241551
2241707
2241863
2242019
2242175
2242331
2242487
2242643
2242799
2242955
2243111
2243267
2243423
2243579
2243735
2243891
2244047
2244203
2244359
2244515
2244671
2244827
2244983
2245139
2245295
2245451
2245607
2245763
2245919
2246075
2246231
2246387
2246543
2246699
2246855
2247011
2247167
2247323
2247479
2247635
2247791
2247947
2248103
2248259
2248415
2248571
2248727
2248883
2249039
2249195
2249351
2249507
2249663
2249819
2249975
2250131
2250287
2250443
2250600
2250757
2250914
2251071
2251228
2251385
2251542
2251699
2251856
2252013
2252170
2252327
2252484
2252641
2252798
2252955
2253112
2253269
2253426
2253583
2253740
2253897
2254054
2254211
2254368
2254525
2254682
2254839
2254996
2255153
2255310
2255467
2255624
2255781
2255938
2256095
2256252
2256409
2256566
2256723
2256880
2257037
2257194
2257351
2257508
2257665
2257822
2257979
2258136
2258293
2258450
2258607
2258764
2258921
2259078
2259235
2259392
2259549
2259706
2259863
2260020
2260177
2260334
2260491
2260648
2260805
2260962
2261119
2261276
2261433
2261590
2261747
2261904
2262061
2262218
2262375
2262532
2262689
2262846
2263003
2263160
2263317
2263474
2263631
2263788
2263945
2264102
2264259
2264416
2264573
2264730
2264887
2265045
2265203
2265361
2265519
2265677
2265835
2265993
2266151
2266309
2266467
2266625
2266783
2266941
2267099
2267257
2267415
2267573
2267731
2267889
2268047
2268205
2268363
2268521
2268679
2268837
2268995
2269153
2269311
2269469
2269627
2269785
2269943
2270101
2270259
2270417
2270575
2270733
2270891
2271049
2271207
2271365
2271523
2271681
2271839
2271997
2272155
2272313
2272471
2272629
2272787
2272945
2273103
2273261
2273419
2273577
2273735
2273893
2274051
2274209
2274367
2274525
2274683
2274841
2274999
2275157
2275315
2275473
2275631
2275789
2275947
2276105
2276263
2276421
2276579
2276737
2276895
2277053
2277211
2277369
2277527
2277685
2277843
2278001
2278159
2278317
2278475
2278633
2278791
2278949
2279107
2279265
2279423
2279582
2279741
2279900
2280059
2280218
2280377
2280536
2280695
2280854
2281013
2281172
2281331
2281490
2281649
2281808
2281967
2282126
2282285
2282444
2282603
2282762
2282921
2283080
2283239
2283398
2283557
2283716
2283875
2284034
2284193
2284352
2284511
2284670
2284829
2284988
2285147
2285306
2285465
2285624
2285783
2285942
2286101
2286260
2286419
2286578
2286737
2286896
2287055
2287214
2287373
2287532
2287691
2287850
2288009
2288168
2288327
2288486
2288645
2288804
2288963
2289122
2289281
2289440
2289599
2289758
2289917
2290076
2290235
2290394
2290553
2290712
2290871
2291030
2291189
2291348
2291507
2291666
2291825
2291984
2292143
2292302
2292461
2292620
2292779
2292938
2293097
2293256
2293415
2293574
2293733
2293892
2294052
2294212
2294372
2294532
2294692
2294852
2295012
2295172
2295332
2295492
2295652
2295812
2295972
2296132
2296292
2296452
2296612
2296772
2296932
2297092
2297252
2297412
2297572
2297732
2297892
2298052
2298212
2298372
2298532
2298692
2298852
2299012
2299172
2299332
2299492
2299652
2299812
2299972
2300132
2300292
2300452
2300612
2300772
2300932
2301092
2301252
2301412
2301572
2301732
2301892
2302052
2302212
2302372
2302532
2302692
2302852
2303012
2303172
2303332
2303492
2303652
2303812
2303972
2304132
2304292
2304452
2304612
2304772
2304932
2305092
2305252
2305412
2305572
2305732
2305892
2306052
2306212
2306372
2306532
2306692
2306852
2307012
2307172
2307332
2307492
2307652
2307812
2307972
2308132
2308292
2308452
2308613
2308774
2308935
2309096
2309257
2309418
2309579
2309740
2309901
2310062
2310223
2310384
2310545
2310706
2310867
2311028
2311189
2311350
2311511
2311672
2311833
2311994
2312155
2312316
2312477
2312638
2312799
2312960
2313121
2313282
2313443
2313604
2313765
2313926
2314087
2314248
2314409
2314570
2314731
2314892
2315053
2315214
2315375
2315536
2315697
2315858
2316019
2316180
2316341
2316502
2316663
2316824
2316985
2317146
2317307
2317468
2317629
2317790
2317951
2318112
2318273
2318434
2318595
2318756
2318917
2319078
2319239
2319400
2319561
2319722
2319883
2320044
2320205
2320366
2320527
2320688
2320849
2321010
2321171
2321332
2321493
2321654
2321815
2321976
2322137
2322298
2322459
2322620
2322781
2322942
2323104
2323266
2323428
2323590
2323752
2323914
2324076
2324238
2324400
2324562
2324724
2324886
2325048
2325210
2325372
2325534
2325696
2325858
2326020
2326182
2326344
2326506
2326668
2326830
2326992
2327154
2327316
2327478
2327640
2327802
2327964
2328126
2328288
2328450
2328612
2328774
2328936
2329098
2329260
2329422
2329584
2329746
2329908
2330070
2330232
2330394
2330556
2330718
2330880
2331042
2331204
2331366
2331528
2331690
2331852
2332014
2332176
2332338
2332500
2332662
2332824
2332986
2333148
2333310
2333472
2333634
2333796
2333958
2334120
2334282
2334444
2334606
2334768
2334930
2335092
2335254
2335416
2335578
2335740
2335902
2336064
2336226
2336388
2336550
2336712
2336874
2337036
2337198
2337360
2337523
2337686
2337849
2338012
2338175
2338338
2338501
2338664
2338827
2338990
2339153
2339316
2339479
2339642
2339805
2339968
2340131
2340294
2340457
2340620
2340783
2340946
2341109
2341272
2341435
2341598
2341761
2341924
2342087
2342250
2342413
2342576
2342739
2342902
2343065
2343228
2343391
2343554
2343717
2343880
2344043
2344206
2344369
2344532
2344695
2344858
2345021
2345184
2345347
2345510
2345673
2345836
2345999
2346162
2346325
2346488
2346651
2346814
2346977
2347140
2347303
2347466
2347629
2347792
2347955
2348118
2348281
2348444
2348607
2348770
2348933
2349096
2349259
2349422
2349585
2349748
2349911
2350074
2350237
2350400
2350563
2350726
2350889
2351052
2351215
2351378
2351541
2351704
2351867
2352031
2352195
2352359
2352523
2352687
2352851
2353015
2353179
2353343
2353507
2353671
2353835
2353999
2354163
2354327
2354491
2354655
2354819
2354983
2355147
2355311
2355475
2355639
2355803
2355967
2356131
2356295
2356459
2356623
2356787
2356951
2357115
2357279
2357443
2357607
2357771
2357935
2358099
2358263
2358427
2358591
2358755
2358919
2359083
2359247
2359411
2359575
2359739
2359903
2360067
2360231
2360395
2360559
2360723
2360887
2361051
2361215
2361379
2361543
2361707
2361871
2362035
2362199
2362363
2362527
2362691
2362855
2363019
2363183
2363347
2363511
2363675
2363839
2364003
2364167
2364331
2364495
2364659
2364823
2364987
2365151
2365315
2365479
2365643
2365807
2365971
2366135
2366299
2366464
2366629
2366794
2366959
2367124
2367289
2367454
2367619
2367784
2367949
2368114
2368279
2368444
2368609
2368774
2368939
2369104
2369269
2369434
2369599
2369764
2369929
2370094
2370259
2370424
2370589
2370754
2370919
2371084
2371249
2371414
2371579
2371744
2371909
2372074
2372239
2372404
2372569
2372734
2372899
2373064
2373229
2373394
2373559
2373724
2373889
2374054
2374219
2374384
2374549
2374714
2374879
2375044
2375209
2375374
2375539
2375704
2375869
2376034
2376199
2376364
2376529
2376694
2376859
2377024
2377189
2377354
2377519
2377684
2377849
2378014
2378179
2378344
2378509
2378674
2378839
2379004
2379169
2379334
2379499
2379664
2379829
2379994
2380159
2380324
2380489
2380654
2380819
2380985
2381151
2381317
2381483
2381649
2381815
2381981
2382147
2382313
2382479
2382645
2382811
2382977
2383143
2383309
2383475
2383641
2383807
2383973
2384139
2384305
2384471
2384637
2384803
2384969
2385135
2385301
2385467
2385633
2385799
2385965
2386131
2386297
2386463
2386629
2386795
2386961
2387127
2387293
2387459
2387625
2387791
2387957
2388123
2388289
2388455
2388621
2388787
2388953
2389119
2389285
2389451
2389617
2389783
2389949
2390115
2390281
2390447
2390613
2390779
2390945
2391111
2391277
2391443
2391609
2391775
2391941
2392107
2392273
2392439
2392605
2392771
2392937
2393103
2393269
2393435
2393601
2393767
2393933
2394099
2394265
2394431
2394597
2394763
2394929
2395095
2395261
2395428
2395595
2395762
2395929
2396096
2396263
2396430
2396597
2396764
2396931
2397098
2397265
2397432
2397599
2397766
2397933
2398100
2398267
2398434
2398601
2398768
2398935
2399102
2399269
2399436
2399603
2399770
2399937
2400104
2400271
2400438
2400605
2400772
2400939
2401106
2401273
2401440
2401607
2401774
2401941
2402108
2402275
2402442
2402609
2402776
2402943
2403110
2403277
2403444
2403611
2403778
2403945
2404112
2404279
2404446
2404613
2404780
2404947
2405114
2405281
2405448
2405615
2405782
2405949
2406116
2406283
2406450
2406617
2406784
2406951
2407118
2407285
2407452
2407619
2407786
2407953
2408120
2408287
2408454
2408621
2408788
2408955
2409122
2409289
2409456
2409623
2409790
2409958
2410126
2410294
2410462
2410630
2410798
2410966
2411134
2411302
2411470
2411638
2411806
2411974
2412142
2412310
2412478
2412646
2412814
2412982
2413150
2413318
2413486
2413654
2413822
2413990
2414158
2414326
2414494
2414662
2414830
2414998
2415166
2415334
2415502
2415670
2415838
2416006
2416174
2416342
2416510
2416678
2416846
2417014
2417182
2417350
2417518
2417686
2417854
2418022
2418190
2418358
2418526
2418694
2418862
2419030
2419198
2419366
2419534
2419702
2419870
2420038
2420206
2420374
2420542
2420710
2420878
2421046
2421214
2421382
2421550
2421718
2421886
2422054
2422222
2422390
2422558
2422726
2422894
2423062
2423230
2423398
2423566
2423734
2423902
2424070
2424238
2424407
2424576
2424745
2424914
2425083
2425252
2425421
2425590
2425759
2425928
2426097
2426266
2426435
2426604
2426773
2426942
2427111
2427280
2427449
2427618
2427787
2427956
2428125
2428294
2428463
2428632
2428801
2428970
2429139
2429308
2429477
2429646
2429815
2429984
2430153
2430322
2430491
2430660
2430829
2430998
2431167
2431336
2431505
2431674
2431843
2432012
2432181
2432350
2432519
2432688
2432857
2433026
2433195
2433364
2433533
2433702
2433871
2434040
2434209
2434378
2434547
2434716
2434885
2435054
2435223
2435392
2435561
2435730
2435899
2436068
2436237
2436406
2436575
2436744
2436913
2437082
2437251
2437420
2437589
2437758
2437927
2438096
2438265
2438434
2438603
2438773
2438943
2439113
2439283
2439453
2439623
2439793
2439963
2440133
2440303
2440473
2440643
2440813
2440983
2441153
2441323
2441493
2441663
2441833
2442003
2442173
2442343
2442513
2442683
2442853
2443023
2443193
2443363
2443533
2443703
2443873
2444043
2444213
2444383
2444553
2444723
2444893
2445063
2445233
2445403
2445573
2445743
2445913
2446083
2446253
2446423
2446593
2446763
2446933
2447103
2447273
2447443
2447613
2447783
2447953
2448123
2448293
2448463
2448633
2448803
2448973
2449143
2449313
2449483
2449653
2449823
2449993
2450163
2450333
2450503
2450673
2450843
2451013
2451183
2451353
2451523
2451693
2451863
2452033
2452203
2452373
2452543
2452713
2452883
2453053
2453223
2453394
2453565
2453736
2453907
2454078
2454249
2454420
2454591
2454762
2454933
2455104
2455275
2455446
2455617
2455788
2455959
2456130
2456301
2456472
2456643
2456814
2456985
2457156
2457327
2457498
2457669
2457840
2458011
2458182
2458353
2458524
2458695
2458866
2459037
2459208
2459379
2459550
2459721
2459892
2460063
2460234
2460405
2460576
2460747
2460918
2461089
2461260
2461431
2461602
2461773
2461944
2462115
2462286
2462457
2462628
2462799
2462970
2463141
2463312
2463483
2463654
2463825
2463996
2464167
2464338
2464509
2464680
2464851
2465022
2465193
2465364
2465535
2465706
2465877
2466048
2466219
2466390
2466561
2466732
2466903
2467074
2467245
2467416
2467587
2467759
2467931
2468103
2468275
2468447
2468619
2468791
2468963
2469135
2469307
2469479
2469651
2469823
2469995
2470167
2470339
2470511
2470683
2470855
2471027
2471199
2471371
2471543
2471715
2471887
2472059
2472231
2472403
2472575
2472747
2472919
2473091
2473263
2473435
2473607
2473779
2473951
2474123
2474295
2474467
2474639
2474811
2474983
2475155
2475327
2475499
2475671
2475843
2476015
2476187
2476359
2476531
2476703
2476875
2477047
2477219
2477391
2477563
2477735
2477907
2478079
2478251
2478423
2478595
2478767
2478939
2479111
2479283
2479455
2479627
2479799
2479971
2480143
2480315
2480487
2480659
2480831
2481003
2481175
2481347
2481519
2481691
2481863
2482035
2482208
2482381
2482554
2482727
2482900
2483073
2483246
2483419
2483592
2483765
2483938
2484111
2484284
2484457
2484630
2484803
2484976
2485149
2485322
2485495
2485668
2485841
2486014
2486187
2486360
2486533
2486706
2486879
2487052
2487225
2487398
2487571
2487744
2487917
2488090
2488263
2488436
2488609
2488782
2488955
2489128
2489301
2489474
2489647
2489820
2489993
2490166
2490339
2490512
2490685
2490858
2491031
2491204
2491377
2491550
2491723
2491896
2492069
2492242
2492415
2492588
2492761
2492934
2493107
2493280
2493453
2493626
2493799
2493972
2494145
2494318
2494491
2494664
2494837
2495010
2495183
2495356
2495529
2495702
2495875
2496048
2496221
2496394
2496567
2496741
2496915
2497089
2497263
2497437
2497611
2497785
2497959
2498133
2498307
2498481
2498655
2498829
2499003
2499177
2499351
2499525
2499699
2499873
2500047
2500221
2500395
2500569
2500743
2500917
2501091
2501265
2501439
2501613
2501787
2501961
2502135
2502309
2502483
2502657
2502831
2503005
2503179
2503353
2503527
2503701
2503875
2504049
2504223
2504397
2504571
2504745
2504919
2505093
2505267
2505441
2505615
2505789
2505963
2506137
2506311
2506485
2506659
2506833
2507007
2507181
2507355
2507529
2507703
2507877
2508051
2508225
2508399
2508573
2508747
2508921
2509095
2509269
2509443
2509617
2509791
2509965
2510139
2510313
2510487
2510661
2510835
2511009
2511184
2511359
2511534
2511709
2511884
2512059
2512234
2512409
2512584
2512759
2512934
2513109
2513284
2513459
2513634
2513809
2513984
2514159
2514334
2514509
2514684
2514859
2515034
2515209
2515384
2515559
2515734
2515909
2516084
2516259
2516434
2516609
2516784
2516959
2517134
2517309
2517484
2517659
2517834
2518009
2518184
2518359
2518534
2518709
2518884
2519059
2519234
2519409
2519584
2519759
2519934
2520109
2520284
2520459
2520634
2520809
2520984
2521159
2521334
2521509
2521684
2521859
2522034
2522209
2522384
2522559
2522734
2522909
2523084
2523259
2523434
2523609
2523784
2523959
2524134
2524309
2524484
2524659
2524834
2525009
2525184
2525359
2525534
2525710
2525886
2526062
2526238
2526414
2526590
2526766
2526942
2527118
2527294
2527470
2527646
2527822
2527998
2528174
2528350
2528526
2528702
2528878
2529054
2529230
2529406
2529582
2529758
2529934
2530110
2530286
2530462
2530638
2530814
2530990
2531166
2531342
2531518
2531694
2531870
2532046
2532222
2532398
2532574
2532750
2532926
2533102
2533278
2533454
2533630
2533806
2533982
2534158
2534334
2534510
2534686
2534862
2535038
2535214
2535390
2535566
2535742
2535918
2536094
2536270
2536446
2536622
2536798
2536974
2537150
2537326
2537502
2537678
2537854
2538030
2538206
2538382
2538558
2538734
2538910
2539086
2539262
2539438
2539614
2539790
2539966
2540143
2540320
2540497
2540674
2540851
2541028
2541205
2541382
2541559
2541736
2541913
2542090
2542267
2542444
2542621
2542798
2542975
2543152
2543329
2543506
2543683
2543860
2544037
2544214
2544391
2544568
2544745
2544922
2545099
2545276
2545453
2545630
2545807
2545984
2546161
2546338
2546515
2546692
2546869
2547046
2547223
2547400
2547577
2547754
2547931
2548108
2548285
2548462
2548639
2548816
2548993
2549170
2549347
2549524
2549701
2549878
2550055
2550232
2550409
2550586
2550763
2550940
2551117
2551294
2551471
2551648
2551825
2552002
2552179
2552356
2552533
2552710
2552887
2553064
2553241
2553418
2553595
2553772
2553949
2554126
2554303
2554480
2554658
2554836
2555014
2555192
2555370
2555548
2555726
2555904
2556082
2556260
2556438
2556616
2556794
2556972
2557150
2557328
2557506
2557684
2557862
2558040
2558218
2558396
2558574
2558752
2558930
2559108
2559286
2559464
2559642
2559820
2559998
2560176
2560354
2560532
2560710
2560888
2561066
2561244
2561422
2561600
2561778
2561956
2562134
2562312
2562490
2562668
2562846
2563024
2563202
2563380
2563558
2563736
2563914
2564092
2564270
2564448
2564626
2564804
2564982
2565160
2565338
2565516
2565694
2565872
2566050
2566228
2566406
2566584
2566762
2566940
2567118
2567296
2567474
2567652
2567830
2568008
2568186
2568364
2568542
2568720
2568898
2569077
2569256
2569435
2569614
2569793
2569972
2570151
2570330
2570509
2570688
2570867
2571046
2571225
2571404
2571583
2571762
2571941
2572120
2572299
2572478
2572657
2572836
2573015
2573194
2573373
2573552
2573731
2573910
2574089
2574268
2574447
2574626
2574805
2574984
2575163
2575342
2575521
2575700
2575879
2576058
2576237
2576416
2576595
2576774
2576953
2577132
2577311
2577490
2577669
2577848
2578027
2578206
2578385
2578564
2578743
2578922
2579101
2579280
2579459
2579638
2579817
2579996
2580175
2580354
2580533
2580712
2580891
2581070
2581249
2581428
2581607
2581786
2581965
2582144
2582323
2582502
2582681
2582860
2583039
2583218
2583397
2583577
2583757
2583937
2584117
2584297
2584477
2584657
2584837
2585017
2585197
2585377
2585557
2585737
2585917
2586097
2586277
2586457
2586637
2586817
2586997
2587177
2587357
2587537
2587717
2587897
2588077
2588257
2588437
2588617
2588797
2588977
2589157
2589337
2589517
2589697
2589877
2590057
2590237
2590417
2590597
2590777
2590957
2591137
2591317
2591497
2591677
2591857
2592037
2592217
2592397
2592577
2592757
2592937
2593117
2593297
2593477
2593657
2593837
2594017
2594197
2594377
2594557
2594737
2594917
2595097
2595277
2595457
2595637
2595817
2595997
2596177
2596357
2596537
2596717
2596897
2597077
2597257
2597437
2597617
2597797
2597977
2598158
2598339
2598520
2598701
2598882
2599063
2599244
2599425
2599606
2599787
2599968
2600149
2600330
2600511
2600692
2600873
2601054
2601235
2601416
2601597
2601778
2601959
2602140
2602321
2602502
2602683
2602864
2603045
2603226
2603407
2603588
2603769
2603950
2604131
2604312
2604493
2604674
2604855
2605036
2605217
2605398
2605579
2605760
2605941
2606122
2606303
2606484
2606665
2606846
2607027
2607208
2607389
2607570
2607751
2607932
2608113
2608294
2608475
2608656
2608837
2609018
2609199
2609380
2609561
2609742
2609923
2610104
2610285
2610466
2610647
2610828
2611009
2611190
2611371
2611552
2611733
2611914
2612095
2612276
2612457
2612639
2612821
2613003
2613185
2613367
2613549
2613731
2613913
2614095
2614277
2614459
2614641
2614823
2615005
2615187
2615369
2615551
2615733
2615915
2616097
2616279
2616461
2616643
2616825
2617007
2617189
2617371
2617553
2617735
2617917
2618099
2618281
2618463
2618645
2618827
2619009
2619191
2619373
2619555
2619737
2619919
2620101
2620283
2620465
2620647
2620829
2621011
2621193
2621375
2621557
2621739
2621921
2622103
2622285
2622467
2622649
2622831
2623013
2623195
2623377
2623559
2623741
2623923
2624105
2624287
2624469
2624651
2624833
2625015
2625197
2625379
2625561
2625743
2625925
2626107
2626289
2626471
2626653
2626835
2627018
2627201
2627384
2627567
2627750
2627933
2628116
2628299
2628482
2628665
2628848
2629031
2629214
2629397
2629580
2629763
2629946
2630129
2630312
2630495
2630678
2630861
2631044
2631227
2631410
2631593
2631776
2631959
2632142
2632325
2632508
2632691
2632874
2633057
2633240
2633423
2633606
2633789
2633972
2634155
2634338
2634521
2634704
2634887
2635070
2635253
2635436
2635619
2635802
2635985
2636168
2636351
2636534
2636717
2636900
2637083
2637266
2637449
2637632
2637815
2637998
2638181
2638364
2638547
2638730
2638913
2639096
2639279
2639462
2639645
2639828
2640011
2640194
2640377
2640560
2640743
2640926
2641109
2641292
2641476
2641660
2641844
2642028
2642212
2642396
2642580
2642764
2642948
2643132
2643316
2643500
2643684
2643868
2644052
2644236
2644420
2644604
2644788
2644972
2645156
2645340
2645524
2645708
2645892
2646076
2646260
2646444
2646628
2646812
2646996
2647180
2647364
2647548
2647732
2647916
2648100
2648284
2648468
2648652
2648836
2649020
2649204
2649388
2649572
2649756
2649940
2650124
2650308
2650492
2650676
2650860
2651044
2651228
2651412
2651596
2651780
2651964
2652148
2652332
2652516
2652700
2652884
2653068
2653252
2653436
2653620
2653804
2653988
2654172
2654356
2654540
2654724
2654908
2655092
2655276
2655460
2655644
2655828
2656013
2656198
2656383
2656568
2656753
2656938
2657123
2657308
2657493
2657678
2657863
2658048
2658233
2658418
2658603
2658788
2658973
2659158
2659343
2659528
2659713
2659898
2660083
2660268
2660453
2660638
2660823
2661008
2661193
2661378
2661563
2661748
2661933
2662118
2662303
2662488
2662673
2662858
2663043
2663228
2663413
2663598
2663783
2663968
2664153
2664338
2664523
2664708
2664893
2665078
2665263
2665448
2665633
2665818
2666003
2666188
2666373
2666558
2666743
2666928
2667113
2667298
2667483
2667668
2667853
2668038
2668223
2668408
2668593
2668778
2668963
2669148
2669333
2669518
2669703
2669888
2670073
2670258
2670444
2670630
2670816
2671002
2671188
2671374
2671560
2671746
2671932
2672118
2672304
2672490
2672676
2672862
2673048
2673234
2673420
2673606
2673792
2673978
2674164
2674350
2674536
2674722
2674908
2675094
2675280
2675466
2675652
2675838
2676024
2676210
2676396
2676582
2676768
2676954
2677140
2677326
2677512
2677698
2677884
2678070
2678256
2678442
2678628
2678814
2679000
2679186
2679372
2679558
2679744
2679930
2680116
2680302
2680488
2680674
2680860
2681046
2681232
2681418
2681604
2681790
2681976
2682162
2682348
2682534
2682720
2682906
2683092
2683278
2683464
2683650
2683836
2684022
2684208
2684394
2684580
2684766
2684953
2685140
2685327
2685514
2685701
2685888
2686075
2686262
2686449
2686636
2686823
2687010
2687197
2687384
2687571
2687758
2687945
2688132
2688319
2688506
2688693
2688880
2689067
2689254
2689441
2689628
2689815
2690002
2690189
2690376
2690563
2690750
2690937
2691124
2691311
2691498
2691685
2691872
2692059
2692246
2692433
2692620
2692807
2692994
2693181
2693368
2693555
2693742
2693929
2694116
2694303
2694490
2694677
2694864
2695051
2695238
2695425
2695612
2695799
2695986
2696173
2696360
2696547
2696734
2696921
2697108
2697295
2697482
2697669
2697856
2698043
2698230
2698417
2698604
2698791
2698978
2699165
2699353
2699541
2699729
2699917
2700105
2700293
2700481
2700669
2700857
2701045
2701233
2701421
2701609
2701797
2701985
2702173
2702361
2702549
2702737
2702925
2703113
2703301
2703489
2703677
2703865
2704053
2704241
2704429
2704617
2704805
2704993
2705181
2705369
2705557
2705745
2705933
2706121
2706309
2706497
2706685
2706873
2707061
2707249
2707437
2707625
2707813
2708001
2708189
2708377
2708565
2708753
2708941
2709129
2709317
2709505
2709693
2709881
2710069
2710257
2710445
2710633
2710821
2711009
2711197
2711385
2711573
2711761
2711949
2712137
2712325
2712513
2712701
2712889
2713077
2713265
2713453
2713641
2713830
2714019
2714208
2714397
2714586
2714775
2714964
2715153
2715342
2715531
2715720
2715909
2716098
2716287
2716476
2716665
2716854
2717043
2717232
2717421
2717610
2717799
2717988
2718177
2718366
2718555
2718744
2718933
2719122
2719311
2719500
2719689
2719878
2720067
2720256
2720445
2720634
2720823
2721012
2721201
2721390
2721579
2721768
2721957
2722146
2722335
2722524
2722713
2722902
2723091
2723280
2723469
2723658
2723847
2724036
2724225
2724414
2724603
2724792
2724981
2725170
2725359
2725548
2725737
2725926
2726115
2726304
2726493
2726682
2726871
2727060
2727249
2727438
2727627
2727816
2728005
2728194
2728384
2728574
2728764
2728954
2729144
2729334
2729524
2729714
2729904
2730094
2730284
2730474
2730664
2730854
2731044
2731234
2731424
2731614
2731804
2731994
2732184
2732374
2732564
2732754
2732944
2733134
2733324
2733514
2733704
2733894
2734084
2734274
2734464
2734654
2734844
2735034
2735224
2735414
2735604
2735794
2735984
2736174
2736364
2736554
2736744
2736934
2737124
2737314
2737504
2737694
2737884
2738074
2738264
2738454
2738644
2738834
2739024
2739214
2739404
2739594
2739784
2739974
2740164
2740354
2740544
2740734
2740924
2741114
2741304
2741494
2741684
2741874
2742064
2742254
2742444
2742634
2742825
2743016
2743207
2743398
2743589
2743780
2743971
2744162
2744353
2744544
2744735
2744926
2745117
2745308
2745499
2745690
2745881
2746072
2746263
2746454
2746645
2746836
2747027
2747218
2747409
2747600
2747791
2747982
2748173
2748364
2748555
2748746
2748937
2749128
2749319
2749510
2749701
2749892
2750083
2750274
2750465
2750656
2750847
2751038
2751229
2751420
2751611
2751802
2751993
2752184
2752375
2752566
2752757
2752948
2753139
2753330
2753521
2753712
2753903
2754094
2754285
2754476
2754667
2754858
2755049
2755240
2755431
2755622
2755813
2756004
2756195
2756386
2756577
2756768
2756959
2757150
2757342
2757534
2757726
2757918
2758110
2758302
2758494
2758686
2758878
2759070
2759262
2759454
2759646
2759838
2760030
2760222
2760414
2760606
2760798
2760990
2761182
2761374
2761566
2761758
2761950
2762142
2762334
2762526
2762718
2762910
2763102
2763294
2763486
2763678
2763870
2764062
2764254
2764446
2764638
2764830
2765022
2765214
2765406
2765598
2765790
2765982
2766174
2766366
2766558
2766750
2766942
2767134
2767326
2767518
2767710
2767902
2768094
2768286
2768478
2768670
2768862
2769054
2769246
2769438
2769630
2769822
2770014
2770206
2770398
2770590
2770782
2770974
2771166
2771358
2771550
2771743
2771936
2772129
2772322
2772515
2772708
2772901
2773094
2773287
2773480
2773673
2773866
2774059
2774252
2774445
2774638
2774831
2775024
2775217
2775410
2775603
2775796
2775989
2776182
2776375
2776568
2776761
2776954
2777147
2777340
2777533
2777726
2777919
2778112
2778305
2778498
2778691
2778884
2779077
2779270
2779463
2779656
2779849
2780042
2780235
2780428
2780621
2780814
2781007
2781200
2781393
2781586
2781779
2781972
2782165
2782358
2782551
2782744
2782937
2783130
2783323
2783516
2783709
2783902
2784095
2784288
2784481
2784674
2784867
2785060
2785253
2785446
2785639
2785832
2786025
2786219
2786413
2786607
2786801
2786995
2787189
2787383
2787577
2787771
2787965
2788159
2788353
2788547
2788741
2788935
2789129
2789323
2789517
2789711
2789905
2790099
2790293
2790487
2790681
2790875
2791069
2791263
2791457
2791651
2791845
2792039
2792233
2792427
2792621
2792815
2793009
2793203
2793397
2793591
2793785
2793979
2794173
2794367
2794561
2794755
2794949
2795143
2795337
2795531
2795725
2795919
2796113
2796307
2796501
2796695
2796889
2797083
2797277
2797471
2797665
2797859
2798053
2798247
2798441
2798635
2798829
2799023
2799217
2799411
2799605
2799799
2799993
2800187
2800381
2800575
2800770
2800965
2801160
2801355
2801550
2801745
2801940
2802135
2802330
2802525
2802720
2802915
2803110
2803305
2803500
2803695
2803890
2804085
2804280
2804475
2804670
2804865
2805060
2805255
2805450
2805645
2805840
2806035
2806230
2806425
2806620
2806815
2807010
2807205
2807400
2807595
2807790
2807985
2808180
2808375
2808570
2808765
2808960
2809155
2809350
2809545
2809740
2809935
2810130
2810325
2810520
2810715
2810910
2811105
2811300
2811495
2811690
2811885
2812080
2812275
2812470
2812665
2812860
2813055
2813250
2813445
2813640
2813835
2814030
2814225
2814420
2814615
2814810
2815005
2815201
2815397
2815593
2815789
2815985
2816181
2816377
2816573
2816769
2816965
2817161
2817357
2817553
2817749
2817945
2818141
2818337
2818533
2818729
2818925
2819121
2819317
2819513
2819709
2819905
2820101
2820297
2820493
2820689
2820885
2821081
2821277
2821473
2821669
2821865
2822061
2822257
2822453
2822649
2822845
2823041
2823237
2823433
2823629
2823825
2824021
2824217
2824413
2824609
2824805
2825001
2825197
2825393
2825589
2825785
2825981
2826177
2826373
2826569
2826765
2826961
2827157
2827353
2827549
2827745
2827941
2828137
2828333
2828529
2828725
2828921
2829117
2829313
2829509
2829706
2829903
2830100
2830297
2830494
2830691
2830888
2831085
2831282
2831479
2831676
2831873
2832070
2832267
2832464
2832661
2832858
2833055
2833252
2833449
2833646
2833843
2834040
2834237
2834434
2834631
2834828
2835025
2835222
2835419
2835616
2835813
2836010
2836207
2836404
2836601
2836798
2836995
2837192
2837389
2837586
2837783
2837980
2838177
2838374
2838571
2838768
2838965
2839162
2839359
2839556
2839753
2839950
2840147
2840344
2840541
2840738
2840935
2841132
2841329
2841526
2841723
2841920
2842117
2842314
2842511
2842708
2842905
2843102
2843299
2843496
2843693
2843890
2844087
2844285
2844483
2844681
2844879
2845077
2845275
2845473
2845671
2845869
2846067
2846265
2846463
2846661
2846859
2847057
2847255
2847453
2847651
2847849
2848047
2848245
2848443
2848641
2848839
2849037
2849235
2849433
2849631
2849829
2850027
2850225
2850423
2850621
2850819
2851017
2851215
2851413
2851611
2851809
2852007
2852205
2852403
2852601
2852799
2852997
2853195
2853393
2853591
2853789
2853987
2854185
2854383
2854581
2854779
2854977
2855175
2855373
2855571
2855769
2855967
2856165
2856363
2856561
2856759
2856957
2857155
2857353
2857551
2857749
2857947
2858145
2858343
2858541
2858740
2858939
2859138
2859337
2859536
2859735
2859934
2860133
2860332
2860531
2860730
2860929
2861128
2861327
2861526
2861725
2861924
2862123
2862322
2862521
2862720
2862919
2863118
2863317
2863516
2863715
2863914
2864113
2864312
2864511
2864710
2864909
2865108
2865307
2865506
2865705
2865904
2866103
2866302
2866501
2866700
2866899
2867098
2867297
2867496
2867695
2867894
2868093
2868292
2868491
2868690
2868889
2869088
2869287
2869486
2869685
2869884
2870083
2870282
2870481
2870680
2870879
2871078
2871277
2871476
2871675
2871874
2872073
2872272
2872471
2872670
2872869
2873069
2873269
2873469
2873669
2873869
2874069
2874269
2874469
2874669
2874869
2875069
2875269
2875469
2875669
2875869
2876069
2876269
2876469
2876669
2876869
2877069
2877269
2877469
2877669
2877869
2878069
2878269
2878469
2878669
2878869
2879069
2879269
2879469
2879669
2879869
2880069
2880269
2880469
2880669
2880869
2881069
2881269
2881469
2881669
2881869
2882069
2882269
2882469
2882669
2882869
2883069
2883269
2883469
2883669
2883869
2884069
2884269
2884469
2884669
2884869
2885069
2885269
2885469
2885669
2885869
2886069
2886269
2886469
2886669
2886869
2887069
2887269
2887469
2887670
2887871
2888072
2888273
2888474
2888675
2888876
2889077
2889278
2889479
2889680
2889881
2890082
2890283
2890484
2890685
2890886
2891087
2891288
2891489
2891690
2891891
2892092
2892293
2892494
2892695
2892896
2893097
2893298
2893499
2893700
2893901
2894102
2894303
2894504
2894705
2894906
2895107
2895308
2895509
2895710
2895911
2896112
2896313
2896514
2896715
2896916
2897117
2897318
2897519
2897720
2897921
2898122
2898323
2898524
2898725
2898926
2899127
2899328
2899529
2899730
2899931
2900132
2900333
2900534
2900735
2900936
2901137
2901338
2901539
2901740
2901941
2902143
2902345
2902547
2902749
2902951
2903153
2903355
2903557
2903759
2903961
2904163
2904365
2904567
2904769
2904971
2905173
2905375
2905577
2905779
2905981
2906183
2906385
2906587
2906789
2906991
2907193
2907395
2907597
2907799
2908001
2908203
2908405
2908607
2908809
2909011
2909213
2909415
2909617
2909819
2910021
2910223
2910425
2910627
2910829
2911031
2911233
2911435
2911637
2911839
2912041
2912243
2912445
2912647
2912849
2913051
2913253
2913455
2913657
2913859
2914061
2914263
2914465
2914667
2914869
2915071
2915273
2915475
2915677
2915879
2916081
2916283
2916485
2916688
2916891
2917094
2917297
2917500
2917703
2917906
2918109
2918312
2918515
2918718
2918921
2919124
2919327
2919530
2919733
2919936
2920139
2920342
2920545
2920748
2920951
2921154
2921357
2921560
2921763
2921966
2922169
2922372
2922575
2922778
2922981
2923184
2923387
2923590
2923793
2923996
2924199
2924402
2924605
2924808
2925011
2925214
2925417
2925620
2925823
2926026
2926229
2926432
2926635
2926838
2927041
2927244
2927447
2927650
2927853
2928056
2928259
2928462
2928665
2928868
2929071
2929274
2929477
2929680
2929883
2930086
2930289
2930492
2930695
2930898
2931102
2931306
2931510
2931714
2931918
2932122
2932326
2932530
2932734
2932938
2933142
2933346
2933550
2933754
2933958
2934162
2934366
2934570
2934774
2934978
2935182
2935386
2935590
2935794
2935998
2936202
2936406
2936610
2936814
2937018
2937222
2937426
2937630
2937834
2938038
2938242
2938446
2938650
2938854
2939058
2939262
2939466
2939670
2939874
2940078
2940282
2940486
2940690
2940894
2941098
2941302
2941506
2941710
2941914
2942118
2942322
2942526
2942730
2942934
2943138
2943342
2943546
2943750
2943954
2944158
2944362
2944566
2944770
2944974
2945178
2945382
2945587
2945792
2945997
2946202
2946407
2946612
2946817
2947022
2947227
2947432
2947637
2947842
2948047
2948252
2948457
2948662
2948867
2949072
2949277
2949482
2949687
2949892
2950097
2950302
2950507
2950712
2950917
2951122
2951327
2951532
2951737
2951942
2952147
2952352
2952557
2952762
2952967
2953172
2953377
2953582
2953787
2953992
2954197
2954402
2954607
2954812
2955017
2955222
2955427
2955632
2955837
2956042
2956247
2956452
2956657
2956862
2957067
2957272
2957477
2957682
2957887
2958092
2958297
2958502
2958707
2958912
2959117
2959322
2959527
2959732
2959938
2960144
2960350
2960556
2960762
2960968
2961174
2961380
2961586
2961792
2961998
2962204
2962410
2962616
2962822
2963028
2963234
2963440
2963646
2963852
2964058
2964264
2964470
2964676
2964882
2965088
2965294
2965500
2965706
2965912
2966118
2966324
2966530
2966736
2966942
2967148
2967354
2967560
2967766
2967972
2968178
2968384
2968590
2968796
2969002
2969208
2969414
2969620
2969826
2970032
2970238
2970444
2970650
2970856
2971062
2971268
2971474
2971680
2971886
2972092
2972298
2972504
2972710
2972916
2973122
2973328
2973534
2973740
2973946
2974152
2974358
2974565
2974772
2974979
2975186
2975393
2975600
2975807
2976014
2976221
2976428
2976635
2976842
2977049
2977256
2977463
2977670
2977877
2978084
2978291
2978498
2978705
2978912
2979119
2979326
2979533
2979740
2979947
2980154
2980361
2980568
2980775
2980982
2981189
2981396
2981603
2981810
2982017
2982224
2982431
2982638
2982845
2983052
2983259
2983466
2983673
2983880
2984087
2984294
2984501
2984708
2984915
2985122
2985329
2985536
2985743
2985950
2986157
2986364
2986571
2986778
2986985
2987192
2987399
2987606
2987813
2988020
2988227
2988434
2988641
2988848
2989056
2989264
2989472
2989680
2989888
2990096
2990304
2990512
2990720
2990928
2991136
2991344
2991552
2991760
2991968
2992176
2992384
2992592
2992800
2993008
2993216
2993424
2993632
2993840
2994048
2994256
2994464
2994672
2994880
2995088
2995296
2995504
2995712
2995920
2996128
2996336
2996544
2996752
2996960
2997168
2997376
2997584
2997792
2998000
2998208
2998416
2998624
2998832
2999040
2999248
2999456
2999664
2999872
3000080
3000288
3000496
3000704
3000912
3001120
3001328
3001536
3001744
3001952
3002160
3002368
3002576
3002784
3002992
3003200
3003409
3003618
3003827
3004036
3004245
3004454
3004663
3004872
3005081
3005290
3005499
3005708
3005917
3006126
3006335
3006544
3006753
3006962
3007171
3007380
3007589
3007798
3008007
3008216
3008425
3008634
3008843
3009052
3009261
3009470
3009679
3009888
3010097
3010306
3010515
3010724
3010933
3011142
3011351
3011560
3011769
3011978
3012187
3012396
3012605
3012814
3013023
3013232
3013441
3013650
3013859
3014068
3014277
3014486
3014695
3014904
3015113
3015322
3015531
3015740
3015949
3016158
3016367
3016576
3016785
3016994
3017203
3017412
3017621
3017830
3018040
3018250
3018460
3018670
3018880
3019090
3019300
3019510
3019720
3019930
3020140
3020350
3020560
3020770
3020980
3021190
3021400
3021610
3021820
3022030
3022240
3022450
3022660
3022870
3023080
3023290
3023500
3023710
3023920
3024130
3024340
3024550
3024760
3024970
3025180
3025390
3025600
3025810
3026020
3026230
3026440
3026650
3026860
3027070
3027280
3027490
3027700
3027910
3028120
3028330
3028540
3028750
3028960
3029170
3029380
3029590
3029800
3030010
3030220
3030430
3030640
3030850
3031060
3031270
3031480
3031690
3031900
3032110
3032321
3032532
3032743
3032954
3033165
3033376
3033587
3033798
3034009
3034220
3034431
3034642
3034853
3035064
3035275
3035486
3035697
3035908
3036119
3036330
3036541
3036752
3036963
3037174
3037385
3037596
3037807
3038018
3038229
3038440
3038651
3038862
3039073
3039284
3039495
3039706
3039917
3040128
3040339
3040550
3040761
3040972
3041183
3041394
3041605
3041816
3042027
3042238
3042449
3042660
3042871
3043082
3043293
3043504
3043715
3043926
3044137
3044348
3044559
3044770
3044981
3045192
3045403
3045614
3045825
3046036
3046247
3046458
3046669
3046881
3047093
3047305
3047517
3047729
3047941
3048153
3048365
3048577
3048789
3049001
3049213
3049425
3049637
3049849
3050061
3050273
3050485
3050697
3050909
3051121
3051333
3051545
3051757
3051969
3052181
3052393
3052605
3052817
3053029
3053241
3053453
3053665
3053877
3054089
3054301
3054513
3054725
3054937
3055149
3055361
3055573
3055785
3055997
3056209
3056421
3056633
3056845
3057057
3057269
3057481
3057693
3057905
3058117
3058329
3058541
3058753
3058965
3059177
3059389
3059601
3059813
3060025
3060237
3060449
3060661
3060873
3061085
3061298
3061511
3061724
3061937
3062150
3062363
3062576
3062789
3063002
3063215
3063428
3063641
3063854
3064067
3064280
3064493
3064706
3064919
3065132
3065345
3065558
3065771
3065984
3066197
3066410
3066623
3066836
3067049
3067262
3067475
3067688
3067901
3068114
3068327
3068540
3068753
3068966
3069179
3069392
3069605
3069818
3070031
3070244
3070457
3070670
3070883
3071096
3071309
3071522
3071735
3071948
3072161
3072374
3072587
3072800
3073013
3073226
3073439
3073652
3073865
3074078
3074291
3074504
3074717
3074930
3075143
3075356
3075569
3075783
3075997
3076211
3076425
3076639
3076853
3077067
3077281
3077495
3077709
3077923
3078137
3078351
3078565
3078779
3078993
3079207
3079421
3079635
3079849
3080063
3080277
3080491
3080705
3080919
3081133
3081347
3081561
3081775
3081989
3082203
3082417
3082631
3082845
3083059
3083273
3083487
3083701
3083915
3084129
3084343
3084557
3084771
3084985
3085199
3085413
3085627
3085841
3086055
3086269
3086483
3086697
3086911
3087125
3087339
3087553
3087767
3087981
3088195
3088409
3088623
3088837
3089051
3089265
3089479
3089693
3089907
3090121
3090336
3090551
3090766
3090981
3091196
3091411
3091626
3091841
3092056
3092271
3092486
3092701
3092916
3093131
3093346
3093561
3093776
3093991
3094206
3094421
3094636
3094851
3095066
3095281
3095496
3095711
3095926
3096141
3096356
3096571
3096786
3097001
3097216
3097431
3097646
3097861
3098076
3098291
3098506
3098721
3098936
3099151
3099366
3099581
3099796
3100011
3100226
3100441
3100656
3100871
3101086
3101301
3101516
3101731
3101946
3102161
3102376
3102591
3102806
3103021
3103236
3103451
3103666
3103881
3104096
3104311
3104526
3104742
3104958
3105174
3105390
3105606
3105822
3106038
3106254
3106470
3106686
3106902
3107118
3107334
3107550
3107766
3107982
3108198
3108414
3108630
3108846
3109062
3109278
3109494
3109710
3109926
3110142
3110358
3110574
3110790
3111006
3111222
3111438
3111654
3111870
3112086
3112302
3112518
3112734
3112950
3113166
3113382
3113598
3113814
3114030
3114246
3114462
3114678
3114894
3115110
3115326
3115542
3115758
3115974
3116190
3116406
3116622
3116838
3117054
3117270
3117486
3117702
3117918
3118134
3118350
3118566
3118782
3118998
3119215
3119432
3119649
3119866
3120083
3120300
3120517
3120734
3120951
3121168
3121385
3121602
3121819
3122036
3122253
3122470
3122687
3122904
3123121
3123338
3123555
3123772
3123989
3124206
3124423
3124640
3124857
3125074
3125291
3125508
3125725
3125942
3126159
3126376
3126593
3126810
3127027
3127244
3127461
3127678
3127895
3128112
3128329
3128546
3128763
3128980
3129197
3129414
3129631
3129848
3130065
3130282
3130499
3130716
3130933
3131150
3131367
3131584
3131801
3132018
3132235
3132452
3132669
3132886
3133103
3133320
3133537
3133755
3133973
3134191
3134409
3134627
3134845
3135063
3135281
3135499
3135717
3135935
3136153
3136371
3136589
3136807
3137025
3137243
3137461
3137679
3137897
3138115
3138333
3138551
3138769
3138987
3139205
3139423
3139641
3139859
3140077
3140295
3140513
3140731
3140949
3141167
3141385
3141603
3141821
3142039
3142257
3142475
3142693
3142911
3143129
3143347
3143565
3143783
3144001
3144219
3144437
3144655
3144873
3145091
3145309
3145527
3145745
3145963
3146181
3146399
3146617
3146835
3147053
3147271
3147489
3147707
3147925
3148144
3148363
3148582
3148801
3149020
3149239
3149458
3149677
3149896
3150115
3150334
3150553
3150772
3150991
3151210
3151429
3151648
3151867
3152086
3152305
3152524
3152743
3152962
3153181
3153400
3153619
3153838
3154057
3154276
3154495
3154714
3154933
3155152
3155371
3155590
3155809
3156028
3156247
3156466
3156685
3156904
3157123
3157342
3157561
3157780
3157999
3158218
3158437
3158656
3158875
3159094
3159313
3159532
3159751
3159970
3160189
3160408
3160627
3160846
3161065
3161284
3161503
3161722
3161941
3162160
3162379
3162598
3162818
3163038
3163258
3163478
3163698
3163918
3164138
3164358
3164578
3164798
3165018
3165238
3165458
3165678
3165898
3166118
3166338
3166558
3166778
3166998
3167218
3167438
3167658
3167878
3168098
3168318
3168538
3168758
3168978
3169198
3169418
3169638
3169858
3170078
3170298
3170518
3170738
3170958
3171178
3171398
3171618
3171838
3172058
3172278
3172498
3172718
3172938
3173158
3173378
3173598
3173818
3174038
3174258
3174478
3174698
3174918
3175138
3175358
3175578
3175798
3176018
3176238
3176458
3176678
3176898
3177119
3177340
3177561
3177782
3178003
3178224
3178445
3178666
3178887
3179108
3179329
3179550
3179771
3179992
3180213
3180434
3180655
3180876
3181097
3181318
3181539
3181760
3181981
3182202
3182423
3182644
3182865
3183086
3183307
3183528
3183749
3183970
3184191
3184412
3184633
3184854
3185075
3185296
3185517
3185738
3185959
3186180
3186401
3186622
3186843
3187064
3187285
3187506
3187727
3187948
3188169
3188390
3188611
3188832
3189053
3189274
3189495
3189716
3189937
3190158
3190379
3190600
3190821
3191042
3191263
3191484
3191706
3191928
3192150
3192372
3192594
3192816
3193038
3193260
3193482
3193704
3193926
3194148
3194370
3194592
3194814
3195036
3195258
3195480
3195702
3195924
3196146
3196368
3196590
3196812
3197034
3197256
3197478
3197700
3197922
3198144
3198366
3198588
3198810
3199032
3199254
3199476
3199698
3199920
3200142
3200364
3200586
3200808
3201030
3201252
3201474
3201696
3201918
3202140
3202362
3202584
3202806
3203028
3203250
3203472
3203694
3203916
3204138
3204360
3204582
3204804
3205026
3205248
3205470
3205692
3205914
3206137
3206360
3206583
3206806
3207029
3207252
3207475
3207698
3207921
3208144
3208367
3208590
3208813
3209036
3209259
3209482
3209705
3209928
3210151
3210374
3210597
3210820
3211043
3211266
3211489
3211712
3211935
3212158
3212381
3212604
3212827
3213050
3213273
3213496
3213719
3213942
3214165
3214388
3214611
3214834
3215057
3215280
3215503
3215726
3215949
3216172
3216395
3216618
3216841
3217064
3217287
3217510
3217733
3217956
3218179
3218402
3218625
3218848
3219071
3219294
3219517
3219740
3219963
3220186
3220409
3220633
3220857
3221081
3221305
3221529
3221753
3221977
3222201
3222425
3222649
3222873
3223097
3223321
3223545
3223769
3223993
3224217
3224441
3224665
3224889
3225113
3225337
3225561
3225785
3226009
3226233
3226457
3226681
3226905
3227129
3227353
3227577
3227801
3228025
3228249
3228473
3228697
3228921
3229145
3229369
3229593
3229817
3230041
3230265
3230489
3230713
3230937
3231161
3231385
3231609
3231833
3232057
3232281
3232505
3232729
3232953
3233177
3233401
3233625
3233849
3234073
3234297
3234521
3234745
3234969
3235194
3235419
3235644
3235869
3236094
3236319
3236544
3236769
3236994
3237219
3237444
3237669
3237894
3238119
3238344
3238569
3238794
3239019
3239244
3239469
3239694
3239919
3240144
3240369
3240594
3240819
3241044
3241269
3241494
3241719
3241944
3242169
3242394
3242619
3242844
3243069
3243294
3243519
3243744
3243969
3244194
3244419
3244644
3244869
3245094
3245319
3245544
3245769
3245994
3246219
3246444
3246669
3246894
3247119
3247344
3247569
3247794
3248019
3248244
3248469
3248694
3248919
3249144
3249369
3249595
3249821
3250047
3250273
3250499
3250725
3250951
3251177
3251403
3251629
3251855
3252081
3252307
3252533
3252759
3252985
3253211
3253437
3253663
3253889
3254115
3254341
3254567
3254793
3255019
3255245
3255471
3255697
3255923
3256149
3256375
3256601
3256827
3257053
3257279
3257505
3257731
3257957
3258183
3258409
3258635
3258861
3259087
3259313
3259539
3259765
3259991
3260217
3260443
3260669
3260895
3261121
3261347
3261573
3261799
3262025
3262251
3262477
3262703
3262929
3263155
3263381
3263607
3263833
3264060
3264287
3264514
3264741
3264968
3265195
3265422
3265649
3265876
3266103
3266330
3266557
3266784
3267011
3267238
3267465
3267692
3267919
3268146
3268373
3268600
3268827
3269054
3269281
3269508
3269735
3269962
3270189
3270416
3270643
3270870
3271097
3271324
3271551
3271778
3272005
3272232
3272459
3272686
3272913
3273140
3273367
3273594
3273821
3274048
3274275
3274502
3274729
3274956
3275183
3275410
3275637
3275864
3276091
3276318
3276545
3276772
3276999
3277226
3277453
3277680
3277907
3278134
3278361
3278589
3278817
3279045
3279273
3279501
3279729
3279957
3280185
3280413
3280641
3280869
3281097
3281325
3281553
3281781
3282009
3282237
3282465
3282693
3282921
3283149
3283377
3283605
3283833
3284061
3284289
3284517
3284745
3284973
3285201
3285429
3285657
3285885
3286113
3286341
3286569
3286797
3287025
3287253
3287481
3287709
3287937
3288165
3288393
3288621
3288849
3289077
3289305
3289533
3289761
3289989
3290217
3290445
3290673
3290901
3291129
3291357
3291585
3291813
3292041
3292269
3292497
3292725
3292954
3293183
3293412
3293641
3293870
3294099
3294328
3294557
3294786
3295015
3295244
3295473
3295702
3295931
3296160
3296389
3296618
3296847
3297076
3297305
3297534
3297763
3297992
3298221
3298450
3298679
3298908
3299137
3299366
3299595
3299824
3300053
3300282
3300511
3300740
3300969
3301198
3301427
3301656
3301885
3302114
3302343
3302572
3302801
3303030
3303259
3303488
3303717
3303946
3304175
3304404
3304633
3304862
3305091
3305320
3305549
3305778
3306007
3306236
3306465
3306694
3306923
3307152
3307382
3307612
3307842
3308072
3308302
3308532
3308762
3308992
3309222
3309452
3309682
3309912
3310142
3310372
3310602
3310832
3311062
3311292
3311522
3311752
3311982
3312212
3312442
3312672
3312902
3313132
3313362
3313592
3313822
3314052
3314282
3314512
3314742
3314972
3315202
3315432
3315662
3315892
3316122
3316352
3316582
3316812
3317042
3317272
3317502
3317732
3317962
3318192
3318422
3318652
3318882
3319112
3319342
3319572
3319802
3320032
3320262
3320492
3320722
3320952
3321182
3321412
3321642
3321873
3322104
3322335
3322566
3322797
3323028
3323259
3323490
3323721
3323952
3324183
3324414
3324645
3324876
3325107
3325338
3325569
3325800
3326031
3326262
3326493
3326724
3326955
3327186
3327417
3327648
3327879
3328110
3328341
3328572
3328803
3329034
3329265
3329496
3329727
3329958
3330189
3330420
3330651
3330882
3331113
3331344
3331575
3331806
3332037
3332268
3332499
3332730
3332961
3333192
3333423
3333654
3333885
3334116
3334347
3334578
3334809
3335040
3335271
3335502
3335733
3335964
3336195
3336427
3336659
3336891
3337123
3337355
3337587
3337819
3338051
3338283
3338515
3338747
3338979
3339211
3339443
3339675
3339907
3340139
3340371
3340603
3340835
3341067
3341299
3341531
3341763
3341995
3342227
3342459
3342691
3342923
3343155
3343387
3343619
3343851
3344083
3344315
3344547
3344779
3345011
3345243
3345475
3345707
3345939
3346171
3346403
3346635
3346867
3347099
3347331
3347563
3347795
3348027
3348259
3348491
3348723
3348955
3349187
3349419
3349651
3349883
3350115
3350347
3350579
3350812
3351045
3351278
3351511
3351744
3351977
3352210
3352443
3352676
3352909
3353142
3353375
3353608
3353841
3354074
3354307
3354540
3354773
3355006
3355239
3355472
3355705
3355938
3356171
3356404
3356637
3356870
3357103
3357336
3357569
3357802
3358035
3358268
3358501
3358734
3358967
3359200
3359433
3359666
3359899
3360132
3360365
3360598
3360831
3361064
3361297
3361530
3361763
3361996
3362229
3362462
3362695
3362928
3363161
3363394
3363627
3363860
3364093
3364326
3364559
3364792
3365025
3365258
3365492
3365726
3365960
3366194
3366428
3366662
3366896
3367130
3367364
3367598
3367832
3368066
3368300
3368534
3368768
3369002
3369236
3369470
3369704
3369938
3370172
3370406
3370640
3370874
3371108
3371342
3371576
3371810
3372044
3372278
3372512
3372746
3372980
3373214
3373448
3373682
3373916
3374150
3374384
3374618
3374852
3375086
3375320
3375554
3375788
3376022
3376256
3376490
3376724
3376958
3377192
3377426
3377660
3377894
3378128
3378362
3378596
3378830
3379064
3379298
3379532
3379767
3380002
3380237
3380472
3380707
3380942
3381177
3381412
3381647
3381882
3382117
3382352
3382587
3382822
3383057
3383292
3383527
3383762
3383997
3384232
3384467
3384702
3384937
3385172
3385407
3385642
3385877
3386112
3386347
3386582
3386817
3387052
3387287
3387522
3387757
3387992
3388227
3388462
3388697
3388932
3389167
3389402
3389637
3389872
3390107
3390342
3390577
3390812
3391047
3391282
3391517
3391752
3391987
3392222
3392457
3392692
3392927
3393162
3393397
3393632
3393867
3394102
3394338
3394574
3394810
3395046
3395282
3395518
3395754
3395990
3396226
3396462
3396698
3396934
3397170
3397406
3397642
3397878
3398114
3398350
3398586
3398822
3399058
3399294
3399530
3399766
3400002
3400238
3400474
3400710
3400946
3401182
3401418
3401654
3401890
3402126
3402362
3402598
3402834
3403070
3403306
3403542
3403778
3404014
3404250
3404486
3404722
3404958
3405194
3405430
3405666
3405902
3406138
3406374
3406610
3406846
3407082
3407318
3407554
3407790
3408026
3408262
3408498
3408735
3408972
3409209
3409446
3409683
3409920
3410157
3410394
3410631
3410868
3411105
3411342
3411579
3411816
3412053
3412290
3412527
3412764
3413001
3413238
3413475
3413712
3413949
3414186
3414423
3414660
3414897
3415134
3415371
3415608
3415845
3416082
3416319
3416556
3416793
3417030
3417267
3417504
3417741
3417978
3418215
3418452
3418689
3418926
3419163
3419400
3419637
3419874
3420111
3420348
3420585
3420822
3421059
3421296
3421533
3421770
3422007
3422244
3422481
3422718
3422955
3423193
3423431
3423669
3423907
3424145
3424383
3424621
3424859
3425097
3425335
3425573
3425811
3426049
3426287
3426525
3426763
3427001
3427239
3427477
3427715
3427953
3428191
3428429
3428667
3428905
3429143
3429381
3429619
3429857
3430095
3430333
3430571
3430809
3431047
3431285
3431523
3431761
3431999
3432237
3432475
3432713
3432951
3433189
3433427
3433665
3433903
3434141
3434379
3434617
3434855
3435093
3435331
3435569
3435807
3436045
3436283
3436521
3436759
3436997
3437235
3437473
3437712
3437951
3438190
3438429
3438668
3438907
3439146
3439385
3439624
3439863
3440102
3440341
3440580
3440819
3441058
3441297
3441536
3441775
3442014
3442253
3442492
3442731
3442970
3443209
3443448
3443687
3443926
3444165
3444404
3444643
3444882
3445121
3445360
3445599
3445838
3446077
3446316
3446555
3446794
3447033
3447272
3447511
3447750
3447989
3448228
3448467
3448706
3448945
3449184
3449423
3449662
3449901
3450140
3450379
3450618
3450857
3451096
3451335
3451574
3451813
3452052
3452292
3452532
3452772
3453012
3453252
3453492
3453732
3453972
3454212
3454452
3454692
3454932
3455172
3455412
3455652
3455892
3456132
3456372
3456612
3456852
3457092
3457332
3457572
3457812
3458052
3458292
3458532
3458772
3459012
3459252
3459492
3459732
3459972
3460212
3460452
3460692
3460932
3461172
3461412
3461652
3461892
3462132
3462372
3462612
3462852
3463092
3463332
3463572
3463812
3464052
3464292
3464532
3464772
3465012
3465252
3465492
3465732
3465972
3466212
3466452
3466693
3466934
3467175
3467416
3467657
3467898
3468139
3468380
3468621
3468862
3469103
3469344
3469585
3469826
3470067
3470308
3470549
3470790
3471031
3471272
3471513
3471754
3471995
3472236
3472477
3472718
3472959
3473200
3473441
3473682
3473923
3474164
3474405
3474646
3474887
3475128
3475369
3475610
3475851
3476092
3476333
3476574
3476815
3477056
3477297
3477538
3477779
3478020
3478261
3478502
3478743
3478984
3479225
3479466
3479707
3479948
3480189
3480430
3480671
3480912
3481154
3481396
3481638
3481880
3482122
3482364
3482606
3482848
3483090
3483332
3483574
3483816
3484058
3484300
3484542
3484784
3485026
3485268
3485510
3485752
3485994
3486236
3486478
3486720
3486962
3487204
3487446
3487688
3487930
3488172
3488414
3488656
3488898
3489140
3489382
3489624
3489866
3490108
3490350
3490592
3490834
3491076
3491318
3491560
3491802
3492044
3492286
3492528
3492770
3493012
3493254
3493496
3493738
3493980
3494222
3494464
3494706
3494948
3495190
3495432
3495675
3495918
3496161
3496404
3496647
3496890
3497133
3497376
3497619
3497862
3498105
3498348
3498591
3498834
3499077
3499320
3499563
3499806
3500049
3500292
3500535
3500778
3501021
3501264
3501507
3501750
3501993
3502236
3502479
3502722
3502965
3503208
3503451
3503694
3503937
3504180
3504423
3504666
3504909
3505152
3505395
3505638
3505881
3506124
3506367
3506610
3506853
3507096
3507339
3507582
3507825
3508068
3508311
3508554
3508797
3509040
3509283
3509526
3509769
3510012
3510256
3510500
3510744
3510988
3511232
3511476
3511720
3511964
3512208
3512452
3512696
3512940
3513184
3513428
3513672
3513916
3514160
3514404
3514648
3514892
3515136
3515380
3515624
3515868
3516112
3516356
3516600
3516844
3517088
3517332
3517576
3517820
3518064
3518308
3518552
3518796
3519040
3519284
3519528
3519772
3520016
3520260
3520504
3520748
3520992
3521236
3521480
3521724
3521968
3522212
3522456
3522700
3522944
3523188
3523432
3523676
3523920
3524164
3524408
3524653
3524898
3525143
3525388
3525633
3525878
3526123
3526368
3526613
3526858
3527103
3527348
3527593
3527838
3528083
3528328
3528573
3528818
3529063
3529308
3529553
3529798
3530043
3530288
3530533
3530778
3531023
3531268
3531513
3531758
3532003
3532248
3532493
3532738
3532983
3533228
3533473
3533718
3533963
3534208
3534453
3534698
3534943
3535188
3535433
3535678
3535923
3536168
3536413
3536658
3536903
3537148
3537393
3537638
3537883
3538128
3538373
3538618
3538863
3539109
3539355
3539601
3539847
3540093
3540339
3540585
3540831
3541077
3541323
3541569
3541815
3542061
3542307
3542553
3542799
3543045
3543291
3543537
3543783
3544029
3544275
3544521
3544767
3545013
3545259
3545505
3545751
3545997
3546243
3546489
3546735
3546981
3547227
3547473
3547719
3547965
3548211
3548457
3548703
3548949
3549195
3549441
3549687
3549933
3550179
3550425
3550671
3550917
3551163
3551409
3551655
3551901
3552147
3552393
3552639
3552885
3553131
3553377
3553624
3553871
3554118
3554365
3554612
3554859
3555106
3555353
3555600
3555847
3556094
3556341
3556588
3556835
3557082
3557329
3557576
3557823
3558070
3558317
3558564
3558811
3559058
3559305
3559552
3559799
3560046
3560293
3560540
3560787
3561034
3561281
3561528
3561775
3562022
3562269
3562516
3562763
3563010
3563257
3563504
3563751
3563998
3564245
3564492
3564739
3564986
3565233
3565480
3565727
3565974
3566221
3566468
3566715
3566962
3567209
3567456
3567703
3567950
3568198
3568446
3568694
3568942
3569190
3569438
3569686
3569934
3570182
3570430
3570678
3570926
3571174
3571422
3571670
3571918
3572166
3572414
3572662
3572910
3573158
3573406
3573654
3573902
3574150
3574398
3574646
3574894
3575142
3575390
3575638
3575886
3576134
3576382
3576630
3576878
3577126
3577374
3577622
3577870
3578118
3578366
3578614
3578862
3579110
3579358
3579606
3579854
3580102
3580350
3580598
3580846
3581094
3581342
3581590
3581838
3582086
3582334
3582583
3582832
3583081
3583330
3583579
3583828
3584077
3584326
3584575
3584824
3585073
3585322
3585571
3585820
3586069
3586318
3586567
3586816
3587065
3587314
3587563
3587812
3588061
3588310
3588559
3588808
3589057
3589306
3589555
3589804
3590053
3590302
3590551
3590800
3591049
3591298
3591547
3591796
3592045
3592294
3592543
3592792
3593041
3593290
3593539
3593788
3594037
3594286
3594535
3594784
3595033
3595282
3595531
3595780
3596029
3596278
3596527
3596776
3597026
3597276
3597526
3597776
3598026
3598276
3598526
3598776
3599026
3599276
3599526
3599776
3600026
3600276
3600526
3600776
3601026
3601276
3601526
3601776
3602026
3602276
3602526
3602776
3603026
3603276
3603526
3603776
3604026
3604276
3604526
3604776
3605026
3605276
3605526
3605776
3606026
3606276
3606526
3606776
3607026
3607276
3607526
3607776
3608026
3608276
3608526
3608776
3609026
3609276
3609526
3609776
3610026
3610276
3610526
3610776
3611026
3611276
3611527
3611778
3612029
3612280
3612531
3612782
3613033
3613284
3613535
3613786
3614037
3614288
3614539
3614790
3615041
3615292
3615543
3615794
3616045
3616296
3616547
3616798
3617049
3617300
3617551
3617802
3618053
3618304
3618555
3618806
3619057
3619308
3619559
3619810
3620061
3620312
3620563
3620814
3621065
3621316
3621567
3621818
3622069
3622320
3622571
3622822
3623073
3623324
3623575
3623826
3624077
3624328
3624579
3624830
3625081
3625332
3625583
3625834
3626086
3626338
3626590
3626842
3627094
3627346
3627598
3627850
3628102
3628354
3628606
3628858
3629110
3629362
3629614
3629866
3630118
3630370
3630622
3630874
3631126
3631378
3631630
3631882
3632134
3632386
3632638
3632890
3633142
3633394
3633646
3633898
3634150
3634402
3634654
3634906
3635158
3635410
3635662
3635914
3636166
3636418
3636670
3636922
3637174
3637426
3637678
3637930
3638182
3638434
3638686
3638938
3639190
3639442
3639694
3639946
3640198
3640451
3640704
3640957
3641210
3641463
3641716
3641969
3642222
3642475
3642728
3642981
3643234
3643487
3643740
3643993
3644246
3644499
3644752
3645005
3645258
3645511
3645764
3646017
3646270
3646523
3646776
3647029
3647282
3647535
3647788
3648041
3648294
3648547
3648800
3649053
3649306
3649559
3649812
3650065
3650318
3650571
3650824
3651077
3651330
3651583
3651836
3652089
3652342
3652595
3652848
3653101
3653354
3653607
3653860
3654113
3654366
3654619
3654873
3655127
3655381
3655635
3655889
3656143
3656397
3656651
3656905
3657159
3657413
3657667
3657921
3658175
3658429
3658683
3658937
3659191
3659445
3659699
3659953
3660207
3660461
3660715
3660969
3661223
3661477
3661731
3661985
3662239
3662493
3662747
3663001
3663255
3663509
3663763
3664017
3664271
3664525
3664779
3665033
3665287
3665541
3665795
3666049
3666303
3666557
3666811
3667065
3667319
3667573
3667827
3668081
3668335
3668589
3668843
3669097
3669352
3669607
3669862
3670117
3670372
3670627
3670882
3671137
3671392
3671647
3671902
3672157
3672412
3672667
3672922
3673177
3673432
3673687
3673942
3674197
3674452
3674707
3674962
3675217
3675472
3675727
3675982
3676237
3676492
3676747
3677002
3677257
3677512
3677767
3678022
3678277
3678532
3678787
3679042
3679297
3679552
3679807
3680062
3680317
3680572
3680827
3681082
3681337
3681592
3681847
3682102
3682357
3682612
3682867
3683122
3683377
3683632
3683888
3684144
3684400
3684656
3684912
3685168
3685424
3685680
3685936
3686192
3686448
3686704
3686960
3687216
3687472
3687728
3687984
3688240
3688496
3688752
3689008
3689264
3689520
3689776
3690032
3690288
3690544
3690800
3691056
3691312
3691568
3691824
3692080
3692336
3692592
3692848
3693104
3693360
3693616
3693872
3694128
3694384
3694640
3694896
3695152
3695408
3695664
3695920
3696176
3696432
3696688
3696944
3697200
3697456
3697712
3697968
3698224
3698481
3698738
3698995
3699252
3699509
3699766
3700023
3700280
3700537
3700794
3701051
3701308
3701565
3701822
3702079
3702336
3702593
3702850
3703107
3703364
3703621
3703878
3704135
3704392
3704649
3704906
3705163
3705420
3705677
3705934
3706191
3706448
3706705
3706962
3707219
3707476
3707733
3707990
3708247
3708504
3708761
3709018
3709275
3709532
3709789
3710046
3710303
3710560
3710817
3711074
3711331
3711588
3711845
3712102
3712359
3712616
3712874
3713132
3713390
3713648
3713906
3714164
3714422
3714680
3714938
3715196
3715454
3715712
3715970
3716228
3716486
3716744
3717002
3717260
3717518
3717776
3718034
3718292
3718550
3718808
3719066
3719324
3719582
3719840
3720098
3720356
3720614
3720872
3721130
3721388
3721646
3721904
3722162
3722420
3722678
3722936
3723194
3723452
3723710
3723968
3724226
3724484
3724742
3725000
3725258
3725516
3725774
3726032
3726290
3726548
3726806
3727064
3727323
3727582
3727841
3728100
3728359
3728618
3728877
3729136
3729395
3729654
3729913
3730172
3730431
3730690
3730949
3731208
3731467
3731726
3731985
3732244
3732503
3732762
3733021
3733280
3733539
3733798
3734057
3734316
3734575
3734834
3735093
3735352
3735611
3735870
3736129
3736388
3736647
3736906
3737165
3737424
3737683
3737942
3738201
3738460
3738719
3738978
3739237
3739496
3739755
3740014
3740273
3740532
3740791
3741050
3741309
3741568
3741828
3742088
3742348
3742608
3742868
3743128
3743388
3743648
3743908
3744168
3744428
3744688
3744948
3745208
3745468
3745728
3745988
3746248
3746508
3746768
3747028
3747288
3747548
3747808
3748068
3748328
3748588
3748848
3749108
3749368
3749628
3749888
3750148
3750408
3750668
3750928
3751188
3751448
3751708
3751968
3752228
3752488
3752748
3753008
3753268
3753528
3753788
3754048
3754308
3754568
3754828
3755088
3755348
3755608
3755868
3756128
3756389
3756650
3756911
3757172
3757433
3757694
3757955
3758216
3758477
3758738
3758999
3759260
3759521
3759782
3760043
3760304
3760565
3760826
3761087
3761348
3761609
3761870
3762131
3762392
3762653
3762914
3763175
3763436
3763697
3763958
3764219
3764480
3764741
3765002
3765263
3765524
3765785
3766046
3766307
3766568
3766829
3767090
3767351
3767612
3767873
3768134
3768395
3768656
3768917
3769178
3769439
3769700
3769961
3770222
3770483
3770745
3771007
3771269
3771531
3771793
3772055
3772317
3772579
3772841
3773103
3773365
3773627
3773889
3774151
3774413
3774675
3774937
3775199
3775461
3775723
3775985
3776247
3776509
3776771
3777033
3777295
3777557
3777819
3778081
3778343
3778605
3778867
3779129
3779391
3779653
3779915
3780177
3780439
3780701
3780963
3781225
3781487
3781749
3782011
3782273
3782535
3782797
3783059
3783321
3783583
3783845
3784107
3784369
3784631
3784893
3785156
3785419
3785682
3785945
3786208
3786471
3786734
3786997
3787260
3787523
3787786
3788049
3788312
3788575
3788838
3789101
3789364
3789627
3789890
3790153
3790416
3790679
3790942
3791205
3791468
3791731
3791994
3792257
3792520
3792783
3793046
3793309
3793572
3793835
3794098
3794361
3794624
3794887
3795150
3795413
3795676
3795939
3796202
3796465
3796728
3796991
3797254
3797517
3797780
3798043
3798306
3798569
3798832
3799095
3799358
3799622
3799886
3800150
3800414
3800678
3800942
3801206
3801470
3801734
3801998
3802262
3802526
3802790
3803054
3803318
3803582
3803846
3804110
3804374
3804638
3804902
3805166
3805430
3805694
3805958
3806222
3806486
3806750
3807014
3807278
3807542
3807806
3808070
3808334
3808598
3808862
3809126
3809390
3809654
3809918
3810182
3810446
3810710
3810974
3811238
3811502
3811766
3812030
3812294
3812558
3812822
3813086
3813350
3813614
3813878
3814143
3814408
3814673
3814938
3815203
3815468
3815733
3815998
3816263
3816528
3816793
3817058
3817323
3817588
3817853
3818118
3818383
3818648
3818913
3819178
3819443
3819708
3819973
3820238
3820503
3820768
3821033
3821298
3821563
3821828
3822093
3822358
3822623
3822888
3823153
3823418
3823683
3823948
3824213
3824478
3824743
3825008
3825273
3825538
3825803
3826068
3826333
3826598
3826863
3827128
3827393
3827658
3827923
3828188
3828453
3828719
3828985
3829251
3829517
3829783
3830049
3830315
3830581
3830847
3831113
3831379
3831645
3831911
3832177
3832443
3832709
3832975
3833241
3833507
3833773
3834039
3834305
3834571
3834837
3835103
3835369
3835635
3835901
3836167
3836433
3836699
3836965
3837231
3837497
3837763
3838029
3838295
3838561
3838827
3839093
3839359
3839625
3839891
3840157
3840423
3840689
3840955
3841221
3841487
3841753
3842019
3842285
3842551
3842817
3843084
3843351
3843618
3843885
3844152
3844419
3844686
3844953
3845220
3845487
3845754
3846021
3846288
3846555
3846822
3847089
3847356
3847623
3847890
3848157
3848424
3848691
3848958
3849225
3849492
3849759
3850026
3850293
3850560
3850827
3851094
3851361
3851628
3851895
3852162
3852429
3852696
3852963
3853230
3853497
3853764
3854031
3854298
3854565
3854832
3855099
3855366
3855633
3855900
3856167
3856434
3856701
3856968
3857235
3857503
3857771
3858039
3858307
3858575
3858843
3859111
3859379
3859647
3859915
3860183
3860451
3860719
3860987
3861255
3861523
3861791
3862059
3862327
3862595
3862863
3863131
3863399
3863667
3863935
3864203
3864471
3864739
3865007
3865275
3865543
3865811
3866079
3866347
3866615
3866883
3867151
3867419
3867687
3867955
3868223
3868491
3868759
3869027
3869295
3869563
3869831
3870099
3870367
3870635
3870903
3871171
3871439
3871707
3871975
3872244
3872513
3872782
3873051
3873320
3873589
3873858
3874127
3874396
3874665
3874934
3875203
3875472
3875741
3876010
3876279
3876548
3876817
3877086
3877355
3877624
3877893
3878162
3878431
3878700
3878969
3879238
3879507
3879776
3880045
3880314
3880583
3880852
3881121
3881390
3881659
3881928
3882197
3882466
3882735
3883004
3883273
3883542
3883811
3884080
3884349
3884618
3884887
3885156
3885425
3885694
3885963
3886232
3886502
3886772
3887042
3887312
3887582
3887852
3888122
3888392
3888662
3888932
3889202
3889472
3889742
3890012
3890282
3890552
3890822
3891092
3891362
3891632
3891902
3892172
3892442
3892712
3892982
3893252
3893522
3893792
3894062
3894332
3894602
3894872
3895142
3895412
3895682
3895952
3896222
3896492
3896762
3897032
3897302
3897572
3897842
3898112
3898382
3898652
3898922
3899192
3899462
3899732
3900002
3900272
3900542
3900812
3901083
3901354
3901625
3901896
3902167
3902438
3902709
3902980
3903251
3903522
3903793
3904064
3904335
3904606
3904877
3905148
3905419
3905690
3905961
3906232
3906503
3906774
3907045
3907316
3907587
3907858
3908129
3908400
3908671
3908942
3909213
3909484
3909755
3910026
3910297
3910568
3910839
3911110
3911381
3911652
3911923
3912194
3912465
3912736
3913007
3913278
3913549
3913820
3914091
3914362
3914633
3914904
3915175
3915447
3915719
3915991
3916263
3916535
3916807
3917079
3917351
3917623
3917895
3918167
3918439
3918711
3918983
3919255
3919527
3919799
3920071
3920343
3920615
3920887
3921159
3921431
3921703
3921975
3922247
3922519
3922791
3923063
3923335
3923607
3923879
3924151
3924423
3924695
3924967
3925239
3925511
3925783
3926055
3926327
3926599
3926871
3927143
3927415
3927687
3927959
3928231
3928503
3928775
3929047
3929319
3929591
3929863
3930136
3930409
3930682
3930955
3931228
3931501
3931774
3932047
3932320
3932593
3932866
3933139
3933412
3933685
3933958
3934231
3934504
3934777
3935050
3935323
3935596
3935869
3936142
3936415
3936688
3936961
3937234
3937507
3937780
3938053
3938326
3938599
3938872
3939145
3939418
3939691
3939964
3940237
3940510
3940783
3941056
3941329
3941602
3941875
3942148
3942421
3942694
3942967
3943240
3943513
3943786
3944059
3944332
3944606
3944880
3945154
3945428
3945702
3945976
3946250
3946524
3946798
3947072
3947346
3947620
3947894
3948168
3948442
3948716
3948990
3949264
3949538
3949812
3950086
3950360
3950634
3950908
3951182
3951456
3951730
3952004
3952278
3952552
3952826
3953100
3953374
3953648
3953922
3954196
3954470
3954744
3955018
3955292
3955566
3955840
3956114
3956388
3956662
3956936
3957210
3957484
3957758
3958032
3958306
3958580
3958855
3959130
3959405
3959680
3959955
3960230
3960505
3960780
3961055
3961330
3961605
3961880
3962155
3962430
3962705
3962980
3963255
3963530
3963805
3964080
3964355
3964630
3964905
3965180
3965455
3965730
3966005
3966280
3966555
3966830
3967105
3967380
3967655
3967930
3968205
3968480
3968755
3969030
3969305
3969580
3969855
3970130
3970405
3970680
3970955
3971230
3971505
3971780
3972055
3972330
3972605
3972880
3973155
3973431
3973707
3973983
3974259
3974535
3974811
3975087
3975363
3975639
3975915
3976191
3976467
3976743
3977019
3977295
3977571
3977847
3978123
3978399
3978675
3978951
3979227
3979503
3979779
3980055
3980331
3980607
3980883
3981159
3981435
3981711
3981987
3982263
3982539
3982815
3983091
3983367
3983643
3983919
3984195
3984471
3984747
3985023
3985299
3985575
3985851
3986127
3986403
3986679
3986955
3987231
3987507
3987783
3988060
3988337
3988614
3988891
3989168
3989445
3989722
3989999
3990276
3990553
3990830
3991107
3991384
3991661
3991938
3992215
3992492
3992769
3993046
3993323
3993600
3993877
3994154
3994431
3994708
3994985
3995262
3995539
3995816
3996093
3996370
3996647
3996924
3997201
3997478
3997755
3998032
3998309
3998586
3998863
3999140
3999417
3999694
3999971
4000248
4000525
4000802
4001079
4001356
4001633
4001910
4002187
4002465
4002743
4003021
4003299
4003577
4003855
4004133
4004411
4004689
4004967
4005245
4005523
4005801
4006079
4006357
4006635
4006913
4007191
4007469
4007747
4008025
4008303
4008581
4008859
4009137
4009415
4009693
4009971
4010249
4010527
4010805
4011083
4011361
4011639
4011917
4012195
4012473
4012751
4013029
4013307
4013585
4013863
4014141
4014419
4014697
4014975
4015253
4015531
4015809
4016087
4016365
4016643
4016922
4017201
4017480
4017759
4018038
4018317
4018596
4018875
4019154
4019433
4019712
4019991
4020270
4020549
4020828
4021107
4021386
4021665
4021944
4022223
4022502
4022781
4023060
4023339
4023618
4023897
4024176
4024455
4024734
4025013
4025292
4025571
4025850
4026129
4026408
4026687
4026966
4027245
4027524
4027803
4028082
4028361
4028640
4028919
4029198
4029477
4029756
4030035
4030314
4030593
4030872
4031151
4031431
4031711
4031991
4032271
4032551
4032831
4033111
4033391
4033671
4033951
4034231
4034511
4034791
4035071
4035351
4035631
4035911
4036191
4036471
4036751
4037031
4037311
4037591
4037871
4038151
4038431
4038711
4038991
4039271
4039551
4039831
4040111
4040391
4040671
4040951
4041231
4041511
4041791
4042071
4042351
4042631
4042911
4043191
4043471
4043751
4044031
4044311
4044591
4044871
4045151
4045431
4045712
4045993
4046274
4046555
4046836
4047117
4047398
4047679
4047960
4048241
4048522
4048803
4049084
4049365
4049646
4049927
4050208
4050489
4050770
4051051
4051332
4051613
4051894
4052175
4052456
4052737
4053018
4053299
4053580
4053861
4054142
4054423
4054704
4054985
4055266
4055547
4055828
4056109
4056390
4056671
4056952
4057233
4057514
4057795
4058076
4058357
4058638
4058919
4059200
4059481
4059762
4060043
4060325
4060607
4060889
4061171
4061453
4061735
4062017
4062299
4062581
4062863
4063145
4063427
4063709
4063991
4064273
4064555
4064837
4065119
4065401
4065683
4065965
4066247
4066529
4066811
4067093
4067375
4067657
4067939
4068221
4068503
4068785
4069067
4069349
4069631
4069913
4070195
4070477
4070759
4071041
4071323
4071605
4071887
4072169
4072451
4072733
4073015
4073297
4073579
4073861
4074143
4074425
4074708
4074991
4075274
4075557
4075840
4076123
4076406
4076689
4076972
4077255
4077538
4077821
4078104
4078387
4078670
4078953
4079236
4079519
4079802
4080085
4080368
4080651
4080934
4081217
4081500
4081783
4082066
4082349
4082632
4082915
4083198
4083481
4083764
4084047
4084330
4084613
4084896
4085179
4085462
4085745
4086028
4086311
4086594
4086877
4087160
4087443
4087726
4088009
4088292
4088575
4088858
4089142
4089426
4089710
4089994
4090278
4090562
4090846
4091130
4091414
4091698
4091982
4092266
4092550
4092834
4093118
4093402
4093686
4093970
4094254
4094538
4094822
4095106
4095390
4095674
4095958
4096242
4096526
4096810
4097094
4097378
4097662
4097946
4098230
4098514
4098798
4099082
4099366
4099650
4099934
4100218
4100502
4100786
4101070
4101354
4101638
4101922
4102206
4102490
4102774
4103058
4103342
4103627
4103912
4104197
4104482
4104767
4105052
4105337
4105622
4105907
4106192
4106477
4106762
4107047
4107332
4107617
4107902
4108187
4108472
4108757
4109042
4109327
4109612
4109897
4110182
4110467
4110752
4111037
4111322
4111607
4111892
4112177
4112462
4112747
4113032
4113317
4113602
4113887
4114172
4114457
4114742
4115027
4115312
4115597
4115882
4116167
4116452
4116737
4117022
4117307
4117592
4117877
4118163
4118449
4118735
4119021
4119307
4119593
4119879
4120165
4120451
4120737
4121023
4121309
4121595
4121881
4122167
4122453
4122739
4123025
4123311
4123597
4123883
4124169
4124455
4124741
4125027
4125313
4125599
4125885
4126171
4126457
4126743
4127029
4127315
4127601
4127887
4128173
4128459
4128745
4129031
4129317
4129603
4129889
4130175
4130461
4130747
4131033
4131319
4131605
4131891
4132177
4132463
4132750
4133037
4133324
4133611
4133898
4134185
4134472
4134759
4135046
4135333
4135620
4135907
4136194
4136481
4136768
4137055
4137342
4137629
4137916
4138203
4138490
4138777
4139064
4139351
4139638
4139925
4140212
4140499
4140786
4141073
4141360
4141647
4141934
4142221
4142508
4142795
4143082
4143369
4143656
4143943
4144230
4144517
4144804
4145091
4145378
4145665
4145952
4146239
4146526
4146813
4147101
4147389
4147677
4147965
4148253
4148541
4148829
4149117
4149405
4149693
4149981
4150269
4150557
4150845
4151133
4151421
4151709
4151997
4152285
4152573
4152861
4153149
4153437
4153725
4154013
4154301
4154589
4154877
4155165
4155453
4155741
4156029
4156317
4156605
4156893
4157181
4157469
4157757
4158045
4158333
4158621
4158909
4159197
4159485
4159773
4160061
4160349
4160637
4160925
4161213
4161501
4161790
4162079
4162368
4162657
4162946
4163235
4163524
4163813
4164102
4164391
4164680
4164969
4165258
4165547
4165836
4166125
4166414
4166703
4166992
4167281
4167570
4167859
4168148
4168437
4168726
4169015
4169304
4169593
4169882
4170171
4170460
4170749
4171038
4171327
4171616
4171905
4172194
4172483
4172772
4173061
4173350
4173639
4173928
4174217
4174506
4174795
4175084
4175373
4175662
4175951
4176241
4176531
4176821
4177111
4177401
4177691
4177981
4178271
4178561
4178851
4179141
4179431
4179721
4180011
4180301
4180591
4180881
4181171
4181461
4181751
4182041
4182331
4182621
4182911
4183201
4183491
4183781
4184071
4184361
4184651
4184941
4185231
4185521
4185811
4186101
4186391
4186681
4186971
4187261
4187551
4187841
4188131
4188421
4188711
4189001
4189291
4189581
4189871
4190161
4190451
4190742
4191033
4191324
4191615
4191906
4192197
4192488
4192779
4193070
4193361
4193652
4193943
4194234
4194525
4194816
4195107
4195398
4195689
4195980
4196271
4196562
4196853
4197144
4197435
4197726
4198017
4198308
4198599
4198890
4199181
4199472
4199763
4200054
4200345
4200636
4200927
4201218
4201509
4201800
4202091
4202382
4202673
4202964
4203255
4203546
4203837
4204128
4204419
4204710
4205002
4205294
4205586
4205878
4206170
4206462
4206754
4207046
4207338
4207630
4207922
4208214
4208506
4208798
4209090
4209382
4209674
4209966
4210258
4210550
4210842
4211134
4211426
4211718
4212010
4212302
4212594
4212886
4213178
4213470
4213762
4214054
4214346
4214638
4214930
4215222
4215514
4215806
4216098
4216390
4216682
4216974
4217266
4217558
4217850
4218142
4218434
4218726
4219018
4219310
4219603
4219896
4220189
4220482
4220775
4221068
4221361
4221654
4221947
4222240
4222533
4222826
4223119
4223412
4223705
4223998
4224291
4224584
4224877
4225170
4225463
4225756
4226049
4226342
4226635
4226928
4227221
4227514
4227807
4228100
4228393
4228686
4228979
4229272
4229565
4229858
4230151
4230444
4230737
4231030
4231323
4231616
4231909
4232202
4232495
4232788
4233081
4233374
4233667
4233961
4234255
4234549
4234843
4235137
4235431
4235725
4236019
4236313
4236607
4236901
4237195
4237489
4237783
4238077
4238371
4238665
4238959
4239253
4239547
4239841
4240135
4240429
4240723
4241017
4241311
4241605
4241899
4242193
4242487
4242781
4243075
4243369
4243663
4243957
4244251
4244545
4244839
4245133
4245427
4245721
4246015
4246309
4246603
4246897
4247191
4247485
4247779
4248073
4248367
4248662
4248957
4249252
4249547
4249842
4250137
4250432
4250727
4251022
4251317
4251612
4251907
4252202
4252497
4252792
4253087
4253382
4253677
4253972
4254267
4254562
4254857
4255152
4255447
4255742
4256037
4256332
4256627
4256922
4257217
4257512
4257807
4258102
4258397
4258692
4258987
4259282
4259577
4259872
4260167
4260462
4260757
4261052
4261347
4261642
4261937
4262232
4262527
4262822
4263118
4263414
4263710
4264006
4264302
4264598
4264894
4265190
4265486
4265782
4266078
4266374
4266670
4266966
4267262
4267558
4267854
4268150
4268446
4268742
4269038
4269334
4269630
4269926
4270222
4270518
4270814
4271110
4271406
4271702
4271998
4272294
4272590
4272886
4273182
4273478
4273774
4274070
4274366
4274662
4274958
4275254
4275550
4275846
4276142
4276438
4276734
4277030
4277327
4277624
4277921
4278218
4278515
4278812
4279109
4279406
4279703
4280000
4280297
4280594
4280891
4281188
4281485
4281782
4282079
4282376
4282673
4282970
4283267
4283564
4283861
4284158
4284455
4284752
4285049
4285346
4285643
4285940
4286237
4286534
4286831
4287128
4287425
4287722
4288019
4288316
4288613
4288910
4289207
4289504
4289801
4290098
4290395
4290692
4290989
4291286
4291583
4291881
4292179
4292477
4292775
4293073
4293371
4293669
4293967
4294265
4294563
4294861
4295159
4295457
4295755
4296053
4296351
4296649
4296947
4297245
4297543
4297841
4298139
4298437
4298735
4299033
4299331
4299629
4299927
4300225
4300523
4300821
4301119
4301417
4301715
4302013
4302311
4302609
4302907
4303205
4303503
4303801
4304099
4304397
4304695
4304993
4305291
4305589
4305887
4306185
4306484
4306783
4307082
4307381
4307680
4307979
4308278
4308577
4308876
4309175
4309474
4309773
4310072
4310371
4310670
4310969
4311268
4311567
4311866
4312165
4312464
4312763
4313062
4313361
4313660
4313959
4314258
4314557
4314856
4315155
4315454
4315753
4316052
4316351
4316650
4316949
4317248
4317547
4317846
4318145
4318444
4318743
4319042
4319341
4319640
4319939
4320238
4320537
4320837
4321137
4321437
4321737
4322037
4322337
4322637
4322937
4323237
4323537
4323837
4324137
4324437
4324737
4325037
4325337
4325637
4325937
4326237
4326537
4326837
4327137
4327437
4327737
4328037
4328337
4328637
4328937
4329237
4329537
4329837
4330137
4330437
4330737
4331037
4331337
4331637
4331937
4332237
4332537
4332837
4333137
4333437
4333737
4334037
4334337
4334637
4334937
4335238
4335539
4335840
4336141
4336442
4336743
4337044
4337345
4337646
4337947
4338248
4338549
4338850
4339151
4339452
4339753
4340054
4340355
4340656
4340957
4341258
4341559
4341860
4342161
4342462
4342763
4343064
4343365
4343666
4343967
4344268
4344569
4344870
4345171
4345472
4345773
4346074
4346375
4346676
4346977
4347278
4347579
4347880
4348181
4348482
4348783
4349084
4349385
4349686
4349988
4350290
4350592
4350894
4351196
4351498
4351800
4352102
4352404
4352706
4353008
4353310
4353612
4353914
4354216
4354518
4354820
4355122
4355424
4355726
4356028
4356330
4356632
4356934
4357236
4357538
4357840
4358142
4358444
4358746
4359048
4359350
4359652
4359954
4360256
4360558
4360860
4361162
4361464
4361766
4362068
4362370
4362672
4362974
4363276
4363578
4363880
4364182
4364485
4364788
4365091
4365394
4365697
4366000
4366303
4366606
4366909
4367212
4367515
4367818
4368121
4368424
4368727
4369030
4369333
4369636
4369939
4370242
4370545
4370848
4371151
4371454
4371757
4372060
4372363
4372666
4372969
4373272
4373575
4373878
4374181
4374484
4374787
4375090
4375393
4375696
4375999
4376302
4376605
4376908
4377211
4377514
4377817
4378120
4378423
4378727
4379031
4379335
4379639
4379943
4380247
4380551
4380855
4381159
4381463
4381767
4382071
4382375
4382679
4382983
4383287
4383591
4383895
4384199
4384503
4384807
4385111
4385415
4385719
4386023
4386327
4386631
4386935
4387239
4387543
4387847
4388151
4388455
4388759
4389063
4389367
4389671
4389975
4390279
4390583
4390887
4391191
4391495
4391799
4392103
4392407
4392711
4393015
4393320
4393625
4393930
4394235
4394540
4394845
4395150
4395455
4395760
4396065
4396370
4396675
4396980
4397285
4397590
4397895
4398200
4398505
4398810
4399115
4399420
4399725
4400030
4400335
4400640
4400945
4401250
4401555
4401860
4402165
4402470
4402775
4403080
4403385
4403690
4403995
4404300
4404605
4404910
4405215
4405520
4405825
4406130
4406435
4406740
4407045
4407350
4407656
4407962
4408268
4408574
4408880
4409186
4409492
4409798
4410104
4410410
4410716
4411022
4411328
4411634
4411940
4412246
4412552
4412858
4413164
4413470
4413776
4414082
4414388
4414694
4415000
4415306
4415612
4415918
4416224
4416530
4416836
4417142
4417448
4417754
4418060
4418366
4418672
4418978
4419284
4419590
4419896
4420202
4420508
4420814
4421120
4421426
4421732
4422038
4422345
4422652
4422959
4423266
4423573
4423880
4424187
4424494
4424801
4425108
4425415
4425722
4426029
4426336
4426643
4426950
4427257
4427564
4427871
4428178
4428485
4428792
4429099
4429406
4429713
4430020
4430327
4430634
4430941
4431248
4431555
4431862
4432169
4432476
4432783
4433090
4433397
4433704
4434011
4434318
4434625
4434932
4435239
4435546
4435853
4436160
4436467
4436775
4437083
4437391
4437699
4438007
4438315
4438623
4438931
4439239
4439547
4439855
4440163
4440471
4440779
4441087
4441395
4441703
4442011
4442319
4442627
4442935
4443243
4443551
4443859
4444167
4444475
4444783
4445091
4445399
4445707
4446015
4446323
4446631
4446939
4447247
4447555
4447863
4448171
4448479
4448787
4449095
4449403
4449711
4450019
4450327
4450635
4450943
4451252
4451561
4451870
4452179
4452488
4452797
4453106
4453415
4453724
4454033
4454342
4454651
4454960
4455269
4455578
4455887
4456196
4456505
4456814
4457123
4457432
4457741
4458050
4458359
4458668
4458977
4459286
4459595
4459904
4460213
4460522
4460831
4461140
4461449
4461758
4462067
4462376
4462685
4462994
4463303
4463612
4463921
4464230
4464539
4464848
4465157
4465466
4465776
4466086
4466396
4466706
4467016
4467326
4467636
4467946
4468256
4468566
4468876
4469186
4469496
4469806
4470116
4470426
4470736
4471046
4471356
4471666
4471976
4472286
4472596
4472906
4473216
4473526
4473836
4474146
4474456
4474766
4475076
4475386
4475696
4476006
4476316
4476626
4476936
4477246
4477556
4477866
4478176
4478486
4478796
4479106
4479416
4479726
4480037
4480348
4480659
4480970
4481281
4481592
4481903
4482214
4482525
4482836
4483147
4483458
4483769
4484080
4484391
4484702
4485013
4485324
4485635
4485946
4486257
4486568
4486879
4487190
4487501
4487812
4488123
4488434
4488745
4489056
4489367
4489678
4489989
4490300
4490611
4490922
4491233
4491544
4491855
4492166
4492477
4492788
4493099
4493410
4493721
4494032
4494343
4494655
4494967
4495279
4495591
4495903
4496215
4496527
4496839
4497151
4497463
4497775
4498087
4498399
4498711
4499023
4499335
4499647
4499959
4500271
4500583
4500895
4501207
4501519
4501831
4502143
4502455
4502767
4503079
4503391
4503703
4504015
4504327
4504639
4504951
4505263
4505575
4505887
4506199
4506511
4506823
4507135
4507447
4507759
4508071
4508383
4508695
4509008
4509321
4509634
4509947
4510260
4510573
4510886
4511199
4511512
4511825
4512138
4512451
4512764
4513077
4513390
4513703
4514016
4514329
4514642
4514955
4515268
4515581
4515894
4516207
4516520
4516833
4517146
4517459
4517772
4518085
4518398
4518711
4519024
4519337
4519650
4519963
4520276
4520589
4520902
4521215
4521528
4521841
4522154
4522467
4522780
4523093
4523406
4523720
4524034
4524348
4524662
4524976
4525290
4525604
4525918
4526232
4526546
4526860
4527174
4527488
4527802
4528116
4528430
4528744
4529058
4529372
4529686
4530000
4530314
4530628
4530942
4531256
4531570
4531884
4532198
4532512
4532826
4533140
4533454
4533768
4534082
4534396
4534710
4535024
4535338
4535652
4535966
4536280
4536594
4536908
4537222
4537536
4537850
4538165
4538480
4538795
4539110
4539425
4539740
4540055
4540370
4540685
4541000
4541315
4541630
4541945
4542260
4542575
4542890
4543205
4543520
4543835
4544150
4544465
4544780
4545095
4545410
4545725
4546040
4546355
4546670
4546985
4547300
4547615
4547930
4548245
4548560
4548875
4549190
4549505
4549820
4550135
4550450
4550765
4551080
4551395
4551710
4552025
4552340
4552656
4552972
4553288
4553604
4553920
4554236
4554552
4554868
4555184
4555500
4555816
4556132
4556448
4556764
4557080
4557396
4557712
4558028
4558344
4558660
4558976
4559292
4559608
4559924
4560240
4560556
4560872
4561188
4561504
4561820
4562136
4562452
4562768
4563084
4563400
4563716
4564032
4564348
4564664
4564980
4565296
4565612
4565928
4566244
4566560
4566877
4567194
4567511
4567828
4568145
4568462
4568779
4569096
4569413
4569730
4570047
4570364
4570681
4570998
4571315
4571632
4571949
4572266
4572583
4572900
4573217
4573534
4573851
4574168
4574485
4574802
4575119
4575436
4575753
4576070
4576387
4576704
4577021
4577338
4577655
4577972
4578289
4578606
4578923
4579240
4579557
4579874
4580191
4580508
4580825
4581142
4581460
4581778
4582096
4582414
4582732
4583050
4583368
4583686
4584004
4584322
4584640
4584958
4585276
4585594
4585912
4586230
4586548
4586866
4587184
4587502
4587820
4588138
4588456
4588774
4589092
4589410
4589728
4590046
4590364
4590682
4591000
4591318
4591636
4591954
4592272
4592590
4592908
4593226
4593544
4593862
4594180
4594498
4594816
4595134
4595452
4595770
4596089
4596408
4596727
4597046
4597365
4597684
4598003
4598322
4598641
4598960
4599279
4599598
4599917
4600236
4600555
4600874
4601193
4601512
4601831
4602150
4602469
4602788
4603107
4603426
4603745
4604064
4604383
4604702
4605021
4605340
4605659
4605978
4606297
4606616
4606935
4607254
4607573
4607892
4608211
4608530
4608849
4609168
4609487
4609806
4610125
4610445
4610765
4611085
4611405
4611725
4612045
4612365
4612685
4613005
4613325
4613645
4613965
4614285
4614605
4614925
4615245
4615565
4615885
4616205
4616525
4616845
4617165
4617485
4617805
4618125
4618445
4618765
4619085
4619405
4619725
4620045
4620365
4620685
4621005
4621325
4621645
4621965
4622285
4622605
4622925
4623245
4623565
4623885
4624205
4624525
4624846
4625167
4625488
4625809
4626130
4626451
4626772
4627093
4627414
4627735
4628056
4628377
4628698
4629019
4629340
4629661
4629982
4630303
4630624
4630945
4631266
4631587
4631908
4632229
4632550
4632871
4633192
4633513
4633834
4634155
4634476
4634797
4635118
4635439
4635760
4636081
4636402
4636723
4637044
4637365
4637686
4638007
4638328
4638649
4638970
4639292
4639614
4639936
4640258
4640580
4640902
4641224
4641546
4641868
4642190
4642512
4642834
4643156
4643478
4643800
4644122
4644444
4644766
4645088
4645410
4645732
4646054
4646376
4646698
4647020
4647342
4647664
4647986
4648308
4648630
4648952
4649274
4649596
4649918
4650240
4650562
4650884
4651206
4651528
4651850
4652172
4652494
4652816
4653138
4653460
4653783
4654106
4654429
4654752
4655075
4655398
4655721
4656044
4656367
4656690
4657013
4657336
4657659
4657982
4658305
4658628
4658951
4659274
4659597
4659920
4660243
4660566
4660889
4661212
4661535
4661858
4662181
4662504
4662827
4663150
4663473
4663796
4664119
4664442
4664765
4665088
4665411
4665734
4666057
4666380
4666703
4667026
4667349
4667672
4667995
4668319
4668643
4668967
4669291
4669615
4669939
4670263
4670587
4670911
4671235
4671559
4671883
4672207
4672531
4672855
4673179
4673503
4673827
4674151
4674475
4674799
4675123
4675447
4675771
4676095
4676419
4676743
4677067
4677391
4677715
4678039
4678363
4678687
4679011
4679335
4679659
4679983
4680307
4680631
4680955
4681279
4681603
4681927
4682251
4682575
4682900
4683225
4683550
4683875
4684200
4684525
4684850
4685175
4685500
4685825
4686150
4686475
4686800
4687125
4687450
4687775
4688100
4688425
4688750
4689075
4689400
4689725
4690050
4690375
4690700
4691025
4691350
4691675
4692000
4692325
4692650
4692975
4693300
4693625
4693950
4694275
4694600
4694925
4695250
4695575
4695900
4696225
4696550
4696875
4697201
4697527
4697853
4698179
4698505
4698831
4699157
4699483
4699809
4700135
4700461
4700787
4701113
4701439
4701765
4702091
4702417
4702743
4703069
4703395
4703721
4704047
4704373
4704699
4705025
4705351
4705677
4706003
4706329
4706655
4706981
4707307
4707633
4707959
4708285
4708611
4708937
4709263
4709589
4709915
4710241
4710567
4710893
4711219
4711545
4711872
4712199
4712526
4712853
4713180
4713507
4713834
4714161
4714488
4714815
4715142
4715469
4715796
4716123
4716450
4716777
4717104
4717431
4717758
4718085
4718412
4718739
4719066
4719393
4719720
4720047
4720374
4720701
4721028
4721355
4721682
4722009
4722336
4722663
4722990
4723317
4723644
4723971
4724298
4724625
4724952
4725279
4725606
4725933
4726261
4726589
4726917
4727245
4727573
4727901
4728229
4728557
4728885
4729213
4729541
4729869
4730197
4730525
4730853
4731181
4731509
4731837
4732165
4732493
4732821
4733149
4733477
4733805
4734133
4734461
4734789
4735117
4735445
4735773
4736101
4736429
4736757
4737085
4737413
4737741
4738069
4738397
4738725
4739053
4739381
4739709
4740037
4740365
4740694
4741023
4741352
4741681
4742010
4742339
4742668
4742997
4743326
4743655
4743984
4744313
4744642
4744971
4745300
4745629
4745958
4746287
4746616
4746945
4747274
4747603
4747932
4748261
4748590
4748919
4749248
4749577
4749906
4750235
4750564
4750893
4751222
4751551
4751880
4752209
4752538
4752867
4753196
4753525
4753854
4754183
4754512
4754841
4755171
4755501
4755831
4756161
4756491
4756821
4757151
4757481
4757811
4758141
4758471
4758801
4759131
4759461
4759791
4760121
4760451
4760781
4761111
4761441
4761771
4762101
4762431
4762761
4763091
4763421
4763751
4764081
4764411
4764741
4765071
4765401
4765731
4766061
4766391
4766721
4767051
4767381
4767711
4768041
4768371
4768701
4769031
4769361
4769692
4770023
4770354
4770685
4771016
4771347
4771678
4772009
4772340
4772671
4773002
4773333
4773664
4773995
4774326
4774657
4774988
4775319
4775650
4775981
4776312
4776643
4776974
4777305
4777636
4777967
4778298
4778629
4778960
4779291
4779622
4779953
4780284
4780615
4780946
4781277
4781608
4781939
4782270
4782601
4782932
4783263
4783594
4783925
4784257
4784589
4784921
4785253
4785585
4785917
4786249
4786581
4786913
4787245
4787577
4787909
4788241
4788573
4788905
4789237
4789569
4789901
4790233
4790565
4790897
4791229
4791561
4791893
4792225
4792557
4792889
4793221
4793553
4793885
4794217
4794549
4794881
4795213
4795545
4795877
4796209
4796541
4796873
4797205
4797537
4797869
4798201
4798534
4798867
4799200
4799533
4799866
4800199
4800532
4800865
4801198
4801531
4801864
4802197
4802530
4802863
4803196
4803529
4803862
4804195
4804528
4804861
4805194
4805527
4805860
4806193
4806526
4806859
4807192
4807525
4807858
4808191
4808524
4808857
4809190
4809523
4809856
4810189
4810522
4810855
4811188
4811521
4811854
4812187
4812520
4812853
4813187
4813521
4813855
4814189
4814523
4814857
4815191
4815525
4815859
4816193
4816527
4816861
4817195
4817529
4817863
4818197
4818531
4818865
4819199
4819533
4819867
4820201
4820535
4820869
4821203
4821537
4821871
4822205
4822539
4822873
4823207
4823541
4823875
4824209
4824543
4824877
4825211
4825545
4825879
4826213
4826547
4826881
4827215
4827550
4827885
4828220
4828555
4828890
4829225
4829560
4829895
4830230
4830565
4830900
4831235
4831570
4831905
4832240
4832575
4832910
4833245
4833580
4833915
4834250
4834585
4834920
4835255
4835590
4835925
4836260
4836595
4836930
4837265
4837600
4837935
4838270
4838605
4838940
4839275
4839610
4839945
4840280
4840615
4840950
4841285
4841620
4841956
4842292
4842628
4842964
4843300
4843636
4843972
4844308
4844644
4844980
4845316
4845652
4845988
4846324
4846660
4846996
4847332
4847668
4848004
4848340
4848676
4849012
4849348
4849684
4850020
4850356
4850692
4851028
4851364
4851700
4852036
4852372
4852708
4853044
4853380
4853716
4854052
4854388
4854724
4855060
4855396
4855732
4856068
4856405
4856742
4857079
4857416
4857753
4858090
4858427
4858764
4859101
4859438
4859775
4860112
4860449
4860786
4861123
4861460
4861797
4862134
4862471
4862808
4863145
4863482
4863819
4864156
4864493
4864830
4865167
4865504
4865841
4866178
4866515
4866852
4867189
4867526
4867863
4868200
4868537
4868874
4869211
4869548
4869885
4870222
4870559
4870897
4871235
4871573
4871911
4872249
4872587
4872925
4873263
4873601
4873939
4874277
4874615
4874953
4875291
4875629
4875967
4876305
4876643
4876981
4877319
4877657
4877995
4878333
4878671
4879009
4879347
4879685
4880023
4880361
4880699
4881037
4881375
4881713
4882051
4882389
4882727
4883065
4883403
4883741
4884079
4884417
4884755
4885093
4885432
4885771
4886110
4886449
4886788
4887127
4887466
4887805
4888144
4888483
4888822
4889161
4889500
4889839
4890178
4890517
4890856
4891195
4891534
4891873
4892212
4892551
4892890
4893229
4893568
4893907
4894246
4894585
4894924
4895263
4895602
4895941
4896280
4896619
4896958
4897297
4897636
4897975
4898314
4898653
4898992
4899331
4899670
4900010
4900350
4900690
4901030
4901370
4901710
4902050
4902390
4902730
4903070
4903410
4903750
4904090
4904430
4904770
4905110
4905450
4905790
4906130
4906470
4906810
4907150
4907490
4907830
4908170
4908510
4908850
4909190
4909530
4909870
4910210
4910550
4910890
4911230
4911570
4911910
4912250
4912590
4912930
4913270
4913610
4913950
4914290
4914631
4914972
4915313
4915654
4915995
4916336
4916677
4917018
4917359
4917700
4918041
4918382
4918723
4919064
4919405
4919746
4920087
4920428
4920769
4921110
4921451
4921792
4922133
4922474
4922815
4923156
4923497
4923838
4924179
4924520
4924861
4925202
4925543
4925884
4926225
4926566
4926907
4927248
4927589
4927930
4928271
4928612
4928954
4929296
4929638
4929980
4930322
4930664
4931006
4931348
4931690
4932032
4932374
4932716
4933058
4933400
4933742
4934084
4934426
4934768
4935110
4935452
4935794
4936136
4936478
4936820
4937162
4937504
4937846
4938188
4938530
4938872
4939214
4939556
4939898
4940240
4940582
4940924
4941266
4941608
4941950
4942292
4942634
4942976
4943319
4943662
4944005
4944348
4944691
4945034
4945377
4945720
4946063
4946406
4946749
4947092
4947435
4947778
4948121
4948464
4948807
4949150
4949493
4949836
4950179
4950522
4950865
4951208
4951551
4951894
4952237
4952580
4952923
4953266
4953609
4953952
4954295
4954638
4954981
4955324
4955667
4956010
4956353
4956696
4957039
4957382
4957725
4958069
4958413
4958757
4959101
4959445
4959789
4960133
4960477
4960821
4961165
4961509
4961853
4962197
4962541
4962885
4963229
4963573
4963917
4964261
4964605
4964949
4965293
4965637
4965981
4966325
4966669
4967013
4967357
4967701
4968045
4968389
4968733
4969077
4969421
4969765
4970109
4970453
4970797
4971141
4971485
4971829
4972173
4972518
4972863
4973208
4973553
4973898
4974243
4974588
4974933
4975278
4975623
4975968
4976313
4976658
4977003
4977348
4977693
4978038
4978383
4978728
4979073
4979418
4979763
4980108
4980453
4980798
4981143
4981488
4981833
4982178
4982523
4982868
4983213
4983558
4983903
4984248
4984593
4984938
4985283
4985628
4985973
4986318
4986663
4987009
4987355
4987701
4988047
4988393
4988739
4989085
4989431
4989777
4990123
4990469
4990815
4991161
4991507
4991853
4992199
4992545
4992891
4993237
4993583
4993929
4994275
4994621
4994967
4995313
4995659
4996005
4996351
4996697
4997043
4997389
4997735
4998081
4998427
4998773
4999119
4999465
4999811
5000157
5000503
5000849
5001196
5001543
5001890
5002237
5002584
5002931
5003278
5003625
5003972
5004319
5004666
5005013
5005360
5005707
5006054
5006401
5006748
5007095
5007442
5007789
5008136
5008483
5008830
5009177
5009524
5009871
5010218
5010565
5010912
5011259
5011606
5011953
5012300
5012647
5012994
5013341
5013688
5014035
5014382
5014729
5015076
5015423
5015771
5016119
5016467
5016815
5017163
5017511
5017859
5018207
5018555
5018903
5019251
5019599
5019947
5020295
5020643
5020991
5021339
5021687
5022035
5022383
5022731
5023079
5023427
5023775
5024123
5024471
5024819
5025167
5025515
5025863
5026211
5026559
5026907
5027255
5027603
5027951
5028299
5028647
5028995
5029343
5029691
5030039
5030388
5030737
5031086
5031435
5031784
5032133
5032482
5032831
5033180
5033529
5033878
5034227
5034576
5034925
5035274
5035623
5035972
5036321
5036670
5037019
5037368
5037717
5038066
5038415
5038764
5039113
5039462
5039811
5040160
5040509
5040858
5041207
5041556
5041905
5042254
5042603
5042952
5043301
5043650
5043999
5044348
5044698
5045048
5045398
5045748
5046098
5046448
5046798
5047148
5047498
5047848
5048198
5048548
5048898
5049248
5049598
5049948
5050298
5050648
5050998
5051348
5051698
5052048
5052398
5052748
5053098
5053448
5053798
5054148
5054498
5054848
5055198
5055548
5055898
5056248
5056598
5056948
5057298
5057648
5057998
5058348
5058698
5059048
5059399
5059750
5060101
5060452
5060803
5061154
5061505
5061856
5062207
5062558
5062909
5063260
5063611
5063962
5064313
5064664
5065015
5065366
5065717
5066068
5066419
5066770
5067121
5067472
5067823
5068174
5068525
5068876
5069227
5069578
5069929
5070280
5070631
5070982
5071333
5071684
5072035
5072386
5072737
5073088
5073439
5073791
5074143
5074495
5074847
5075199
5075551
5075903
5076255
5076607
5076959
5077311
5077663
5078015
5078367
5078719
5079071
5079423
5079775
5080127
5080479
5080831
5081183
5081535
5081887
5082239
5082591
5082943
5083295
5083647
5083999
5084351
5084703
5085055
5085407
5085759
5086111
5086463
5086815
5087167
5087519
5087871
5088224
5088577
5088930
5089283
5089636
5089989
5090342
5090695
5091048
5091401
5091754
5092107
5092460
5092813
5093166
5093519
5093872
5094225
5094578
5094931
5095284
5095637
5095990
5096343
5096696
5097049
5097402
5097755
5098108
5098461
5098814
5099167
5099520
5099873
5100226
5100579
5100932
5101285
5101638
5101991
5102344
5102698
5103052
5103406
5103760
5104114
5104468
5104822
5105176
5105530
5105884
5106238
5106592
5106946
5107300
5107654
5108008
5108362
5108716
5109070
5109424
5109778
5110132
5110486
5110840
5111194
5111548
5111902
5112256
5112610
5112964
5113318
5113672
5114026
5114380
5114734
5115088
5115442
5115796
5116150
5116504
5116858
5117213
5117568
5117923
5118278
5118633
5118988
5119343
5119698
5120053
5120408
5120763
5121118
5121473
5121828
5122183
5122538
5122893
5123248
5123603
5123958
5124313
5124668
5125023
5125378
5125733
5126088
5126443
5126798
5127153
5127508
5127863
5128218
5128573
5128928
5129283
5129638
5129993
5130348
5130703
5131058
5131413
5131769
5132125
5132481
5132837
5133193
5133549
5133905
5134261
5134617
5134973
5135329
5135685
5136041
5136397
5136753
5137109
5137465
5137821
5138177
5138533
5138889
5139245
5139601
5139957
5140313
5140669
5141025
5141381
5141737
5142093
5142449
5142805
5143161
5143517
5143873
5144229
5144585
5144941
5145297
5145653
5146010
5146367
5146724
5147081
5147438
5147795
5148152
5148509
5148866
5149223
5149580
5149937
5150294
5150651
5151008
5151365
5151722
5152079
5152436
5152793
5153150
5153507
5153864
5154221
5154578
5154935
5155292
5155649
5156006
5156363
5156720
5157077
5157434
5157791
5158148
5158505
5158862
5159219
5159576
5159933
5160290
5160648
5161006
5161364
5161722
5162080
5162438
5162796
5163154
5163512
5163870
5164228
5164586
5164944
5165302
5165660
5166018
5166376
5166734
5167092
5167450
5167808
5168166
5168524
5168882
5169240
5169598
5169956
5170314
5170672
5171030
5171388
5171746
5172104
5172462
5172820
5173178
5173536
5173894
5174252
5174610
5174969
5175328
5175687
5176046
5176405
5176764
5177123
5177482
5177841
5178200
5178559
5178918
5179277
5179636
5179995
5180354
5180713
5181072
5181431
5181790
5182149
5182508
5182867
5183226
5183585
5183944
5184303
5184662
5185021
5185380
5185739
5186098
5186457
5186816
5187175
5187534
5187893
5188252
5188611
5188970
5189329
5189689
5190049
5190409
5190769
5191129
5191489
5191849
5192209
5192569
5192929
5193289
5193649
5194009
5194369
5194729
5195089
5195449
5195809
5196169
5196529
5196889
5197249
5197609
5197969
5198329
5198689
5199049
5199409
5199769
5200129
5200489
5200849
5201209
5201569
5201929
5202289
5202649
5203009
5203369
5203729
5204090
5204451
5204812
5205173
5205534
5205895
5206256
5206617
5206978
5207339
5207700
5208061
5208422
5208783
5209144
5209505
5209866
5210227
5210588
5210949
5211310
5211671
5212032
5212393
5212754
5213115
5213476
5213837
5214198
5214559
5214920
5215281
5215642
5216003
5216364
5216725
5217086
5217447
5217808
5218169
5218531
5218893
5219255
5219617
5219979
5220341
5220703
5221065
5221427
5221789
5222151
5222513
5222875
5223237
5223599
5223961
5224323
5224685
5225047
5225409
5225771
5226133
5226495
5226857
5227219
5227581
5227943
5228305
5228667
5229029
5229391
5229753
5230115
5230477
5230839
5231201
5231563
5231925
5232287
5232649
5233012
5233375
5233738
5234101
5234464
5234827
5235190
5235553
5235916
5236279
5236642
5237005
5237368
5237731
5238094
5238457
5238820
5239183
5239546
5239909
5240272
5240635
5240998
5241361
5241724
5242087
5242450
5242813
5243176
5243539
5243902
5244265
5244628
5244991
5245354
5245717
5246080
5246443
5246806
5247169
5247533
5247897
5248261
5248625
5248989
5249353
5249717
5250081
5250445
5250809
5251173
5251537
5251901
5252265
5252629
5252993
5253357
5253721
5254085
5254449
5254813
5255177
5255541
5255905
5256269
5256633
5256997
5257361
5257725
5258089
5258453
5258817
5259181
5259545
5259909
5260273
5260637
5261001
5261365
5261729
5262094
5262459
5262824
5263189
5263554
5263919
5264284
5264649
5265014
5265379
5265744
5266109
5266474
5266839
5267204
5267569
5267934
5268299
5268664
5269029
5269394
5269759
5270124
5270489
5270854
5271219
5271584
5271949
5272314
5272679
5273044
5273409
5273774
5274139
5274504
5274869
5275234
5275599
5275964
5276330
5276696
5277062
5277428
5277794
5278160
5278526
5278892
5279258
5279624
5279990
5280356
5280722
5281088
5281454
5281820
5282186
5282552
5282918
5283284
5283650
5284016
5284382
5284748
5285114
5285480
5285846
5286212
5286578
5286944
5287310
5287676
5288042
5288408
5288774
5289140
5289506
5289872
5290238
5290604
5290971
5291338
5291705
5292072
5292439
5292806
5293173
5293540
5293907
5294274
5294641
5295008
5295375
5295742
5296109
5296476
5296843
5297210
5297577
5297944
5298311
5298678
5299045
5299412
5299779
5300146
5300513
5300880
5301247
5301614
5301981
5302348
5302715
5303082
5303449
5303816
5304183
5304550
5304917
5305285
5305653
5306021
5306389
5306757
5307125
5307493
5307861
5308229
5308597
5308965
5309333
5309701
5310069
5310437
5310805
5311173
5311541
5311909
5312277
5312645
5313013
5313381
5313749
5314117
5314485
5314853
5315221
5315589
5315957
5316325
5316693
5317061
5317429
5317797
5318165
5318533
5318901
5319269
5319637
5320006
5320375
5320744
5321113
5321482
5321851
5322220
5322589
5322958
5323327
5323696
5324065
5324434
5324803
5325172
5325541
5325910
5326279
5326648
5327017
5327386
5327755
5328124
5328493
5328862
5329231
5329600
5329969
5330338
5330707
5331076
5331445
5331814
5332183
5332552
5332921
5333290
5333659
5334028
5334398
5334768
5335138
5335508
5335878
5336248
5336618
5336988
5337358
5337728
5338098
5338468
5338838
5339208
5339578
5339948
5340318
5340688
5341058
5341428
5341798
5342168
5342538
5342908
5343278
5343648
5344018
5344388
5344758
5345128
5345498
5345868
5346238
5346608
5346978
5347348
5347718
5348088
5348458
5348829
5349200
5349571
5349942
5350313
5350684
5351055
5351426
5351797
5352168
5352539
5352910
5353281
5353652
5354023
5354394
5354765
5355136
5355507
5355878
5356249
5356620
5356991
5357362
5357733
5358104
5358475
5358846
5359217
5359588
5359959
5360330
5360701
5361072
5361443
5361814
5362185
5362556
5362927
5363299
5363671
5364043
5364415
5364787
5365159
5365531
5365903
5366275
5366647
5367019
5367391
5367763
5368135
5368507
5368879
5369251
5369623
5369995
5370367
5370739
5371111
5371483
5371855
5372227
5372599
5372971
5373343
5373715
5374087
5374459
5374831
5375203
5375575
5375947
5376319
5376691
5377063
5377435
5377808
5378181
5378554
5378927
5379300
5379673
5380046
5380419
5380792
5381165
5381538
5381911
5382284
5382657
5383030
5383403
5383776
5384149
5384522
5384895
5385268
5385641
5386014
5386387
5386760
5387133
5387506
5387879
5388252
5388625
5388998
5389371
5389744
5390117
5390490
5390863
5391236
5391609
5391982
5392356
5392730
5393104
5393478
5393852
5394226
5394600
5394974
5395348
5395722
5396096
5396470
5396844
5397218
5397592
5397966
5398340
5398714
5399088
5399462
5399836
5400210
5400584
5400958
5401332
5401706
5402080
5402454
5402828
5403202
5403576
5403950
5404324
5404698
5405072
5405446
5405820
5406194
5406569
5406944
5407319
5407694
5408069
5408444
5408819
5409194
5409569
5409944
5410319
5410694
5411069
5411444
5411819
5412194
5412569
5412944
5413319
5413694
5414069
5414444
5414819
5415194
5415569
5415944
5416319
5416694
5417069
5417444
5417819
5418194
5418569
5418944
5419319
5419694
5420069
5420444
5420819
5421195
5421571
5421947
5422323
5422699
5423075
5423451
5423827
5424203
5424579
5424955
5425331
5425707
5426083
5426459
5426835
5427211
5427587
5427963
5428339
5428715
5429091
5429467
5429843
5430219
5430595
5430971
5431347
5431723
5432099
5432475
5432851
5433227
5433603
5433979
5434355
5434731
5435107
5435484
5435861
5436238
5436615
5436992
5437369
5437746
5438123
5438500
5438877
5439254
5439631
5440008
5440385
5440762
5441139
5441516
5441893
5442270
5442647
5443024
5443401
5443778
5444155
5444532
5444909
5445286
5445663
5446040
5446417
5446794
5447171
5447548
5447925
5448302
5448679
5449056
5449433
5449810
5450188
5450566
5450944
5451322
5451700
5452078
5452456
5452834
5453212
5453590
5453968
5454346
5454724
5455102
5455480
5455858
5456236
5456614
5456992
5457370
5457748
5458126
5458504
5458882
5459260
5459638
5460016
5460394
5460772
5461150
5461528
5461906
5462284
5462662
5463040
5463418
5463796
5464174
5464553
5464932
5465311
5465690
5466069
5466448
5466827
5467206
5467585
5467964
5468343
5468722
5469101
5469480
5469859
5470238
5470617
5470996
5471375
5471754
5472133
5472512
5472891
5473270
5473649
5474028
5474407
5474786
5475165
5475544
5475923
5476302
5476681
5477060
5477439
5477818
5478197
5478576
5478956
5479336
5479716
5480096
5480476
5480856
5481236
5481616
5481996
5482376
5482756
5483136
5483516
5483896
5484276
5484656
5485036
5485416
5485796
5486176
5486556
5486936
5487316
5487696
5488076
5488456
5488836
5489216
5489596
5489976
5490356
5490736
5491116
5491496
5491876
5492256
5492636
5493016
5493397
5493778
5494159
5494540
5494921
5495302
5495683
5496064
5496445
5496826
5497207
5497588
5497969
5498350
5498731
5499112
5499493
5499874
5500255
5500636
5501017
5501398
5501779
5502160
5502541
5502922
5503303
5503684
5504065
5504446
5504827
5505208
5505589
5505970
5506351
5506732
5507113
5507494
5507876
5508258
5508640
5509022
5509404
5509786
5510168
5510550
5510932
5511314
5511696
5512078
5512460
5512842
5513224
5513606
5513988
5514370
5514752
5515134
5515516
5515898
5516280
5516662
5517044
5517426
5517808
5518190
5518572
5518954
5519336
5519718
5520100
5520482
5520864
5521246
5521628
5522010
5522393
5522776
5523159
5523542
5523925
5524308
5524691
5525074
5525457
5525840
5526223
5526606
5526989
5527372
5527755
5528138
5528521
5528904
5529287
5529670
5530053
5530436
5530819
5531202
5531585
5531968
5532351
5532734
5533117
5533500
5533883
5534266
5534649
5535032
5535415
5535798
5536181
5536564
5536948
5537332
5537716
5538100
5538484
5538868
5539252
5539636
5540020
5540404
5540788
5541172
5541556
5541940
5542324
5542708
5543092
5543476
5543860
5544244
5544628
5545012
5545396
5545780
5546164
5546548
5546932
5547316
5547700
5548084
5548468
5548852
5549236
5549620
5550004
5550388
5550772
5551156
5551541
5551926
5552311
5552696
5553081
5553466
5553851
5554236
5554621
5555006
5555391
5555776
5556161
5556546
5556931
5557316
5557701
5558086
5558471
5558856
5559241
5559626
5560011
5560396
5560781
5561166
5561551
5561936
5562321
5562706
5563091
5563476
5563861
5564246
5564631
5565016
5565401
5565787
5566173
5566559
5566945
5567331
5567717
5568103
5568489
5568875
5569261
5569647
5570033
5570419
5570805
5571191
5571577
5571963
5572349
5572735
5573121
5573507
5573893
5574279
5574665
5575051
5575437
5575823
5576209
5576595
5576981
5577367
5577753
5578139
5578525
5578911
5579297
5579683
5580069
5580456
5580843
5581230
5581617
5582004
5582391
5582778
5583165
5583552
5583939
5584326
5584713
5585100
5585487
5585874
5586261
5586648
5587035
5587422
5587809
5588196
5588583
5588970
5589357
5589744
5590131
5590518
5590905
5591292
5591679
5592066
5592453
5592840
5593227
5593614
5594001
5594388
5594776
5595164
5595552
5595940
5596328
5596716
5597104
5597492
5597880
5598268
5598656
5599044
5599432
5599820
5600208
5600596
5600984
5601372
5601760
5602148
5602536
5602924
5603312
5603700
5604088
5604476
5604864
5605252
5605640
5606028
5606416
5606804
5607192
5607580
5607968
5608356
5608744
5609132
5609521
5609910
5610299
5610688
5611077
5611466
5611855
5612244
5612633
5613022
5613411
5613800
5614189
5614578
5614967
5615356
5615745
5616134
5616523
5616912
5617301
5617690
5618079
5618468
5618857
5619246
5619635
5620024
5620413
5620802
5621191
5621580
5621969
5622358
5622747
5623136
5623525
5623915
5624305
5624695
5625085
5625475
5625865
5626255
5626645
5627035
5627425
5627815
5628205
5628595
5628985
5629375
5629765
5630155
5630545
5630935
5631325
5631715
5632105
5632495
5632885
5633275
5633665
5634055
5634445
5634835
5635225
5635615
5636005
5636395
5636785
5637175
5637565
5637955
5638346
5638737
5639128
5639519
5639910
5640301
5640692
5641083
5641474
5641865
5642256
5642647
5643038
5643429
5643820
5644211
5644602
5644993
5645384
5645775
5646166
5646557
5646948
5647339
5647730
5648121
5648512
5648903
5649294
5649685
5650076
5650467
5650858
5651249
5651640
5652031
5652422
5652814
5653206
5653598
5653990
5654382
5654774
5655166
5655558
5655950
5656342
5656734
5657126
5657518
5657910
5658302
5658694
5659086
5659478
5659870
5660262
5660654
5661046
5661438
5661830
5662222
5662614
5663006
5663398
5663790
5664182
5664574
5664966
5665358
5665750
5666142
5666534
5666926
5667319
5667712
5668105
5668498
5668891
5669284
5669677
5670070
5670463
5670856
5671249
5671642
5672035
5672428
5672821
5673214
5673607
5674000
5674393
5674786
5675179
5675572
5675965
5676358
5676751
5677144
5677537
5677930
5678323
5678716
5679109
5679502
5679895
5680288
5680681
5681074
5681467
5681861
5682255
5682649
5683043
5683437
5683831
5684225
5684619
5685013
5685407
5685801
5686195
5686589
5686983
5687377
5687771
5688165
5688559
5688953
5689347
5689741
5690135
5690529
5690923
5691317
5691711
5692105
5692499
5692893
5693287
5693681
5694075
5694469
5694863
5695257
5695651
5696045
5696440
5696835
5697230
5697625
5698020
5698415
5698810
5699205
5699600
5699995
5700390
5700785
5701180
5701575
5701970
5702365
5702760
5703155
5703550
5703945
5704340
5704735
5705130
5705525
5705920
5706315
5706710
5707105
5707500
5707895
5708290
5708685
5709080
5709475
5709870
5710265
5710661
5711057
5711453
5711849
5712245
5712641
5713037
5713433
5713829
5714225
5714621
5715017
5715413
5715809
5716205
5716601
5716997
5717393
5717789
5718185
5718581
5718977
5719373
5719769
5720165
5720561
5720957
5721353
5721749
5722145
5722541
5722937
5723333
5723729
5724125
5724521
5724917
5725314
5725711
5726108
5726505
5726902
5727299
5727696
5728093
5728490
5728887
5729284
5729681
5730078
5730475
5730872
5731269
5731666
5732063
5732460
5732857
5733254
5733651
5734048
5734445
5734842
5735239
5735636
5736033
5736430
5736827
5737224
5737621
5738018
5738415
5738812
5739209
5739607
5740005
5740403
5740801
5741199
5741597
5741995
5742393
5742791
5743189
5743587
5743985
5744383
5744781
5745179
5745577
5745975
5746373
5746771
5747169
5747567
5747965
5748363
5748761
5749159
5749557
5749955
5750353
5750751
5751149
5751547
5751945
5752343
5752741
5753139
5753537
5753935
5754334
5754733
5755132
5755531
5755930
5756329
5756728
5757127
5757526
5757925
5758324
5758723
5759122
5759521
5759920
5760319
5760718
5761117
5761516
5761915
5762314
5762713
5763112
5763511
5763910
5764309
5764708
5765107
5765506
5765905
5766304
5766703
5767102
5767501
5767900
5768299
5768699
5769099
5769499
5769899
5770299
5770699
5771099
5771499
5771899
5772299
5772699
5773099
5773499
5773899
5774299
5774699
5775099
5775499
5775899
5776299
5776699
5777099
5777499
5777899
5778299
5778699
5779099
5779499
5779899
5780299
5780699
5781099
5781499
5781899
5782299
5782699
5783100
5783501
5783902
5784303
5784704
5785105
5785506
5785907
5786308
5786709
5787110
5787511
5787912
5788313
5788714
5789115
5789516
5789917
5790318
5790719
5791120
5791521
5791922
5792323
5792724
5793125
5793526
5793927
5794328
5794729
5795130
5795531
5795932
5796333
5796734
5797135
5797537
5797939
5798341
5798743
5799145
5799547
5799949
5800351
5800753
5801155
5801557
5801959
5802361
5802763
5803165
5803567
5803969
5804371
5804773
5805175
5805577
5805979
5806381
5806783
5807185
5807587
5807989
5808391
5808793
5809195
5809597
5809999
5810401
5810803
5811205
5811607
5812010
5812413
5812816
5813219
5813622
5814025
5814428
5814831
5815234
5815637
5816040
5816443
5816846
5817249
5817652
5818055
5818458
5818861
5819264
5819667
5820070
5820473
5820876
5821279
5821682
5822085
5822488
5822891
5823294
5823697
5824100
5824503
5824906
5825309
5825712
5826115
5826519
5826923
5827327
5827731
5828135
5828539
5828943
5829347
5829751
5830155
5830559
5830963
5831367
5831771
5832175
5832579
5832983
5833387
5833791
5834195
5834599
5835003
5835407
5835811
5836215
5836619
5837023
5837427
5837831
5838235
5838639
5839043
5839447
5839851
5840255
5840659
5841064
5841469
5841874
5842279
5842684
5843089
5843494
5843899
5844304
5844709
5845114
5845519
5845924
5846329
5846734
5847139
5847544
5847949
5848354
5848759
5849164
5849569
5849974
5850379
5850784
5851189
5851594
5851999
5852404
5852809
5853214
5853619
5854024
5854429
5854834
5855239
5855645
5856051
5856457
5856863
5857269
5857675
5858081
5858487
5858893
5859299
5859705
5860111
5860517
5860923
5861329
5861735
5862141
5862547
5862953
5863359
5863765
5864171
5864577
5864983
5865389
5865795
5866201
5866607
5867013
5867419
5867825
5868231
5868637
5869043
5869449
5869856
5870263
5870670
5871077
5871484
5871891
5872298
5872705
5873112
5873519
5873926
5874333
5874740
5875147
5875554
5875961
5876368
5876775
5877182
5877589
5877996
5878403
5878810
5879217
5879624
5880031
5880438
5880845
5881252
5881659
5882066
5882473
5882880
5883287
5883694
5884101
5884509
5884917
5885325
5885733
5886141
5886549
5886957
5887365
5887773
5888181
5888589
5888997
5889405
5889813
5890221
5890629
5891037
5891445
5891853
5892261
5892669
5893077
5893485
5893893
5894301
5894709
5895117
5895525
5895933
5896341
5896749
5897157
5897565
5897973
5898381
5898790
5899199
5899608
5900017
5900426
5900835
5901244
5901653
5902062
5902471
5902880
5903289
5903698
5904107
5904516
5904925
5905334
5905743
5906152
5906561
5906970
5907379
5907788
5908197
5908606
5909015
5909424
5909833
5910242
5910651
5911060
5911469
5911878
5912287
5912696
5913105
5913515
5913925
5914335
5914745
5915155
5915565
5915975
5916385
5916795
5917205
5917615
5918025
5918435
5918845
5919255
5919665
5920075
5920485
5920895
5921305
5921715
5922125
5922535
5922945
5923355
5923765
5924175
5924585
5924995
5925405
5925815
5926225
5926635
5927045
5927455
5927866
5928277
5928688
5929099
5929510
5929921
5930332
5930743
5931154
5931565
5931976
5932387
5932798
5933209
5933620
5934031
5934442
5934853
5935264
5935675
5936086
5936497
5936908
5937319
5937730
5938141
5938552
5938963
5939374
5939785
5940196
5940607
5941018
5941429
5941840
5942252
5942664
5943076
5943488
5943900
5944312
5944724
5945136
5945548
5945960
5946372
5946784
5947196
5947608
5948020
5948432
5948844
5949256
5949668
5950080
5950492
5950904
5951316
5951728
5952140
5952552
5952964
5953376
5953788
5954200
5954612
5955024
5955436
5955848
5956260
5956673
5957086
5957499
5957912
5958325
5958738
5959151
5959564
5959977
5960390
5960803
5961216
5961629
5962042
5962455
5962868
5963281
5963694
5964107
5964520
5964933
5965346
5965759
5966172
5966585
5966998
5967411
5967824
5968237
5968650
5969063
5969476
5969889
5970302
5970715
5971129
5971543
5971957
5972371
5972785
5973199
5973613
5974027
5974441
5974855
5975269
5975683
5976097
5976511
5976925
5977339
5977753
5978167
5978581
5978995
5979409
5979823
5980237
5980651
5981065
5981479
5981893
5982307
5982721
5983135
5983549
5983963
5984377
5984791
5985205
5985620
5986035
5986450
5986865
5987280
5987695
5988110
5988525
5988940
5989355
5989770
5990185
5990600
5991015
5991430
5991845
5992260
5992675
5993090
5993505
5993920
5994335
5994750
5995165
5995580
5995995
5996410
5996825
5997240
5997655
5998070
5998485
5998900
5999315
5999730
6000146
6000562
6000978
6001394
6001810
6002226
6002642
6003058
6003474
6003890
6004306
6004722
6005138
6005554
6005970
6006386
6006802
6007218
6007634
6008050
6008466
6008882
6009298
6009714
6010130
6010546
6010962
6011378
6011794
6012210
6012626
6013042
6013458
6013874
6014290
6014707
6015124
6015541
6015958
6016375
6016792
6017209
6017626
6018043
6018460
6018877
6019294
6019711
6020128
6020545
6020962
6021379
6021796
6022213
6022630
6023047
6023464
6023881
6024298
6024715
6025132
6025549
6025966
6026383
6026800
6027217
6027634
6028051
6028468
6028885
6029303
6029721
6030139
6030557
6030975
6031393
6031811
6032229
6032647
6033065
6033483
6033901
6034319
6034737
6035155
6035573
6035991
6036409
6036827
6037245
6037663
6038081
6038499
6038917
6039335
6039753
6040171
6040589
6041007
6041425
6041843
6042261
6042679
6043097
6043516
6043935
6044354
6044773
6045192
6045611
6046030
6046449
6046868
6047287
6047706
6048125
6048544
6048963
6049382
6049801
6050220
6050639
6051058
6051477
6051896
6052315
6052734
6053153
6053572
6053991
6054410
6054829
6055248
6055667
6056086
6056505
6056924
6057343
6057762
6058182
6058602
6059022
6059442
6059862
6060282
6060702
6061122
6061542
6061962
6062382
6062802
6063222
6063642
6064062
6064482
6064902
6065322
6065742
6066162
6066582
6067002
6067422
6067842
6068262
6068682
6069102
6069522
6069942
6070362
6070782
6071202
6071622
6072042
6072463
6072884
6073305
6073726
6074147
6074568
6074989
6075410
6075831
6076252
6076673
6077094
6077515
6077936
6078357
6078778
6079199
6079620
6080041
6080462
6080883
6081304
6081725
6082146
6082567
6082988
6083409
6083830
6084251
6084672
6085093
6085514
6085935
6086356
6086777
6087199
6087621
6088043
6088465
6088887
6089309
6089731
6090153
6090575
6090997
6091419
6091841
6092263
6092685
6093107
6093529
6093951
6094373
6094795
6095217
6095639
6096061
6096483
6096905
6097327
6097749
6098171
6098593
6099015
6099437
6099859
6100281
6100703
6101125
6101548
6101971
6102394
6102817
6103240
6103663
6104086
6104509
6104932
6105355
6105778
6106201
6106624
6107047
6107470
6107893
6108316
6108739
6109162
6109585
6110008
6110431
6110854
6111277
6111700
6112123
6112546
6112969
6113392
6113815
6114238
6114661
6115084
6115507
6115931
6116355
6116779
6117203
6117627
6118051
6118475
6118899
6119323
6119747
6120171
6120595
6121019
6121443
6121867
6122291
6122715
6123139
6123563
6123987
6124411
6124835
6125259
6125683
6126107
6126531
6126955
6127379
6127803
6128227
6128651
6129075
6129499
6129923
6130347
6130772
6131197
6131622
6132047
6132472
6132897
6133322
6133747
6134172
6134597
6135022
6135447
6135872
6136297
6136722
6137147
6137572
6137997
6138422
6138847
6139272
6139697
6140122
6140547
6140972
6141397
6141822
6142247
6142672
6143097
6143522
6143947
6144372
6144797
6145223
6145649
6146075
6146501
6146927
6147353
6147779
6148205
6148631
6149057
6149483
6149909
6150335
6150761
6151187
6151613
6152039
6152465
6152891
6153317
6153743
6154169
6154595
6155021
6155447
6155873
6156299
6156725
6157151
6157577
6158003
6158429
6158855
6159281
6159708
6160135
6160562
6160989
6161416
6161843
6162270
6162697
6163124
6163551
6163978
6164405
6164832
6165259
6165686
6166113
6166540
6166967
6167394
6167821
6168248
6168675
6169102
6169529
6169956
6170383
6170810
6171237
6171664
6172091
6172518
6172945
6173372
6173800
6174228
6174656
6175084
6175512
6175940
6176368
6176796
6177224
6177652
6178080
6178508
6178936
6179364
6179792
6180220
6180648
6181076
6181504
6181932
6182360
6182788
6183216
6183644
6184072
6184500
6184928
6185356
6185784
6186212
6186640
6187068
6187496
6187924
6188353
6188782
6189211
6189640
6190069
6190498
6190927
6191356
6191785
6192214
6192643
6193072
6193501
6193930
6194359
6194788
6195217
6195646
6196075
6196504
6196933
6197362
6197791
6198220
6198649
6199078
6199507
6199936
6200365
6200794
6201223
6201652
6202081
6202510
6202940
6203370
6203800
6204230
6204660
6205090
6205520
6205950
6206380
6206810
6207240
6207670
6208100
6208530
6208960
6209390
6209820
6210250
6210680
6211110
6211540
6211970
6212400
6212830
6213260
6213690
6214120
6214550
6214980
6215410
6215840
6216270
6216700
6217130
6217561
6217992
6218423
6218854
6219285
6219716
6220147
6220578
6221009
6221440
6221871
6222302
6222733
6223164
6223595
6224026
6224457
6224888
6225319
6225750
6226181
6226612
6227043
6227474
6227905
6228336
6228767
6229198
6229629
6230060
6230491
6230922
6231353
6231785
6232217
6232649
6233081
6233513
6233945
6234377
6234809
6235241
6235673
6236105
6236537
6236969
6237401
6237833
6238265
6238697
6239129
6239561
6239993
6240425
6240857
6241289
6241721
6242153
6242585
6243017
6243449
6243881
6244313
6244745
6245177
6245609
6246041
6246474
6246907
6247340
6247773
6248206
6248639
6249072
6249505
6249938
6250371
6250804
6251237
6251670
6252103
6252536
6252969
6253402
6253835
6254268
6254701
6255134
6255567
6256000
6256433
6256866
6257299
6257732
6258165
6258598
6259031
6259464
6259897
6260330
6260764
6261198
6261632
6262066
6262500
6262934
6263368
6263802
6264236
6264670
6265104
6265538
6265972
6266406
6266840
6267274
6267708
6268142
6268576
6269010
6269444
6269878
6270312
6270746
6271180
6271614
6272048
6272482
6272916
6273350
6273784
6274218
6274652
6275086
6275521
6275956
6276391
6276826
6277261
6277696
6278131
6278566
6279001
6279436
6279871
6280306
6280741
6281176
6281611
6282046
6282481
6282916
6283351
6283786
6284221
6284656
6285091
6285526
6285961
6286396
6286831
6287266
6287701
6288136
6288571
6289006
6289441
6289877
6290313
6290749
6291185
6291621
6292057
6292493
6292929
6293365
6293801
6294237
6294673
6295109
6295545
6295981
6296417
6296853
6297289
6297725
6298161
6298597
6299033
6299469
6299905
6300341
6300777
6301213
6301649
6302085
6302521
6302957
6303393
6303829
6304266
6304703
6305140
6305577
6306014
6306451
6306888
6307325
6307762
6308199
6308636
6309073
6309510
6309947
6310384
6310821
6311258
6311695
6312132
6312569
6313006
6313443
6313880
6314317
6314754
6315191
6315628
6316065
6316502
6316939
6317376
6317813
6318250
6318688
6319126
6319564
6320002
6320440
6320878
6321316
6321754
6322192
6322630
6323068
6323506
6323944
6324382
6324820
6325258
6325696
6326134
6326572
6327010
6327448
6327886
6328324
6328762
6329200
6329638
6330076
6330514
6330952
6331390
6331828
6332266
6332704
6333143
6333582
6334021
6334460
6334899
6335338
6335777
6336216
6336655
6337094
6337533
6337972
6338411
6338850
6339289
6339728
6340167
6340606
6341045
6341484
6341923
6342362
6342801
6343240
6343679
6344118
6344557
6344996
6345435
6345874
6346313
6346752
6347191
6347631
6348071
6348511
6348951
6349391
6349831
6350271
6350711
6351151
6351591
6352031
6352471
6352911
6353351
6353791
6354231
6354671
6355111
6355551
6355991
6356431
6356871
6357311
6357751
6358191
6358631
6359071
6359511
6359951
6360391
6360831
6361271
6361711
6362152
6362593
6363034
6363475
6363916
6364357
6364798
6365239
6365680
6366121
6366562
6367003
6367444
6367885
6368326
6368767
6369208
6369649
6370090
6370531
6370972
6371413
6371854
6372295
6372736
6373177
6373618
6374059
6374500
6374941
6375382
6375823
6376264
6376706
6377148
6377590
6378032
6378474
6378916
6379358
6379800
6380242
6380684
6381126
6381568
6382010
6382452
6382894
6383336
6383778
6384220
6384662
6385104
6385546
6385988
6386430
6386872
6387314
6387756
6388198
6388640
6389082
6389524
6389966
6390408
6390850
6391293
6391736
6392179
6392622
6393065
6393508
6393951
6394394
6394837
6395280
6395723
6396166
6396609
6397052
6397495
6397938
6398381
6398824
6399267
6399710
6400153
6400596
6401039
6401482
6401925
6402368
6402811
6403254
6403697
6404140
6404583
6405026
6405470
6405914
6406358
6406802
6407246
6407690
6408134
6408578
6409022
6409466
6409910
6410354
6410798
6411242
6411686
6412130
6412574
6413018
6413462
6413906
6414350
6414794
6415238
6415682
6416126
6416570
6417014
6417458
6417902
6418346
6418790
6419234
6419678
6420123
6420568
6421013
6421458
6421903
6422348
6422793
6423238
6423683
6424128
6424573
6425018
6425463
6425908
6426353
6426798
6427243
6427688
6428133
6428578
6429023
6429468
6429913
6430358
6430803
6431248
6431693
6432138
6432583
6433028
6433473
6433918
6434363
6434809
6435255
6435701
6436147
6436593
6437039
6437485
6437931
6438377
6438823
6439269
6439715
6440161
6440607
6441053
6441499
6441945
6442391
6442837
6443283
6443729
6444175
6444621
6445067
6445513
6445959
6446405
6446851
6447297
6447743
6448189
6448635
6449082
6449529
6449976
6450423
6450870
6451317
6451764
6452211
6452658
6453105
6453552
6453999
6454446
6454893
6455340
6455787
6456234
6456681
6457128
6457575
6458022
6458469
6458916
6459363
6459810
6460257
6460704
6461151
6461598
6462045
6462492
6462939
6463387
6463835
6464283
6464731
6465179
6465627
6466075
6466523
6466971
6467419
6467867
6468315
6468763
6469211
6469659
6470107
6470555
6471003
6471451
6471899
6472347
6472795
6473243
6473691
6474139
6474587
6475035
6475483
6475931
6476379
6476827
6477275
6477723
6478172
6478621
6479070
6479519
6479968
6480417
6480866
6481315
6481764
6482213
6482662
6483111
6483560
6484009
6484458
6484907
6485356
6485805
6486254
6486703
6487152
6487601
6488050
6488499
6488948
6489397
6489846
6490295
6490744
6491193
6491642
6492091
6492541
6492991
6493441
6493891
6494341
6494791
6495241
6495691
6496141
6496591
6497041
6497491
6497941
6498391
6498841
6499291
6499741
6500191
6500641
6501091
6501541
6501991
6502441
6502891
6503341
6503791
6504241
6504691
6505141
6505591
6506041
6506491
6506942
6507393
6507844
6508295
6508746
6509197
6509648
6510099
6510550
6511001
6511452
6511903
6512354
6512805
6513256
6513707
6514158
6514609
6515060
6515511
6515962
6516413
6516864
6517315
6517766
6518217
6518668
6519119
6519570
6520021
6520472
6520923
6521375
6521827
6522279
6522731
6523183
6523635
6524087
6524539
6524991
6525443
6525895
6526347
6526799
6527251
6527703
6528155
6528607
6529059
6529511
6529963
6530415
6530867
6531319
6531771
6532223
6532675
6533127
6533579
6534031
6534483
6534935
6535387
6535840
6536293
6536746
6537199
6537652
6538105
6538558
6539011
6539464
6539917
6540370
6540823
6541276
6541729
6542182
6542635
6543088
6543541
6543994
6544447
6544900
6545353
6545806
6546259
6546712
6547165
6547618
6548071
6548524
6548977
6549430
6549883
6550337
6550791
6551245
6551699
6552153
6552607
6553061
6553515
6553969
6554423
6554877
6555331
6555785
6556239
6556693
6557147
6557601
6558055
6558509
6558963
6559417
6559871
6560325
6560779
6561233
6561687
6562141
6562595
6563049
6563503
6563957
6564411
6564866
6565321
6565776
6566231
6566686
6567141
6567596
6568051
6568506
6568961
6569416
6569871
6570326
6570781
6571236
6571691
6572146
6572601
6573056
6573511
6573966
6574421
6574876
6575331
6575786
6576241
6576696
6577151
6577606
6578061
6578516
6578971
6579427
6579883
6580339
6580795
6581251
6581707
6582163
6582619
6583075
6583531
6583987
6584443
6584899
6585355
6585811
6586267
6586723
6587179
6587635
6588091
6588547
6589003
6589459
6589915
6590371
6590827
6591283
6591739
6592195
6592651
6593107
6593563
6594020
6594477
6594934
6595391
6595848
6596305
6596762
6597219
6597676
6598133
6598590
6599047
6599504
6599961
6600418
6600875
6601332
6601789
6602246
6602703
6603160
6603617
6604074
6604531
6604988
6605445
6605902
6606359
6606816
6607273
6607730
6608188
6608646
6609104
6609562
6610020
6610478
6610936
6611394
6611852
6612310
6612768
6613226
6613684
6614142
6614600
6615058
6615516
6615974
6616432
6616890
6617348
6617806
6618264
6618722
6619180
6619638
6620096
6620554
6621012
6621470
6621928
6622386
6622845
6623304
6623763
6624222
6624681
6625140
6625599
6626058
6626517
6626976
6627435
6627894
6628353
6628812
6629271
6629730
6630189
6630648
6631107
6631566
6632025
6632484
6632943
6633402
6633861
6634320
6634779
6635238
6635697
6636156
6636615
6637075
6637535
6637995
6638455
6638915
6639375
6639835
6640295
6640755
6641215
6641675
6642135
6642595
6643055
6643515
6643975
6644435
6644895
6645355
6645815
6646275
6646735
6647195
6647655
6648115
6648575
6649035
6649495
6649955
6650415
6650875
6651335
6651796
6652257
6652718
6653179
6653640
6654101
6654562
6655023
6655484
6655945
6656406
6656867
6657328
6657789
6658250
6658711
6659172
6659633
6660094
6660555
6661016
6661477
6661938
6662399
6662860
6663321
6663782
6664243
6664704
6665165
6665626
6666088
6666550
6667012
6667474
6667936
6668398
6668860
6669322
6669784
6670246
6670708
6671170
6671632
6672094
6672556
6673018
6673480
6673942
6674404
6674866
6675328
6675790
6676252
6676714
6677176
6677638
6678100
6678562
6679024
6679486
6679948
6680410
6680873
6681336
6681799
6682262
6682725
6683188
6683651
6684114
6684577
6685040
6685503
6685966
6686429
6686892
6687355
6687818
6688281
6688744
6689207
6689670
6690133
6690596
6691059
6691522
6691985
6692448
6692911
6693374
6693837
6694300
6694763
6695227
6695691
6696155
6696619
6697083
6697547
6698011
6698475
6698939
6699403
6699867
6700331
6700795
6701259
6701723
6702187
6702651
6703115
6703579
6704043
6704507
6704971
6705435
6705899
6706363
6706827
6707291
6707755
6708219
6708683
6709147
6709612
6710077
6710542
6711007
6711472
6711937
6712402
6712867
6713332
6713797
6714262
6714727
6715192
6715657
6716122
6716587
6717052
6717517
6717982
6718447
6718912
6719377
6719842
6720307
6720772
6721237
6721702
6722167
6722632
6723097
6723562
6724028
6724494
6724960
6725426
6725892
6726358
6726824
6727290
6727756
6728222
6728688
6729154
6729620
6730086
6730552
6731018
6731484
6731950
6732416
6732882
6733348
6733814
6734280
6734746
6735212
6735678
6736144
6736610
6737076
6737542
6738008
6738475
6738942
6739409
6739876
6740343
6740810
6741277
6741744
6742211
6742678
6743145
6743612
6744079
6744546
6745013
6745480
6745947
6746414
6746881
6747348
6747815
6748282
6748749
6749216
6749683
6750150
6750617
6751084
6751551
6752018
6752485
6752953
6753421
6753889
6754357
6754825
6755293
6755761
6756229
6756697
6757165
6757633
6758101
6758569
6759037
6759505
6759973
6760441
6760909
6761377
6761845
6762313
6762781
6763249
6763717
6764185
6764653
6765121
6765589
6766057
6766525
6766993
6767462
6767931
6768400
6768869
6769338
6769807
6770276
6770745
6771214
6771683
6772152
6772621
6773090
6773559
6774028
6774497
6774966
6775435
6775904
6776373
6776842
6777311
6777780
6778249
6778718
6779187
6779656
6780125
6780594
6781063
6781532
6782002
6782472
6782942
6783412
6783882
6784352
6784822
6785292
6785762
6786232
6786702
6787172
6787642
6788112
6788582
6789052
6789522
6789992
6790462
6790932
6791402
6791872
6792342
6792812
6793282
6793752
6794222
6794692
6795162
6795632
6796102
6796573
6797044
6797515
6797986
6798457
6798928
6799399
6799870
6800341
6800812
6801283
6801754
6802225
6802696
6803167
6803638
6804109
6804580
6805051
6805522
6805993
6806464
6806935
6807406
6807877
6808348
6808819
6809290
6809761
6810232
6810703
6811175
6811647
6812119
6812591
6813063
6813535
6814007
6814479
6814951
6815423
6815895
6816367
6816839
6817311
6817783
6818255
6818727
6819199
6819671
6820143
6820615
6821087
6821559
6822031
6822503
6822975
6823447
6823919
6824391
6824863
6825336
6825809
6826282
6826755
6827228
6827701
6828174
6828647
6829120
6829593
6830066
6830539
6831012
6831485
6831958
6832431
6832904
6833377
6833850
6834323
6834796
6835269
6835742
6836215
6836688
6837161
6837634
6838107
6838580
6839053
6839526
6840000
6840474
6840948
6841422
6841896
6842370
6842844
6843318
6843792
6844266
6844740
6845214
6845688
6846162
6846636
6847110
6847584
6848058
6848532
6849006
6849480
6849954
6850428
6850902
6851376
6851850
6852324
6852798
6853272
6853746
6854221
6854696
6855171
6855646
6856121
6856596
6857071
6857546
6858021
6858496
6858971
6859446
6859921
6860396
6860871
6861346
6861821
6862296
6862771
6863246
6863721
6864196
6864671
6865146
6865621
6866096
6866571
6867046
6867521
6867996
6868471
6868947
6869423
6869899
6870375
6870851
6871327
6871803
6872279
6872755
6873231
6873707
6874183
6874659
6875135
6875611
6876087
6876563
6877039
6877515
6877991
6878467
6878943
6879419
6879895
6880371
6880847
6881323
6881799
6882275
6882751
6883228
6883705
6884182
6884659
6885136
6885613
6886090
6886567
6887044
6887521
6887998
6888475
6888952
6889429
6889906
6890383
6890860
6891337
6891814
6892291
6892768
6893245
6893722
6894199
6894676
6895153
6895630
6896107
6896584
6897061
6897538
6898016
6898494
6898972
6899450
6899928
6900406
6900884
6901362
6901840
6902318
6902796
6903274
6903752
6904230
6904708
6905186
6905664
6906142
6906620
6907098
6907576
6908054
6908532
6909010
6909488
6909966
6910444
6910922
6911400
6911878
6912357
6912836
6913315
6913794
6914273
6914752
6915231
6915710
6916189
6916668
6917147
6917626
6918105
6918584
6919063
6919542
6920021
6920500
6920979
6921458
6921937
6922416
6922895
6923374
6923853
6924332
6924811
6925290
6925769
6926248
6926728
6927208
6927688
6928168
6928648
6929128
6929608
6930088
6930568
6931048
6931528
6932008
6932488
6932968
6933448
6933928
6934408
6934888
6935368
6935848
6936328
6936808
6937288
6937768
6938248
6938728
6939208
6939688
6940168
6940648
6941129
6941610
6942091
6942572
6943053
6943534
6944015
6944496
6944977
6945458
6945939
6946420
6946901
6947382
6947863
6948344
6948825
6949306
6949787
6950268
6950749
6951230
6951711
6952192
6952673
6953154
6953635
6954116
6954597
6955078
6955560
6956042
6956524
6957006
6957488
6957970
6958452
6958934
6959416
6959898
6960380
6960862
6961344
6961826
6962308
6962790
6963272
6963754
6964236
6964718
6965200
6965682
6966164
6966646
6967128
6967610
6968092
6968574
6969056
6969538
6970020
6970503
6970986
6971469
6971952
6972435
6972918
6973401
6973884
6974367
6974850
6975333
6975816
6976299
6976782
6977265
6977748
6978231
6978714
6979197
6979680
6980163
6980646
6981129
6981612
6982095
6982578
6983061
6983544
6984027
6984511
6984995
6985479
6985963
6986447
6986931
6987415
6987899
6988383
6988867
6989351
6989835
6990319
6990803
6991287
6991771
6992255
6992739
6993223
6993707
6994191
6994675
6995159
6995643
6996127
6996611
6997095
6997579
6998063
6998547
6999032
6999517
7000002
7000487
7000972
7001457
7001942
7002427
7002912
7003397
7003882
7004367
7004852
7005337
7005822
7006307
7006792
7007277
7007762
7008247
7008732
7009217
7009702
7010187
7010672
7011157
7011642
7012127
7012612
7013097
7013583
7014069
7014555
7015041
7015527
7016013
7016499
7016985
7017471
7017957
7018443
7018929
7019415
7019901
7020387
7020873
7021359
7021845
7022331
7022817
7023303
7023789
7024275
7024761
7025247
7025733
7026219
7026705
7027191
7027677
7028164
7028651
7029138
7029625
7030112
7030599
7031086
7031573
7032060
7032547
7033034
7033521
7034008
7034495
7034982
7035469
7035956
7036443
7036930
7037417
7037904
7038391
7038878
7039365
7039852
7040339
7040826
7041313
7041800
7042287
7042775
7043263
7043751
7044239
7044727
7045215
7045703
7046191
7046679
7047167
7047655
7048143
7048631
7049119
7049607
7050095
7050583
7051071
7051559
7052047
7052535
7053023
7053511
7053999
7054487
7054975
7055463
7055951
7056439
7056928
7057417
7057906
7058395
7058884
7059373
7059862
7060351
7060840
7061329
7061818
7062307
7062796
7063285
7063774
7064263
7064752
7065241
7065730
7066219
7066708
7067197
7067686
7068175
7068664
7069153
7069642
7070131
7070620
7071109
7071599
7072089
7072579
7073069
7073559
7074049
7074539
7075029
7075519
7076009
7076499
7076989
7077479
7077969
7078459
7078949
7079439
7079929
7080419
7080909
7081399
7081889
7082379
7082869
7083359
7083849
7084339
7084829
7085319
7085809
7086300
7086791
7087282
7087773
7088264
7088755
7089246
7089737
7090228
7090719
7091210
7091701
7092192
7092683
7093174
7093665
7094156
7094647
7095138
7095629
7096120
7096611
7097102
7097593
7098084
7098575
7099066
7099557
7100048
7100540
7101032
7101524
7102016
7102508
7103000
7103492
7103984
7104476
7104968
7105460
7105952
7106444
7106936
7107428
7107920
7108412
7108904
7109396
7109888
7110380
7110872
7111364
7111856
7112348
7112840
7113332
7113824
7114316
7114809
7115302
7115795
7116288
7116781
7117274
7117767
7118260
7118753
7119246
7119739
7120232
7120725
7121218
7121711
7122204
7122697
7123190
7123683
7124176
7124669
7125162
7125655
7126148
7126641
7127134
7127627
7128120
7128613
7129106
7129600
7130094
7130588
7131082
7131576
7132070
7132564
7133058
7133552
7134046
7134540
7135034
7135528
7136022
7136516
7137010
7137504
7137998
7138492
7138986
7139480
7139974
7140468
7140962
7141456
7141950
7142444
7142938
7143432
7143927
7144422
7144917
7145412
7145907
7146402
7146897
7147392
7147887
7148382
7148877
7149372
7149867
7150362
7150857
7151352
7151847
7152342
7152837
7153332
7153827
7154322
7154817
7155312
7155807
7156302
7156797
7157292
7157787
7158283
7158779
7159275
7159771
7160267
7160763
7161259
7161755
7162251
7162747
7163243
7163739
7164235
7164731
7165227
7165723
7166219
7166715
7167211
7167707
7168203
7168699
7169195
7169691
7170187
7170683
7171179
7171675
7172171
7172667
7173164
7173661
7174158
7174655
7175152
7175649
7176146
7176643
7177140
7177637
7178134
7178631
7179128
7179625
7180122
7180619
7181116
7181613
7182110
7182607
7183104
7183601
7184098
7184595
7185092
7185589
7186086
7186583
7187080
7187578
7188076
7188574
7189072
7189570
7190068
7190566
7191064
7191562
7192060
7192558
7193056
7193554
7194052
7194550
7195048
7195546
7196044
7196542
7197040
7197538
7198036
7198534
7199032
7199530
7200028
7200526
7201024
7201522
7202021
7202520
7203019
7203518
7204017
7204516
7205015
7205514
7206013
7206512
7207011
7207510
7208009
7208508
7209007
7209506
7210005
7210504
7211003
7211502
7212001
7212500
7212999
7213498
7213997
7214496
7214995
7215494
7215993
7216493
7216993
7217493
7217993
7218493
7218993
7219493
7219993
7220493
7220993
7221493
7221993
7222493
7222993
7223493
7223993
7224493
7224993
7225493
7225993
7226493
7226993
7227493
7227993
7228493
7228993
7229493
7229993
7230493
7230994
7231495
7231996
7232497
7232998
7233499
7234000
7234501
7235002
7235503
7236004
7236505
7237006
7237507
7238008
7238509
7239010
7239511
7240012
7240513
7241014
7241515
7242016
7242517
7243018
7243519
7244020
7244521
7245022
7245524
7246026
7246528
7247030
7247532
7248034
7248536
7249038
7249540
7250042
7250544
7251046
7251548
7252050
7252552
7253054
7253556
7254058
7254560
7255062
7255564
7256066
7256568
7257070
7257572
7258074
7258576
7259078
7259581
7260084
7260587
7261090
7261593
7262096
7262599
7263102
7263605
7264108
7264611
7265114
7265617
7266120
7266623
7267126
7267629
7268132
7268635
7269138
7269641
7270144
7270647
7271150
7271653
7272156
7272659
7273162
7273665
7274169
7274673
7275177
7275681
7276185
7276689
7277193
7277697
7278201
7278705
7279209
7279713
7280217
7280721
7281225
7281729
7282233
7282737
7283241
7283745
7284249
7284753
7285257
7285761
7286265
7286769
7287273
7287777
7288281
7288786
7289291
7289796
7290301
7290806
7291311
7291816
7292321
7292826
7293331
7293836
7294341
7294846
7295351
7295856
7296361
7296866
7297371
7297876
7298381
7298886
7299391
7299896
7300401
7300906
7301411
7301916
7302421
7302926
7303432
7303938
7304444
7304950
7305456
7305962
7306468
7306974
7307480
7307986
7308492
7308998
7309504
7310010
7310516
7311022
7311528
7312034
7312540
7313046
7313552
7314058
7314564
7315070
7315576
7316082
7316588
7317094
7317601
7318108
7318615
7319122
7319629
7320136
7320643
7321150
7321657
7322164
7322671
7323178
7323685
7324192
7324699
7325206
7325713
7326220
7326727
7327234
7327741
7328248
7328755
7329262
7329769
7330276
7330783
7331290
7331797
7332305
7332813
7333321
7333829
7334337
7334845
7335353
7335861
7336369
7336877
7337385
7337893
7338401
7338909
7339417
7339925
7340433
7340941
7341449
7341957
7342465
7342973
7343481
7343989
7344497
7345005
7345513
7346021
7346530
7347039
7347548
7348057
7348566
7349075
7349584
7350093
7350602
7351111
7351620
7352129
7352638
7353147
7353656
7354165
7354674
7355183
7355692
7356201
7356710
7357219
7357728
7358237
7358746
7359255
7359764
7360273
7360782
7361292
7361802
7362312
7362822
7363332
7363842
7364352
7364862
7365372
7365882
7366392
7366902
7367412
7367922
7368432
7368942
7369452
7369962
7370472
7370982
7371492
7372002
7372512
7373022
7373532
7374042
7374552
7375062
7375573
7376084
7376595
7377106
7377617
7378128
7378639
7379150
7379661
7380172
7380683
7381194
7381705
7382216
7382727
7383238
7383749
7384260
7384771
7385282
7385793
7386304
7386815
7387326
7387837
7388348
7388859
7389370
7389882
7390394
7390906
7391418
7391930
7392442
7392954
7393466
7393978
7394490
7395002
7395514
7396026
7396538
7397050
7397562
7398074
7398586
7399098
7399610
7400122
7400634
7401146
7401658
7402170
7402682
7403194
7403706
7404218
7404731
7405244
7405757
7406270
7406783
7407296
7407809
7408322
7408835
7409348
7409861
7410374
7410887
7411400
7411913
7412426
7412939
7413452
7413965
7414478
7414991
7415504
7416017
7416530
7417043
7417556
7418069
7418582
7419096
7419610
7420124
7420638
7421152
7421666
7422180
7422694
7423208
7423722
7424236
7424750
7425264
7425778
7426292
7426806
7427320
7427834
7428348
7428862
7429376
7429890
7430404
7430918
7431432
7431946
7432460
7432974
7433489
7434004
7434519
7435034
7435549
7436064
7436579
7437094
7437609
7438124
7438639
7439154
7439669
7440184
7440699
7441214
7441729
7442244
7442759
7443274
7443789
7444304
7444819
7445334
7445849
7446364
7446879
7447394
7447910
7448426
7448942
7449458
7449974
7450490
7451006
7451522
7452038
7452554
7453070
7453586
7454102
7454618
7455134
7455650
7456166
7456682
7457198
7457714
7458230
7458746
7459262
7459778
7460294
7460810
7461326
7461842
7462359
7462876
7463393
7463910
7464427
7464944
7465461
7465978
7466495
7467012
7467529
7468046
7468563
7469080
7469597
7470114
7470631
7471148
7471665
7472182
7472699
7473216
7473733
7474250
7474767
7475284
7475801
7476318
7476836
7477354
7477872
7478390
7478908
7479426
7479944
7480462
7480980
7481498
7482016
7482534
7483052
7483570
7484088
7484606
7485124
7485642
7486160
7486678
7487196
7487714
7488232
7488750
7489268
7489786
7490304
7490822
7491341
7491860
7492379
7492898
7493417
7493936
7494455
7494974
7495493
7496012
7496531
7497050
7497569
7498088
7498607
7499126
7499645
7500164
7500683
7501202
7501721
7502240
7502759
7503278
7503797
7504316
7504835
7505354
7505874
7506394
7506914
7507434
7507954
7508474
7508994
7509514
7510034
7510554
7511074
7511594
7512114
7512634
7513154
7513674
7514194
7514714
7515234
7515754
7516274
7516794
7517314
7517834
7518354
7518874
7519394
7519914
7520435
7520956
7521477
7521998
7522519
7523040
7523561
7524082
7524603
7525124
7525645
7526166
7526687
7527208
7527729
7528250
7528771
7529292
7529813
7530334
7530855
7531376
7531897
7532418
7532939
7533460
7533981
7534502
7535024
7535546
7536068
7536590
7537112
7537634
7538156
7538678
7539200
7539722
7540244
7540766
7541288
7541810
7542332
7542854
7543376
7543898
7544420
7544942
7545464
7545986
7546508
7547030
7547552
7548074
7548596
7549119
7549642
7550165
7550688
7551211
7551734
7552257
7552780
7553303
7553826
7554349
7554872
7555395
7555918
7556441
7556964
7557487
7558010
7558533
7559056
7559579
7560102
7560625
7561148
7561671
7562194
7562717
7563240
7563764
7564288
7564812
7565336
7565860
7566384
7566908
7567432
7567956
7568480
7569004
7569528
7570052
7570576
7571100
7571624
7572148
7572672
7573196
7573720
7574244
7574768
7575292
7575816
7576340
7576864
7577388
7577912
7578437
7578962
7579487
7580012
7580537
7581062
7581587
7582112
7582637
7583162
7583687
7584212
7584737
7585262
7585787
7586312
7586837
7587362
7587887
7588412
7588937
7589462
7589987
7590512
7591037
7591562
7592087
7592613
7593139
7593665
7594191
7594717
7595243
7595769
7596295
7596821
7597347
7597873
7598399
7598925
7599451
7599977
7600503
7601029
7601555
7602081
7602607
7603133
7603659
7604185
7604711
7605237
7605763
7606289
7606815
7607342
7607869
7608396
7608923
7609450
7609977
7610504
7611031
7611558
7612085
7612612
7613139
7613666
7614193
7614720
7615247
7615774
7616301
7616828
7617355
7617882
7618409
7618936
7619463
7619990
7620517
7621044
7621572
7622100
7622628
7623156
7623684
7624212
7624740
7625268
7625796
7626324
7626852
7627380
7627908
7628436
7628964
7629492
7630020
7630548
7631076
7631604
7632132
7632660
7633188
7633716
7634244
7634772
7635300
7635828
7636357
7636886
7637415
7637944
7638473
7639002
7639531
7640060
7640589
7641118
7641647
7642176
7642705
7643234
7643763
7644292
7644821
7645350
7645879
7646408
7646937
7647466
7647995
7648524
7649053
7649582
7650111
7650641
7651171
7651701
7652231
7652761
7653291
7653821
7654351
7654881
7655411
7655941
7656471
7657001
7657531
7658061
7658591
7659121
7659651
7660181
7660711
7661241
7661771
7662301
7662831
7663361
7663891
7664421
7664952
7665483
7666014
7666545
7667076
7667607
7668138
7668669
7669200
7669731
7670262
7670793
7671324
7671855
7672386
7672917
7673448
7673979
7674510
7675041
7675572
7676103
7676634
7677165
7677696
7678227
7678758
7679289
7679821
7680353
7680885
7681417
7681949
7682481
7683013
7683545
7684077
7684609
7685141
7685673
7686205
7686737
7687269
7687801
7688333
7688865
7689397
7689929
7690461
7690993
7691525
7692057
7692589
7693121
7693653
7694186
7694719
7695252
7695785
7696318
7696851
7697384
7697917
7698450
7698983
7699516
7700049
7700582
7701115
7701648
7702181
7702714
7703247
7703780
7704313
7704846
7705379
7705912
7706445
7706978
7707511
7708044
7708578
7709112
7709646
7710180
7710714
7711248
7711782
7712316
7712850
7713384
7713918
7714452
7714986
7715520
7716054
7716588
7717122
7717656
7718190
7718724
7719258
7719792
7720326
7720860
7721394
7721928
7722462
7722997
7723532
7724067
7724602
7725137
7725672
7726207
7726742
7727277
7727812
7728347
7728882
7729417
7729952
7730487
7731022
7731557
7732092
7732627
7733162
7733697
7734232
7734767
7735302
7735837
7736372
7736907
7737443
7737979
7738515
7739051
7739587
7740123
7740659
7741195
7741731
7742267
7742803
7743339
7743875
7744411
7744947
7745483
7746019
7746555
7747091
7747627
7748163
7748699
7749235
7749771
7750307
7750843
7751379
7751916
7752453
7752990
7753527
7754064
7754601
7755138
7755675
7756212
7756749
7757286
7757823
7758360
7758897
7759434
7759971
7760508
7761045
7761582
7762119
7762656
7763193
7763730
7764267
7764804
7765341
7765878
7766416
7766954
7767492
7768030
7768568
7769106
7769644
7770182
7770720
7771258
7771796
7772334
7772872
7773410
7773948
7774486
7775024
7775562
7776100
7776638
7777176
7777714
7778252
7778790
7779328
7779866
7780404
7780943
7781482
7782021
7782560
7783099
7783638
7784177
7784716
7785255
7785794
7786333
7786872
7787411
7787950
7788489
7789028
7789567
7790106
7790645
7791184
7791723
7792262
7792801
7793340
7793879
7794418
7794957
7795497
7796037
7796577
7797117
7797657
7798197
7798737
7799277
7799817
7800357
7800897
7801437
7801977
7802517
7803057
7803597
7804137
7804677
7805217
7805757
7806297
7806837
7807377
7807917
7808457
7808997
7809537
7810078
7810619
7811160
7811701
7812242
7812783
7813324
7813865
7814406
7814947
7815488
7816029
7816570
7817111
7817652
7818193
7818734
7819275
7819816
7820357
7820898
7821439
7821980
7822521
7823062
7823603
7824144
7824686
7825228
7825770
7826312
7826854
7827396
7827938
7828480
7829022
7829564
7830106
7830648
7831190
7831732
7832274
7832816
7833358
7833900
7834442
7834984
7835526
7836068
7836610
7837152
7837694
7838236
7838779
7839322
7839865
7840408
7840951
7841494
7842037
7842580
7843123
7843666
7844209
7844752
7845295
7845838
7846381
7846924
7847467
7848010
7848553
7849096
7849639
7850182
7850725
7851268
7851811
7852354
7852897
7853441
7853985
7854529
7855073
7855617
7856161
7856705
7857249
7857793
7858337
7858881
7859425
7859969
7860513
7861057
7861601
7862145
7862689
7863233
7863777
7864321
7864865
7865409
7865953
7866497
7867041
7867585
7868130
7868675
7869220
7869765
7870310
7870855
7871400
7871945
7872490
7873035
7873580
7874125
7874670
7875215
7875760
7876305
7876850
7877395
7877940
7878485
7879030
7879575
7880120
7880665
7881210
7881755
7882301
7882847
7883393
7883939
7884485
7885031
7885577
7886123
7886669
7887215
7887761
7888307
7888853
7889399
7889945
7890491
7891037
7891583
7892129
7892675
7893221
7893767
7894313
7894859
7895405
7895951
7896497
7897044
7897591
7898138
7898685
7899232
7899779
7900326
7900873
7901420
7901967
7902514
7903061
7903608
7904155
7904702
7905249
7905796
7906343
7906890
7907437
7907984
7908531
7909078
7909625
7910172
7910719
7911267
7911815
7912363
7912911
7913459
7914007
7914555
7915103
7915651
7916199
7916747
7917295
7917843
7918391
7918939
7919487
7920035
7920583
7921131
7921679
7922227
7922775
7923323
7923871
7924419
7924967
7925516
7926065
7926614
7927163
7927712
7928261
7928810
7929359
7929908
7930457
7931006
7931555
7932104
7932653
7933202
7933751
7934300
7934849
7935398
7935947
7936496
7937045
7937594
7938143
7938692
7939241
7939790
7940340
7940890
7941440
7941990
7942540
7943090
7943640
7944190
7944740
7945290
7945840
7946390
7946940
7947490
7948040
7948590
7949140
7949690
7950240
7950790
7951340
7951890
7952440
7952990
7953540
7954090
7954641
7955192
7955743
7956294
7956845
7957396
7957947
7958498
7959049
7959600
7960151
7960702
7961253
7961804
7962355
7962906
7963457
7964008
7964559
7965110
7965661
7966212
7966763
7967314
7967865
7968416
7968968
7969520
7970072
7970624
7971176
7971728
7972280
7972832
7973384
7973936
7974488
7975040
7975592
7976144
7976696
7977248
7977800
7978352
7978904
7979456
7980008
7980560
7981112
7981664
7982216
7982768
7983320
7983873
7984426
7984979
7985532
7986085
7986638
7987191
7987744
7988297
7988850
7989403
7989956
7990509
7991062
7991615
7992168
7992721
7993274
7993827
7994380
7994933
7995486
7996039
7996592
7997145
7997698
7998252
7998806
7999360
7999914
8000468
8001022
8001576
8002130
8002684
8003238
8003792
8004346
8004900
8005454
8006008
8006562
8007116
8007670
8008224
8008778
8009332
8009886
8010440
8010994
8011548
8012102
8012657
8013212
8013767
8014322
8014877
8015432
8015987
8016542
8017097
8017652
8018207
8018762
8019317
8019872
8020427
8020982
8021537
8022092
8022647
8023202
8023757
8024312
8024867
8025422
8025977
8026532
8027088
8027644
8028200
8028756
8029312
8029868
8030424
8030980
8031536
8032092
8032648
8033204
8033760
8034316
8034872
8035428
8035984
8036540
8037096
8037652
8038208
8038764
8039320
8039876
8040432
8040988
8041545
8042102
8042659
8043216
8043773
8044330
8044887
8045444
8046001
8046558
8047115
8047672
8048229
8048786
8049343
8049900
8050457
8051014
8051571
8052128
8052685
8053242
8053799
8054356
8054913
8055470
8056028
8056586
8057144
8057702
8058260
8058818
8059376
8059934
8060492
8061050
8061608
8062166
8062724
8063282
8063840
8064398
8064956
8065514
8066072
8066630
8067188
8067746
8068304
8068862
8069420
8069978
8070537
8071096
8071655
8072214
8072773
8073332
8073891
8074450
8075009
8075568
8076127
8076686
8077245
8077804
8078363
8078922
8079481
8080040
8080599
8081158
8081717
8082276
8082835
8083394
8083953
8084512
8085072
8085632
8086192
8086752
8087312
8087872
8088432
8088992
8089552
8090112
8090672
8091232
8091792
8092352
8092912
8093472
8094032
8094592
8095152
8095712
8096272
8096832
8097392
8097952
8098512
8099072
8099633
8100194
8100755
8101316
8101877
8102438
8102999
8103560
8104121
8104682
8105243
8105804
8106365
8106926
8107487
8108048
8108609
8109170
8109731
8110292
8110853
8111414
8111975
8112536
8113097
8113658
8114220
8114782
8115344
8115906
8116468
8117030
8117592
8118154
8118716
8119278
8119840
8120402
8120964
8121526
8122088
8122650
8123212
8123774
8124336
8124898
8125460
8126022
8126584
8127146
8127708
8128271
8128834
8129397
8129960
8130523
8131086
8131649
8132212
8132775
8133338
8133901
8134464
8135027
8135590
8136153
8136716
8137279
8137842
8138405
8138968
8139531
8140094
8140657
8141220
8141783
8142346
8142910
8143474
8144038
8144602
8145166
8145730
8146294
8146858
8147422
8147986
8148550
8149114
8149678
8150242
8150806
8151370
8151934
8152498
8153062
8153626
8154190
8154754
8155318
8155882
8156446
8157010
8157575
8158140
8158705
8159270
8159835
8160400
8160965
8161530
8162095
8162660
8163225
8163790
8164355
8164920
8165485
8166050
8166615
8167180
8167745
8168310
8168875
8169440
8170005
8170570
8171135
8171701
8172267
8172833
8173399
8173965
8174531
8175097
8175663
8176229
8176795
8177361
8177927
8178493
8179059
8179625
8180191
8180757
8181323
8181889
8182455
8183021
8183587
8184153
8184719
8185285
8185851
8186418
8186985
8187552
8188119
8188686
8189253
8189820
8190387
8190954
8191521
8192088
8192655
8193222
8193789
8194356
8194923
8195490
8196057
8196624
8197191
8197758
8198325
8198892
8199459
8200026
8200594
8201162
8201730
8202298
8202866
8203434
8204002
8204570
8205138
8205706
8206274
8206842
8207410
8207978
8208546
8209114
8209682
8210250
8210818
8211386
8211954
8212522
8213090
8213658
8214226
8214794
8215363
8215932
8216501
8217070
8217639
8218208
8218777
8219346
8219915
8220484
8221053
8221622
8222191
8222760
8223329
8223898
8224467
8225036
8225605
8226174
8226743
8227312
8227881
8228450
8229019
8229589
8230159
8230729
8231299
8231869
8232439
8233009
8233579
8234149
8234719
8235289
8235859
8236429
8236999
8237569
8238139
8238709
8239279
8239849
8240419
8240989
8241559
8242129
8242699
8243269
8243839
8244410
8244981
8245552
8246123
8246694
8247265
8247836
8248407
8248978
8249549
8250120
8250691
8251262
8251833
8252404
8252975
8253546
8254117
8254688
8255259
8255830
8256401
8256972
8257543
8258114
8258686
8259258
8259830
8260402
8260974
8261546
8262118
8262690
8263262
8263834
8264406
8264978
8265550
8266122
8266694
8267266
8267838
8268410
8268982
8269554
8270126
8270698
8271270
8271842
8272414
8272987
8273560
8274133
8274706
8275279
8275852
8276425
8276998
8277571
8278144
8278717
8279290
8279863
8280436
8281009
8281582
8282155
8282728
8283301
8283874
8284447
8285020
8285593
8286166
8286739
8287312
8287886
8288460
8289034
8289608
8290182
8290756
8291330
8291904
8292478
8293052
8293626
8294200
8294774
8295348
8295922
8296496
8297070
8297644
8298218
8298792
8299366
8299940
8300514
8301088
8301662
8302237
8302812
8303387
8303962
8304537
8305112
8305687
8306262
8306837
8307412
8307987
8308562
8309137
8309712
8310287
8310862
8311437
8312012
8312587
8313162
8313737
8314312
8314887
8315462
8316037
8316613
8317189
8317765
8318341
8318917
8319493
8320069
8320645
8321221
8321797
8322373
8322949
8323525
8324101
8324677
8325253
8325829
8326405
8326981
8327557
8328133
8328709
8329285
8329861
8330437
8331014
8331591
8332168
8332745
8333322
8333899
8334476
8335053
8335630
8336207
8336784
8337361
8337938
8338515
8339092
8339669
8340246
8340823
8341400
8341977
8342554
8343131
8343708
8344285
8344862
8345440
8346018
8346596
8347174
8347752
8348330
8348908
8349486
8350064
8350642
8351220
8351798
8352376
8352954
8353532
8354110
8354688
8355266
8355844
8356422
8357000
8357578
8358156
8358734
8359312
8359891
8360470
8361049
8361628
8362207
8362786
8363365
8363944
8364523
8365102
8365681
8366260
8366839
8367418
8367997
8368576
8369155
8369734
8370313
8370892
8371471
8372050
8372629
8373208
8373787
8374367
8374947
8375527
8376107
8376687
8377267
8377847
8378427
8379007
8379587
8380167
8380747
8381327
8381907
8382487
8383067
8383647
8384227
8384807
8385387
8385967
8386547
8387127
8387707
8388287
8388868
8389449
8390030
8390611
8391192
8391773
8392354
8392935
8393516
8394097
8394678
8395259
8395840
8396421
8397002
8397583
8398164
8398745
8399326
8399907
8400488
8401069
8401650
8402231
8402812
8403394
8403976
8404558
8405140
8405722
8406304
8406886
8407468
8408050
8408632
8409214
8409796
8410378
8410960
8411542
8412124
8412706
8413288
8413870
8414452
8415034
8415616
8416198
8416780
8417362
8417945
8418528
8419111
8419694
8420277
8420860
8421443
8422026
8422609
8423192
8423775
8424358
8424941
8425524
8426107
8426690
8427273
8427856
8428439
8429022
8429605
8430188
8430771
8431354
8431937
8432521
8433105
8433689
8434273
8434857
8435441
8436025
8436609
8437193
8437777
8438361
8438945
8439529
8440113
8440697
8441281
8441865
8442449
8443033
8443617
8444201
8444785
8445369
8445953
8446537
8447122
8447707
8448292
8448877
8449462
8450047
8450632
8451217
8451802
8452387
8452972
8453557
8454142
8454727
8455312
8455897
8456482
8457067
8457652
8458237
8458822
8459407
8459992
8460577
8461163
8461749
8462335
8462921
8463507
8464093
8464679
8465265
8465851
8466437
8467023
8467609
8468195
8468781
8469367
8469953
8470539
8471125
8471711
8472297
8472883
8473469
8474055
8474641
8475227
8475814
8476401
8476988
8477575
8478162
8478749
8479336
8479923
8480510
8481097
8481684
8482271
8482858
8483445
8484032
8484619
8485206
8485793
8486380
8486967
8487554
8488141
8488728
8489315
8489902
8490490
8491078
8491666
8492254
8492842
8493430
8494018
8494606
8495194
8495782
8496370
8496958
8497546
8498134
8498722
8499310
8499898
8500486
8501074
8501662
8502250
8502838
8503426
8504014
8504603
8505192
8505781
8506370
8506959
8507548
8508137
8508726
8509315
8509904
8510493
8511082
8511671
8512260
8512849
8513438
8514027
8514616
8515205
8515794
8516383
8516972
8517561
8518150
8518739
8519329
8519919
8520509
8521099
8521689
8522279
8522869
8523459
8524049
8524639
8525229
8525819
8526409
8526999
8527589
8528179
8528769
8529359
8529949
8530539
8531129
8531719
8532309
8532899
8533489
8534080
8534671
8535262
8535853
8536444
8537035
8537626
8538217
8538808
8539399
8539990
8540581
8541172
8541763
8542354
8542945
8543536
8544127
8544718
8545309
8545900
8546491
8547082
8547673
8548265
8548857
8549449
8550041
8550633
8551225
8551817
8552409
8553001
8553593
8554185
8554777
8555369
8555961
8556553
8557145
8557737
8558329
8558921
8559513
8560105
8560697
8561289
8561881
8562473
8563066
8563659
8564252
8564845
8565438
8566031
8566624
8567217
8567810
8568403
8568996
8569589
8570182
8570775
8571368
8571961
8572554
8573147
8573740
8574333
8574926
8575519
8576112
8576705
8577299
8577893
8578487
8579081
8579675
8580269
8580863
8581457
8582051
8582645
8583239
8583833
8584427
8585021
8585615
8586209
8586803
8587397
8587991
8588585
8589179
8589773
8590367
8590961
8591556
8592151
8592746
8593341
8593936
8594531
8595126
8595721
8596316
8596911
8597506
8598101
8598696
8599291
8599886
8600481
8601076
8601671
8602266
8602861
8603456
8604051
8604646
8605241
8605836
8606432
8607028
8607624
8608220
8608816
8609412
8610008
8610604
8611200
8611796
8612392
8612988
8613584
8614180
8614776
8615372
8615968
8616564
8617160
8617756
8618352
8618948
8619544
8620140
8620737
8621334
8621931
8622528
8623125
8623722
8624319
8624916
8625513
8626110
8626707
8627304
8627901
8628498
8629095
8629692
8630289
8630886
8631483
8632080
8632677
8633274
8633871
8634468
8635066
8635664
8636262
8636860
8637458
8638056
8638654
8639252
8639850
8640448
8641046
8641644
8642242
8642840
8643438
8644036
8644634
8645232
8645830
8646428
8647026
8647624
8648222
8648820
8649419
8650018
8650617
8651216
8651815
8652414
8653013
8653612
8654211
8654810
8655409
8656008
8656607
8657206
8657805
8658404
8659003
8659602
8660201
8660800
8661399
8661998
8662597
8663196
8663795
8664395
8664995
8665595
8666195
8666795
8667395
8667995
8668595
8669195
8669795
8670395
8670995
8671595
8672195
8672795
8673395
8673995
8674595
8675195
8675795
8676395
8676995
8677595
8678195
8678796
8679397
8679998
8680599
8681200
8681801
8682402
8683003
8683604
8684205
8684806
8685407
8686008
8686609
8687210
8687811
8688412
8689013
8689614
8690215
8690816
8691417
8692018
8692619
8693221
8693823
8694425
8695027
8695629
8696231
8696833
8697435
8698037
8698639
8699241
8699843
8700445
8701047
8701649
8702251
8702853
8703455
8704057
8704659
8705261
8705863
8706465
8707067
8707670
8708273
8708876
8709479
8710082
8710685
8711288
8711891
8712494
8713097
8713700
8714303
8714906
8715509
8716112
8716715
8717318
8717921
8718524
8719127
8719730
8720333
8720936
8721539
8722143
8722747
8723351
8723955
8724559
8725163
8725767
8726371
8726975
8727579
8728183
8728787
8729391
8729995
8730599
8731203
8731807
8732411
8733015
8733619
8734223
8734827
8735431
8736035
8736640
8737245
8737850
8738455
8739060
8739665
8740270
8740875
8741480
8742085
8742690
8743295
8743900
8744505
8745110
8745715
8746320
8746925
8747530
8748135
8748740
8749345
8749950
8750555
8751161
8751767
8752373
8752979
8753585
8754191
8754797
8755403
8756009
8756615
8757221
8757827
8758433
8759039
8759645
8760251
8760857
8761463
8762069
8762675
8763281
8763887
8764493
8765099
8765706
8766313
8766920
8767527
8768134
8768741
8769348
8769955
8770562
8771169
8771776
8772383
8772990
8773597
8774204
8774811
8775418
8776025
8776632
8777239
8777846
8778453
8779060
8779668
8780276
8780884
8781492
8782100
8782708
8783316
8783924
8784532
8785140
8785748
8786356
8786964
8787572
8788180
8788788
8789396
8790004
8790612
8791220
8791828
8792436
8793044
8793652
8794261
8794870
8795479
8796088
8796697
8797306
8797915
8798524
8799133
8799742
8800351
8800960
8801569
8802178
8802787
8803396
8804005
8804614
8805223
8805832
8806441
8807050
8807659
8808268
8808878
8809488
8810098
8810708
8811318
8811928
8812538
8813148
8813758
8814368
8814978
8815588
8816198
8816808
8817418
8818028
8818638
8819248
8819858
8820468
8821078
8821688
8822298
8822908
8823519
8824130
8824741
8825352
8825963
8826574
8827185
8827796
8828407
8829018
8829629
8830240
8830851
8831462
8832073
8832684
8833295
8833906
8834517
8835128
8835739
8836350
8836961
8837573
8838185
8838797
8839409
8840021
8840633
8841245
8841857
8842469
8843081
8843693
8844305
8844917
8845529
8846141
8846753
8847365
8847977
8848589
8849201
8849813
8850425
8851037
8851649
8852262
8852875
8853488
8854101
8854714
8855327
8855940
8856553
8857166
8857779
8858392
8859005
8859618
8860231
8860844
8861457
8862070
8862683
8863296
8863909
8864522
8865135
8865748
8866361
8866975
8867589
8868203
8868817
8869431
8870045
8870659
8871273
8871887
8872501
8873115
8873729
8874343
8874957
8875571
8876185
8876799
8877413
8878027
8878641
8879255
8879869
8880483
8881098
8881713
8882328
8882943
8883558
8884173
8884788
8885403
8886018
8886633
8887248
8887863
8888478
8889093
8889708
8890323
8890938
8891553
8892168
8892783
8893398
8894013
8894628
8895243
8895859
8896475
8897091
8897707
8898323
8898939
8899555
8900171
8900787
8901403
8902019
8902635
8903251
8903867
8904483
8905099
8905715
8906331
8906947
8907563
8908179
8908795
8909411
8910028
8910645
8911262
8911879
8912496
8913113
8913730
8914347
8914964
8915581
8916198
8916815
8917432
8918049
8918666
8919283
8919900
8920517
8921134
8921751
8922368
8922985
8923602
8924219
8924837
8925455
8926073
8926691
8927309
8927927
8928545
8929163
8929781
8930399
8931017
8931635
8932253
8932871
8933489
8934107
8934725
8935343
8935961
8936579
8937197
8937815
8938433
8939052
8939671
8940290
8940909
8941528
8942147
8942766
8943385
8944004
8944623
8945242
8945861
8946480
8947099
8947718
8948337
8948956
8949575
8950194
8950813
8951432
8952051
8952670
8953289
8953909
8954529
8955149
8955769
8956389
8957009
8957629
8958249
8958869
8959489
8960109
8960729
8961349
8961969
8962589
8963209
8963829
8964449
8965069
8965689
8966309
8966929
8967549
8968170
8968791
8969412
8970033
8970654
8971275
8971896
8972517
8973138
8973759
8974380
8975001
8975622
8976243
8976864
8977485
8978106
8978727
8979348
8979969
8980590
8981211
8981832
8982454
8983076
8983698
8984320
8984942
8985564
8986186
8986808
8987430
8988052
8988674
8989296
8989918
8990540
8991162
8991784
8992406
8993028
8993650
8994272
8994894
8995516
8996138
8996760
8997383
8998006
8998629
8999252
8999875
9000498
9001121
9001744
9002367
9002990
9003613
9004236
9004859
9005482
9006105
9006728
9007351
9007974
9008597
9009220
9009843
9010466
9011089
9011713
9012337
9012961
9013585
9014209
9014833
9015457
9016081
9016705
9017329
9017953
9018577
9019201
9019825
9020449
9021073
9021697
9022321
9022945
9023569
9024193
9024817
9025441
9026066
9026691
9027316
9027941
9028566
9029191
9029816
9030441
9031066
9031691
9032316
9032941
9033566
9034191
9034816
9035441
9036066
9036691
9037316
9037941
9038566
9039191
9039816
9040442
9041068
9041694
9042320
9042946
9043572
9044198
9044824
9045450
9046076
9046702
9047328
9047954
9048580
9049206
9049832
9050458
9051084
9051710
9052336
9052962
9053588
9054214
9054841
9055468
9056095
9056722
9057349
9057976
9058603
9059230
9059857
9060484
9061111
9061738
9062365
9062992
9063619
9064246
9064873
9065500
9066127
9066754
9067381
9068008
9068635
9069263
9069891
9070519
9071147
9071775
9072403
9073031
9073659
9074287
9074915
9075543
9076171
9076799
9077427
9078055
9078683
9079311
9079939
9080567
9081195
9081823
9082451
9083079
9083708
9084337
9084966
9085595
9086224
9086853
9087482
9088111
9088740
9089369
9089998
9090627
9091256
9091885
9092514
9093143
9093772
9094401
9095030
9095659
9096288
9096917
9097546
9098176
9098806
9099436
9100066
9100696
9101326
9101956
9102586
9103216
9103846
9104476
9105106
9105736
9106366
9106996
9107626
9108256
9108886
9109516
9110146
9110776
9111406
9112036
9112667
9113298
9113929
9114560
9115191
9115822
9116453
9117084
9117715
9118346
9118977
9119608
9120239
9120870
9121501
9122132
9122763
9123394
9124025
9124656
9125287
9125918
9126549
9127181
9127813
9128445
9129077
9129709
9130341
9130973
9131605
9132237
9132869
9133501
9134133
9134765
9135397
9136029
9136661
9137293
9137925
9138557
9139189
9139821
9140453
9141085
9141718
9142351
9142984
9143617
9144250
9144883
9145516
9146149
9146782
9147415
9148048
9148681
9149314
9149947
9150580
9151213
9151846
9152479
9153112
9153745
9154378
9155011
9155644
9156278
9156912
9157546
9158180
9158814
9159448
9160082
9160716
9161350
9161984
9162618
9163252
9163886
9164520
9165154
9165788
9166422
9167056
9167690
9168324
9168958
9169592
9170226
9170861
9171496
9172131
9172766
9173401
9174036
9174671
9175306
9175941
9176576
9177211
9177846
9178481
9179116
9179751
9180386
9181021
9181656
9182291
9182926
9183561
9184196
9184831
9185467
9186103
9186739
9187375
9188011
9188647
9189283
9189919
9190555
9191191
9191827
9192463
9193099
9193735
9194371
9195007
9195643
9196279
9196915
9197551
9198187
9198823
9199459
9200096
9200733
9201370
9202007
9202644
9203281
9203918
9204555
9205192
9205829
9206466
9207103
9207740
9208377
9209014
9209651
9210288
9210925
9211562
9212199
9212836
9213473
9214111
9214749
9215387
9216025
9216663
9217301
9217939
9218577
9219215
9219853
9220491
9221129
9221767
9222405
9223043
9223681
9224319
9224957
9225595
9226233
9226871
9227509
9228147
9228786
9229425
9230064
9230703
9231342
9231981
9232620
9233259
9233898
9234537
9235176
9235815
9236454
9237093
9237732
9238371
9239010
9239649
9240288
9240927
9241566
9242205
9242844
9243484
9244124
9244764
9245404
9246044
9246684
9247324
9247964
9248604
9249244
9249884
9250524
9251164
9251804
9252444
9253084
9253724
9254364
9255004
9255644
9256284
9256924
9257565
9258206
9258847
9259488
9260129
9260770
9261411
9262052
9262693
9263334
9263975
9264616
9265257
9265898
9266539
9267180
9267821
9268462
9269103
9269744
9270385
9271026
9271667
9272309
9272951
9273593
9274235
9274877
9275519
9276161
9276803
9277445
9278087
9278729
9279371
9280013
9280655
9281297
9281939
9282581
9283223
9283865
9284507
9285149
9285791
9286434
9287077
9287720
9288363
9289006
9289649
9290292
9290935
9291578
9292221
9292864
9293507
9294150
9294793
9295436
9296079
9296722
9297365
9298008
9298651
9299294
9299937
9300580
9301224
9301868
9302512
9303156
9303800
9304444
9305088
9305732
9306376
9307020
9307664
9308308
9308952
9309596
9310240
9310884
9311528
9312172
9312816
9313460
9314104
9314748
9315393
9316038
9316683
9317328
9317973
9318618
9319263
9319908
9320553
9321198
9321843
9322488
9323133
9323778
9324423
9325068
9325713
9326358
9327003
9327648
9328293
9328938
9329583
9330229
9330875
9331521
9332167
9332813
9333459
9334105
9334751
9335397
9336043
9336689
9337335
9337981
9338627
9339273
9339919
9340565
9341211
9341857
9342503
9343149
9343795
9344442
9345089
9345736
9346383
9347030
9347677
9348324
9348971
9349618
9350265
9350912
9351559
9352206
9352853
9353500
9354147
9354794
9355441
9356088
9356735
9357382
9358029
9358676
9359324
9359972
9360620
9361268
9361916
9362564
9363212
9363860
9364508
9365156
9365804
9366452
9367100
9367748
9368396
9369044
9369692
9370340
9370988
9371636
9372284
9372932
9373581
9374230
9374879
9375528
9376177
9376826
9377475
9378124
9378773
9379422
9380071
9380720
9381369
9382018
9382667
9383316
9383965
9384614
9385263
9385912
9386561
9387210
9387860
9388510
9389160
9389810
9390460
9391110
9391760
9392410
9393060
9393710
9394360
9395010
9395660
9396310
9396960
9397610
9398260
9398910
9399560
9400210
9400860
9401510
9402161
9402812
9403463
9404114
9404765
9405416
9406067
9406718
9407369
9408020
9408671
9409322
9409973
9410624
9411275
9411926
9412577
9413228
9413879
9414530
9415181
9415832
9416483
9417135
9417787
9418439
9419091
9419743
9420395
9421047
9421699
9422351
9423003
9423655
9424307
9424959
9425611
9426263
9426915
9427567
9428219
9428871
9429523
9430175
9430827
9431480
9432133
9432786
9433439
9434092
9434745
9435398
9436051
9436704
9437357
9438010
9438663
9439316
9439969
9440622
9441275
9441928
9442581
9443234
9443887
9444540
9445193
9445847
9446501
9447155
9447809
9448463
9449117
9449771
9450425
9451079
9451733
9452387
9453041
9453695
9454349
9455003
9455657
9456311
9456965
9457619
9458273
9458927
9459581
9460236
9460891
9461546
9462201
9462856
9463511
9464166
9464821
9465476
9466131
9466786
9467441
9468096
9468751
9469406
9470061
9470716
9471371
9472026
9472681
9473336
9473991
9474647
9475303
9475959
9476615
9477271
9477927
9478583
9479239
9479895
9480551
9481207
9481863
9482519
9483175
9483831
9484487
9485143
9485799
9486455
9487111
9487767
9488423
9489080
9489737
9490394
9491051
9491708
9492365
9493022
9493679
9494336
9494993
9495650
9496307
9496964
9497621
9498278
9498935
9499592
9500249
9500906
9501563
9502220
9502877
9503535
9504193
9504851
9505509
9506167
9506825
9507483
9508141
9508799
9509457
9510115
9510773
9511431
9512089
9512747
9513405
9514063
9514721
9515379
9516037
9516695
9517353
9518012
9518671
9519330
9519989
9520648
9521307
9521966
9522625
9523284
9523943
9524602
9525261
9525920
9526579
9527238
9527897
9528556
9529215
9529874
9530533
9531192
9531851
9532511
9533171
9533831
9534491
9535151
9535811
9536471
9537131
9537791
9538451
9539111
9539771
9540431
9541091
9541751
9542411
9543071
9543731
9544391
9545051
9545711
9546371
9547032
9547693
9548354
9549015
9549676
9550337
9550998
9551659
9552320
9552981
9553642
9554303
9554964
9555625
9556286
9556947
9557608
9558269
9558930
9559591
9560252
9560913
9561575
9562237
9562899
9563561
9564223
9564885
9565547
9566209
9566871
9567533
9568195
9568857
9569519
9570181
9570843
9571505
9572167
9572829
9573491
9574153
9574815
9575477
9576140
9576803
9577466
9578129
9578792
9579455
9580118
9580781
9581444
9582107
9582770
9583433
9584096
9584759
9585422
9586085
9586748
9587411
9588074
9588737
9589400
9590063
9590727
9591391
9592055
9592719
9593383
9594047
9594711
9595375
9596039
9596703
9597367
9598031
9598695
9599359
9600023
9600687
9601351
9602015
9602679
9603343
9604007
9604671
9605336
9606001
9606666
9607331
9607996
9608661
9609326
9609991
9610656
9611321
9611986
9612651
9613316
9613981
9614646
9615311
9615976
9616641
9617306
9617971
9618636
9619302
9619968
9620634
9621300
9621966
9622632
9623298
9623964
9624630
9625296
9625962
9626628
9627294
9627960
9628626
9629292
9629958
9630624
9631290
9631956
9632622
9633288
9633955
9634622
9635289
9635956
9636623
9637290
9637957
9638624
9639291
9639958
9640625
9641292
9641959
9642626
9643293
9643960
9644627
9645294
9645961
9646628
9647295
9647962
9648630
9649298
9649966
9650634
9651302
9651970
9652638
9653306
9653974
9654642
9655310
9655978
9656646
9657314
9657982
9658650
9659318
9659986
9660654
9661322
9661990
9662658
9663327
9663996
9664665
9665334
9666003
9666672
9667341
9668010
9668679
9669348
9670017
9670686
9671355
9672024
9672693
9673362
9674031
9674700
9675369
9676038
9676707
9677377
9678047
9678717
9679387
9680057
9680727
9681397
9682067
9682737
9683407
9684077
9684747
9685417
9686087
9686757
9687427
9688097
9688767
9689437
9690107
9690777
9691447
9692118
9692789
9693460
9694131
9694802
9695473
9696144
9696815
9697486
9698157
9698828
9699499
9700170
9700841
9701512
9702183
9702854
9703525
9704196
9704867
9705538
9706210
9706882
9707554
9708226
9708898
9709570
9710242
9710914
9711586
9712258
9712930
9713602
9714274
9714946
9715618
9716290
9716962
9717634
9718306
9718978
9719650
9720322
9720995
9721668
9722341
9723014
9723687
9724360
9725033
9725706
9726379
9727052
9727725
9728398
9729071
9729744
9730417
9731090
9731763
9732436
9733109
9733782
9734455
9735129
9735803
9736477
9737151
9737825
9738499
9739173
9739847
9740521
9741195
9741869
9742543
9743217
9743891
9744565
9745239
9745913
9746587
9747261
9747935
9748609
9749283
9749958
9750633
9751308
9751983
9752658
9753333
9754008
9754683
9755358
9756033
9756708
9757383
9758058
9758733
9759408
9760083
9760758
9761433
9762108
9762783
9763458
9764134
9764810
9765486
9766162
9766838
9767514
9768190
9768866
9769542
9770218
9770894
9771570
9772246
9772922
9773598
9774274
9774950
9775626
9776302
9776978
9777654
9778330
9779007
9779684
9780361
9781038
9781715
9782392
9783069
9783746
9784423
9785100
9785777
9786454
9787131
9787808
9788485
9789162
9789839
9790516
9791193
9791870
9792547
9793225
9793903
9794581
9795259
9795937
9796615
9797293
9797971
9798649
9799327
9800005
9800683
9801361
9802039
9802717
9803395
9804073
9804751
9805429
9806107
9806785
9807463
9808142
9808821
9809500
9810179
9810858
9811537
9812216
9812895
9813574
9814253
9814932
9815611
9816290
9816969
9817648
9818327
9819006
9819685
9820364
9821043
9821722
9822402
9823082
9823762
9824442
9825122
9825802
9826482
9827162
9827842
9828522
9829202
9829882
9830562
9831242
9831922
9832602
9833282
9833962
9834642
9835322
9836002
9836683
9837364
9838045
9838726
9839407
9840088
9840769
9841450
9842131
9842812
9843493
9844174
9844855
9845536
9846217
9846898
9847579
9848260
9848941
9849622
9850303
9850985
9851667
9852349
9853031
9853713
9854395
9855077
9855759
9856441
9857123
9857805
9858487
9859169
9859851
9860533
9861215
9861897
9862579
9863261
9863943
9864625
9865307
9865990
9866673
9867356
9868039
9868722
9869405
9870088
9870771
9871454
9872137
9872820
9873503
9874186
9874869
9875552
9876235
9876918
9877601
9878284
9878967
9879650
9880334
9881018
9881702
9882386
9883070
9883754
9884438
9885122
9885806
9886490
9887174
9887858
9888542
9889226
9889910
9890594
9891278
9891962
9892646
9893330
9894014
9894699
9895384
9896069
9896754
9897439
9898124
9898809
9899494
9900179
9900864
9901549
9902234
9902919
9903604
9904289
9904974
9905659
9906344
9907029
9907714
9908399
9909085
9909771
9910457
9911143
9911829
9912515
9913201
9913887
9914573
9915259
9915945
9916631
9917317
9918003
9918689
9919375
9920061
9920747
9921433
9922119
9922805
9923492
9924179
9924866
9925553
9926240
9926927
9927614
9928301
9928988
9929675
9930362
9931049
9931736
9932423
9933110
9933797
9934484
9935171
9935858
9936545
9937232
9937920
9938608
9939296
9939984
9940672
9941360
9942048
9942736
9943424
9944112
9944800
9945488
9946176
9946864
9947552
9948240
9948928
9949616
9950304
9950992
9951680
9952369
9953058
9953747
9954436
9955125
9955814
9956503
9957192
9957881
9958570
9959259
9959948
9960637
9961326
9962015
9962704
9963393
9964082
9964771
9965460
9966149
9966839
9967529
9968219
9968909
9969599
9970289
9970979
9971669
9972359
9973049
9973739
9974429
9975119
9975809
9976499
9977189
9977879
9978569
9979259
9979949
9980639
9981330
9982021
9982712
9983403
9984094
9984785
9985476
9986167
9986858
9987549
9988240
9988931
9989622
9990313
9991004
9991695
9992386
9993077
9993768
9994459
9995150
9995842
9996534
9997226
9997918
9998610
9999302
9999994
10000686
10001378
10002070
10002762
10003454
10004146
10004838
10005530
10006222
10006914
10007606
10008298
10008990
10009682
10010375
10011068
10011761
10012454
10013147
10013840
10014533
10015226
10015919
10016612
10017305
10017998
10018691
10019384
10020077
10020770
10021463
10022156
10022849
10023542
10024235
10024929
10025623
10026317
10027011
10027705
10028399
10029093
10029787
10030481
10031175
10031869
10032563
10033257
10033951
10034645
10035339
10036033
10036727
10037421
10038115
10038809
10039504
10040199
10040894
10041589
10042284
10042979
10043674
10044369
10045064
10045759
10046454
10047149
10047844
10048539
10049234
10049929
10050624
10051319
10052014
10052709
10053404
10054100
10054796
10055492
10056188
10056884
10057580
10058276
10058972
10059668
10060364
10061060
10061756
10062452
10063148
10063844
10064540
10065236
10065932
10066628
10067324
10068020
10068717
10069414
10070111
10070808
10071505
10072202
10072899
10073596
10074293
10074990
10075687
10076384
10077081
10077778
10078475
10079172
10079869
10080566
10081263
10081960
10082658
10083356
10084054
10084752
10085450
10086148
10086846
10087544
10088242
10088940
10089638
10090336
10091034
10091732
10092430
10093128
10093826
10094524
10095222
10095920
10096618
10097317
10098016
10098715
10099414
10100113
10100812
10101511
10102210
10102909
10103608
10104307
10105006
10105705
10106404
10107103
10107802
10108501
10109200
10109899
10110598
10111297
10111997
10112697
10113397
10114097
10114797
10115497
10116197
10116897
10117597
10118297
10118997
10119697
10120397
10121097
10121797
10122497
10123197
10123897
10124597
10125297
10125998
10126699
10127400
10128101
10128802
10129503
10130204
10130905
10131606
10132307
10133008
10133709
10134410
10135111
10135812
10136513
10137214
10137915
10138616
10139317
10140018
10140720
10141422
10142124
10142826
10143528
10144230
10144932
10145634
10146336
10147038
10147740
10148442
10149144
10149846
10150548
10151250
10151952
10152654
10153356
10154058
10154760
10155463
10156166
10156869
10157572
10158275
10158978
10159681
10160384
10161087
10161790
10162493
10163196
10163899
10164602
10165305
10166008
10166711
10167414
10168117
10168820
10169524
10170228
10170932
10171636
10172340
10173044
10173748
10174452
10175156
10175860
10176564
10177268
10177972
10178676
10179380
10180084
10180788
10181492
10182196
10182900
10183604
10184309
10185014
10185719
10186424
10187129
10187834
10188539
10189244
10189949
10190654
10191359
10192064
10192769
10193474
10194179
10194884
10195589
10196294
10196999
10197704
10198410
10199116
10199822
10200528
10201234
10201940
10202646
10203352
10204058
10204764
10205470
10206176
10206882
10207588
10208294
10209000
10209706
10210412
10211118
10211824
10212530
10213237
10213944
10214651
10215358
10216065
10216772
10217479
10218186
10218893
10219600
10220307
10221014
10221721
10222428
10223135
10223842
10224549
10225256
10225963
10226670
10227378
10228086
10228794
10229502
10230210
10230918
10231626
10232334
10233042
10233750
10234458
10235166
10235874
10236582
10237290
10237998
10238706
10239414
10240122
10240830
10241538
10242247
10242956
10243665
10244374
10245083
10245792
10246501
10247210
10247919
10248628
10249337
10250046
10250755
10251464
10252173
10252882
10253591
10254300
10255009
10255718
10256428
10257138
10257848
10258558
10259268
10259978
10260688
10261398
10262108
10262818
10263528
10264238
10264948
10265658
10266368
10267078
10267788
10268498
10269208
10269918
10270628
10271339
10272050
10272761
10273472
10274183
10274894
10275605
10276316
10277027
10277738
10278449
10279160
10279871
10280582
10281293
10282004
10282715
10283426
10284137
10284848
10285560
10286272
10286984
10287696
10288408
10289120
10289832
10290544
10291256
10291968
10292680
10293392
10294104
10294816
10295528
10296240
10296952
10297664
10298376
10299088
10299801
10300514
10301227
10301940
10302653
10303366
10304079
10304792
10305505
10306218
10306931
10307644
10308357
10309070
10309783
10310496
10311209
10311922
10312635
10313348
10314061
10314775
10315489
10316203
10316917
10317631
10318345
10319059
10319773
10320487
10321201
10321915
10322629
10323343
10324057
10324771
10325485
10326199
10326913
10327627
10328341
10329056
10329771
10330486
10331201
10331916
10332631
10333346
10334061
10334776
10335491
10336206
10336921
10337636
10338351
10339066
10339781
10340496
10341211
10341926
10342641
10343357
10344073
10344789
10345505
10346221
10346937
10347653
10348369
10349085
10349801
10350517
10351233
10351949
10352665
10353381
10354097
10354813
10355529
10356245
10356961
10357678
10358395
10359112
10359829
10360546
10361263
10361980
10362697
10363414
10364131
10364848
10365565
10366282
10366999
10367716
10368433
10369150
10369867
10370584
10371301
10372018
10372736
10373454
10374172
10374890
10375608
10376326
10377044
10377762
10378480
10379198
10379916
10380634
10381352
10382070
10382788
10383506
10384224
10384942
10385660
10386378
10387097
10387816
10388535
10389254
10389973
10390692
10391411
10392130
10392849
10393568
10394287
10395006
10395725
10396444
10397163
10397882
10398601
10399320
10400039
10400758
10401478
10402198
10402918
10403638
10404358
10405078
10405798
10406518
10407238
10407958
10408678
10409398
10410118
10410838
10411558
10412278
10412998
10413718
10414438
10415158
10415879
10416600
10417321
10418042
10418763
10419484
10420205
10420926
10421647
10422368
10423089
10423810
10424531
10425252
10425973
10426694
10427415
10428136
10428857
10429578
10430300
10431022
10431744
10432466
10433188
10433910
10434632
10435354
10436076
10436798
10437520
10438242
10438964
10439686
10440408
10441130
10441852
10442574
10443296
10444018
10444741
10445464
10446187
10446910
10447633
10448356
10449079
10449802
10450525
10451248
10451971
10452694
10453417
10454140
10454863
10455586
10456309
10457032
10457755
10458478
10459202
10459926
10460650
10461374
10462098
10462822
10463546
10464270
10464994
10465718
10466442
10467166
10467890
10468614
10469338
10470062
10470786
10471510
10472234
10472958
10473683
10474408
10475133
10475858
10476583
10477308
10478033
10478758
10479483
10480208
10480933
10481658
10482383
10483108
10483833
10484558
10485283
10486008
10486733
10487458
10488184
10488910
10489636
10490362
10491088
10491814
10492540
10493266
10493992
10494718
10495444
10496170
10496896
10497622
10498348
10499074
10499800
10500526
10501252
10501978
10502705
10503432
10504159
10504886
10505613
10506340
10507067
10507794
10508521
10509248
10509975
10510702
10511429
10512156
10512883
10513610
10514337
10515064
10515791
10516518
10517246
10517974
10518702
10519430
10520158
10520886
10521614
10522342
10523070
10523798
10524526
10525254
10525982
10526710
10527438
10528166
10528894
10529622
10530350
10531078
10531807
10532536
10533265
10533994
10534723
10535452
10536181
10536910
10537639
10538368
10539097
10539826
10540555
10541284
10542013
10542742
10543471
10544200
10544929
10545658
10546388
10547118
10547848
10548578
10549308
10550038
10550768
10551498
10552228
10552958
10553688
10554418
10555148
10555878
10556608
10557338
10558068
10558798
10559528
10560258
10560989
10561720
10562451
10563182
10563913
10564644
10565375
10566106
10566837
10567568
10568299
10569030
10569761
10570492
10571223
10571954
10572685
10573416
10574147
10574879
10575611
10576343
10577075
10577807
10578539
10579271
10580003
10580735
10581467
10582199
10582931
10583663
10584395
10585127
10585859
10586591
10587323
10588055
10588787
10589520
10590253
10590986
10591719
10592452
10593185
10593918
10594651
10595384
10596117
10596850
10597583
10598316
10599049
10599782
10600515
10601248
10601981
10602714
10603447
10604181
10604915
10605649
10606383
10607117
10607851
10608585
10609319
10610053
10610787
10611521
10612255
10612989
10613723
10614457
10615191
10615925
10616659
10617393
10618127
10618862
10619597
10620332
10621067
10621802
10622537
10623272
10624007
10624742
10625477
10626212
10626947
10627682
10628417
10629152
10629887
10630622
10631357
10632092
10632828
10633564
10634300
10635036
10635772
10636508
10637244
10637980
10638716
10639452
10640188
10640924
10641660
10642396
10643132
10643868
10644604
10645340
10646076
10646812
10647549
10648286
10649023
10649760
10650497
10651234
10651971
10652708
10653445
10654182
10654919
10655656
10656393
10657130
10657867
10658604
10659341
10660078
10660815
10661552
10662290
10663028
10663766
10664504
10665242
10665980
10666718
10667456
10668194
10668932
10669670
10670408
10671146
10671884
10672622
10673360
10674098
10674836
10675574
10676313
10677052
10677791
10678530
10679269
10680008
10680747
10681486
10682225
10682964
10683703
10684442
10685181
10685920
10686659
10687398
10688137
10688876
10689615
10690354
10691094
10691834
10692574
10693314
10694054
10694794
10695534
10696274
10697014
10697754
10698494
10699234
10699974
10700714
10701454
10702194
10702934
10703674
10704414
10705155
10705896
10706637
10707378
10708119
10708860
10709601
10710342
10711083
10711824
10712565
10713306
10714047
10714788
10715529
10716270
10717011
10717752
10718493
10719234
10719976
10720718
10721460
10722202
10722944
10723686
10724428
10725170
10725912
10726654
10727396
10728138
10728880
10729622
10730364
10731106
10731848
10732590
10733332
10734075
10734818
10735561
10736304
10737047
10737790
10738533
10739276
10740019
10740762
10741505
10742248
10742991
10743734
10744477
10745220
10745963
10746706
10747449
10748192
10748936
10749680
10750424
10751168
10751912
10752656
10753400
10754144
10754888
10755632
10756376
10757120
10757864
10758608
10759352
10760096
10760840
10761584
10762328
10763073
10763818
10764563
10765308
10766053
10766798
10767543
10768288
10769033
10769778
10770523
10771268
10772013
10772758
10773503
10774248
10774993
10775738
10776483
10777228
10777974
10778720
10779466
10780212
10780958
10781704
10782450
10783196
10783942
10784688
10785434
10786180
10786926
10787672
10788418
10789164
10789910
10790656
10791402
10792149
10792896
10793643
10794390
10795137
10795884
10796631
10797378
10798125
10798872
10799619
10800366
10801113
10801860
10802607
10803354
10804101
10804848
10805595
10806342
10807090
10807838
10808586
10809334
10810082
10810830
10811578
10812326
10813074
10813822
10814570
10815318
10816066
10816814
10817562
10818310
10819058
10819806
10820554
10821303
10822052
10822801
10823550
10824299
10825048
10825797
10826546
10827295
10828044
10828793
10829542
10830291
10831040
10831789
10832538
10833287
10834036
10834785
10835535
10836285
10837035
10837785
10838535
10839285
10840035
10840785
10841535
10842285
10843035
10843785
10844535
10845285
10846035
10846785
10847535
10848285
10849035
10849785
10850536
10851287
10852038
10852789
10853540
10854291
10855042
10855793
10856544
10857295
10858046
10858797
10859548
10860299
10861050
10861801
10862552
10863303
10864054
10864806
10865558
10866310
10867062
10867814
10868566
10869318
10870070
10870822
10871574
10872326
10873078
10873830
10874582
10875334
10876086
10876838
10877590
10878342
10879095
10879848
10880601
10881354
10882107
10882860
10883613
10884366
10885119
10885872
10886625
10887378
10888131
10888884
10889637
10890390
10891143
10891896
10892649
10893403
10894157
10894911
10895665
10896419
10897173
10897927
10898681
10899435
10900189
10900943
10901697
10902451
10903205
10903959
10904713
10905467
10906221
10906975
10907729
10908484
10909239
10909994
10910749
10911504
10912259
10913014
10913769
10914524
10915279
10916034
10916789
10917544
10918299
10919054
10919809
10920564
10921319
10922074
10922830
10923586
10924342
10925098
10925854
10926610
10927366
10928122
10928878
10929634
10930390
10931146
10931902
10932658
10933414
10934170
10934926
10935682
10936438
10937195
10937952
10938709
10939466
10940223
10940980
10941737
10942494
10943251
10944008
10944765
10945522
10946279
10947036
10947793
10948550
10949307
10950064
10950821
10951579
10952337
10953095
10953853
10954611
10955369
10956127
10956885
10957643
10958401
10959159
10959917
10960675
10961433
10962191
10962949
10963707
10964465
10965223
10965982
10966741
10967500
10968259
10969018
10969777
10970536
10971295
10972054
10972813
10973572
10974331
10975090
10975849
10976608
10977367
10978126
10978885
10979644
10980404
10981164
10981924
10982684
10983444
10984204
10984964
10985724
10986484
10987244
10988004
10988764
10989524
10990284
10991044
10991804
10992564
10993324
10994084
10994845
10995606
10996367
10997128
10997889
10998650
10999411
11000172
11000933
11001694
11002455
11003216
11003977
11004738
11005499
11006260
11007021
11007782
11008543
11009305
11010067
11010829
11011591
11012353
11013115
11013877
11014639
11015401
11016163
11016925
11017687
11018449
11019211
11019973
11020735
11021497
11022259
11023021
11023784
11024547
11025310
11026073
11026836
11027599
11028362
11029125
11029888
11030651
11031414
11032177
11032940
11033703
11034466
11035229
11035992
11036755
11037518
11038282
11039046
11039810
11040574
11041338
11042102
11042866
11043630
11044394
11045158
11045922
11046686
11047450
11048214
11048978
11049742
11050506
11051270
11052034
11052799
11053564
11054329
11055094
11055859
11056624
11057389
11058154
11058919
11059684
11060449
11061214
11061979
11062744
11063509
11064274
11065039
11065804
11066569
11067335
11068101
11068867
11069633
11070399
11071165
11071931
11072697
11073463
11074229
11074995
11075761
11076527
11077293
11078059
11078825
11079591
11080357
11081123
11081890
11082657
11083424
11084191
11084958
11085725
11086492
11087259
11088026
11088793
11089560
11090327
11091094
11091861
11092628
11093395
11094162
11094929
11095696
11096464
11097232
11098000
11098768
11099536
11100304
11101072
11101840
11102608
11103376
11104144
11104912
11105680
11106448
11107216
11107984
11108752
11109520
11110288
11111057
11111826
11112595
11113364
11114133
11114902
11115671
11116440
11117209
11117978
11118747
11119516
11120285
11121054
11121823
11122592
11123361
11124130
11124900
11125670
11126440
11127210
11127980
11128750
11129520
11130290
11131060
11131830
11132600
11133370
11134140
11134910
11135680
11136450
11137220
11137990
11138760
11139531
11140302
11141073
11141844
11142615
11143386
11144157
11144928
11145699
11146470
11147241
11148012
11148783
11149554
11150325
11151096
11151867
11152638
11153409
11154181
11154953
11155725
11156497
11157269
11158041
11158813
11159585
11160357
11161129
11161901
11162673
11163445
11164217
11164989
11165761
11166533
11167305
11168077
11168850
11169623
11170396
11171169
11171942
11172715
11173488
11174261
11175034
11175807
11176580
11177353
11178126
11178899
11179672
11180445
11181218
11181991
11182764
11183538
11184312
11185086
11185860
11186634
11187408
11188182
11188956
11189730
11190504
11191278
11192052
11192826
11193600
11194374
11195148
11195922
11196696
11197471
11198246
11199021
11199796
11200571
11201346
11202121
11202896
11203671
11204446
11205221
11205996
11206771
11207546
11208321
11209096
11209871
11210646
11211421
11212197
11212973
11213749
11214525
11215301
11216077
11216853
11217629
11218405
11219181
11219957
11220733
11221509
11222285
11223061
11223837
11224613
11225389
11226165
11226942
11227719
11228496
11229273
11230050
11230827
11231604
11232381
11233158
11233935
11234712
11235489
11236266
11237043
11237820
11238597
11239374
11240151
11240929
11241707
11242485
11243263
11244041
11244819
11245597
11246375
11247153
11247931
11248709
11249487
11250265
11251043
11251821
11252599
11253377
11254155
11254933
11255712
11256491
11257270
11258049
11258828
11259607
11260386
11261165
11261944
11262723
11263502
11264281
11265060
11265839
11266618
11267397
11268176
11268955
11269735
11270515
11271295
11272075
11272855
11273635
11274415
11275195
11275975
11276755
11277535
11278315
11279095
11279875
11280655
11281435
11282215
11282995
11283775
11284556
11285337
11286118
11286899
11287680
11288461
11289242
11290023
11290804
11291585
11292366
11293147
11293928
11294709
11295490
11296271
11297052
11297833
11298614
11299396
11300178
11300960
11301742
11302524
11303306
11304088
11304870
11305652
11306434
11307216
11307998
11308780
11309562
11310344
11311126
11311908
11312690
11313473
11314256
11315039
11315822
11316605
11317388
11318171
11318954
11319737
11320520
11321303
11322086
11322869
11323652
11324435
11325218
11326001
11326784
11327567
11328351
11329135
11329919
11330703
11331487
11332271
11333055
11333839
11334623
11335407
11336191
11336975
11337759
11338543
11339327
11340111
11340895
11341679
11342464
11343249
11344034
11344819
11345604
11346389
11347174
11347959
11348744
11349529
11350314
11351099
11351884
11352669
11353454
11354239
11355024
11355809
11356595
11357381
11358167
11358953
11359739
11360525
11361311
11362097
11362883
11363669
11364455
11365241
11366027
11366813
11367599
11368385
11369171
11369957
11370743
11371530
11372317
11373104
11373891
11374678
11375465
11376252
11377039
11377826
11378613
11379400
11380187
11380974
11381761
11382548
11383335
11384122
11384909
11385697
11386485
11387273
11388061
11388849
11389637
11390425
11391213
11392001
11392789
11393577
11394365
11395153
11395941
11396729
11397517
11398305
11399093
11399881
11400670
11401459
11402248
11403037
11403826
11404615
11405404
11406193
11406982
11407771
11408560
11409349
11410138
11410927
11411716
11412505
11413294
11414083
11414873
11415663
11416453
11417243
11418033
11418823
11419613
11420403
11421193
11421983
11422773
11423563
11424353
11425143
11425933
11426723
11427513
11428303
11429094
11429885
11430676
11431467
11432258
11433049
11433840
11434631
11435422
11436213
11437004
11437795
11438586
11439377
11440168
11440959
11441750
11442541
11443332
11444124
11444916
11445708
11446500
11447292
11448084
11448876
11449668
11450460
11451252
11452044
11452836
11453628
11454420
11455212
11456004
11456796
11457588
11458381
11459174
11459967
11460760
11461553
11462346
11463139
11463932
11464725
11465518
11466311
11467104
11467897
11468690
11469483
11470276
11471069
11471862
11472656
11473450
11474244
11475038
11475832
11476626
11477420
11478214
11479008
11479802
11480596
11481390
11482184
11482978
11483772
11484566
11485360
11486154
11486949
11487744
11488539
11489334
11490129
11490924
11491719
11492514
11493309
11494104
11494899
11495694
11496489
11497284
11498079
11498874
11499669
11500464
11501259
11502055
11502851
11503647
11504443
11505239
11506035
11506831
11507627
11508423
11509219
11510015
11510811
11511607
11512403
11513199
11513995
11514791
11515587
11516384
11517181
11517978
11518775
11519572
11520369
11521166
11521963
11522760
11523557
11524354
11525151
11525948
11526745
11527542
11528339
11529136
11529933
11530731
11531529
11532327
11533125
11533923
11534721
11535519
11536317
11537115
11537913
11538711
11539509
11540307
11541105
11541903
11542701
11543499
11544297
11545096
11545895
11546694
11547493
11548292
11549091
11549890
11550689
11551488
11552287
11553086
11553885
11554684
11555483
11556282
11557081
11557880
11558679
11559479
11560279
11561079
11561879
11562679
11563479
11564279
11565079
11565879
11566679
11567479
11568279
11569079
11569879
11570679
11571479
11572279
11573079
11573880
11574681
11575482
11576283
11577084
11577885
11578686
11579487
11580288
11581089
11581890
11582691
11583492
11584293
11585094
11585895
11586696
11587497
11588299
11589101
11589903
11590705
11591507
11592309
11593111
11593913
11594715
11595517
11596319
11597121
11597923
11598725
11599527
11600329
11601131
11601933
11602736
11603539
11604342
11605145
11605948
11606751
11607554
11608357
11609160
11609963
11610766
11611569
11612372
11613175
11613978
11614781
11615584
11616387
11617191
11617995
11618799
11619603
11620407
11621211
11622015
11622819
11623623
11624427
11625231
11626035
11626839
11627643
11628447
11629251
11630055
11630859
11631664
11632469
11633274
11634079
11634884
11635689
11636494
11637299
11638104
11638909
11639714
11640519
11641324
11642129
11642934
11643739
11644544
11645349
11646155
11646961
11647767
11648573
11649379
11650185
11650991
11651797
11652603
11653409
11654215
11655021
11655827
11656633
11657439
11658245
11659051
11659857
11660664
11661471
11662278
11663085
11663892
11664699
11665506
11666313
11667120
11667927
11668734
11669541
11670348
11671155
11671962
11672769
11673576
11674383
11675191
11675999
11676807
11677615
11678423
11679231
11680039
11680847
11681655
11682463
11683271
11684079
11684887
11685695
11686503
11687311
11688119
11688927
11689736
11690545
11691354
11692163
11692972
11693781
11694590
11695399
11696208
11697017
11697826
11698635
11699444
11700253
11701062
11701871
11702680
11703489
11704299
11705109
11705919
11706729
11707539
11708349
11709159
11709969
11710779
11711589
11712399
11713209
11714019
11714829
11715639
11716449
11717259
11718069
11718880
11719691
11720502
11721313
11722124
11722935
11723746
11724557
11725368
11726179
11726990
11727801
11728612
11729423
11730234
11731045
11731856
11732667
11733479
11734291
11735103
11735915
11736727
11737539
11738351
11739163
11739975
11740787
11741599
11742411
11743223
11744035
11744847
11745659
11746471
11747283
11748096
11748909
11749722
11750535
11751348
11752161
11752974
11753787
11754600
11755413
11756226
11757039
11757852
11758665
11759478
11760291
11761104
11761918
11762732
11763546
11764360
11765174
11765988
11766802
11767616
11768430
11769244
11770058
11770872
11771686
11772500
11773314
11774128
11774942
11775756
11776571
11777386
11778201
11779016
11779831
11780646
11781461
11782276
11783091
11783906
11784721
11785536
11786351
11787166
11787981
11788796
11789611
11790426
11791242
11792058
11792874
11793690
11794506
11795322
11796138
11796954
11797770
11798586
11799402
11800218
11801034
11801850
11802666
11803482
11804298
11805114
11805931
11806748
11807565
11808382
11809199
11810016
11810833
11811650
11812467
11813284
11814101
11814918
11815735
11816552
11817369
11818186
11819003
11819821
11820639
11821457
11822275
11823093
11823911
11824729
11825547
11826365
11827183
11828001
11828819
11829637
11830455
11831273
11832091
11832909
11833727
11834546
11835365
11836184
11837003
11837822
11838641
11839460
11840279
11841098
11841917
11842736
11843555
11844374
11845193
11846012
11846831
11847650
11848469
11849289
11850109
11850929
11851749
11852569
11853389
11854209
11855029
11855849
11856669
11857489
11858309
11859129
11859949
11860769
11861589
11862409
11863230
11864051
11864872
11865693
11866514
11867335
11868156
11868977
11869798
11870619
11871440
11872261
11873082
11873903
11874724
11875545
11876366
11877187
11878009
11878831
11879653
11880475
11881297
11882119
11882941
11883763
11884585
11885407
11886229
11887051
11887873
11888695
11889517
11890339
11891161
11891983
11892806
11893629
11894452
11895275
11896098
11896921
11897744
11898567
11899390
11900213
11901036
11901859
11902682
11903505
11904328
11905151
11905974
11906798
11907622
11908446
11909270
11910094
11910918
11911742
11912566
11913390
11914214
11915038
11915862
11916686
11917510
11918334
11919158
11919982
11920806
11921631
11922456
11923281
11924106
11924931
11925756
11926581
11927406
11928231
11929056
11929881
11930706
11931531
11932356
11933181
11934006
11934831
11935657
11936483
11937309
11938135
11938961
11939787
11940613
11941439
11942265
11943091
11943917
11944743
11945569
11946395
11947221
11948047
11948873
11949699
11950526
11951353
11952180
11953007
11953834
11954661
11955488
11956315
11957142
11957969
11958796
11959623
11960450
11961277
11962104
11962931
11963758
11964586
11965414
11966242
11967070
11967898
11968726
11969554
11970382
11971210
11972038
11972866
11973694
11974522
11975350
11976178
11977006
11977834
11978662
11979491
11980320
11981149
11981978
11982807
11983636
11984465
11985294
11986123
11986952
11987781
11988610
11989439
11990268
11991097
11991926
11992755
11993585
11994415
11995245
11996075
11996905
11997735
11998565
11999395
12000225
12001055
12001885
12002715
12003545
12004375
12005205
12006035
12006865
12007695
12008526
12009357
12010188
12011019
12011850
12012681
12013512
12014343
12015174
12016005
12016836
12017667
12018498
12019329
12020160
12020991
12021822
12022654
12023486
12024318
12025150
12025982
12026814
12027646
12028478
12029310
12030142
12030974
12031806
12032638
12033470
12034302
12035134
12035966
12036798
12037631
12038464
12039297
12040130
12040963
12041796
12042629
12043462
12044295
12045128
12045961
12046794
12047627
12048460
12049293
12050126
12050959
12051793
12052627
12053461
12054295
12055129
12055963
12056797
12057631
12058465
12059299
12060133
12060967
12061801
12062635
12063469
12064303
12065137
12065972
12066807
12067642
12068477
12069312
12070147
12070982
12071817
12072652
12073487
12074322
12075157
12075992
12076827
12077662
12078497
12079332
12080167
12081003
12081839
12082675
12083511
12084347
12085183
12086019
12086855
12087691
12088527
12089363
12090199
12091035
12091871
12092707
12093543
12094379
12095216
12096053
12096890
12097727
12098564
12099401
12100238
12101075
12101912
12102749
12103586
12104423
12105260
12106097
12106934
12107771
12108608
12109446
12110284
12111122
12111960
12112798
12113636
12114474
12115312
12116150
12116988
12117826
12118664
12119502
12120340
12121178
12122016
12122854
12123692
12124531
12125370
12126209
12127048
12127887
12128726
12129565
12130404
12131243
12132082
12132921
12133760
12134599
12135438
12136277
12137116
12137955
12138795
12139635
12140475
12141315
12142155
12142995
12143835
12144675
12145515
12146355
12147195
12148035
12148875
12149715
12150555
12151395
12152235
12153076
12153917
12154758
12155599
12156440
12157281
12158122
12158963
12159804
12160645
12161486
12162327
12163168
12164009
12164850
12165691
12166532
12167374
12168216
12169058
12169900
12170742
12171584
12172426
12173268
12174110
12174952
12175794
12176636
12177478
12178320
12179162
12180004
12180846
12181688
12182531
12183374
12184217
12185060
12185903
12186746
12187589
12188432
12189275
12190118
12190961
12191804
12192647
12193490
12194333
12195176
12196019
12196863
12197707
12198551
12199395
12200239
12201083
12201927
12202771
12203615
12204459
12205303
12206147
12206991
12207835
12208679
12209523
12210367
12211212
12212057
12212902
12213747
12214592
12215437
12216282
12217127
12217972
12218817
12219662
12220507
12221352
12222197
12223042
12223887
12224732
12225578
12226424
12227270
12228116
12228962
12229808
12230654
12231500
12232346
12233192
12234038
12234884
12235730
12236576
12237422
12238268
12239114
12239961
12240808
12241655
12242502
12243349
12244196
12245043
12245890
12246737
12247584
12248431
12249278
12250125
12250972
12251819
12252666
12253513
12254361
12255209
12256057
12256905
12257753
12258601
12259449
12260297
12261145
12261993
12262841
12263689
12264537
12265385
12266233
12267081
12267929
12268778
12269627
12270476
12271325
12272174
12273023
12273872
12274721
12275570
12276419
12277268
12278117
12278966
12279815
12280664
12281513
12282362
12283212
12284062
12284912
12285762
12286612
12287462
12288312
12289162
12290012
12290862
12291712
12292562
12293412
12294262
12295112
12295962
12296812
12297663
12298514
12299365
12300216
12301067
12301918
12302769
12303620
12304471
12305322
12306173
12307024
12307875
12308726
12309577
12310428
12311279
12312131
12312983
12313835
12314687
12315539
12316391
12317243
12318095
12318947
12319799
12320651
12321503
12322355
12323207
12324059
12324911
12325763
12326616
12327469
12328322
12329175
12330028
12330881
12331734
12332587
12333440
12334293
12335146
12335999
12336852
12337705
12338558
12339411
12340264
12341118
12341972
12342826
12343680
12344534
12345388
12346242
12347096
12347950
12348804
12349658
12350512
12351366
12352220
12353074
12353928
12354782
12355637
12356492
12357347
12358202
12359057
12359912
12360767
12361622
12362477
12363332
12364187
12365042
12365897
12366752
12367607
12368462
12369317
12370173
12371029
12371885
12372741
12373597
12374453
12375309
12376165
12377021
12377877
12378733
12379589
12380445
12381301
12382157
12383013
12383869
12384726
12385583
12386440
12387297
12388154
12389011
12389868
12390725
12391582
12392439
12393296
12394153
12395010
12395867
12396724
12397581
12398438
12399296
12400154
12401012
12401870
12402728
12403586
12404444
12405302
12406160
12407018
12407876
12408734
12409592
12410450
12411308
12412166
12413024
12413883
12414742
12415601
12416460
12417319
12418178
12419037
12419896
12420755
12421614
12422473
12423332
12424191
12425050
12425909
12426768
12427627
12428487
12429347
12430207
12431067
12431927
12432787
12433647
12434507
12435367
12436227
12437087
12437947
12438807
12439667
12440527
12441387
12442247
12443108
12443969
12444830
12445691
12446552
12447413
12448274
12449135
12449996
12450857
12451718
12452579
12453440
12454301
12455162
12456023
12456885
12457747
12458609
12459471
12460333
12461195
12462057
12462919
12463781
12464643
12465505
12466367
12467229
12468091
12468953
12469815
12470677
12471540
12472403
12473266
12474129
12474992
12475855
12476718
12477581
12478444
12479307
12480170
12481033
12481896
12482759
12483622
12484485
12485348
12486212
12487076
12487940
12488804
12489668
12490532
12491396
12492260
12493124
12493988
12494852
12495716
12496580
12497444
12498308
12499172
12500036
12500901
12501766
12502631
12503496
12504361
12505226
12506091
12506956
12507821
12508686
12509551
12510416
12511281
12512146
12513011
12513876
12514742
12515608
12516474
12517340
12518206
12519072
12519938
12520804
12521670
12522536
12523402
12524268
12525134
12526000
12526866
12527732
12528598
12529465
12530332
12531199
12532066
12532933
12533800
12534667
12535534
12536401
12537268
12538135
12539002
12539869
12540736
12541603
12542470
12543337
12544205
12545073
12545941
12546809
12547677
12548545
12549413
12550281
12551149
12552017
12552885
12553753
12554621
12555489
12556357
12557225
12558093
12558962
12559831
12560700
12561569
12562438
12563307
12564176
12565045
12565914
12566783
12567652
12568521
12569390
12570259
12571128
12571997
12572867
12573737
12574607
12575477
12576347
12577217
12578087
12578957
12579827
12580697
12581567
12582437
12583307
12584177
12585047
12585917
12586787
12587658
12588529
12589400
12590271
12591142
12592013
12592884
12593755
12594626
12595497
12596368
12597239
12598110
12598981
12599852
12600723
12601595
12602467
12603339
12604211
12605083
12605955
12606827
12607699
12608571
12609443
12610315
12611187
12612059
12612931
12613803
12614675
12615547
12616420
12617293
12618166
12619039
12619912
12620785
12621658
12622531
12623404
12624277
12625150
12626023
12626896
12627769
12628642
12629515
12630388
12631262
12632136
12633010
12633884
12634758
12635632
12636506
12637380
12638254
12639128
12640002
12640876
12641750
12642624
12643498
12644372
12645247
12646122
12646997
12647872
12648747
12649622
12650497
12651372
12652247
12653122
12653997
12654872
12655747
12656622
12657497
12658372
12659247
12660123
12660999
12661875
12662751
12663627
12664503
12665379
12666255
12667131
12668007
12668883
12669759
12670635
12671511
12672387
12673263
12674140
12675017
12675894
12676771
12677648
12678525
12679402
12680279
12681156
12682033
12682910
12683787
12684664
12685541
12686418
12687295
12688172
12689050
12689928
12690806
12691684
12692562
12693440
12694318
12695196
12696074
12696952
12697830
12698708
12699586
12700464
12701342
12702220
12703099
12703978
12704857
12705736
12706615
12707494
12708373
12709252
12710131
12711010
12711889
12712768
12713647
12714526
12715405
12716284
12717163
12718043
12718923
12719803
12720683
12721563
12722443
12723323
12724203
12725083
12725963
12726843
12727723
12728603
12729483
12730363
12731243
12732124
12733005
12733886
12734767
12735648
12736529
12737410
12738291
12739172
12740053
12740934
12741815
12742696
12743577
12744458
12745339
12746220
12747102
12747984
12748866
12749748
12750630
12751512
12752394
12753276
12754158
12755040
12755922
12756804
12757686
12758568
12759450
12760332
12761215
12762098
12762981
12763864
12764747
12765630
12766513
12767396
12768279
12769162
12770045
12770928
12771811
12772694
12773577
12774460
12775344
12776228
12777112
12777996
12778880
12779764
12780648
12781532
12782416
12783300
12784184
12785068
12785952
12786836
12787720
12788604
12789488
12790373
12791258
12792143
12793028
12793913
12794798
12795683
12796568
12797453
12798338
12799223
12800108
12800993
12801878
12802763
12803648
12804534
12805420
12806306
12807192
12808078
12808964
12809850
12810736
12811622
12812508
12813394
12814280
12815166
12816052
12816938
12817824
12818711
12819598
12820485
12821372
12822259
12823146
12824033
12824920
12825807
12826694
12827581
12828468
12829355
12830242
12831129
12832016
12832903
12833791
12834679
12835567
12836455
12837343
12838231
12839119
12840007
12840895
12841783
12842671
12843559
12844447
12845335
12846223
12847111
12848000
12848889
12849778
12850667
12851556
12852445
12853334
12854223
12855112
12856001
12856890
12857779
12858668
12859557
12860446
12861335
12862225
12863115
12864005
12864895
12865785
12866675
12867565
12868455
12869345
12870235
12871125
12872015
12872905
12873795
12874685
12875575
12876465
12877356
12878247
12879138
12880029
12880920
12881811
12882702
12883593
12884484
12885375
12886266
12887157
12888048
12888939
12889830
12890721
12891613
12892505
12893397
12894289
12895181
12896073
12896965
12897857
12898749
12899641
12900533
12901425
12902317
12903209
12904101
12904993
12905886
12906779
12907672
12908565
12909458
12910351
12911244
12912137
12913030
12913923
12914816
12915709
12916602
12917495
12918388
12919281
12920175
12921069
12921963
12922857
12923751
12924645
12925539
12926433
12927327
12928221
12929115
12930009
12930903
12931797
12932691
12933585
12934479
12935374
12936269
12937164
12938059
12938954
12939849
12940744
12941639
12942534
12943429
12944324
12945219
12946114
12947009
12947904
12948799
12949695
12950591
12951487
12952383
12953279
12954175
12955071
12955967
12956863
12957759
12958655
12959551
12960447
12961343
12962239
12963135
12964032
12964929
12965826
12966723
12967620
12968517
12969414
12970311
12971208
12972105
12973002
12973899
12974796
12975693
12976590
12977487
12978385
12979283
12980181
12981079
12981977
12982875
12983773
12984671
12985569
12986467
12987365
12988263
12989161
12990059
12990957
12991855
12992754
12993653
12994552
12995451
12996350
12997249
12998148
12999047
12999946
13000845
13001744
13002643
13003542
13004441
13005340
13006239
13007139
13008039
13008939
13009839
13010739
13011639
13012539
13013439
13014339
13015239
13016139
13017039
13017939
13018839
13019739
13020639
13021540
13022441
13023342
13024243
13025144
13026045
13026946
13027847
13028748
13029649
13030550
13031451
13032352
13033253
13034154
13035055
13035957
13036859
13037761
13038663
13039565
13040467
13041369
13042271
13043173
13044075
13044977
13045879
13046781
13047683
13048585
13049487
13050390
13051293
13052196
13053099
13054002
13054905
13055808
13056711
13057614
13058517
13059420
13060323
13061226
13062129
13063032
13063935
13064839
13065743
13066647
13067551
13068455
13069359
13070263
13071167
13072071
13072975
13073879
13074783
13075687
13076591
13077495
13078399
13079304
13080209
13081114
13082019
13082924
13083829
13084734
13085639
13086544
13087449
13088354
13089259
13090164
13091069
13091974
13092879
13093785
13094691
13095597
13096503
13097409
13098315
13099221
13100127
13101033
13101939
13102845
13103751
13104657
13105563
13106469
13107375
13108282
13109189
13110096
13111003
13111910
13112817
13113724
13114631
13115538
13116445
13117352
13118259
13119166
13120073
13120980
13121887
13122795
13123703
13124611
13125519
13126427
13127335
13128243
13129151
13130059
13130967
13131875
13132783
13133691
13134599
13135507
13136415
13137324
13138233
13139142
13140051
13140960
13141869
13142778
13143687
13144596
13145505
13146414
13147323
13148232
13149141
13150050
13150959
13151869
13152779
13153689
13154599
13155509
13156419
13157329
13158239
13159149
13160059
13160969
13161879
13162789
13163699
13164609
13165519
13166430
13167341
13168252
13169163
13170074
13170985
13171896
13172807
13173718
13174629
13175540
13176451
13177362
13178273
13179184
13180095
13181007
13181919
13182831
13183743
13184655
13185567
13186479
13187391
13188303
13189215
13190127
13191039
13191951
13192863
13193775
13194687
13195600
13196513
13197426
13198339
13199252
13200165
13201078
13201991
13202904
13203817
13204730
13205643
13206556
13207469
13208382
13209295
13210209
13211123
13212037
13212951
13213865
13214779
13215693
13216607
13217521
13218435
13219349
13220263
13221177
13222091
13223005
13223919
13224834
13225749
13226664
13227579
13228494
13229409
13230324
13231239
13232154
13233069
13233984
13234899
13235814
13236729
13237644
13238560
13239476
13240392
13241308
13242224
13243140
13244056
13244972
13245888
13246804
13247720
13248636
13249552
13250468
13251384
13252300
13253217
13254134
13255051
13255968
13256885
13257802
13258719
13259636
13260553
13261470
13262387
13263304
13264221
13265138
13266055
13266972
13267890
13268808
13269726
13270644
13271562
13272480
13273398
13274316
13275234
13276152
13277070
13277988
13278906
13279824
13280742
13281660
13282579
13283498
13284417
13285336
13286255
13287174
13288093
13289012
13289931
13290850
13291769
13292688
13293607
13294526
13295445
13296364
13297284
13298204
13299124
13300044
13300964
13301884
13302804
13303724
13304644
13305564
13306484
13307404
13308324
13309244
13310164
13311085
13312006
13312927
13313848
13314769
13315690
13316611
13317532
13318453
13319374
13320295
13321216
13322137
13323058
13323979
13324900
13325822
13326744
13327666
13328588
13329510
13330432
13331354
13332276
13333198
13334120
13335042
13335964
13336886
13337808
13338730
13339652
13340575
13341498
13342421
13343344
13344267
13345190
13346113
13347036
13347959
13348882
13349805
13350728
13351651
13352574
13353497
13354421
13355345
13356269
13357193
13358117
13359041
13359965
13360889
13361813
13362737
13363661
13364585
13365509
13366433
13367357
13368281
13369206
13370131
13371056
13371981
13372906
13373831
13374756
13375681
13376606
13377531
13378456
13379381
13380306
13381231
13382156
13383081
13384007
13384933
13385859
13386785
13387711
13388637
13389563
13390489
13391415
13392341
13393267
13394193
13395119
13396045
13396971
13397898
13398825
13399752
13400679
13401606
13402533
13403460
13404387
13405314
13406241
13407168
13408095
13409022
13409949
13410876
13411803
13412731
13413659
13414587
13415515
13416443
13417371
13418299
13419227
13420155
13421083
13422011
13422939
13423867
13424795
13425723
13426651
13427580
13428509
13429438
13430367
13431296
13432225
13433154
13434083
13435012
13435941
13436870
13437799
13438728
13439657
13440586
13441516
13442446
13443376
13444306
13445236
13446166
13447096
13448026
13448956
13449886
13450816
13451746
13452676
13453606
13454536
13455466
13456397
13457328
13458259
13459190
13460121
13461052
13461983
13462914
13463845
13464776
13465707
13466638
13467569
13468500
13469431
13470363
13471295
13472227
13473159
13474091
13475023
13475955
13476887
13477819
13478751
13479683
13480615
13481547
13482479
13483411
13484343
13485276
13486209
13487142
13488075
13489008
13489941
13490874
13491807
13492740
13493673
13494606
13495539
13496472
13497405
13498338
13499272
13500206
13501140
13502074
13503008
13503942
13504876
13505810
13506744
13507678
13508612
13509546
13510480
13511414
13512348
13513282
13514217
13515152
13516087
13517022
13517957
13518892
13519827
13520762
13521697
13522632
13523567
13524502
13525437
13526372
13527307
13528243
13529179
13530115
13531051
13531987
13532923
13533859
13534795
13535731
13536667
13537603
13538539
13539475
13540411
13541347
13542283
13543220
13544157
13545094
13546031
13546968
13547905
13548842
13549779
13550716
13551653
13552590
13553527
13554464
13555401
13556338
13557276
13558214
13559152
13560090
13561028
13561966
13562904
13563842
13564780
13565718
13566656
13567594
13568532
13569470
13570408
13571346
13572285
13573224
13574163
13575102
13576041
13576980
13577919
13578858
13579797
13580736
13581675
13582614
13583553
13584492
13585431
13586371
13587311
13588251
13589191
13590131
13591071
13592011
13592951
13593891
13594831
13595771
13596711
13597651
13598591
13599531
13600472
13601413
13602354
13603295
13604236
13605177
13606118
13607059
13608000
13608941
13609882
13610823
13611764
13612705
13613646
13614587
13615529
13616471
13617413
13618355
13619297
13620239
13621181
13622123
13623065
13624007
13624949
13625891
13626833
13627775
13628717
13629660
13630603
13631546
13632489
13633432
13634375
13635318
13636261
13637204
13638147
13639090
13640033
13640976
13641919
13642862
13643805
13644749
13645693
13646637
13647581
13648525
13649469
13650413
13651357
13652301
13653245
13654189
13655133
13656077
13657021
13657965
13658910
13659855
13660800
13661745
13662690
13663635
13664580
13665525
13666470
13667415
13668360
13669305
13670250
13671195
13672140
13673086
13674032
13674978
13675924
13676870
13677816
13678762
13679708
13680654
13681600
13682546
13683492
13684438
13685384
13686330
13687276
13688223
13689170
13690117
13691064
13692011
13692958
13693905
13694852
13695799
13696746
13697693
13698640
13699587
13700534
13701481
13702429
13703377
13704325
13705273
13706221
13707169
13708117
13709065
13710013
13710961
13711909
13712857
13713805
13714753
13715701
13716650
13717599
13718548
13719497
13720446
13721395
13722344
13723293
13724242
13725191
13726140
13727089
13728038
13728987
13729936
13730886
13731836
13732786
13733736
13734686
13735636
13736586
13737536
13738486
13739436
13740386
13741336
13742286
13743236
13744186
13745136
13746087
13747038
13747989
13748940
13749891
13750842
13751793
13752744
13753695
13754646
13755597
13756548
13757499
13758450
13759401
13760353
13761305
13762257
13763209
13764161
13765113
13766065
13767017
13767969
13768921
13769873
13770825
13771777
13772729
13773681
13774634
13775587
13776540
13777493
13778446
13779399
13780352
13781305
13782258
13783211
13784164
13785117
13786070
13787023
13787976
13788930
13789884
13790838
13791792
13792746
13793700
13794654
13795608
13796562
13797516
13798470
13799424
13800378
13801332
13802286
13803241
13804196
13805151
13806106
13807061
13808016
13808971
13809926
13810881
13811836
13812791
13813746
13814701
13815656
13816611
13817566
13818522
13819478
13820434
13821390
13822346
13823302
13824258
13825214
13826170
13827126
13828082
13829038
13829994
13830950
13831906
13832863
13833820
13834777
13835734
13836691
13837648
13838605
13839562
13840519
13841476
13842433
13843390
13844347
13845304
13846261
13847219
13848177
13849135
13850093
13851051
13852009
13852967
13853925
13854883
13855841
13856799
13857757
13858715
13859673
13860631
13861590
13862549
13863508
13864467
13865426
13866385
13867344
13868303
13869262
13870221
13871180
13872139
13873098
13874057
13875016
13875976
13876936
13877896
13878856
13879816
13880776
13881736
13882696
13883656
13884616
13885576
13886536
13887496
13888456
13889416
13890377
13891338
13892299
13893260
13894221
13895182
13896143
13897104
13898065
13899026
13899987
13900948
13901909
13902870
13903831
13904793
13905755
13906717
13907679
13908641
13909603
13910565
13911527
13912489
13913451
13914413
13915375
13916337
13917299
13918261
13919224
13920187
13921150
13922113
13923076
13924039
13925002
13925965
13926928
13927891
13928854
13929817
13930780
13931743
13932706
13933670
13934634
13935598
13936562
13937526
13938490
13939454
13940418
13941382
13942346
13943310
13944274
13945238
13946202
13947166
13948131
13949096
13950061
13951026
13951991
13952956
13953921
13954886
13955851
13956816
13957781
13958746
13959711
13960676
13961641
13962607
13963573
13964539
13965505
13966471
13967437
13968403
13969369
13970335
13971301
13972267
13973233
13974199
13975165
13976131
13977098
13978065
13979032
13979999
13980966
13981933
13982900
13983867
13984834
13985801
13986768
13987735
13988702
13989669
13990636
13991604
13992572
13993540
13994508
13995476
13996444
13997412
13998380
13999348
14000316
14001284
14002252
14003220
14004188
14005156
14006125
14007094
14008063
14009032
14010001
14010970
14011939
14012908
14013877
14014846
14015815
14016784
14017753
14018722
14019691
14020661
14021631
14022601
14023571
14024541
14025511
14026481
14027451
14028421
14029391
14030361
14031331
14032301
14033271
14034241
14035212
14036183
14037154
14038125
14039096
14040067
14041038
14042009
14042980
14043951
14044922
14045893
14046864
14047835
14048806
14049778
14050750
14051722
14052694
14053666
14054638
14055610
14056582
14057554
14058526
14059498
14060470
14061442
14062414
14063386
14064359
14065332
14066305
14067278
14068251
14069224
14070197
14071170
14072143
14073116
14074089
14075062
14076035
14077008
14077981
14078955
14079929
14080903
14081877
14082851
14083825
14084799
14085773
14086747
14087721
14088695
14089669
14090643
14091617
14092591
14093566
14094541
14095516
14096491
14097466
14098441
14099416
14100391
14101366
14102341
14103316
14104291
14105266
14106241
14107217
14108193
14109169
14110145
14111121
14112097
14113073
14114049
14115025
14116001
14116977
14117953
14118929
14119905
14120881
14121858
14122835
14123812
14124789
14125766
14126743
14127720
14128697
14129674
14130651
14131628
14132605
14133582
14134559
14135536
14136514
14137492
14138470
14139448
14140426
14141404
14142382
14143360
14144338
14145316
14146294
14147272
14148250
14149228
14150206
14151185
14152164
14153143
14154122
14155101
14156080
14157059
14158038
14159017
14159996
14160975
14161954
14162933
14163912
14164891
14165871
14166851
14167831
14168811
14169791
14170771
14171751
14172731
14173711
14174691
14175671
14176651
14177631
14178611
14179592
14180573
14181554
14182535
14183516
14184497
14185478
14186459
14187440
14188421
14189402
14190383
14191364
14192345
14193326
14194308
14195290
14196272
14197254
14198236
14199218
14200200
14201182
14202164
14203146
14204128
14205110
14206092
14207074
14208056
14209039
14210022
14211005
14211988
14212971
14213954
14214937
14215920
14216903
14217886
14218869
14219852
14220835
14221818
14222801
14223785
14224769
14225753
14226737
14227721
14228705
14229689
14230673
14231657
14232641
14233625
14234609
14235593
14236577
14237562
14238547
14239532
14240517
14241502
14242487
14243472
14244457
14245442
14246427
14247412
14248397
14249382
14250367
14251352
14252338
14253324
14254310
14255296
14256282
14257268
14258254
14259240
14260226
14261212
14262198
14263184
14264170
14265156
14266142
14267129
14268116
14269103
14270090
14271077
14272064
14273051
14274038
14275025
14276012
14276999
14277986
14278973
14279960
14280948
14281936
14282924
14283912
14284900
14285888
14286876
14287864
14288852
14289840
14290828
14291816
14292804
14293792
14294780
14295769
14296758
14297747
14298736
14299725
14300714
14301703
14302692
14303681
14304670
14305659
14306648
14307637
14308626
14309615
14310605
14311595
14312585
14313575
14314565
14315555
14316545
14317535
14318525
14319515
14320505
14321495
14322485
14323475
14324466
14325457
14326448
14327439
14328430
14329421
14330412
14331403
14332394
14333385
14334376
14335367
14336358
14337349
14338340
14339332
14340324
14341316
14342308
14343300
14344292
14345284
14346276
14347268
14348260
14349252
14350244
14351236
14352228
14353220
14354213
14355206
14356199
14357192
14358185
14359178
14360171
14361164
14362157
14363150
14364143
14365136
14366129
14367122
14368116
14369110
14370104
14371098
14372092
14373086
14374080
14375074
14376068
14377062
14378056
14379050
14380044
14381038
14382032
14383027
14384022
14385017
14386012
14387007
14388002
14388997
14389992
14390987
14391982
14392977
14393972
14394967
14395962
14396958
14397954
14398950
14399946
14400942
14401938
14402934
14403930
14404926
14405922
14406918
14407914
14408910
14409906
14410902
14411899
14412896
14413893
14414890
14415887
14416884
14417881
14418878
14419875
14420872
14421869
14422866
14423863
14424860
14425858
14426856
14427854
14428852
14429850
14430848
14431846
14432844
14433842
14434840
14435838
14436836
14437834
14438832
14439830
14440829
14441828
14442827
14443826
14444825
14445824
14446823
14447822
14448821
14449820
14450819
14451818
14452817
14453816
14454816
14455816
14456816
14457816
14458816
14459816
14460816
14461816
