78
9281
9811
13328
13857
14507
15031
16079
1128414
1129340
1129972
1215135
1266871
1300796
1317048
1317587
1319677
1334742
1334743
1369968
1370883
1437169
1473724
1678872
1678886
1679127
1679658
1680051
1694582
1695633
1697215
1728921
1747507
1763229
1763753
1780390
1782229
1798080
1799388
1849556
1849578
1902351
1917944
1935363
1935886
1937473
1937474
1970998
1986325
1986332
1986867
1987385
1988164
1988166
1989467
2005328
2022228
2022620
2023130
2023392
2038330
2038854
2055894
2056030
2089288
26388016
29665201
37035696
45873978
61774928
63297076
64224843
76156742
89674946
91926701
98276991
99969416
108933021
110949617
119376939
129038069
142599194
148011126
148063389
150053658
150053662
150172613
152420182
152422278
154616392
156848886
157055104
159335540
161412539
161533839
166011419
168036941
168278771
168379388
169611559
170286739
170473030
170627597
172602034
172602684
172875843
174782665
174782673
176719223
177167510
177373708
179465905
179465911
180131119
181595592
183094789
186022062
186092148
188271991
188681365
190759570
190860298
192989311
197503038
202102312
204144746
219778277
219794274
219795311
219797010
219948197
219965734
221990494
221991125
221991784
221991792
221992046
221992576
221992832
222058993
222060695
222232044
222232165
222232955
222282077
224240399
224358558
224360402
224378473
224427216
224478946
224479358
224480140
224480649
224531221
224532799
224584018
224584425
225022540
226555844
226624613
226626185
226729530
226780879
226898388
229028201
229096831
230983363
231053069
231121450
231122356
231171487
231225322
231274968
231276286
233231191
233232243
233232250
233233549
233301683
233421423
233471203
233472887
233473541
233574028
233574411
235480330
235480337
235481115
235481127
235618544
236552246
237932920
237934488
237950338
238037470
239977300
240044246
240045957
240217167
240320518
242360601
242361760
242362155
242362159
242446800
242448890
242465643
242600713
242637515
244471515
244473742
244609074
244609196
244711515
244713352
244816438
246721716
246789693
246790877
246959866
246962233
246962752
248969416
249037128
249104868
249106426
251216856
251318500
251422521
253465335
253465857
253534494
253601561
253654240
253705576
253757184
253808285
253808298
255953930
256598911
257960846
257961371
257961501
258028720
258029500
258200061
258201108
258201494
258202672
258202682
258304737
260209200
260242221
260244061
260244459
260244845
260277069
260277976
260278761
260279425
260345184
260345446
260348473
260380031
260430980
260432828
260451284
260465305
260465848
260467940
260551517
260551766
260552157
260552815
260585429
262457038
262457418
262458470
262524638
262525157
262577951
262595503
262595758
262698084
262698478
262748243
262748257
262750335
262801436
262801690
262833538
262834586
264842821
264895459
266953220
267022509
267023306
267193858
268461736
269201584
269269291
269271129
269323012
269338983
269339911
269441950
269442997
269613820
273765083
273765868
273835172
275945584
275946250
279983812
301149888
302018646
312526730
313889497
326381254
339274564
346428271
361239868
370250692
370994417
372280284
376668269
377382930
402583159
408058232
419869236
426121685
434375313
451780557
458798761
463733718
464700190
471615553
492340654
493976599
502398644
512504829
518761468
520024146
576620032
583057097
585488683
624936063
630977689
633985879
643762387
646078649
646791015
649121278
660442389
662672173
673916255
684688750
690604347
694981318
719726448
769984270
770918002
778766364
789845410
791716788
796672235
813845650
815649146
822681429
839107549
862830367
873054354
879827194
916256559
942519990
969665653
1026638560
1032149577
1052262271
1105370866
1107627742
1114085490
1128187576
1143795921
1144004138
1150431896
1158071133
1164405488
1165450080
1169808951
1176058689
1184017033
1186927791
1204493567
1206370565
1206837151
1215078319
1236930895
1241531887
1262459154
1273164488
1278667818
1288385118
1311158601
1318417515
1338943981
1339378108
1342736754
1354462904
1380862634
1386382837
1387028851
1394878275
1414029146
1418818267
1440309269
1446868198
1475757700
1505213388
1540552793
1545338224
1555861453
1582081457
1598420139
1601082105
1608688353
1610801030
1610801939
1629532161
1649525791
1659665870
1693392248
1714067312
1716630103
1754209482
1766534451
1776102925
1826969884
1849786141
1855660622
1863306409
1865525094
1871559377
1883502912
1889961414
1890874644
1898819283
1901245008
1902368205
1910428594
1923380236
1925881631
1927716939
1945861725
1948088988
1970270002
1977522764
2009769847
2017867116
2047134720
2048015133
2048758703
2054575928
2070022739
2073683306
2078879579
2082568285
2086147483
2096425342
2105548307
2124260143
2124901185
2125849679
2138940135
2141621905
2141926898
2145113948
2145260739
2156934844
2174016038
2180213449
2190126230
2190183867
2196796043
2202993531
2211466454
2211856541
2222839908
2225509788
2269684709
2270116684
2272008402
2283150521
2286380870
2290157480
2296656165
2308372148
2310668711
2313808807
2313824247
2334147379
2341599169
2386689677
2390696568
2415525987
2454250181
2460513374
2480257576
2491063706
2491670445
2491724523
2494864459
2498467334
2500852203
2518733965
2566457139
2577453387
2580007994
2605226689
2609629119
2657820855
2662362764
2664237829
2674870225
2695636062
2696094054
2701009987
2704003964
2737606234
2743109055
2748378651
2772100306
2774147492
2782486446
2788055694
2793314639
2802450430
2828806902
2849994075
2852710097
2859542382
2862459911
2875378479
2883111105
2884553749
2891329135
2896309050
2921123433
2932226135
2934637416
2955583116
2966913302
2969663405
2992483112
3011866449
3021583466
3022877900
3051010136
3053763396
3058047337
3062215398
3071747217
3079205780
3094169434
3116173514
3121489600
3122496556
3134955924
3141075955
3142822037
3150452817
3153871650
3161315303
3177398113
3188621509
3230106721
3235142196
3237731523
3280001029
3289852442
3310411577
3332702000
3336335098
3338798144
3340077740
3349442673
3373001594
3385000923
3386897482
3389472062
3399489110
3429246288
3457303274
3464672706
3535051225
3536751763
3536973143
3558403099
3559164147
3576312008
3577620673
3603700976
3609270173
3609960541
3610688724
3617037476
3627802414
3628804205
3632119233
3653595638
3653918122
3669511501
3676639939
3689904089
3690246264
3702478928
3705991721
3717469225
3724759523
3733810693
3734783950
3736357549
3777681995
3787059141
3794073490
3802807729
3821686872
3828772741
3831676986
3843708396
3848545539
3851233667
3855113374
3864556851
3908756604
3909105624
3943191380
3945242294
3992396697
4004757472
4009471505
4020626154
4020627058
4025140790
4035793564
4036279082
4048594778
4054314902
4056562998
4059117759
4063993302
4085256552
4093205331
4109996957
4109999584
4111738727
4125517853
4134378573
4142674299
4144682961
4155805981
4185635373
4197939243
4198179884
4204794290
4205773385
4209275936
4217053815
4220996012
4226935335
4241407803
4280172779
4293921445
4299461557
4304390462
4319310351
4322072279
4324482835
4383430680
4395921145
4423956781
4438624862
4441705005
4454663560
4459632141
4470073745
4470110352
4473181914
4474461887
4504454773
4535254955
4559215170
4578640318
4580423893
4580477010
4583924652
4597258227
4613269325
4681357071
4683255824
4723086710
4725335424
4732543270
4737379409
4743795616
4744841757
4752983568
4783032299
4824885198
4840200628
4840621644
4841235572
4844037120
4859116830
4861940651
4890504848
4903413016
4907730675
4911406693
4915287501
4928932734
4965113213
4997880114
5026935368
5035811005
5045845812
5057756869
5069029559
5089143211
5095806733
5109955144
5118111630
5135820996
5137812604
5181230440
5182818986
5185052803
5187299580
5187856750
5203423301
5204971829
5223356930
5223809665
5231615993
5270048323
5280314111
5288368807
5303369679
5313609523
5313991574
5322546293
5336342792
5353827674
5360839363
5366413220
5381054440
5383363711
5390475095
5394964143
5398111145
5411961288
5412956036
5413181076
5420832243
5423684364
5441348415
5445051193
5445459327
5474577894
5481660182
5493077988
5501788925
5509962532
5541660092
5544620877
5553887240
5557499523
5562641983
5580418740
5580486322
5584241186
5611643786
5653623834
5668148264
5669252750
5682100978
5682101886
5699656728
5707783055
5717525167
5734883305
5744882893
5745619675
5755672293
5777396051
5778056538
5784365629
5786264197
5796358128
5797817711
5823679690
5829484953
5841375101
5858835042
5929320732
5935465073
5944444894
5949216255
5953511167
5960310596
5976758161
5986060362
6012883143
6022537479
6023615374
6032340011
6055636305
6064389896
6077560245
6077664907
6077853032
6081004267
6103416116
6106752547
6113652972
6122694714
6122696302
6190380590
6193423307
6210675588
6221575320
6232851662
6245344210
6266379574
6270924743
6285467496
6305879200
6323601398
6340234301
6347437091
6374360790
6382673788
6390080670
6396789175
6396960779
6397012790
6397082731
6405953143
6406074309
6410485083
6414317934
6418104004
6431518707
6443953144
6449575805
6462767771
6466126114
6475228601
6490405348
6508091460
6511877071
6528091199
6535611600
6537398438
6538715303
6547914783
6558538865
6563211426
6571119803
6574580041
6576735832
6577510786
6583876948
6587005840
6596857355
6598915895
6599053962
6603584476
6607994333
6621538668
6626157896
6628832295
6634902251
6643948327
6646629551
6651726397
6694083862
6699818726
6711125451
6735958476
6736003889
6736508019
6742229508
6757036020
6773198459
6784096443
6787718034
6794405618
6798201508
6820637412
6824851172
6858531474
6864990545
6878020462
6892667889
6897156276
6897439693
6902009627
6906899461
6914317207
6926834843
6951055924
6965651264
6990547352
7043434536
7049333780
7081265785
7100616381
7105503436
7121521932
7174576252
7183652470
7202592583
7209452774
7219085215
7240078001
7247368782
7256556010
7258471791
7273632786
7280442866
7284124934
7293181593
7307143632
7308482154
7328286820
7331939350
7338813943
7346252411
7354995292
7361578944
7375517698
7406002545
7414222934
7425097881
7446666587
7457120689
7488186230
7496736290
7498359531
7498375916
7498462386
7511883336
7511985495
7526120246
7528848809
7547128344
7562431075
7576288277
7582671507
7585019851
7637287777
7647625564
7662602690
7677099394
7680696964
7697364168
7726051357
7731337495
7732791052
7758854936
7759217140
7780228796
7781984464
7792838960
7839718132
7840025003
7841014669
7846511860
7849891424
7867637375
7910569513
7920583178
7927916686
7938548357
7940155958
7948124433
7949219586
7950306481
7974462179
7988340894
8001846614
8019389949
8031939030
8051136183
8063196394
8137288978
8143524034
8146340124
8146686768
8153076301
8159414474
8170988460
8181878889
8189219675
8225002071
8226961355
8240714814
8254417471
8279005810
8297606378
8316846004
8318236206
8320544072
8327421974
8335164716
8337264568
8364033698
8371393668
8393098186
8393115875
8393304112
8397256193
8411166337
8442023041
8460204940
8463866456
8465717621
8483998680
8490124154
8513646787
8543169888
8550977399
8551609475
8566045673
8608509682
8635309154
8648763110
8702317754
8719698898
8721196788
8722483735
8738764883
8747580476
8752315032
8760316654
8775341068
8775406454
8803243361
8806098161
8810397916
8817932496
8823100461
8833778764
8841185418
8852341688
8859126504
8875929700
8886803992
8891547085
8896817255
8928132079
8928374316
8947057598
8977935600
8985564587
9000802712
9007839077
9013671511
9022612372
9025178000
9025451143
9031534658
9031551812
9031604736
9031759185
9031776753
9031862413
9043367743
9043470719
9045229666
9050433152
9079382147
9079382796
9082792635
9085536216
9104399774
9106016960
9111231390
9119630009
9142855215
9152088680
9159916130
9174057649
9180777345
9185278286
9209419485
9222550720
9222687208
9227398443
9239329957
9240032205
9290730037
9307065630
9319496564
9321962071
9321964036
9331041487
9353333156
9382341259
9388651303
9392155316
9399419401
9423662914
9479048270
9484050114
9489910709
9496436172
9516398951
9536303828
9548936671
9564244070
9580328308
9581796380
9582957599
9593757560
9600968379
9601138682
9603214649
9605669202
9616806170
9618049233
9619124730
9619616522
9630245700
9631199367
9636912225
9647626908
9648527423
9659091605
9660387709
9660789586
9704417267
9735659546
9744454070
9746043581
9773735741
9786883407
9794130984
9806910963
9810253581
9811972086
9816715566
9843770764
9852196715
9857677752
9860549817
9874680722
9880748522
9882812375
9900742910
9907695818
9908359324
9913796226
9926396701
9930572173
9933543149
9935473709
9936194897
9937336177
9971467170
10005576576
10009456276
10015249957
10018994159
10027901354
10029757772
10036281091
10044953190
10053033363
10057981873
10086486065
10100347872
10105671562
10142053274
10144997450
10145515205
10148820004
10168657712
10170003305
10181336932
10270101342
10278827132
10286030605
10300300371
10315843470
10333479009
10340862666
10345194555
10350440765
10358686802
10368006175
10372154427
10377516105
10382572384
10384912018
10385201536
10385875959
10391107619
10394340013
10400110747
10402663566
10403694635
10431938503
10435948985
10457585628
10463146874
10485805011
10487210095
10504326524
10513290836
10521239707
10541727121
10550127021
10550949507
10551602313
10551863860
10572681294
10586606745
10593508848
10614563354
10627062300
10632186015
10632995435
10643718888
10665391253
10670777541
10690466615
10700864340
10718115819
10750527494
10755934101
10760153303
10760965925
10761032989
10761308874
10763298777
10770560087
10772763748
10779017727
10779086628
10779189334
10787942877
10794720028
10794754885
10796865596
10797175757
10797225557
10816094340
10818778073
10832813318
10848864195
10849976540
10856896271
10865304314
10866567443
10929860378
10956852780
10959767043
10961228008
10964010519
10982708823
10984404259
10989511921
10998283100
11018421471
11026098195
11039705786
11048702280
11050821106
11050951273
11067934084
11074267442
11111493186
11115877825
11120896500
11125679543
11128178876
11140417404
11142957490
11167246120
11187697683
11190718015
11205173833
11248006197
11259921973
11260880449
11277038012
11292080827
11292209486
11294547195
11305735760
11310942825
11333382213
11337654619
11338755320
11383339561
11396671128
11442383070
11442861608
11465122435
11477738510
11502679670
11514368266
11518810342
11535595726
11587769292
11592734040
11610852533
11627554381
11637133883
11643629862
11663578657
11665730393
11682683161
11684863394
11706016541
11710281510
11728350500
11732524950
11741593012
11760485274
11769122598
11782654957
11786949548
11839161209
11860309827
11861582124
11866345959
11880591538
11886620876
11888159002
11889676770
11907125886
11908271436
11923920517
11929694718
11945567209
11957000252
11957226681
11957933132
11959158721
11959718050
11959718566
11960063416
11966079859
11967973342
11979310065
12009062797
12013385010
12020367458
12042740410
12058328167
12067196787
12074712694
12075513985
12091482353
12092698208
12113239948
12113942208
12119238368
12122709741
12127989870
12128518072
12131774949
12147984674
12164960532
12180487597
12191366825
12208189380
12225100548
12231039246
12238990024
12254728233
12262886561
12265967746
12276085449
12277069375
12289944523
12315202013
12374159800
12382099171
12388758302
12391510141
12394199541
12417649365
12434569130
12440983549
12446011740
12447367924
12461302823
12496160893
12508441879
12528372593
12531800041
12537967941
12549895894
12552053958
12593362867
12593425569
12596488995
12611475684
12612170775
12631483748
12632903276
12633040516
12636531148
12643568022
12658132681
12676475807
12687771427
12696862032
12699041485
12709310447
12720681231
12721573348
12749902087
12757165624
12809933143
12815738162
12815771538
12816029353
12816080436
12816150386
12818136105
12821702346
12828626154
12833824164
12833824166
12848878885
12849139495
12851212781
12854294592
12871543754
12874975015
12882722926
12887607860
12898471243
12899381018
12914942572
12918756781
12918915847
12926264956
12941045056
12968154998
12970993977
12974295241
12976051433
12987477132
12990310880
12991113095
13001096403
13026510823
13027838578
13058898080
13063984969
13067640511
13070003383
13086217896
13101641895
13101886673
13106521342
13113003962
13126999504
13139554857
13148478192
13176717723
13188749236
13209348137
13220585645
13242382216
13293855395
13312590630
13325054990
13332256384
13335368643
13340924235
13343945124
13352339499
13354632225
13357005816
13369740770
13404464736
13404533007
13406275695
13409011766
13423871942
13427183416
13442869890
13457680870
13459590552
13460711939
13472349477
13481763644
13546180279
13555529327
13574447367
13583829700
13591652888
13595131936
13616274782
13641302942
13641609877
13642628393
13657227967
13671367546
13701485974
13708248385
13712231905
13714768784
13744391683
13751131315
13751921428
13766763675
13766765263
13769949582
13784435820
13785711562
13863317088
13883618678
13883872157
13885957625
13888106512
13889370891
13899738044
13905504436
13947070182
13959365357
13960142658
13963736323
13983232891
13987730803
14005006107
14009128415
14016333066
14021468175
14027373672
14030448115
14038825539
14040100631
14062628799
14095381895
14096233756
14112888729
14113569666
14113617664
14113754952
14119753918
14119806982
14126324456
14133434551
14137618913
14147034449
14151848365
14152858524
14157286729
14195368453
14208645348
14221126653
14237004552
14247886475
14251962680
14275699604
14302959967
14306915470
14310334726
14324341073
14357342520
14358301485
14379257239
14392431548
14398083732
14412218795
14438496476
14445231682
14447124839
14464822612
14478512681
14492935668
14512299867
14573881712
14582942550
14600739424
14606136861
14610306839
14614192583
14614415683
14614432985
14614434164
14620093127
14621674078
14621968039
14637735021
14642739003
14644163421
14655691517
14692603588
14692669321
14725977476
14743811886
14748870466
14754369787
14764121726
14764372467
14768703622
14777853699
14790600709
14822797528
14840875347
14859660323
14882597051
14915916257
14922131607
14927614276
14938190012
14941334093
14942822831
14947216841
14948041459
14991100614
14996142369
15014873303
15022240267
15037978601
15038463526
15059960756
15068796599
15068796738
15086969050
15090779533
15119254957
15150023405
15152494171
15160794247
15184875365
15226401545
15243597667
15245232643
15254697751
15268111970
15268697633
15270583304
15273162547
15273162561
15287558570
15291278982
15295020942
15302735058
15312165920
15321240164
15326719887
15391291375
15393096009
15442197075
15461025733
15470887122
15476148665
15490967596
15491119941
15493453838
15495547480
15506856578
15530373941
15540658179
15544550454
15555181156
15555717144
15569836002
15573583127
15583322408
15588260778
15638656599
15648796519
15672886041
15689892983
15690862020
15693109512
15705049176
15708838618
15709916780
15712372863
15719615480
15723448034
15749046792
15751058302
15755187290
15755793030
15762599120
15792118975
15796955399
15797991076
15852776217
15856442449
15888464014
15888612877
15894258586
15902133099
15920684905
15920752252
15929677407
15937859570
15943302448
15945412989
15952157916
15952345660
15959142451
15967895732
15967895867
15967962820
15972606861
15981623590
16007017270
16032192006
16034591893
16039336645
16044147049
16045700103
16064016839
16090456398
16091151332
16105140806
16111867352
16123174227
16130064690
16145465783
16145696919
16150554264
16154372945
16168337401
16174647811
16209726617
16231212413
16243928600
16257529722
16266822613
16281561994
16324536500
16330153111
16334182145
16341528678
16347158348
16352119000
16355936590
16361933844
16375347561
16384625624
16396547351
16405412942
16429201826
16433973306
16460517151
16466508723
16472215198
16508523275
16519218004
16530325948
16549964101
16560048727
16565377379
16565919253
16579001564
16587755466
16588999971
16611226165
16615278483
16630118506
16638371719
16638441266
16653848930
16653985434
16659542296
16662588296
16680882485
16681701346
16684993034
16684995661
16693005107
16712874974
16723404980
16723695554
16800499355
16811678261
16840077835
16853185987
16853932335
16872251500
16883340597
16892770923
16927282803
16930663955
16930900436
16943019215
16949884629
16950363794
16969973239
16973721234
16976386427
16983682043
17006973944
17008612372
17010233970
17023910641
17025632200
17025632709
17035994018
17042334956
17042452987
17042675554
17042832081
17049722036
17057379004
17058927691
17060548149
17073937711
17093504049
17100384616
17112231085
17119176547
17150155277
17155847241
17167763508
17189173801
17193713311
17215276870
17231849997
17250157638
17259857164
17267331633
17294376985
17303475990
17312293056
17340379376
17369707070
17391218820
17402843423
17404114681
17418210069
17427009979
17449521261
17482054733
17503383682
17517422171
17526619153
17542198778
17562600007
17564489055
17568589053
17569913894
17580089009
17584495925
17604465386
17610077791
17617273823
17622857060
17633363174
17637789795
17651045894
17668539976
17679041494
17693548538
17707037084
17710132373
17720020249
17721711322
17734766121
17741676088
17761769101
17769991870
17773620662
17774653030
17781494532
17789054170
17796567434
17820890612
17821181506
17822951100
17823846731
17848120653
17860193858
17892420129
17924361611
17932175816
17932303281
17948925546
17951414242
17957306284
17965614401
17966931703
17973905375
17980941729
17983262058
17984778013
17985959133
17991956359
17997304945
18015323537
18022747643
18035233398
18039673529
18040165806
18048909885
18049006254
18085583599
18085627338
18086901248
18096179820
18122782755
18124935681
18131746395
18174049941
18176280365
18189666450
18212011790
18218977952
18223398824
18252861185
18257325017
18259949864
18268952581
18272972299
18286361306
18308787358
18311395187
18313827413
18314591431
18315843681
18327082903
18361864412
18381651748
18391737932
18398521217
18405266813
18428835423
18460762418
18480399946
18480697396
18482174518
18484063720
18536866454
18549677998
18559192316
18579834054
18582845300
18608153520
18610392890
18644695640
18650493201
18687057477
18698843655
18712052327
18718550096
18745260915
18760505819
18761083530
18762634576
18776232846
18776932362
18783738289
18801793208
18808837369
18863579872
18894185855
18901716939
18910367068
18914965885
18920542355
18920877501
18923104038
18933870002
18934133884
18941764048
18967386298
18987295511
18989303813
18995347955
19000622289
19005879425
19010434703
19033638475
19034282865
19044050255
19050547892
19057397129
19066843411
19071754953
19076087650
19119339492
19122977847
19156126544
19176016043
19189555425
19192286910
19201276109
19203793543
19205027758
19205150153
19245681556
19247079878
19275690347
19282096512
19288954016
19295303331
19296226005
19306146432
19314619314
19323203632
19334434763
19367026866
19370374682
19379771587
19380428301
19387020235
19391567900
19391771729
19399495976
19399719009
19400592483
19400626271
19400925287
19407233268
19410788320
19418179568
19433177590
19443460440
19454942161
19462192219
19476284701
19520673969
19524708651
19542172740
19562886309
19591326026
19606040764
19620042762
19633142182
19641175725
19656772422
19660377281
19670078945
19671544291
19674895217
19683047659
19688502058
19694955375
19695299518
19698607607
19698652151
19702027291
19720092058
19722045758
19759601467
19763848704
19768122961
19772740199
19774832648
19784012875
19788360735
19793199702
19795331129
19797681675
19799929766
19827114817
19871068387
19871171621
19878810197
19884177424
19897863725
19911599387
19916060715
19930418109
19942606301
19963627637
19967111417
19969012984
19982746403
19989694775
19995286587
19996270170
19996903019
20016899204
20032070825
20039976974
20095719722
20096876481
20120758677
20123616588
20162358842
20189213816
20190851780
20240926030
20263775725
20277623459
20295608052
20299640537
20324601428
20340946775
20350546103
20388709286
20392508252
20397184562
20402251527
20404539783
20408588712
20410736932
20411568500
20413911979
20424682741
20453363281
20464234132
20471646748
20471871078
20473968899
20485753185
20498152156
20514544883
20522549715
20527685431
20540899445
20543400580
20570180260
20570402218
20570590995
20572598759
20572635368
20583760094
20592798807
20593649877
20602116280
20608635580
20625137553
20642350856
20655373473
20658256808
20663038180
20666445423
20667796066
20683289503
20693753583
20698390702
20709266716
20717301537
20725375392
20725890145
20728035375
20728036277
20739000684
20742605869
20753406895
20764242324
20784035704
20787848804
20790951276
20795187244
20798043413
20803786106
20807574837
20808274364
20811044737
20823134349
20826169189
20835030821
20843918919
20846795239
20855329290
20864075292
20878917120
20925973655
20932668177
20942897427
20961590894
20966543053
20973673522
21007263112
21013319582
21015256337
21026286166
21029806565
21040780739
21060304511
21062458714
21067469777
21078399490
21089135619
21094662418
21113280592
21129563615
21129582086
21138436507
21140697180
21142814005
21143341467
21145279181
21153301396
21161911695
21162939099
21164571545
21171942780
21174490209
21176106404
21179300133
21185572406
21192278543
21192920513
21204242881
21218984030
21255584100
21257638018
21262787789
21303030939
21325288510
21330042677
21362756493
21368873925
21388521963
21388978984
21391232390
21403480792
21412244213
21422859477
21423753856
21432918485
21433022247
21434828639
21435449644
21443499956
21456785756
21457014458
21477939921
21492392717
21507124110
21511221566
21521761941
21521805359
21529836965
21531711515
21534456087
21537647105
21550861305
21557659658
21587498147
21603682113
21610512054
21617549460
21619074817
21631792908
21684395454
21743207060
21755926948
21772941115
21796911143
21819500398
21823715245
21825038719
21825178377
21836558515
21838666011
21866584550
21872199852
21880590222
21882593308
21887328003
21891944312
21919743056
21922673310
21934800911
21940588286
21953266681
21957334932
21972810779
21980162911
21989192394
21992151977
21998344184
22012942876
22044329816
22045270885
22054831182
22056939184
22086953191
22107128659
22110718931
22113301202
22130867258
22134618133
22148455804
22149236390
22152473441
22156125235
22180850594
22184300029
22208075279
22216126844
22217417731
22232405167
22234091143
22237416108
22241900983
22245219181
22258009909
22258721234
22261556038
22267835094
22268044173
22302242905
22305500055
22307375197
22313050287
22338848592
22340591356
22352546189
22371475961
22371475981
22373136227
22375384728
22375637280
22377581565
22383719039
22384921087
22398242581
22399785513
22428358562
22445371823
22451385161
22464057831
22475230818
22498618775
22512830575
22512988760
22521543307
22533204769
22568340453
22581312899
22610868392
22633329662
22662482777
22665168872
22665175231
22678722453
22684559323
22692677265
22700396609
22711456386
22723855043
22732681354
22744956578
22772811115
22785357142
22813839136
22840514451
22846380452
22855901303
22859980297
22896068583
22896288696
22896528171
22896529226
22896665583
22905555649
22914222473
22914409677
22914411105
22914975034
22915899276
22927762758
22927918009
22928003538
22928020968
22937216753
22941492361
22944519388
22952366204
22956186359
22960811837
22981377092
22987167749
22997635390
23005201037
23020161428
23040117504
23042955993
23057674753
23060794961
23064595814
23073570198
23138067089
23147047074
23162295088
23168210296
23187797683
23199883300
23201339295
23201876212
23212862348
23222288237
23230327612
23245001526
23245937672
23261211098
23262921833
23278800203
23295464432
23303813283
23308309410
23322021857
23322531344
23330077767
23336039436
23336043418
23338501796
23350416968
23352769915
23379293872
23384847331
23388095370
23399123357
23416453019
23417108871
23426192060
23449778522
23462168262
23467423912
23481178936
23481496891
23483542481
23488365002
23525105932
23527780045
23528361610
23532790579
23534496314
23551228066
23557278401
23568239924
23584759559
23588607363
23618810227
23619685896
23628373886
23632085480
23632822375
23653486255
23658199278
23666407224
23670247743
23686301946
23694189675
23715095558
23724837507
23726409980
23727873545
23759594919
23772249914
23779787804
23779925241
23779927188
23779959031
23780029892
23780080589
23785242610
23788953112
23795714391
23797909951
23801515791
23804467437
23811382658
23818185866
23843344539
23849474157
23860305813
23866802888
23867941245
23870657934
23871254589
23882128325
23900027232
23906943647
23911791157
23931061531
23939923067
23943982780
23946848338
24008610836
24023202440
24034902392
24047998906
24063242385
24066363675
24074045754
24080446600
24081809485
24081878649
24082139831
24094981960
24115751532
24131465609
24140493223
24141122237
24148493150
24153963239
24165795315
24204027418
24212537479
24248480236
24259169051
24269232856
24269626564
24270271087
24287872217
24328883922
24331546456
24351005189
24354274176
24365643321
24368839673
24373596036
24378071889
24379724626
24380339769
24384121172
24396194852
24418057744
24430225920
24430775762
24450261457
24454639733
24471593776
24484994501
24527368955
24531532626
24534884934
24541409312
24559992893
24577279025
24590906767
24595332002
24598184382
24598822055
24613506195
24613616809
24625772800
24626550990
24627638806
24630259413
24632076216
24650412901
24652809859
24652877441
24655000635
24657983913
24659864217
24663252863
24663427213
24663459070
24664093185
24664917347
24672487967
24683116884
24684111328
24687195859
24695054681
24706680127
24708002547
24712696190
24714433266
24719219452
24735665981
24750013870
24751229117
24777790740
24791737903
24822106854
24829975306
24848377094
24872698171
24877961260
24892118191
24902887212
24918819868
24947844291
24958061688
24958062213
24963335341
24969942833
24975927979
24975945144
24979493232
24984534307
25015544542
25021106348
25021148719
25021698970
25034609496
25057078865
25059690471
25060952230
25070650678
25097630178
25101627793
25106251664
25112952687
25124755106
25133988911
25152324234
25185994648
25221240450
25224690608
25241266203
25241403511
25247502584
25256852370
25259777206
25262751183
25264986038
25287509123
25289875110
25297472420
25297745786
25305195637
25308425352
25308455503
25309523075
25326152111
25337763811
25345404953
25348726880
25353233883
25357542062
25381922292
25391134816
25433564615
25466419835
25470723037
25509963780
25533137378
25539341521
25539933004
25546958813
25564943541
25566104249
25578314325
25579126111
25585888628
25591124235
25616948629
25622229504
25629769224
25637877432
25662520167
25673924964
25676942485
25677024863
25698540723
25701927725
25704223229
25711720144
25728809289
25746397736
25758677697
25775158130
25781441211
25781779679
25794708883
25805978804
25826534257
25846104147
25850418875
25882464486
25884372375
25892886009
25897099741
25907040594
25912991506
25950084643
25959428671
25972421438
26006805599
26009411694
26025529953
26040926909
26046393257
26050463498
26052992699
26066234204
26076670961
26077649559
26084774086
26106324753
26112562847
26140961280
26151107137
26161582508
26169739809
26170404461
26173700060
26178676186
26178858996
26191363742
26199767297
26201525323
26208183944
26227496771
26233948615
26281094602
26286805339
26296344722
26310298628
26314675619
26342382440
26350410177
26355307591
26361075713
26368025953
26375574661
26375958518
26388944267
26389730604
26391328729
26411280259
26412820260
26413662545
26418622797
26419122775
26424405234
26425172319
26432009729
26434206414
26457485296
26481279073
26520096062
26521281781
26522001893
26535269728
26549199391
26565598685
26576769324
26613003716
26619178334
26632855706
26633995794
26644891864
26659063927
26720800330
26722413988
26730886990
26731181642
26737198737
26739099397
26756518882
26773875916
26780705503
26804063225
26821983538
26825014580
26837689111
26849603255
26850320594
26853602762
26861646852
26870013363
26874696116
26877314845
26877315355
26877332530
26877332910
26877606582
26886342455
26886436259
26891095124
26893189674
26895265500
26904015537
26933507700
26934971489
26973505532
26985118256
26986929497
26995634666
26999853427
27004282335
27007863146
27010257308
27010892614
27021526045
27023360067
27033476506
27033801765
27037085532
27048472094
27071328639
27085755901
27091665606
27106771953
27107063306
27118134094
27151089827
27153228180
27176141075
27182434280
27213785492
27220708008
27242719646
27248819337
27281328541
27283889253
27285919518
27294428851
27304975136
27308264833
27310917375
27314959727
27315666002
27332206092
27333774466
27342558730
27346935675
27373365157
27394111807
27397087703
27475821912
27485820756
27487689628
27519118074
27532560225
27607212972
27610131750
27620204326
27622024216
27643338973
27647404820
27675529051
27696909371
27704313696
27720756795
27727157371
27735419234
27743794792
27748579743
27758359489
27789712624
27790547022
27790615660
27820295680
27829828030
27843245619
27843483567
27863351438
27866075197
27879979542
27880217273
27885188549
27891318353
27894122660
27901786584
27910272867
27911119522
27945801538
27947581048
27965680833
28028543887
28030690446
28030896116
28031942697
28032801249
28032850780
28032867672
28037433678
28037434457
28038175731
28039683072
28041793751
28042033218
28050923149
28057734756
28059967251
28060018479
28060033790
28064274523
28064411027
28066589292
28066641311
28068770442
28073404437
28080804099
28095324058
28099226569
28113657115
28126410781
28152238885
28156316724
28179260109
28179279091
28185832765
28195156912
28215160561
28217479271
28220619554
28225047098
28228163874
28231412239
28233444361
28255515139
28263142928
28266363607
28274888772
28285452228
28292468006
28301553633
28330333216
28332535465
28352161462
28377669519
28387167350
28392767734
28395558222
28400589114
28432654721
28435692007
28454298016
28503315186
28513872132
28515148893
28528384282
28531010766
28546264136
28553688879
28555325887
28572483944
28590323122
28597436193
28599114467
28601242536
28620550957
28639279432
28643690219
28685535608
28686659335
28710755182
28718166547
28754441229
28774834299
28776071358
28779262379
28781876294
28786512365
28788485044
28788723327
28788723989
28788725569
28790972465
28791057887
28791076480
28792972825
28793030882
28793117993
28793323538
28793324446
28797475306
28798735037
28799828348
28808785457
28811034202
28811067613
28811172141
28811292278
28812439011
28813454177
28813555169
28815461340
28815768683
28824454629
28824520787
28824591782
28824762475
28833515386
28840431661
28842356115
28842679607
28857655770
28868157586
28880096232
28885063928
28894367306
28904574547
28906969421
28909290667
28909643246
28914528070
28917447551
28919394722
28940112919
28965019996
28970826847
28979101902
28989545086
28994608787
29016923576
29065134290
29069110650
29079513880
29079515714
29080768842
29081061092
29082585550
29086386666
29089728466
29089728597
29089778899
29089864424
29089915665
29089917497
29089932815
29089952328
29090036296
29095550626
29098805580
29099062269
29103222017
29104540769
29105464821
29105808449
29111284342
29112259804
29112310759
29112448451
29112585863
29115664406
29119023193
29119092641
29125731585
29125835991
29125989373
29128536847
29134877483
29153571864
29156918553
29159024109
29159415941
29167431111
29168056975
29168331570
29171016931
29172482139
29181789218
29182542109
29185903097
29189264641
29191004562
29193168109
29199347280
29215621222
29217646220
29229909760
29234561204
29238067284
29244521246
29245042759
29251506694
29253115928
29268030674
29277619545
29316653128
29316887828
29325952072
29336016479
29339027699
29352071622
29366284281
29375391509
29375491865
29375492369
29375493689
29379203647
29384365524
29384519576
29391039723
29391108881
29391316777
29393580595
29399965001
29399965674
29406582571
29406829673
29406999449
29413454867
29413591758
29413692500
29437856806
29442192317
29448158010
29451047512
29462557015
29486131326
29489020476
29508811692
29513039882
29516098165
29521841229
29527877071
29528876557
29548001238
29548341675
29562653803
29583139974
29593662756
29594209310
29627199533
29669751664
29669838124
29669874387
29670045628
29678727777
29678933711
29678952167
29678952318
29679018456
29679628687
29698555210
29701431243
29701499360
29701500407
29701585705
29703879870
29705309570
29705958591
29706878883
29708022916
29708194904
29710230851
29714713484
29714731431
29714990156
29723602480
29771468565
29782365706
29785522463
29795583919
29810355216
29812706010
29824458188
29831342610
29833643186
29835192232
29844402279
29859405019
29881389181
29906672410
29927721004
29928224461
29930559661
29933488052
29939533470
29955910596
29964356095
29971247400
29982425470
29988964331
29992694469
29993511476
30000546956
30005028197
30011346348
30015940643
30016268648
30024043406
30038306666
30047015390
30047908105
30052603010
30076539325
30077113388
30084491582
30087469539
30094919837
30119401950
30123065282
30134848722
30144893877
30162909194
30174244546
30186343538
30195999877
30204847556
30229656792
30235280085
30238665777
30245949602
30252729968
30253120852
30255737775
30258924426
30259063131
30270485275
30276771191
30276789268
30276942280
30283464525
30283705810
30290241797
30290466868
30290499991
30290500777
30290552390
30296952795
30296953313
30296954632
30296954894
30303989598
30303990902
30303991026
30304005436
30304007421
30334787215
30350767529
30376893292
30380012555
30393516176
30394399257
30399962731
30408406713
30419379333
30453871445
30466613469
30469563147
30472235677
30478723158
30505636106
30517311012
30551303267
30553424347
30553424731
30553441093
30553441639
30553562021
30553580610
30557598888
30562262121
30562433979
30562452188
30570242675
30571323658
30577965488
30580052526
30582461659
30584930481
30585053118
30588111986
30591797254
30598197648
30598282415
30598403328
30598506270
30620426596
30622872702
30649965250
30661225220
30695426196
30718942553
30743449454
30753217949
30760777716
30776046022
30790427200
30804392970
30848045443
30848094954
30848163598
30856727840
30856983828
30879396625
30879449025
30879466710
30882427406
30892598020
30900535803
30901410098
30901877517
30908101735
30912875627
30913153347
30914804685
30923103601
30925406050
30948125476
30995972536
31000313741
31011554704
31016273469
31020701009
31028189348
31037254929
31038989981
31046324850
31076855920
31088989125
31094297118
31094651283
31094771161
31108278820
31119496635
31119519285
31132243706
31134711370
31139605106
31144329132
31166782921
31167100253
31169408299
31178751913
31182890215
31183009021
31193894863
31194223335
31198063904
31200892584
31204821722
31213587280
31218246673
31220973486
31227616230
31228112708
31231726895
31278338820
31301080673
31302125812
31316045529
31328752632
31336716693
31353138754
31356166227
31384363918
31410419077
31413291206
31413795584
31413796113
31415401303
31420006212
31422410616
31430889454
31433304889
31446104315
31447022644
31449765086
31455011125
31468054027
31468379299
31469247086
31471359271
31473099601
31476001009
31479198490
31481798671
31481901771
31487146868
31509091633
31512259368
31518165971
31523983635
31527019856
31531324308
31549631879
31553142371
31560302232
31568179258
31568905584
31581983171
31587131390
31595763854
31616355739
31688817103
31704164857
31709541285
31713156184
31731353939
31731457674
31734574635
31740295072
31754743774
31757929496
31760460947
31760596291
31762930968
31769451353
31769452016
31769452914
31776384396
31802992280
31806503602
31812746965
31911902618
31925077322
31935738532
31989844943
32006996735
32026026243
32026026514
32026045127
32029456468
32034728855
32034830113
32035069576
32043789453
32043890591
32043926758
32044045044
32044710119
32045940790
32057259263
32062184213
32064194911
32084882821
32086501546
32092823482
32100230150
32108294431
32109549760
32118146823
32128340667
32149345396
32165682147
32174053403
32178301904
32190173517
32190723671
32197106146
32205784875
32206355723
32251631414
32257981916
32282305588
32288779317
32293403156
32294384455
32294472508
32297359694
32318450374
32318481764
32320371342
32320423466
32320439700
32320457257
32320458195
32320459368
32320526164
32320526440
32320544897
32320559704
32320560757
32320562074
32322296704
32329262170
32338408053
32338527804
32339949923
32352084994
32352085505
32364011130
32365384776
32365419340
32365488659
32365504896
32365521785
32372435234
32374429647
32376365184
32396914555
32419907083
32429634725
32438388967
32465745838
32484078726
32490527503
32511852372
32516189576
32517299193
32532016523
32545100862
32545878296
32552278163
32552519996
32552520397
32553081763
32556776710
32561889214
32573258426
32575001698
32585513954
32595416865
32600081073
32604249212
32614992942
32615062130
32623951504
32624104929
32629628169
32630822320
32632806604
32633046858
32633078678
32633114041
32638411095
32640250422
32646448420
32646535523
32649307263
32675400800
32716061590
32732552899
32740491147
32742723649
32749380006
32751646176
32761450909
32763176227
32772624672
32778639511
32778899038
32782345279
32784055551
32799635760
32800734812
32801849515
32814054110
32817904363
32826700148
32884125136
32884336867
32884875412
32894314571
32906679054
32909525743
32927043180
32929387612
32936280001
32936844855
32937562210
32938768103
32945669029
32947452735
32952067876
32958880795
32963550405
32976349227
32988258868
32994214314
32996919293
33001130664
33005808956
33007621169
33011585204
33021629497
33029734356
33042839974
33051069444
33108349782
33123517297
33140779649
33192269570
33212761420
33212949923
33212967745
33218629905
33221907960
33221908752
33221942924
33228464766
33235346324
33240064805
33247547035
33248867371
33248954624
33248987374
33252251901
33254551536
33258083339
33267731159
33268328108
33280449959
33287606639
33288361396
33304349300
33304806819
33323128447
33328084648
33341254165
33343103449
33346020578
33364712499
33379920128
33389005529
33389693771
33415793895
33457098878
33461258340
33461384096
33470644967
33498750940
33505953290
33524741644
33543196863
33543266023
33548645525
33554275094
33565726987
33573024037
33576890886
33596059689
33601491484
33620280823
33620627854
33629378934
33641202697
33647774777
33647944700
33653058185
33654782587
33672838347
33683983833
33685991811
33692220355
33712569743
33713573584
33717695215
33725673400
33740597963
33755033396
33763576260
33771009854
33775703505
33787015104
33792939701
33793044502
33797217346
33801777506
33801794929
33801811946
33801933387
33801948710
33801949245
33802019199
33802086522
33810822781
33817974481
33822033922
33824242172
33824310023
33824326656
33824449128
33837713668
33837986810
33838004901
33843122208
33843122222
33845207078
33854713371
33858329801
33873360258
33900601652
33900601656
33907225536
33913902591
33916277044
33925820511
33928582340
33944777091
33949843184
33950693598
33955447391
33966586074
33966867179
33973278855
33974973759
33979850741
33988826714
34022795838
34030925289
34038324605
34044747531
34065087111
34087286111
34087421958
34087424423
34087526737
34087526879
34087543122
34087577827
34087577843
34087578634
34087594605
34091731982
34091799692
34091972238
34096366094
34096536922
34096554221
34098715725
34103038987
34103212547
34103212809
34105510694
34105543964
34105615087
34105672410
34109853854
34111962561
34112031347
34112203732
34112204914
34114212501
34114280351
34117541427
34118741815
34118913941
34119000687
34119052019
34120955586
34120955972
34121023185
34121024878
34121093529
34122998314
34123545851
34125427000
34125796427
34129947940
34130016977
34130017777
34130187685
34132212151
34132248848
34132333980
34132334784
34136693397
34136830422
34136830829
34136933650
34141377169
34153033615
34158585254
34161753602
34163067392
34206598502
34214811317
34227681052
34230937900
34243895182
34246112903
34253674849
34262951602
34277674356
34292392020
34292669750
34302806888
34324510286
34325512836
34332826701
34340854891
34364946969
34366977492
34373199695
34381923320
34381940082
34382059684
34382078273
34390725717
34390760711
34390762402
34390864442
34397540221
34397762004
34397763312
34397815180
34399720039
34399942632
34399976672
34400574999
34400943421
34407366616
34413311948
34413464823
34413498364
34413549847
34415774422
34420019823
34426712076
34426986917
34427023460
34444617304
34465416098
34470893462
34473159104
34473805495
34475404385
34477352925
34482270909
34496514403
34504703895
34506531268
34559857037
34569078441
34581153036
34586247749
34597789212
34606007658
34614685111
34622744101
34633178273
34633185889
34642448656
34657844563
34659598498
34692321332
34701185102
34705459774
34705475373
34705475892
34705717456
34705750976
34705768147
34705835743
34710247170
34713051773
34714467726
34715299854
34715300779
34736678893
34739980435
34746893401
34762539119
34762569931
34765373341
34772841816
34780421487
34780503110
34791266783
34799428315
34806699009
34828125139
34832008294
34832488689
34846116084
34855064571
34875489855
34876463032
34881113854
34892491252
34907611875
34915602410
34953489380
34970992192
34971041835
34979949444
34980071265
34987672367
34988941274
34989028403
34989078576
34990017857
34995189325
35009739119
35028282794
35032694499
35090710549
35100936589
35107616650
35129987471
35135490427
35135539289
35144668941
35145212472
35150106451
35153432535
35153575900
35158159321
35163282350
35166826717
35166893884
35169072925
35169609407
35171440409
35171612742
35172508150
35186512750
35191768980
35203195308
35214658768
35215705403
35222581701
35249842077
35265337660
35265372890
35280971060
35281109285
35283407132
35283528966
35297000235
35303587954
35309509468
35327407477
35367598281
35401892962
35402130939
35411383700
35415540718
35456915670
35465143781
35481477466
35481870910
35486511933
35486547209
35504899251
35524420640
35534263904
35539419724
35546061827
35552718990
35564860860
35572030557
35599062772
35600928776
35645696434
35645913646
35696415748
35700276052
35704140027
35716374007
35726414821
35741277741
35745500001
35749617743
35759496278
35780137582
35786812822
35818324642
35852183718
35854267022
35854354664
35854524450
35854526922
35863516921
35867054091
35871949219
35879448931
35881214410
35887253328
35890616368
35915775075
35920455134
35945306698
35948898173
35958427581
35961926477
35973976838
36001018136
36008896310
36016629847
36043330414
36049081480
36053948890
36058435450
36109496922
36152445872
36166735042
36180274539
36180308863
36187653573
36199081026
36207022801
36219802987
36225004239
36236064877
36236065786
36247649564
36266199719
36286115900
36290343058
36291281576
36292785680
36306812892
36308560907
36311395678
36313470832
36317400355
36319882184
36319974644
36330895951
36331644863
36340146443
36352648897
36356097788
36356588829
36375349506
36383125476
36385645181
36409409414
36409409557
36411788435
36419194349
36423436728
36448271520
36466250357
36482530592
36495358727
36525896675
36526176637
36535704591
36619618261
36626059858
36632647343
36665135964
36668919281
36670436285
36671644053
36696028727
36721348509
36738028114
36741908811
36747785964
36748481881
36754443917
36756431151
36757939283
36767886180
36771085846
36777493801
36778513687
36791095444
36808222415
36814649121
36826323153
36829022966
36832852083
36866196031
36878997689
36882840242
36901064873
36908991659
36912928497
36924764447
36947949366
36953239623
36955975809
36966402960
36996431626
37012467260
37019127055
37019127957
37060136108
37070168343
37070928093
37073605101
37081974111
37085565856
37098361963
37099721031
37109631196
37123183862
37127242753
37127843713
37128235742
37129266392
37132469284
37137145837
37144612855
37170868512
37212358647
37212864016
37222185407
37224577203
37232147612
37242248069
37245360214
37258642304
37275988543
37290684200
37297736378
37306795986
37336702230
37339592025
37359906670
37359948445
37406774088
37417015598
37427299614
37428598028
37429714026
37432863098
37434539881
37440028782
37464288797
37483903530
37490075291
37492558454
37525920621
37533459190
37535604054
37539431491
37542750219
37543072313
37544080932
37556753241
37557735371
37571242579
37593181532
37609962188
37621866530
37627671668
37631665770
37639314633
37649069369
37655168476
37677063395
37685363375
37687488982
37734086660
37740487079
37745150379
37770244108
37772273608
37807892299
37832276330
37834676597
37836604973
37837196975
37856738522
37878225091
37889859761
37893062824
37905864604
37918345364
37918393352
37924314411
37941007561
37941838690
37949786900
37982895754
37992329142
38015675589
38020222576
38021006690
38033638467
38034436439
38036599730
38042767605
38042829781
38047921489
38053461737
38057835268
38078429645
38087437752
38089343140
38100652896
38103157216
38104303256
38107584759
38107817660
38111825478
38112065601
38118601408
38118878518
38138379939
38187201818
38193839286
38200780153
38219539073
38225501778
38235109498
38240848522
38251576921
38264058071
38286305573
38305610399
38320010894
38325062009
38339490339
38364581993
38378818758
38397120946
38397551955
38408722136
38424392597
38429897179
38430911988
38436611029
38462858414
38482584633
38502937321
38509800329
38528769523
38543729877
38551700843
38554188250
38558327709
38565085595
38581863504
38623235178
38631889570
38649840163
38652381048
38660013095
38664664925
38697674910
38714870544
38721120405
38728364652
38736010497
38740471692
38743135934
38745078320
38755139457
38759371988
38763508633
38772798526
38781403262
38784780251
38833859450
38841031609
38859791164
38859977344
38877427635
38879354098
38906266014
38922624100
38926959914
38927216952
38929360406
38931862731
38954987410
38972811059
39003246719
39014301940
39017486507
39019207516
39023934870
39025241806
39060055261
39071818190
39113630326
39118295887
39123620269
39145326553
39147228744
39164395407
39168965801
39175318684
39177751033
39193895739
39196026669
39205082504
39207521021
39215885069
39223823723
39236032054
39277218219
39279344067
39287871877
39304551261
39314487394
39329068072
39356005186
39364010542
39379585909
39394346301
39398516138
39420931885
39427855577
39459659431
39468744591
39489233081
39502238366
39512349457
39513919179
39531000891
39535188060
39557667140
39560288052
39567208928
39590529908
39590805856
39593053955
39603996961
39606088797
39620504940
39626408841
39647020882
39648716614
39650088122
39653282050
39669711732
39671327136
39683695377
39697058263
39705847888
39708298462
39712328389
39719675804
39719677638
39721987348
39724259770
39724260687
39750447417
39757434988
39785201761
39805930665
39817194464
39830901813
39838069142
39851932285
39861037041
39881141878
39892431579
39925165625
39937829110
39939247361
39948338710
39952850885
39953013120
39953183731
39960419637
39971356439
39985589433
39985659988
39992481515
40009318810
40016037057
40018597349
40056544941
40060815560
40064163362
40094964377
40098844415
40105280067
40105832541
40108876613
40111903314
40132955015
40133542878
40149726322
40197053567
40227472968
40249909485
40249920200
40257837508
40264716575
40272155013
40281889564
40285169523
40286155281
40310197835
40310925721
40320732110
40336872846
40348134315
40348744741
40383316491
40384391912
40388695538
40409465400
40417224099
40426458135
40446931651
40465088016
40474496658
40476169446
40482526353
40493001052
40530471839
40553165188
40585236275
40592943187
40595058714
40597194809
40605461373
40620896772
40621052090
40622609266
40641543046
40643404446
40648045551
40648402817
40653303227
40654374052
40656788461
40664914309
40668560476
40670441126
40675458416
40700247416
40705243722
40724973880
40742942666
40752827033
40773920905
40777708688
40780950019
40787671573
40793402832
40809618657
40811065122
40814188458
40820743380
40822961438
40822962030
40831452841
40841355703
40856604190
40870972593
40872217594
40925040538
40928848875
40947612126
40955080922
40957205629
40961104707
40967191078
40984468204
40999256621
41003565650
41007026858
41013389836
41017214151
41017215975
41017786928
41021693172
41027786844
41042349904
41055545113
41059883110
41060642379
41062246833
41066716016
41067940874
41071314635
41071389011
41071738037
41075708379
41078078704
41078233024
41081610091
41091581779
41093934270
41094147938
41094908379
41098331764
41105542842
41147528305
41150845627
41161003242
41207102759
41223983676
41252668540
41263238235
41274151551
41275745784
41276917428
41284841258
41288168960
41292629968
41294963217
41301435900
41308759559
41340954929
41376606135
41385632841
41389864739
41396999186
41402604858
41408343972
41452205521
41453337532
41456851129
41464177918
41470630696
41480554803
41499822794
41509649845
41532830287
41532970760
41541207169
41561827599
41566751490
41590884734
41600030544
41600738150
41612352082
41614137927
41614289819
41628073853
41637462687
41677295978
41692075280
41693120260
41716392288
41716529701
41739705867
41752277412
41754121733
41758021454
41790318071
41796032006
41797544902
41808273646
41833637500
41856489071
41859253711
41860611191
41864669032
41887328065
41894890769
41901061674
41904240170
41917543830
41928661310
41937504569
41942663938
41947715744
41964039965
41976081114
41980725851
41986197585
42008541063
42013481101
42033837729
42049211267
42049272355
42054747393
42064367383
42064770573
42067870603
42073634672
42090136235
42094524860
42110650231
42114497584
42118745730
42122238071
42128732760
42133226980
42138422383
42141226900
42142389088
42151244497
42157032681
42159655943
42163603522
42185034471
42186906673
42204443787
42205647258
42206977932
42209566235
42218225736
42243077268
42248026892
42255904666
42258137427
42258274056
42260401384
42263333508
42264913679
42269599661
42274077647
42281105783
42287295652
42308615389
42325192841
42358768991
42367131007
42383852558
42391713181
42397598919
42398431521
42417482828
42422384997
42466459582
42468128260
42474976346
42476764600
42476859978
42479673525
42485811880
42491456561
42520266913
42524777047
42541180784
42546484653
42551528112
42575811478
42585018253
42586931292
42592075075
42621210627
42641199948
42708876678
42725794848
42726353495
42728123993
42746290263
42783213031
42788318856
42793716266
42799866554
42816172191
42829233548
42839900405
42847697025
42852166392
42858791871
42864429209
42865405024
42868117923
42889154547
42894865785
42908423510
42912666265
42924381010
42933083086
42935468450
42956819902
42969146436
42972645944
42977005074
42986601778
42988891572
42994296365
43002124220
43010168304
43016537564
43019580031
43022448324
43031253683
43049491879
43090749502
43093313207
43105588569
43107992940
43111192716
43114634238
43114634254
43119078549
43119285267
43121240848
43121589295
43127932570
43128001358
43128069733
43143995934
43144179523
43145986997
43161866263
43163658399
43164947008
43165994627
43171344454
43184396094
43200421719
43213966595
43217932289
43237184981
43243698226
43252786068
43272495727
43274776885
43297395206
43308489929
43315090086
43337903755
43348829596
43351831645
43359779116
43388312262
43394997110
43419179083
43434075972
43443025074
43443137487
43443233109
43450079586
43452197986
43454660651
43468033767
43502665127
43505083224
43509245115
43517724097
43519579326
43545274267
43570156003
43572167333
43590645117
43591811754
43605760872
43606367690
43624585821
43633683530
43650478061
43669975510
43670637676
43674551816
43686971396
43690550922
43708114327
43713596489
43723505006
43727504024
43728216907
43733320902
43733882764
43735232921
43752947103
43757745437
43760562919
43769769502
43771060441
43781989121
43787776604
43808701601
43817423568
43817442170
43817527836
43839393419
43863816709
43873551363
43887921950
43888254548
43903340492
43908129913
43908130961
43946167155
43975933187
43998267501
44026266670
44026566209
44112017486
44137755647
44139200205
44171447183
44171447885
44172167346
44189478089
44205495406
44206451253
44233928889
44236520285
44254488367
44254569005
44254570035
44257869723
44266867635
44279434241
44285606274
44289551642
44289956494
44295770704
44315164457
44323480971
44343721725
44345012077
44352846137
44353179408
44370993829
44372021459
44372916226
44373416931
44379278122
44382458862
44419761745
44430304716
44438575295
44456227543
44461429941
44466563518
44487225304
44498016442
44534607688
44575652692
44599102831
44607432510
44612226173
44632265007
44640549741
44641651691
44642444338
44659932842
44663554374
44674966478
44688732583
44715606206
44717443585
44729032142
44733501832
44746214582
44749452125
44749614219
44752283040
44758169225
44758646780
44764113425
44769810128
44775152220
44794671799
44825293759
44837862180
44840998598
44842613401
44858494447
44885162037
44935879982
44974726228
44977830751
44979556610
44988795996
45001291592
45008824851
45014192348
45046753259
45049620694
45051840791
45057125455
45059448829
45084656683
45089855939
45102429286
45111576683
45122719400
45159735259
45160823973
45170771531
45175418073
45189749747
45197424255
45200888414
45200938208
45214954933
45219549359
45219619749
45230789813
45249138949
45278928534
45280171985
45288491112
45294915883
45303006291
45304361071
45304363692
45312100487
45322135528
45325813645
45335081542
45344766996
45344784888
45349038195
45356921451
45358686468
45361371715
45361798935
45372291544
45413821929
45423200402
45424422812
45424765654
45475352856
45513541421
45513714060
45536252772
45537233380
45568369556
45574325406
45584098476
45604109736
45605731880
45612603671
45613132557
45627442528
45633981524
45678271735
45687266195
45697093500
45707819830
45707870671
45707987829
45730919575
45736915017
45737189286
45747568848
45754253789
45774013547
45805941660
45816211213
45829518640
45878747217
45886822537
45893645480
45898172144
45908802199
45912515970
45941358941
45947552534
45964317321
45964461223
46000888822
46009002240
46013669220
46041338724
46052856571
46053651031
46059024203
46095146933
46103205988
46129256603
46132361189
46142106057
46145254444
46153162795
46154578372
46164009940
46166163084
46193222618
46207519014
46226630642
46250736739
46268857446
46279321092
46299069410
46303932804
46308100440
46309618092
46339171079
46343809968
46383311649
46413776830
46416570276
46417341166
46417513310
46419759180
46424223005
46426504878
46426505279
46428581375
46428700570
46428753232
46430760036
46431001460
46433060401
46435496859
46439752777
46439992252
46442758860
46446753951
46453242503
46455236802
46455317255
46457337958
46457875726
46457978152
46458081914
46459101990
46464550045
46464620770
46478884989
46480214066
46484244231
46495690987
46504803265
46524457524
46546687630
46552820938
46567619128
46595133194
46597901661
46611422120
46630061223
46658255815
46664551822
46666376229
46675621840
46693869985
46703125551
46724622797
46725015449
46758079847
46771339054
46777584520
46810908896
46821334963
46828279469
46831148439
46834080216
46837857862
46851122438
46852401751
46855288833
46856176107
46869681666
46891706922
46900344729
46924666857
46951906645
46964796982
46966076729
46969267866
46970256560
46979378070
46990450041
47006562922
47006564251
47009851730
47015452321
47015453649
47015504720
47017390203
47017841785
47019761577
47019897944
47038088604
47057978981
47103928770
47115322158
47120132374
47133345532
47136712885
47140449667
47146312749
47150439132
47153869555
47166959942
47174922336
47192877310
47193145249
47204981632
47218723895
47266174182
47283279030
47283381865
47315118062
47315118082
47327415518
47328663540
47334096238
47346856106
47355949864
47371068051
47408943330
47452512105
47540689903
47560165899
47562289273
47581186340
47595748812
47602221753
47602221755
47620823343
47624805647
47624891447
47633412967
47651994111
47656879623
47657866322
47665848390
47671279451
47677999591
47705073269
47708779217
47712124545
47719487840
47726109821
47734324389
47738324811
47795483313
47797877501
47806468300
47807366209
47809874959
47816462442
47819192207
47819434590
47874403709
47875837566
47896603130
47911426535
47920601324
47922667978
47932486401
47934992681
47943716562
47946386750
47955169329
47969256794
47971990576
47978755479
47982772823
47983868426
47993955293
48022352055
48024062461
48032868667
48044425043
48050092510
48056268272
48065010525
48066482982
48081169497
48109270021
48115995513
48117089782
48123094423
48144220916
48145570735
48157959828
48162524673
48163568501
48163673032
48169711868
48185039628
48185158851
48192101701
48194133526
48194185007
48194288503
48196485622
48196485636
48198563816
48200983114
48207740742
48222224809
48226579573
48231474700
48243488611
48262592562
48263648193
48271819781
48273796545
48294253137
48296790732
48311586256
48325075332
48325979941
48342725996
48346228051
48347182559
48358891394
48360684394
48371855943
48381290461
48386785327
48394000780
48399048340
48399516117
48420393595
48443033839
48443059571
48448951598
48452197819
48455831915
48480735566
48508655080
48517820937
48523978817
48535616888
48539410746
48543496041
48547791517
48609175838
48612082654
48612813294
48616581459
48618272369
48622734945
48636312460
48648209997
48669957509
48718497695
48726677447
48748093268
48770278672
48808988636
48836803554
48839428183
48855070079
48893373080
48900699031
48914721407
48916074069
48920933251
48948514883
48950809652
48951320636
48959060279
48969307608
48995578528
49011285544
49013766774
49014833759
49018331172
49026970645
49034982545
49046581634
49048732674
49058232944
49061442266
49076859834
49077408307
49080476690
49093755901
49105681029
49109883989
49110866683
49127852011
49141364681
49158191449
49180249988
49202034150
49218163305
49243210756
49260440329
49260655408
49263409998
49263751322
49270299253
49323955425
49327742396
49331365366
49338809639
49351147296
49373558235
49378150625
49410344508
49412509346
49417094769
49493045343
49497522500
49507845794
49513394379
49514442947
49519366547
49521811610
49525228345
49551506118
49555297826
49555435892
49555641959
49576162140
49589678889
49591760118
49591887100
49625238779
49639517532
49652430367
49654139294
49659967172
49680637497
49700249454
49704164331
49715956837
49718302252
49718302931
49718506625
49725448837
49727516672
49732030546
49739212863
49777824710
49787178830
49814768585
49815846021
49817228370
49831517233
49832007172
49841171917
49843003877
49846714783
49861313048
49870684339
49874250946
49882871522
49885246425
49910391675
49950247516
50010973936
50024903005
50049929601
50074356831
50081470404
50095701908
50101139345
50102983823
50113101723
50125702170
50148145491
50148648663
50158672442
50164674426
50165819062
50185102818
50203470382
50217246296
50217432987
50217501236
50217555194
50217587564
50217638519
50226272740
50228878837
50235418636
50235522495
50241169714
50241351441
50256539340
50264224345
50274548832
50284407595
50287888229
50305111644
50314010548
50362005958
50363318144
50381328574
50407255158
50407875337
50503398091
50503994951
50520072602
50523628826
50525392752
50525688541
50532517440
50541160833
50543374348
50543650504
50547873523
50574864996
50588255638
50593411803
50594400887
50601811400
50603720431
50613965846
50615577624
50633059554
50647229939
50654308702
50664653027
50664723965
50680672256
50688138363
50691467914
50725724838
50754762587
50754934986
50763823850
50770106792
50805778770
50821461349
50825309543
50830991476
50846097549
50848649084
50865535121
50867111340
50883335815
50887711884
50896437663
50896645835
50901106505
50905432381
50909790375
50917127004
50932315532
50935199870
50937123898
50942671942
50948233536
50967612419
50992292214
50996570286
51018940298
51032092799
51032663560
51037248037
51043517528
51066610540
51067867876
51084766096
51091346546
51108129322
51112733320
51116083232
51153672095
51190753180
51198403239
51233255035
51251417354
51258667517
51282366190
51282948626
51304230696
51328451537
51333152104
51337199301
51350249934
51362898384
51364943092
51367542328
51368634803
51373993007
51389417919
51392033433
51395572184
51395621570
51395698402
51397945435
51404201798
51404562451
51408244692
51413282211
51413556912
51426682701
51426734339
51426786215
51426991874
51441303243
51455538704
51466523740
51471603291
51490058729
51506146115
51514535249
51518015951
51526910811
51544203031
51544356966
51549516836
51563987858
51572033746
51573254054
51586695400
51607882113
51619100123
51619174190
51625255672
51627421411
51635043220
51654727213
51663773728
51665512627
51683741990
51688179878
51723342599
51739965271
51742736686
51746374565
51762820028
51769373940
51771307217
51775098587
51775100420
51775235482
51778611484
51782065698
51788707366
51799927177
51805725691
51836352158
51850965476
51860739755
51863570039
51870141396
51900547849
51913584161
51920189049
51948600891
51957634645
51961587218
51968095827
51969790039
51983457976
51990451877
52000692599
52025931732
52048915105
52049745292
52049863834
52054188190
52055397821
52072087784
52076687451
52078592328
52078660432
52078916682
52081846444
52083516046
52085868407
52086634756
52087994539
52088134049
52090943860
52125782623
52131785119
52134316553
52161108714
52162664672
52182245535
52184836897
52185008527
52217094044
52220895694
52233095494
52276757603
52279656841
52283376731
52283378185
52289860200
52298376968
52301260733
52306208868
52308038931
52308106262
52310235130
52310320257
52317170018
52317341614
52321749243
52323773731
52323860047
52323964847
52328386621
52335555590
52336154408
52339697335
52362456970
52368733864
52371917436
52372862234
52372915665
52374473511
52384639884
52389466850
52399124111
52403176152
52416141262
52420876517
52423746892
52424644849
52456764124
52463508382
52473444983
52479416518
52493996415
52524820469
52545690937
52548444837
52549687176
52551694096
52564298703
52571363207
52578859061
52595605233
52597590390
52601383717
52611087230
52621853827
52627991497
52654486824
52658737213
52666852433
52675456575
52676351493
52687422432
52701885530
52731352033
52737535084
52761197211
52764024952
52785045759
52808132146
52809688561
52826250504
52834869063
52839457255
52857969145
52861574932
52866428803
52900916869
52923506764
52928797990
52942756461
52945833194
52948608670
52949605400
52966570869
52966635434
52971692490
52974128299
52984842770
52985571644
52994755143
52999825987
53014775636
53022459688
53025761320
53030327836
53034438541
53064098036
53069077713
53072703593
53077345875
53079604941
53090122639
53095045634
53095592924
53100474149
53103012097
53113215337
53117243270
53118861818
53133809957
53135793571
53139617340
53162216763
53171272064
53174024368
53180502859
53180504806
53191857133
53192146652
53195987837
53207310554
53216301872
53228042788
53228746165
53229679390
53231999764
53235251612
53242736001
53274417366
53275351209
53275845331
53287986882
53288738010
53302247002
53312967207
53319885958
53334853073
53353431606
53361244713
53362198563
53368271519
53369791071
53371846302
53382905725
53405626142
53408406131
53414029646
53420862296
53428071168
53438998674
53461113238
53470483077
53476617073
53517763464
53521705102
53527608907
53529857228
53546731059
53549064692
53549064700
53550145414
53553173161
53567021390
53567092112
53570230263
53577945955
53592815598
53593589242
53698486588
53704289648
53710242025
53713061109
53735900326
53760784437
53818753215
53818848711
53830368544
53838985000
53839310745
53841626694
53843721123
53852866629
53855363614
53882897529
53892993451
53898819196
53906981385
53910067231
53937719449
53970725925
53975097972
53975745932
53997491793
54000003381
54001035109
54008716641
54039390751
54068867824
54084484334
54086042141
54086432034
54086749586
54088691313
54090918107
54100940898
54108719170
54117185849
54125628921
54134251811
54161420718
54163528821
54172035744
54174704694
54224324171
54250414785
54253624295
54260167468
54265126932
54307406019
54309038449
54309103902
54309395220
54313018546
54314488212
54319474800
54319610123
54319611433
54328671361
54357761267
54362358601
54375125821
54376648878
54380944058
54386963345
54393661938
54410795780
54414542875
54416721867
54419820227
54421025359
54425893757
54439086422
54440853084
54441261632
54447254543
54452617038
54470229415
54481153486
54484127697
54495536613
54495536749
54501145017
54541781513
54541897921
54549237343
54558234679
54564110058
54571412778
54587507928
54593154707
54608932161
54649979452
54668500402
54677827487
54681955361
54687120421
54695969923
54704875944
54708215953
54709392051
54713919806
54715141308
54725254973
54725544501
54727236212
54727425497
54777884231
54790623476
54791893858
54799772578
54813124380
54813697606
54839220732
54842596311
54846630123
54876243459
54897430595
54913237441
54923915078
54932236221
54941689397
54948919746
54949096547
54967197616
54977217772
54989788886
54992101560
54996349569
55002872121
55009010676
55009768485
55020096543
55020146844
55030454219
55044063502
55045958045
55047543318
55056141992
55057178891
55059951965
55074449452
55078486438
55099115216
55123470388
55134040507
55142753272
55171978786
55182534137
55220097183
55223933076
55235140746
55240003836
55250926535
55266663172
55266766528
55269143787
55274712254
55282790640
55298307946
55302782868
55304878572
55314596464
55315289632
55329236899
55346699264
55349614897
55355093270
55358972571
55373334483
55414277573
55441070970
55449991316
55475787950
55477275843
55480386181
55482818595
55497609807
55505393642
55509971475
55521291817
55523016804
55549366464
55556716095
55582648447
55583569270
55587936971
55590928326
55597463433
55608368006
55608437853
55612994323
55614587826
55617550344
55617583736
55629073093
55645595057
55696131901
55699513716
55709363944
55710352575
55736575414
55742897915
55758629992
55772886114
55803411942
55811117759
55816798593
55822017211
55822085313
55845091551
55851676249
55854773440
55876765197
55884090393
55892920072
55902695705
55913529078
55915916865
55938058242
55949689966
55957749917
55984691229
55994139106
55995968226
56000405581
56018508302
56020302842
56023367327
56024951976
56025469374
56028865749
56145655212
56177789672
56191960801
56199525216
56216450734
56225711448
56250920667
56252181056
56255064920
56263980106
56269110663
56275166352
56283131869
56290156516
56322995554
56343756374
56360463586
56362252167
56370039292
56371834046
56393257436
56435259296
56439276712
56440085974
56440495366
56441633304
56449045317
56461405022
56476497438
56494653734
56520637103
56522168895
56530730229
56535532318
56537070925
56546743221
56556916810
56562369455
56581111871
56589195868
56591176996
56604079041
56604219689
56604875154
56617760360
56672185868
56672646315
56674608162
56681681236
56690182864
56702842975
56710473466
56716556407
56732290009
56744578284
56745373881
56754282136
56755874692
56760214128
56766255786
56767211354
56769689823
56773983059
56779778654
56792413808
56797227275
56806112419
56808618059
56818623336
56826053702
56831666473
56834480238
56835135275
56836899799
56846174985
56874334783
56883856570
56917004699
56925081606
56927830359
56934208865
56941677099
56947770535
56959650977
56974886860
56978372624
56985734050
56985770071
57021644053
57028987400
57041390178
57041407582
57051847476
57063167902
57081637438
57085055595
57087094244
57093156542
57097654301
57113672899
57125204947
57128564039
57143907458
57151730533
57152150604
57178293513
57178446027
57190731100
57208144318
57214981838
57230737471
57235866481
57247554301
57259638546
57267411562
57270431571
57282996291
57284330263
57290674633
57302657774
57303935373
57314969210
57326519726
57369254432
57396827066
57415212464
57423130474
57446413111
57454506467
57455184001
57462511747
57473657559
57498023806
57505044374
57509213621
57516158898
57523097129
57523098037
57531271334
57543165333
57556253843
57565407909
57572121362
57576318866
57598793464
57598862419
57599550213
57600887301
57606380444
57619971155
57619971175
57640052603
57650392848
57656387479
57662459430
57669818238
57670949873
57673045041
57675755672
57680905076
57730875113
57744474690
57768539618
57770708101
57787503075
57791966116
57805665727
57816932487
57819720577
57823330760
57823794099
57832472745
57841651512
57853040388
57853295120
57856264160
57858085182
57859233039
57876841140
57889234780
57933613622
57941142367
57945718762
57949319677
57961597987
57974296163
57983772024
57986227470
57996862878
57998904657
58014691522
58017958744
58032914875
58046243454
58056516019
58071403340
58086370116
58110945076
58147790412
58148243060
58150876393
58162995085
58165870628
58181819537
58194306491
58204866784
58211593370
58226687548
58234403974
58244296553
58247137158
58260174956
58268054009
58269675037
58310541317
58320114957
58320356001
58344101475
58353955536
58358088184
58367998962
58374263368
58388265093
58395549871
58397953262
58412937114
58488755471
58493806710
58527750748
58539280915
58544879647
58593666446
58620699926
58627528773
58634662252
58642826672
58656505031
58667120992
58669496031
58671634190
58684754845
58685651587
58697797542
58705808445
58713859757
58718195317
58749666581
58749985242
58756809439
58758095988
58767553950
58775049385
58793299564
58803474151
58814835704
58820172617
58831070478
58832639339
58834175759
58834313186
58881436059
58882700912
58883159325
58909848420
58925701435
58939158828
58947404288
58955000279
58956156622
58964017613
58980753921
58981800660
58993506162
58999795304
59012822719
59012915266
59015028725
59028043424
59034222446
59038535727
59053144493
59063525275
59067306943
59070811577
59077445854
59080378657
59083261001
59117308047
59119336519
59120006365
59122693314
59122959591
59131623042
59132484590
59151622159
59154560197
59166340764
59170451275
59177177869
59181242496
59184137240
59186050635
59186324450
59195466832
59197763058
59223743823
59237551436
59241977806
59246250646
59253759492
59255595738
59262639322
59304679525
59311482854
59316895048
59325120696
59330207790
59332676028
59336581252
59374096885
59376032915
59378563586
59378590903
59382948808
59393013354
59394514319
59422860679
59467945734
59490330088
59504478118
59518107619
59525810907
59534766323
59535779373
59536038098
59538241275
59544224557
59558443386
59568837452
59587559990
59587982840
59592328618
59605559870
59608677414
59613661087
59641211667
59650642014
59653460429
59657847158
59664586151
59690020466
59694592216
59710467134
59726592804
59727079522
59738320739
59738368853
59756432287
59793415103
59801693921
59807939780
59826473481
59847630520
59894145058
59902237639
59906010326
59921525661
59927880146
59932283256
59936891467
59941761710
59957310094
59970611376
59971030160
59974413320
59975137343
59981697560
59982136161
59983222126
60001672753
60036793216
60039575131
60071217098
60076873551
60078042963
60080078517
60121205213
60128724464
60159500498
60159748428
60161772194
60162026244
60163461616
60164439202
60165851814
60174117563
60176063897
60182697336
60189793516
60196485145
60197856303
60198398782
60199504198
60209225516
60217559834
60219745381
60261882856
60265298168
60325971563
60331382517
60348021303
60351486541
60353507616
60357777266
60366426507
60382126059
60387044601
60419975281
60426560677
60427041013
60437919570
60462530803
60471482628
60511733511
60533144219
60544224732
60561992267
60577610941
60588271340
60589791260
60589988088
60599886807
60600152589
60606358114
60606659346
60609204435
60615125953
60615469536
60620374301
60621388272
60626853275
60630639825
60638114226
60648067250
60673121665
60674083682
60676983094
60682801635
60685884769
60708732396
60727980677
60730465820
60770245938
60772698983
60772990183
60793838967
60802295708
60824572328
60834968919
60844201245
60870297012
60877233969
60878882480
60880321000
60899899661
60917013745
60935672752
60939461116
60955212442
60961003713
60963941641
60988260617
60990479744
60999040944
61018530121
61063855703
61065078742
61079764773
61088908136
61102636961
61109730576
61112106225
61125206079
61127160743
61148131119
61151086669
61156998729
61163466777
61175944060
61189560725
61191709622
61206553129
61211051064
61216541915
61220142478
61221017377
61221703839
61226303728
61227073726
61228891937
61231114712
61233352772
61236739516
61244748701
61246800526
61253702319
61268502733
61269217590
61285001705
61296204111
61320514744
61334133567
61342274019
61358652421
61380086755
61393069815
61403685612
61407577186
61410043158
61439494895
61447534231
61457009626
61470990518
61477752335
61481201253
61482363380
61498650865
61509088190
61509157226
61512193502
61524180015
61532577300
61540781263
61554741057
61577735977
61594550765
61620034792
61620685373
61623020798
61645312029
61668173136
61669904374
61679961460
61682422850
61688777658
61693148530
61699768305
61723092018
61728794211
61733885841
61744989368
61747810108
61770181332
61780221495
61788006158
61823122139
61842343347
61877619925
61925650746
61950622373
61956148737
61962841016
61968164118
62029029404
62032667457
62060745929
62071000619
62071749341
62082095529
62099895277
62124871746
62136484409
62136850159
62159713503
62166554889
62182357069
62188091533
62189495344
62207096496
62231573689
62237850816
62239637149
62275385230
62282131021
62284084592
62288699594
62320191020
62355233008
62376589982
62383433294
62387793119
62403251965
62404353456
62407164397
62417515073
62421298316
62425936783
62445073479
62452176387
62459082268
62475359774
62503440421
62518065644
62523877833
62546137076
62551749194
62563647172
62568922814
62574478878
62576709623
62590670459
62601814647
62615171594
62618064180
62618182842
62629325771
62636068869
62645924977
62651194255
62656523713
62656663098
62676400131
62682082020
62686942969
62704451757
62706748336
62710772564
62720204138
62721420889
62728822847
62735582843
62759528153
62763088902
62770864359
62779448987
62781760859
62788602321
62804620101
62808712141
62809808672
62814595716
62859345679
62859619752
62877753344
62909103237
62913450887
62934933290
62937913362
62954568166
62977474495
63005424985
63009625155
63011002236
63052316428
63053923377
63057418786
63058636407
63061343134
63067365776
63073155560
63090030681
63112238086
63119786215
63126499628
63127057855
63136634810
63138328597
63142093139
63143687134
63175462238
63181400242
63190177290
63197348232
63215788529
63278650164
63288995201
63293851863
63295106631
63303481770
63306375888
63308566083
63310795532
63332906870
63378727373
63383318815
63406976724
63411310284
63441626406
63445723367
63449907006
63457098482
63460641405
63466907501
63477621320
63495802111
63501545317
63503125281
63503234339
63514780053
63530874205
63530932199
63534000481
63537295898
63556019229
63560218297
63574739370
63577154368
63581122445
63596217565
63614535994
63628495495
63635931245
63640669316
63644672849
63648149094
63687549681
63727814225
63747996735
63774398291
63775759220
63780865697
63804031956
63804439438
63804982262
63815256815
63821697754
63827300530
63841738203
63846745894
63859330724
63861153586
63861178919
63865460440
63873126869
63878441813
63898812468
63919217427
63943907334
63963573878
63973887985
63994310065
63995621158
63996100570
63999682397
64000916640
64011115686
64045446393
64045846507
64052168736
64058191443
64087446660
64100018655
64102668401
64124825005
64152755647
64154346893
64156802530
64163019214
64207580299
64238048444
64256273047
64263395895
64271544415
64276522183
64278701102
64278703721
64282187904
64283318450
64293326785
64300323203
64314177118
64324072568
64339001633
64342275310
64344369502
64375940035
64397635466
64407150098
64420525226
64436797209
64436821036
64442762260
64447108103
64494046305
64494396727
64503037997
64516688635
64519847635
64526093063
64529520682
64529764034
64541498233
64543562674
64553526407
64570813632
64574430481
64577231099
64592311316
64618828088
64642853049
64692300136
64695059204
64695591406
64754599834
64759424953
64759722404
64780472372
64840077714
64865460227
64872308140
64876640280
64878609881
64887477585
64889764924
64899966572
64900207004
64903343274
64934554799
64936215352
64936613901
64964910740
64999313577
65000411913
65019216821
65052323603
65080268872
65081189661
65086862708
65087533380
65115029699
65131669820
65135854075
65159606289
65174457820
65181417932
65223151833
65238713389
65271757141
65271758050
65282512663
65284856175
65325995820
65326316914
65341348352
65351787865
65365293572
65366875219
65378648355
65395367972
65397499733
65407651781
65421361632
65436502817
65441103105
65452413232
65456908146
65457097539
65457968463
65465950778
65468113381
65471166272
65475946138
65479577139
65482694237
65495498364
65496255551
65499428253
65502100810
65510668305
65530506171
65542823555
65549194023
65551817739
65560896045
65564350434
65578754306
65595196285
65596664349
65637088888
65668595374
65671590797
65673942386
65682881118
65688575092
65690482692
65695862951
65711678932
65740574253
65745673747
65748464327
65762400519
65769539624
65787633380
65791604271
65813143618
65838509021
65845261391
65850132147
65856437624
65881826758
65944342889
65948036632
65953107645
65956517771
65971908295
65973162666
65986384825
65998529501
66009221842
66016733604
66025760799
66027314347
66032282657
66032351145
66035590655
66039067994
66041273953
66048206884
66054764733
66060974721
66139795490
66141100021
66151070060
66158284315
66165121635
66173998746
66178608221
66182702378
66183236810
66200982732
66209694791
66250214908
66261698442
66272737408
66281721060
66287550897
66303604695
66304959813
66305095797
66307433566
66308560024
66309615936
66311703562
66315791835
66323185586
66334232641
66338990342
66345561700
66358536490
66372819022
66378273830
66385371535
66385719245
66387110407
66415242637
66425022165
66442631817
66447472135
66483695584
66491841227
66506804894
66506805433
66508593950
66525773745
66542330394
66543646452
66546606172
66549151243
66565007650
66579830630
66585208320
66586933586
66587477605
66605597457
66610109357
66610332596
66614743895
66614845418
66617499933
66618819152
66620504121
66623580880
66630462958
66632590918
66632592232
66646336374
66648498777
66648500479
66656058569
66679055781
66690423160
66698658350
66730070251
66741246615
66741299932
66741367019
66741435126
66741469461
66743227649
66744618438
66746728721
66758049410
66763057356
66771614276
66783257287
66787800360
66791333946
66793344854
66793625229
66804252285
66822995999
66826451955
66849068437
66869064161
66913117914
66915822162
67013813094
67015735738
67025508297
67025509063
67029089716
67029127154
67045021477
67060402253
67100519329
67119564491
67134039549
67141007588
67142996810
67149607334
67150409257
67152149869
67159998458
67206213251
67213727627
67240481045
67282106898
67286741931
67298591138
67308663828
67323508658
67330763967
67336245165
67347263731
67355814244
67363403086
67377579504
67390630902
67399190646
67427850506
67441640974
67453978376
67454284478
67461440955
67476442386
67478726905
67480881958
67489337617
67489369969
67491424684
67498038491
67498107418
67503191521
67503260840
67507218051
67520878087
67520895254
67521527814
67527260047
67527261844
67541450578
67555047197
67555997712
67619584472
67632934736
67637861356
67659204988
67670188232
67671065595
67671971681
67686985749
67691265416
67693625484
67703270577
67730389558
67730390214
67749042941
67756355554
67763323388
67797136300
67797255985
67802481145
67802653064
67810658209
67812873412
67822053109
67824182127
67832247597
67844407713
67859730448
67866976226
67886445940
67900706415
67919581518
67929642568
67962537874
67964004140
67965263115
67978465624
67984057531
67991998295
67998931730
68007205409
68009983023
68028930321
68039405759
68040323736
68052517156
68057576506
68062329013
68070732512
68082573145
68103804777
68109289508
68126197948
68147951959
68173002483
68191651396
68192882321
68194328760
68199524021
68232689746
68241501115
68253258695
68260269994
68295691221
68303495629
68326982216
68330167714
68336470012
68345529857
68365760780
68373441041
68406264822
68408440306
68413026785
68413729400
68423931626
68429496402
68435989812
68448904787
68451574191
68470150567
68476172883
68486162061
68492687547
68550017246
68553851063
68557855367
68560404925
68563260452
68611435687
68611841891
68620463240
68625130703
68633814563
68662347538
68670439116
68675147650
68676448350
68679579663
68681628107
68681896548
68685063567
68685080333
68685287713
68690748964
68691827264
68725244195
68739573068
68742177218
68759070590
68791300224
68805958005
68819521274
68820429411
68840963977
68862924311
68876515906
68892186251
68900884100
68918972604
68929477427
68949998745
68958733523
68960623931
68970402485
68970604779
68978918823
68985709874
68993257299
68997288691
69029402674
69029565384
69038950295
69048182055
69052970654
69075191966
69095268228
69117200848
69119509758
69123285268
69126156876
69165403863
69171733568
69174234810
69183623824
69189073519
69194903820
69201831177
69210945408
69215808187
69225298485
69248054798
69252164487
69276936237
69286168724
69306878663
69315199991
69315979787
69316703045
69325283647
69328526438
69336848432
69345394813
69363398504
69368130472
69391530888
69405223711
69410671323
69450856801
69482062741
69491664944
69501609336
69506280632
69545499498
69549686650
69550733580
69575515095
69582069546
69588761681
69589003507
69604133893
69616654760
69625633605
69628310930
69643634336
69647486286
69654352221
69666182103
69669845511
69689167542
69700838660
69702318088
69713164308
69726186927
69726187457
69730512509
69739352244
69788801492
69791907619
69805611324
69809095191
69812322485
69813454084
69813456711
69814557431
69822532769
69822653310
69824969632
69824970549
69834955275
69841850626
69845078114
69845335543
69845337364
69845404698
69849763264
69854361957
69854413712
69860850253
69860850797
69866355947
69874638443
69876603023
69883399822
69902290410
69930386480
69934827165
69939103443
69945277113
69955084507
69973825760
69982005912
69989840441
69990954858
69996073341
70001012069
70014545998
70051120838
70068171702
70070046679
70081425470
70083673561
70083879489
70085663059
70087416438
70114228389
70124037063
70138322408
70138920073
70143971973
70147966314
70163371831
70172558550
70172625491
70184507257
70184850591
70196482683
70196997894
70212510657
70218682077
70222086491
70252415223
70255456305
70271005539
70285916035
70301232843
70328983684
70330781825
70331424809
70345183994
70397269720
70398849703
70399742304
70415363701
70457986961
70481798961
70493614381
70501051777
70573609476
70591074695
70597380894
70600352813
70610622891
70618331268
70643216551
70647876035
70666163404
70668790369
70673758999
70685835880
70695874329
70712961356
70716476267
70724323667
70759637339
70760606509
70769103772
70788218342
70798767287
70825358092
70843354470
70850708517
70864288612
70872709546
70888272114
70906807452
70910148748
70928629243
70937931000
70953891196
70962678067
70966908404
70971873966
70976414766
70984787890
70991137559
71003416000
71023079764
71023267759
71023269317
71023371646
71027831088
71032105422
71032396229
71035529266
71048777581
71056813764
71061329683
71061502322
71077204117
71089664845
71101806842
71123458715
71124261031
71162183663
71189746915
71199774305
71205017870
71206567210
71253800259
71257554297
71258094224
71287067421
71299303089
71310359621
71313713798
71314278019
71320118485
71320168527
71324339167
71331903154
71336486587
71339557860
71340748710
71344778822
71358128430
71358353972
71365168623
71380639246
71393536454
71424512229
71431862760
71434786623
71447367174
71463620019
71509364045
71518437695
71533375242
71539827011
71564014159
71569843710
71577397197
71586023362
71590297776
71590521117
71596230391
71605124140
71624190751
71639021772
71639540429
71640070826
71644240509
71670328689
71685705804
71688993430
71691840980
71704673843
71742340423
71751977491
71771568403
71776644745
71795748940
71814410637
71832716118
71844247411
71850644761
71880186524
71880189145
71896038007
71900532239
71906646488
71915605447
71924785397
71925381103
71929886700
71944539037
71968295971
71968296087
71968846735
71974876822
71984377067
72000550664
72003995202
72040356472
72044551978
72057996736
72069407250
72078135787
72125681472
72134586319
72134677902
72153211409
72198346369
72203318726
72213085262
72216551428
72226460636
72255329061
72267366139
72270239626
72295123803
72296290644
72305767464
72322360840
72325933336
72332562635
72334819503
72334855354
72346097365
72357526083
72373513941
72380332951
72384248938
72389165854
72400153134
72412955469
72421406103
72449738486
72484070735
72492253734
72493019130
72496397200
72497845906
72508897130
72519915019
72527009129
72527914756
72538967485
72548157143
72548270235
72555280549
72559461036
72564778936
72575427042
72589138762
72589988274
72602861073
72631724264
72676245684
72712925767
72721401187
72723344772
72732386364
72750570226
72764315012
72784090845
72791562419
72794812473
72802016990
72809721890
72810784660
72828541035
72852082122
72862097956
72870407459
72888521777
72893705446
72894921604
72916275638
72916586865
72923925531
72926971866
72930702289
72930957428
72936568683
72936618602
72950549793
72956687094
72962120863
72963681516
72969154766
72969222348
72976374113
72976374249
72985026328
72987207338
73013145283
73032097298
73050965268
73063022106
73081614062
73089702205
73090392591
73096650790
73107144999
73145339780
73168607932
73196819450
73203919031
73218356819
73218423624
73229023455
73233783482
73270399783
73272494032
73280189943
73288864137
73304416593
73318578310
73319240469
73335273669
73362817182
73363297883
73366407960
73372247390
73386352907
73391439030
73398220065
73401675792
73402401729
73402545154
73417551821
73426636693
73427053617
73435184158
73457644528
73470967702
73480818050
73515867781
73519731521
73545736420
73550107671
73556657305
73560578068
73577557732
73598386829
73607475801
73623116964
73626000943
73629320387
73632698570
73652380426
73654617760
73672279047
73684363692
73708422475
73710636773
73710852427
73712764198
73718102061
73719338711
73719860345
73732689275
73753349447
73753433347
73754692088
73755547095
73757049076
73759184572
73772971442
73774562365
73775597115
73779079214
73784054155
73816310343
73834160696
73834283950
73834746071
73844916005
73874426566
73874427100
73884718545
73887058904
73903351953
73905886375
73907709519
73910103204
73911805762
73919929518
73924545827
73938916647
73959065576
73973203390
73979203467
73992557530
74001585634
74008661155
74009403458
74013659559
74017457429
74022909425
74054485921
74057992060
74082097194
74091148680
74101981850
74103231779
74108938905
74118487247
74137711142
74151370506
74152959979
74171734202
74174836278
74182198589
74182856725
74186903081
74197690195
74202606671
74210647012
74214194821
74221204690
74236524232
74241139756
74243113131
74243261968
74245480577
74248467159
74261029215
74265799327
74267807151
74272689008
74279064243
74284708893
74307234567
74307507489
74309031698
74310905350
74317062409
74318681633
74326746064
74334123022
74355693244
74357561646
74393384798
74460245457
74468225032
74469756668
74478888218
74488244409
74505163466
74514056181
74529628832
74530935736
74533167187
74540014151
74547083429
74551659509
74562531755
74563096124
74592989209
74599965576
74623395223
74628485294
74629773931
74646870921
74648091312
74659148346
74665182233
74688038568
74701414595
74721225650
74752050699
74769250971
74777873993
74799067242
74805329592
74815699661
74815699681
74818133495
74825562655
74827823267
74834224565
74834447539
74836860146
74837062337
74848065870
74856994726
74857030086
74857031541
74862718324
74867996763
74869231914
74877566521
74895278153
74899706743
74900809216
74927777939
74943443670
74951745404
74978954360
74993900955
75004927065
75019751691
75031804036
75034220703
75034939300
75038342181
75057333087
75065226819
75070877141
75078238460
75091843217
75103041336
75104124585
75110747565
75111343390
75121563769
75126784710
75129266522
75133606553
75134452563
75141604459
75141938838
75148663273
75150357239
75156380278
75158685553
75171165774
75195781862
75215860151
75238376945
75246115276
75246610226
75269075752
75270171481
75295515070
75302925716
75305343367
75305567252
75312264246
75316880022
75337026641
75360437042
75371617783
75373353067
75385886106
75394040305
75401593113
75406474593
75430293160
75432266558
75432351326
75439312559
75445842471
75454404159
75454764629
75465654539
75470749029
75480340759
75491132869
75501868293
75514990017
75520354594
75546603570
75551080509
75555403676
75555484047
75561186118
75562872308
75566782693
75577060261
75584387878
75602073052
75658638585
75671807448
75689527618
75690962836
75690964670
75695032964
75702694837
75707951374
75714930246
75718095698
75725533229
75726223418
75726224824
75729493573
75758090791
75775798375
75830256433
75830397614
75868924752
75869095825
75881395205
75881704381
75910558836
75923921570
75957380795
75958301172
75960595319
75966149643
76005382980
76007489166
76030484458
76034798876
76037721171
76040721061
76041690096
76043834032
76051157317
76067521044
76069751696
76076625505
76094993162
76110031242
76125189206
76142938306
76155469478
76170237445
76170265373
76176201448
76187378052
76192838352
76195713580
76212588111
76215220079
76216396218
76226638705
76235857490
76243608318
76248837439
76249095758
76253188283
76254483386
76259289741
76265726709
76275563007
76286293878
76286532554
76290789792
76295065086
76298022894
76298285101
76301421713
76301775496
76319413339
76322072992
76325129157
76344377487
76344887102
76345230235
76368229447
76397256970
76397635076
76403564079
76412923481
76419755012
76422173154
76438305966
76439712645
76443777307
76451211664
76451443317
76458316135
76486889870
76488087096
76516675184
76528375351
76547191389
76559046056
76567576641
76572797106
76579369927
76580771069
76600459112
76606057305
76608739398
76617199537
76623874126
76623909487
76623974574
76632224935
76645809836
76656350757
76662103136
76665276918
76683110504
76691452417
76696590244
76700340372
76705734338
76707049670
76707526915
76722207105
76748102384
76754770468
76756851399
76756918856
76756987625
76763662611
76768517620
76799971517
76799971519
76804240764
76813493348
76817991366
76869702883
76900357479
76902956402
76903480872
76903582555
76915725998
76925189180
76927538155
76941995430
76946956533
77013613353
77030888112
77038366331
77040351893
77043332918
77046854477
77067122875
77088898807
77092512940
77094235812
77111107596
77123543520
77132013524
77138691429
77141814153
77146400892
77160199100
77183125560
77194971289
77204877553
77206598274
77213080416
77219695426
77220721914
77225456759
77225456767
77229970148
77239590071
77244205616
77244668421
77260375078
77264899637
77300007214
77306158929
77317053284
77318911063
77333304216
77341930670
77346600600
77346843252
77377637598
77382783254
77394433392
77411224121
77423660619
77430883615
77431237171
77443853550
77456174633
77466133549
77473817617
77500391753
77509490758
77510961826
77519455609
77520877772
77526593475
77547925993
77549604725
77558606166
77573061603
77583286548
77589982596
77606817387
77626309604
77662864370
77666400328
77683277610
77684310728
77695389389
77698732105
77710217041
77737519784
77742189404
77745153856
77768285614
77770977501
77793197854
77807123668
77832181104
77847254608
77900363815
77908583369
77918393698
77933130000
77936351609
77946306956
77947933477
77956049047
77957636730
77968943470
77969636932
78004984372
78046503817
78060305759
78067794943
78074760072
78083174061
78087283622
78094652298
78095079964
78160467572
78180232864
78188360770
78211701990
78230152754
78234734278
78259381772
78272360628
78272464253
78279835864
78282578875
78283496616
78297997972
78317882147
78328333185
78338757827
78355407120
78357646982
78368415028
78379820495
78386974738
78390926174
78402011392
78413287759
78423776703
78434427045
78434446201
78445313443
78458622505
78461727753
78476726456
78478024328
78495142072
78504524482
78515480213
78522493325
78530191592
78534375081
78535006912
78547770261
78560452294
78575525628
78609233783
78614546788
78623799064
78629552532
78649153783
78665233990
78675280998
78680442344
78681177142
78689795412
78691644364
78719412075
78751412389
78755752212
78767624076
78776427864
78776567900
78786114722
78810214319
78875529481
78885698975
78891191522
78896768902
78896818230
78899177483
78936670592
78948406591
78949907300
78951559271
78951660665
78959702860
78968033933
78968656886
79008192742
79010178224
79015795302
79028626353
79033782677
79060760733
79062039240
79062133647
79087903121
79125111098
79142516154
79143499266
79165677533
79172385180
79176163470
79181251957
79184777986
79193900560
79196343989
79198333879
79211441607
79211500121
79223915857
79250867454
79264225828
79273962060
79280030567
79283021084
79294330624
79305862862
79315413548
79318949771
79323360258
79324931172
79340544185
79343031852
79356234093
79369773144
79405218216
79457014831
79461381457
79470478474
79471468347
79474792555
79493368029
79496831800
79511137706
79520393296
79523192095
79529361049
79536173966
79536599952
79544291987
79559446455
79559841137
79570527210
79575847093
79584283223
79609055990
79658163093
79659558542
79660829088
79681908338
79686855913
79691115854
79693826999
79714266375
79724158414
79727867631
79778350892
79825495208
79843806188
79845918618
79852930816
79858985187
79862562294
79880441448
79895589632
79896724575
79897685435
79907116407
79913523155
79920124090
79931468835
79945724502
79952418632
79956916313
79958255846
79977060333
80008654155
80015415233
80046300503
80081256760
80088281629
80091545502
80111877202
80119993164
80124237915
80171251841
80199424980
80206296632
80211168494
80228070246
80234305433
80238748664
80274928104
80278075263
80300326553
80308500727
80321142191
80332372657
80338538134
80368605174
80382935708
80385455816
80397307472
80401401215
80403940167
80416771683
80417437305
80425874041
80426102077
80431925857
80439561694
80444491144
80466938436
80473557418
80499082456
80516269849
80523635589
80533099618
80536734621
80553417259
80554386225
80568920159
80572457767
80585572338
80593915880
80595204218
80599530021
80612441635
80640545201
80641390142
80647713367
80656136675
80658348838
80671574176
80705903382
80718853963
80746000901
80746339149
80751294130
80760501942
80760603848
80769616763
80775108134
80775574597
80777459714
80799974960
80800974752
80812078992
80812932451
80818533920
80823516976
80830715671
80835361880
80853397821
80867602609
80873843701
80883174335
80905119118
80934550103
80940661978
80963017461
80967365295
80973059011
80981844912
80985627482
80988412254
80995538216
80996641963
80998099566
81004519409
81012910660
81071299937
81071317082
81084208934
81093961816
81096207100
81101659434
81117368131
81123156671
81126126815
81128169629
81164779857
81190933807
81197452671
81202668524
81204420264
81214681487
81222168789
81239262331
81247995853
81251803421
81256048037
81260761477
81263319644
81286420201
81312593006
81335387012
81337650380
81341037418
81375073603
81403953758
81406462630
81406825409
81416018086
81430845045
81457457381
81465012036
81470444927
81471690792
81492876087
81521831237
81524616904
81531481811
81531570569
81537063541
81564842092
81572398333
81579485947
81592980370
81605276090
81626477732
81633510565
81642696003
81651768334
81653901950
81660497818
81679846999
81697296336
81755237707
81760906176
81766695575
81772441424
81831371739
81837089952
81840479016
81854782398
81865137242
81865207391
81865447783
81879150403
81879748196
81880140666
81886183974
81888835064
81892940445
81894134644
81897241133
81901817937
81925648145
81930620780
81946108880
81959497085
81965433846
81970146406
82006271860
82014726905
82030883844
82031597298
82038243695
82038647333
82112076839
82139611297
82145435995
82166040017
82168158776
82173538025
82176632156
82189220148
82199361964
82215398694
82218759917
82220146308
82223307813
82239901714
82241077105
82250912663
82277721335
82281252457
82285066387
82302201533
82320634586
82334167843
82338898155
82346542425
82359389932
82373582935
82382557240
82395383856
82416999096
82426637508
82430317605
82434728117
82442037141
82466428145
82468516149
82474645322
82491726130
82503654333
82508799757
82534932556
82536170342
82542706438
82547130977
82555019334
82560946967
82565508174
82566672022
82569390368
82579922992
82581473292
82582571013
82615710559
82619186465
82633322758
82654450635
82655680990
82678188804
82704013028
82712178911
82714511248
82720003732
82721452228
82721553353
82723422782
82731026661
82735459388
82742276360
82746799596
82749659301
82755514748
82755764906
82779405769
82782576046
82783464438
82786551628
82792317209
82808529884
82820966423
82828437235
82832933429
82846571521
82859846532
82885858724
82890167182
82901276774
82915968248
82916664316
82930360104
82933856863
82954167169
82959647945
82963528772
82992594139
82997350700
83013986555
83028967753
83033340502
83042727367
83051343292
83082262779
83084571941
83085928239
83088235932
83090836132
83094654440
83094778282
83096056824
83110639424
83116836544
83133923765
83135880888
83142469131
83144744350
83152701023
83157291600
83162753831
83162770086
83168897323
83179698541
83183824965
83185234342
83191247161
83200370603
83209159305
83209438950
83212149984
83260625317
83264678858
83279272454
83280610824
83323162133
83326222396
83344411622
83352640478
83368431021
83386478370
83404074149
83406410876
83418094536
83427862404
83449802818
83463110839
83465780780
83465782745
83465987775
83467960357
83472389090
83472389599
83472578782
83473081029
83478566020
83491170042
83491541425
83500798453
83507567390
83510606367
83513618437
83515064680
83517874716
83540017599
83546879739
83549230594
83551240443
83559253061
83562479199
83595763008
83597523022
83611471241
83612374898
83614117639
83616829483
83619373283
83620664047
83628048645
83645210663
83645503994
83652473679
83655675400
83682698430
83690940256
83706436399
83725561536
83746988671
83772843645
83772968276
83788908946
83802936818
83805852070
83837566778
83853064074
83913767359
83918674112
83920790188
83939467824
83954962418
83970152351
83988766350
83995445813
84002219077
84009121564
84022534446
84029481713
84070134398
84094815454
84100651119
84114831311
84130013584
84134334470
84138650486
84141682282
84157450297
84168412853
84188779257
84196206477
84247494789
84248437318
84260188236
84272902471
84277069613
84288775617
84292458639
84306541061
84307823533
84310715030
84330675989
84373667946
84377043771
84385516079
84386777778
84400379613
84400379729
84409539546
84414589808
84430106407
84432135149
84453214320
84457360271
84468079453
84473003640
84474229302
84505302207
84511448441
84529606875
84546018177
84559772224
84615777562
84622749734
84629103586
84632372051
84657182819
84668143851
84676782266
84710156777
84712027210
84717457498
84727974435
84735525555
84758558610
84762238438
84765801773
84766700517
84773778997
84785428845
84800984715
84803464279
84813245113
84817138459
84830572598
84843772642
84845990182
84846693243
84857795755
84861167376
84883311611
84885938447
84893988707
84901314682
84920708609
84929060934
84929581348
84940975468
84943549840
84945586878
85018187816
85024053441
85024095056
85032661590
85032981180
85033154509
85071513977
85072679048
85093217095
85097515980
85111731218
85114606719
85117871586
85118144471
85140000407
85147395726
85149226407
85150966466
85151003040
85160861574
85162013208
85192384278
85194653942
85204764838
85215306096
85215510989
85253821536
85256841119
85258171335
85268112011
85271216632
85277343132
85295940243
85310041371
85314304491
85318998512
85320668716
85327839665
85357327347
85358432970
85365563960
85368975000
85374059087
85385614259
85389946696
85405248592
85407025411
85429638497
85445241313
85459008405
85465297728
85467455876
85474630055
85483854599
85490825699
85504598265
85536133557
85544362789
85546138336
85562202193
85569480213
85576833283
85583010844
85589702692
85607538979
85613579211
85625858678
85627131251
85628219892
85629793626
85632679103
85644330426
85656504319
85669149993
85672299051
85673764115
85679114074
85679758105
85684714529
85684955436
85687557672
85693707406
85699759233
85700674399
85700691691
85706255046
85720684363
85741595281
85748015229
85761375372
85789229229
85794120603
85807315212
85821466849
85828122579
85846727928
85876018872
85881223922
85887589648
85908321230
85910336146
85911342555
85915079838
85920530349
85935884635
85963223967
85966437140
85972693390
85972693541
85976185036
85977317841
85985765299
85986195481
85987884252
86002037803
86007365748
86011539684
86017225167
86027928810
86030044933
86030312215
86053767729
86055981075
86084093941
86096410309
86131412282
86144109802
86177301520
86186919497
86214084248
86215759144
86248754763
86249864784
86250661412
86259534816
86259672236
86265087905
86283405153
86304506122
86304971367
86309104500
86321452226
86326650261
86331950288
86334960465
86338298516
86338912940
86339213506
86362472471
86363226059
86370529297
86373897656
86382095944
86382096715
86384617896
86391691065
86404790922
86404818993
86404872746
86425911694
86456430086
86458798569
86459692431
86461331153
86465983737
86466207659
86502479257
86505958729
86513983337
86522342671
86540605318
86542858427
86545319386
86547709992
86582897281
86597789833
86610630936
86613800900
86615525499
86624475742
86642506028
86642916275
86651932849
86670546076
86675256422
86686386857
86690024863
86690230376
86692049331
86717133479
86720612610
86731962924
86733276792
86762314606
86762486210
86764509868
86764648502
86773590307
86773640860
86783512747
86804480055
86813078974
86817213868
86833347153
86835363870
86840400088
86847693321
86849891468
86851451026
86862560959
86865183572
86865286390
86865417590
86868033473
86872164085
86878505763
86888185589
86896593096
86907978348
86921075675
86938559802
86953228686
86960257539
87001023796
87005645186
87020605008
87023420138
87023420152
87043751419
87045514842
87048612754
87051023880
87055942471
87057735799
87071110893
87081663448
87087284968
87091823842
87094975754
87113494180
87119987570
87127827486
87144802376
87146197728
87197533072
87208309338
87208599703
87211376421
87224233968
87231450009
87258039650
87259667303
87260007120
87269928661
87279315726
87305946890
87309044161
87314374544
87326161963
87327942431
87335943335
87337135668
87339223761
87384211567
87389082711
87420361419
87424200850
87436830665
87444434509
87472491076
87481661083
87485624049
87486178299
87494279976
87494766253
87520721082
87537492242
87542454735
87560979074
87563533408
87577423509
87595244080
87602776825
87620469256
87621982786
87622628836
87648931333
87659617126
87660480666
87675072652
87691827939
87695521188
87695577097
87711323133
87715099394
87718447857
87748044075
87761541584
87764919161
87773380676
87849334032
87853880502
87869665251
87890770565
87914388446
87917698044
87917833236
87922552662
87924777076
87935066710
87937931265
87940160778
87951623898
87953871989
87960548033
87960652027
87962899470
87968712924
87976103581
88007542608
88020855561
88031669682
88048033546
88086634512
88091332667
88095379687
88117279749
88136006588
88144897466
88149506768
88151604123
88170892540
88183649797
88184222099
88201898116
88205056235
88219890256
88224423409
88254756250
88269571207
88271289300
88281307022
88301177949
88303909168
88305622413
88335385473
88335678107
88336412730
88342246316
88401230702
88422432087
88427522866
88488640978
88500336257
88500567527
88502456475
88505982914
88509464418
88526059519
88527225962
88536199075
88540831992
88577871088
88589896826
88602200657
88618254874
88626769582
88675753511
88681741914
88698301849
88702882186
88705499843
88707967208
88715933405
88717630096
88721813017
88727100428
88740372155
88745013243
88746329667
88788634940
88792149417
88793502099
88796992572
88799058860
88799246682
88803556421
88807449831
88816462031
88828681495
88835089443
88845513651
88865254503
88880009483
88880814671
88889095536
88889096192
88897092366
88905675382
88914997084
88919405345
88920411935
88927693229
88979625800
88988654283
88993777012
88999184455
89011649802
89033259244
89038889845
89073823385
89076631052
89076631072
89085537408
89112639031
89115930547
89120670980
89131899424
89134033450
89139343414
89142415785
89149691424
89151920021
89157302575
89161381777
89176144849
89192585238
89220563105
89223415141
89244028550
89251714554
89259599155
89276165770
89289503054
89295687419
89305653596
89307888768
89318943896
89326846632
89326941107
89361602242
89368118756
89381806259
89394984124
89414369131
89421407421
89422835213
89429218969
89436648884
89437935147
89485061876
89520030365
89534601064
89562477036
89574395346
89583253484
89591893552
89620126800
89621171266
89624981450
89632183664
89646901491
89646938343
89657825767
89663682172
89677920398
89704240357
89706053041
89717455531
89797849842
89803938748
89860051342
89864765371
89867741614
89878782827
89879056816
89880744582
89891389896
89900867257
89909876252
89910147555
89931330888
89948769684
89954374006
89955851428
89959511643
89964047519
89971186770
89984325303
89985047295
89998604479
90002735009
90004293917
90008732733
90009683749
90021432538
90036659278
90046370992
90063655915
90085165287
90138012109
90153692050
90175062205
90181161054
90183330786
90193124711
90200205817
90202881031
90225422290
90261042834
90301320275
90303423455
90334039102
90335835378
90348058857
90350285448
90375232354
90376359553
90402058483
90402058599
90409981035
90440622376
90466369622
90483141697
90483210455
90494172960
90507486851
90510087170
90515862381
90516868148
90518523987
90559738051
90562712788
90578583046
90584142500
90595114493
90622925694
90631925331
90676691374
90683693889
90689524064
90693172122
90707380932
90756585047
90758487112
90762982278
90771051765
90780111427
90785405221
90823697726
90846086868
90853315589
90853702975
90854069119
90856571236
90860281784
90860464358
90872337605
90872337847
90881459399
90882952308
90883326206
90884818136
90887528575
90888694876
90889760473
90898665007
90898666546
90907727476
90913492785
90926579305
90955862018
90964535820
90967094732
91006726485
91016036790
91021226274
91023622497
91034275893
91048452484
91052870191
91059892569
91066913137
91073222752
91098168472
91107884259
91124401699
91124985766
91134350600
91139866890
91140852847
91142671996
91154931612
91169094586
91169707204
91179571081
91188321144
91201716325
91248057384
91283491714
91380756776
91396010508
91448827212
91452986187
91506373746
91508835401
91522113543
91524828394
91537991176
91562213630
91565732391
91585572262
91587597570
91592836636
91614172125
91634645060
91641135171
91649683833
91655242618
91667885779
91674143891
91675256497
91696763664
91701259190
91726888682
91730236876
91741803155
91742127902
91768145157
91771289903
91777094988
91786763938
91788119913
91791771591
91793689904
91830873285
91832011555
91832406187
91840324017
91841958995
91848314503
91850861634
91859333333
91864280231
91880565935
91920246263
91941606082
91945690374
91946748031
91949806517
91953501548
91955892333
91967279205
91967860300
91978193961
92008781154
92020302699
92028538032
92032860012
92052792724
92076206357
92096190365
92096874354
92104393978
92104394775
92109732449
92112681282
92112817784
92145168849
92153779883
92165159853
92167884590
92192810396
92215272864
92217983500
92223938483
92228843723
92234358880
92242046350
92267543291
92268796572
92271512832
92279913877
92292841963
92302974404
92308671545
92329131252
92329306377
92331239494
92360787493
92367500884
92415613691
92435318988
92444153447
92472501470
92489917223
92510467176
92513524071
92513916971
92520078948
92522691115
92555541526
92571233905
92575162227
92585445739
92600999992
92604111078
92619396528
92632131690
92647749910
92649677164
92651197190
92657371683
92661055807
92661467191
92671571560
92674614189
92679324440
92684181338
92700667761
92705401534
92721274657
92727438991
92743459356
92746484951
92753452186
92797181144
92803114342
92811186712
92813526951
92833385795
92836359437
92853211021
92862266028
92882903651
92907482075
92918012186
92919837803
92939949371
92942418493
92953560064
92964080691
92965922111
92970799494
93003515037
93021781669
93023096243
93030718037
93035588429
93039535704
93045731063
93050562706
93051791796
93056324908
93058517333
93076863270
93079706698
93105404071
93111328371
93135324359
93135358306
93139455312
93140311106
93141511153
93145129054
93175995985
93215173280
93218945741
93244029257
93256406580
93269576512
93287526263
93290750767
93318444885
93332780126
93335318170
93347649163
93351383500
93377944685
93427867511
93437356085
93467571414
93483449802
93485773159
93499309006
93515448435
93526554576
93529233070
93535133185
93540118645
93547171557
93547409342
93555526645
93558850636
93561260184
93570026287
93579859199
93596866875
93642419106
93667752389
93706810718
93707441605
93718039537
93719415017
93720288577
93721225055
93731759579
93738148288
93739609887
93741379639
93741462891
93802174920
93825998030
93863902216
93904122983
93907087788
93908659338
93915040964
93926962041
93933704131
93949273164
93969678537
93972927788
93985696330
93992606585
93999473209
94001896839
94010542958
94035386190
94037470852
94042044934
94088867146
94092170742
94108901493
94139991051
94147833109
94148958542
94158617278
94158787078
94167627331
94176980620
94183239319
94188433944
94190877609
94195991352
94209724557
94243594376
94245302701
94254990199
94271332015
94273597808
94284082029
94290099339
94294738885
94308451061
94327156736
94346453995
94349435283
94358480801
94370780731
94371000609
94405703826
94428239903
94435074872
94467419626
94471715814
94480872387
94503401325
94506628136
94516501888
94525511415
94526720191
94541230875
94541230889
94554874395
94554924850
94556170641
94560033858
94583376401
94591493234
94627474329
94640282722
94640761035
94642233599
94648181642
94656620043
94657854268
94666173081
94670529195
94717741486
94724376905
94728093785
94734827204
94794278210
94822558945
94858923748
94864625351
94870769506
94885804792
94889788209
94890379487
94897821783
94901252912
94919387724
94939906819
94960053821
94964259081
94968730681
94985606901
95002815295
95034517633
95051033955
95067999691
95085413937
95092710000
95113660841
95117237660
95133560109
95145096437
95145728085
95168044950
95183122184
95187532751
95196527740
95197806040
95231855210
95257648663
95266999592
95269331196
95284520619
95295214890
95297878730
95304198392
95304884994
95321218713
95340350283
95349749144
95349854697
95361009868
95373360431
95375735560
95376108431
95376210192
95383551167
95384709466
95400376940
95400446487
95400670767
95409472779
95414072472
95418326949
95445296617
95472476655
95487841872
95494404660
95508703656
95540328112
95542826354
95544435796
95549500083
95576510753
95595300450
95629085937
95633549044
95648264830
95649015555
95660108300
95667187186
95694683544
95697200990
95699153127
95707446573
95710459152
95712243323
95724767160
95730104114
95733892340
95758823831
95765912136
95774535425
95778077917
95779175412
95800055094
95803558059
95839079266
95856606240
95863578109
95908120307
95930140373
95969127810
95980127421
96003223094
96004684353
96022719581
96027852363
96032123454
96066066854
96080420002
96081867835
96106020744
96114063038
96118849913
96121616910
96121758581
96156206099
96157071719
96161348016
96169607673
96183181094
96184014439
96191991088
96194183395
96200206019
96216632353
96220573573
96246835228
96247188019
96263710854
96274031020
96277575063
96287672132
96289382994
96304609500
96304871187
96314743573
96318897936
96327606077
96334291902
96338185683
96340271156
96353024721
96355036212
96357121066
96359167159
96388463834
96397731717
96418818752
96442120086
96444342773
96448527160
96450544869
96450553251
96452936342
96453560671
96455202406
96456809800
96481409392
96509252955
96543503085
96559725820
96569873933
96570294248
96582504110
96587258901
96589891650
96603245580
96635701370
96638250970
96640680298
96642823078
96651141266
96670186637
96750594522
96753330684
96768476832
96781079753
96785879130
96786631284
96800607113
96803410203
96804349480
96817140377
96860652204
96866795042
96878117776
96897384706
96935312662
96944843763
96967423630
96987159488
97015259562
97077444448
97103198807
97113649690
97130438925
97167104911
97167375827
97168399307
97184172632
97191548891
97220789159
97249279645
97265243904
97266683820
97271709233
97272574075
97277213517
97280657266
97280953738
97301993353
97303208727
97311232086
97315602805
97326544619
97330782162
97330782822
97342093700
97343112865
97365557348
97365593775
97374678372
97375289845
97385722640
97409473408
97418585833
97446237425
97471504646
97485153448
97487526044
97487888479
97494129365
97501327047
97510932349
97531251374
97532921004
97573178790
97597831884
97602712274
97605722832
97623320870
97638595770
97640282613
97646078334
97650716025
97652601898
97657810867
97665610819
97678088396
97688371327
97712450936
97718981472
97724347614
97736212132
97749667280
97750275631
97780661579
97794375012
97795275431
97801775390
97841793201
97871963556
97913634860
97929424353
97956006829
97960732994
97965230032
98007378992
98026545474
98039849227
98096550334
98119577337
98123439319
98125197734
98143783647
98159879042
98178435685
98192703722
98202032927
98208115545
98209432192
98212384858
98220754408
98223788723
98239160185
98242170984
98251987113
98270811288
98280066479
98280982104
98288974456
98302216310
98303883212
98312772610
98323168101
98336839998
98339955634
98363217040
98364552869
98374041564
98375950539
98390412716
98437604331
98452280289
98453494577
98454866779
98460158058
98461106601
98463106754
98477365454
98484582237
98487471493
98505667899
98508721922
98521307940
98521435208
98528455206
98533059566
98540542951
98548401496
98561184508
98568391518
98579389653
98586855643
98590150834
98602159077
98611868960
98652838848
98656020125
98661831347
98668486318
98677855088
98686136970
98694760879
98697110051
98702628349
98703670217
98747890684
98761516516
98766105896
98772350090
98775739586
98777065306
98784747610
98785540183
98793192469
98798075583
98804189323
98817279155
98818152304
98831947108
98845273405
98850446021
98858258745
98904422649
98912108539
98933559665
98933983751
98934888317
98942552029
98957457764
98962563198
98970936164
98977018577
98982066554
98999061123
99011919053
99011920763
99027936019
99049085229
99054152705
99056991024
99088653255
99091139810
99093364502
99111798192
99116456883
99118584590
99120261317
99139138021
99139251246
99143852580
99152008345
99162640711
99163019617
99165899300
99183018333
99215778406
99221027322
99232739963
99238899412
99242415781
99265428730
99273121164
99273224516
99299317324
99304159450
99327740245
99335412980
99347010706
99349922159
99351714055
99358900871
99380246131
99388707305
99401260310
99411182732
99412638039
99414988928
99425980820
99435606299
99436178646
99436198154
99439784678
99445242122
99445259277
99445484475
99445516701
99447424818
99448367878
99460054368
99465812246
99496450737
99498766523
99506347883
99525847017
99539687409
99546169275
99548748431
99550773829
99554290016
99574049472
99584543084
99589054853
99595346939
99602479955
99647795046
99648409140
99669251513
99681694451
99718231613
99720094575
99759502494
99760400559
99764205241
99786901700
99826260643
99835784497
99841656927
99843455032
99844007886
99845431441
99852676138
99852742415
99859746344
99872908810
99891363628
99902250846
99932120997
99951517879
99975137917
99984166976
99991080513
