1272
4793
6821
6914
7168
7812
8043
8169
8757
9382
10461
11465
11484
11582
12394
12470
12511
13474
14187
16145
16176
16550
17850
19536
19807
21177
22778
24741
26256
26473
28603
29877
31902
33114
33134
34722
35465
35826
36337
38556
38671
43257
43447
46077
47461
54319
54484
54856
55873
56964
56967
59482
61077
61461
62027
62107
62336
63145
63669
65449
66454
67616
69597
70858
71265
71931
72871
73117
73311
73379
75476
76098
76576
76758
76959
78719
80009
80232
82276
84808
86129
86305
87245
87862
88945
90331
90698
90721
91737
92296
92847
96242
96613
96855
97184
98442
101810
103235
104135
104312
106162
106518
107104
110122
112761
113173
113187
113880
115527
116452
117495
119541
122731
123673
124737
125310
128848
129023
130079
130147
130483
131046
131289
131375
134114
134156
134359
135086
135406
135490
137666
139463
139737
142112
143584
145801
146265
147197
147286
147648
151477
154493
155207
156208
156612
157662
159801
161088
162044
162459
162494
163632
164070
164097
164137
164850
165256
165903
169422
170333
170384
171188
171954
172983
174491
175550
175799
176075
183014
183025
187152
187483
187899
189941
191132
191149
192600
192755
193255
193841
194969
195173
195193
195370
196027
196231
197299
197309
197662
199996
200744
201327
201545
202363
202454
205861
206100
206266
209894
209961
210037
211005
211873
212187
212273
212821
213612
214901
216145
216790
217356
217360
220722
220861
221153
224312
224753
225283
225423
226999
228534
228733
232048
236882
238585
241310
243970
245998
246441
247780
250028
250524
250607
252457
254401
256489
258482
258548
259056
260000
260958
261534
261786
262390
262883
264286
264907
265290
265528
265598
267319
267329
267483
270663
271452
271525
272336
274812
276462
276712
277815
279945
280006
280147
281871
282069
283548
285745
285765
286011
286137
286175
287861
289289
290899
292428
292894
292914
293374
294021
294869
295360
296875
297943
298696
298829
298939
299883
302045
302186
303245
304210
305695
308646
309521
309930
310959
313125
316106
316553
317389
319559
323611
324854
326238
327349
327612
327866
328089
328387
329821
331931
332878
333912
336578
336935
338423
338545
338962
339260
340347
342788
344303
344739
346126
346237
346341
346771
348938
349664
350093
350808
350851
350989
352830
353591
354523
355692
357092
357389
358178
358277
358466
358749
359129
360788
361427
363033
364374
364864
366086
366686
367395
367488
367806
368153
370853
372592
372849
372877
373002
374362
375217
375330
378180
378569
380581
381184
382729
384435
384682
386349
387330
387371
388983
391130
392185
392359
394249
399025
400313
400345
401211
401299
403216
403374
404729
405420
405792
406039
406262
406906
408648
409707
409797
410356
410603
412348
412599
412827
413540
414016
416129
416997
417884
419308
419981
421479
425250
426936
427367
427861
429189
430367
430704
430734
431078
431228
431428
431784
432728
432769
433223
433915
435048
435578
435736
435927
436604
437695
438499
438642
438850
440936
442450
442636
443315
443707
443906
444386
445154
446180
446705
447935
448477
449061
449773
450384
450795
452009
452426
456602
457051
459152
460418
462685
462918
464811
466177
466556
468173
468741
469150
469298
470877
471401
472068
473295
473543
473779
474084
474177
475699
475894
476674
477994
478085
479535
481228
482235
482349
483208
483257
483656
484377
486611
486734
489883
491957
493503
495739
496212
497109
497585
497942
499523
500116
500482
500877
502052
502763
503430
506871
507330
507366
507455
509040
509134
509965
510117
512117
512549
513408
515548
516367
516583
517446
521062
522963
524100
524592
524722
525039
525272
526751
527303
532310
533700
533881
534656
538139
539030
542306
545084
545853
545876
545908
546646
548114
549895
551617
553491
553510
553745
554038
554863
557660
558017
560704
561104
561516
562544
563235
565657
567179
570202
571044
571318
571999
572829
573297
573904
574350
575014
575125
576371
577198
577326
578075
578224
578957
578994
580409
581018
582186
583081
583393
585564
586267
586580
586659
586896
587760
588283
588488
592144
592551
592997
593111
594718
594756
595987
596181
597274
598056
598465
599392
600033
600702
600806
601091
602514
603273
603962
605180
605250
607098
607151
607548
607658
607908
608036
608061
608260
611897
612649
612742
613380
614102
614306
616444
617717
617870
623711
624307
624536
625362
625592
626224
626634
626681
628942
631827
632635
635100
636028
637150
639392
639741
639872
641284
642524
644042
644252
644734
645530
645951
646867
648171
648385
648524
652253
653045
653733
653759
654149
655679
655788
656882
656987
658013
659287
659341
659606
660333
662804
663217
663677
663960
664287
664949
665587
666555
667294
667938
670907
672170
673042
675093
677408
677940
678721
679379
681501
681674
682953
683201
683656
685723
689646
690967
691813
692467
692608
693328
695441
696749
697290
698490
699730
701647
702802
704043
704803
705209
709540
710096
710982
711249
711396
713339
713499
714575
715296
717488
717515
719539
720716
722347
722446
730034
730396
730722
730778
733014
733725
734097
738103
741133
743465
743606
744020
744212
745899
746268
747553
747830
748340
748660
748986
749951
751945
753570
754115
756664
757677
761353
762007
762307
762994
763139
763917
764014
764034
765466
765644
766130
767842
767936
768339
768681
770510
770585
770682
771825
773834
773971
774133
776656
776989
777268
779182
779279
779628
779834
780283
780508
780585
784416
784780
786998
787815
788985
789557
789974
790690
791358
791740
792100
792239
792403
792562
796939
798977
800826
801571
801704
802510
808854
809415
811032
812419
813932
814861
815480
816273
817357
817421
819340
819505
819619
821305
821316
822385
822748
822924
823039
826216
828275
833667
834741
835120
837102
837114
837395
838457
839179
839874
841472
842074
843160
843488
844050
844520
845735
846190
847304
847369
851257
851951
852226
852813
852935
853168
854347
855998
856024
856822
858472
859143
859173
859190
861261
861645
861718
863711
865811
867056
867233
868817
870749
870778
871774
872248
873670
874185
874204
874542
874614
874735
875598
877356
879093
880540
881653
881835
882216
883622
884169
884189
885253
885420
885526
887495
888112
888369
889014
889626
889695
889761
889793
890511
893390
894575
896579
896917
897001
898691
900128
901068
902071
902666
902819
902958
903018
905646
906671
907671
908213
908300
908577
909370
909924
914257
916723
917585
918028
918063
918529
919202
920050
921962
922659
923377
923415
923862
924446
925591
925601
925970
926780
926856
927070
927505
927942
928192
929706
931074
931114
932180
933716
934934
935138
936049
937251
938593
939720
940923
941440
942255
943881
945273
945339
947486
948426
950836
951333
953635
954692
954835
954878
955005
956086
957584
957697
959112
959224
959563
959975
963691
965138
965569
966453
967131
968666
968781
969411
969588
969787
969945
970676
971584
972066
973502
973829
974102
974683
975098
976029
978095
978481
978598
978632
979970
982850
982858
983750
983894
986174
986492
987520
988380
989199
990439
991502
992437
994315
994343
994421
995926
996386
996712
997236
997753
998046
998284
998405
998547
999023
999266
1000660
1007371
1013484
1014183
1016358
1017031
1017320
1018703
1020367
1020743
1021256
1023114
1026216
1027311
1027542
1030344
1030568
1031743
1032014
1033963
1034506
1034664
1035664
1037490
1037500
1040510
1040604
1040697
1041851
1042561
1044012
1044013
1044716
1045104
1045129
1047114
1047240
1049999
1050459
1051570
1052488
1053710
1055199
1055438
1055770
1056294
1056868
1057366
1057635
1060092
1060515
1060607
1060619
1062252
1062915
1063355
1065188
1066084
1067223
1067974
1068419
1068944
1069604
1069794
1070085
1070533
1071642
1072192
1073065
1075142
1075659
1077368
1077619
1077636
1078097
1080037
1080445
1082139
1082382
1083792
1084107
1084726
1086890
1088057
1089156
1089461
1089747
1093823
1094474
1094670
1095274
1095361
1097552
1099317
1099806
1101134
1102539
1104601
1106689
1107926
1108200
1110324
1111066
1111960
1112124
1112223
1112472
1115902
1116303
1116602
1117009
1118295
1118339
1118594
1118688
1119640
1119725
1121897
1122554
1122998
1123267
1125006
1125829
1126501
1126586
1127265
1127403
1129926
1130200
1130283
1130286
1131286
1131640
1131880
1132241
1132274
1133369
1135982
1137010
1137460
1137651
1137995
1139490
1142034
1143641
1144001
1145397
1145701
1145885
1145938
1147676
1147952
1149315
1151943
1152572
1156180
1156974
1157338
1161238
1162685
1163490
1164091
1164601
1165756
1166562
1168329
1168917
1169904
1171326
1173352
1173934
1174271
1178348
1181612
1182332
1182990
1185275
1185755
1185811
1187000
1188832
1189346
1189670
1190069
1190605
1193348
1193704
1194267
1194876
1195394
1196331
1198019
1198544
1199874
1201814
1201911
1205484
1206222
1206445
1207613
1211767
1212316
1213005
1213219
1214619
1214840
1215337
1217566
1218037
1219196
1220413
1224073
1224268
1225745
1225756
1226946
1227937
1228131
1228331
1228910
1229796
1233262
1236203
1238177
1240901
1241479
1242146
1242605
1242658
1243818
1243979
1244278
1244728
1246473
1247658
1247960
1248835
1250299
1250812
1252471
1252633
1252986
1253956
1253983
1255360
1255465
1256721
1256772
1260296
1261132
1261301
1263412
1264861
1265080
1266834
1268380
1269776
1270021
1270443
1272889
1274728
1275951
1276083
1279127
1280494
1281676
1282150
1283265
1283335
1284289
1285619
1286267
1287794
1288662
1288822
1289114
1289419
1289447
1289755
1291142
1292015
1292395
1292919
1294218
1294562
1294689
1294765
1297845
1297922
1298102
1298197
1299382
1299765
1302344
1302885
1302913
1303996
1304964
1305005
1305024
1305716
1305758
1306363
1306458
1307588
1308963
1309231
1310632
1310807
1311251
1311788
1312953
1315779
1316102
1316382
1316844
1317537
1318177
1321176
1322863
1323075
1323417
1323834
1323973
1325577
1326844
1327397
1327534
1327694
1327795
1330468
1332984
1333061
1333197
1335293
1336919
1337501
1339009
1339690
1340291
1341505
1343760
1344689
1344828
1345171
1345889
1347669
1347797
1348841
1351266
1351336
1353038
1355189
1356820
1361006
1362459
1362843
1363384
1363545
1363738
1365118
1365332
1370078
1371557
1371730
1372698
1372988
1373974
1375138
1377441
1378737
1379178
1380509
1381630
1383889
1385159
1385579
1385716
1389244
1389459
1392713
1395331
1395895
1396963
1397034
1397254
1398081
1398217
1398806
1399851
1400593
1401059
1401982
1403382
1404325
1404526
1404682
1406304
1406824
1407112
1407273
1408574
1409800
1411064
1411971
1414249
1414309
1415698
1416778
1418292
1418338
1418473
1419280
1419443
1419753
1421591
1422409
1422855
1423586
1424006
1424104
1426516
1426740
1428262
1431477
1432019
1432363
1432428
1432528
1433160
1434149
1434498
1435415
1436957
1437525
1439350
1440873
1441144
1442173
1442613
1443571
1444825
1444985
1445395
1445424
1445979
1446148
1446238
1446903
1446908
1447323
1448255
1448855
1454396
1454855
1455418
1455970
1457399
1458621
1459953
1460022
1460580
1463017
1463110
1464505
1464854
1466626
1467702
1469523
1469548
1469955
1473309
1476916
1477052
1479031
1482715
1483668
1483818
1483935
1485944
1487083
1488873
1488932
1490316
1490904
1490949
1491050
1491950
1492827
1494439
1494536
1495259
1496555
1499402
1499757
1500221
1500310
1502307
1502382
1503786
1503931
1504132
1504663
1504836
1507679
1509312
1511357
1513077
1513339
1514046
1516293
1517721
1517722
1518970
1519196
1520884
1522724
1523124
1523452
1524245
1524247
1527225
1529494
1530962
1531126
1532487
1533311
1534696
1534878
1534949
1536077
1539068
1539226
1539615
1540956
1541456
1543982
1544791
1545022
1546923
1547308
1547478
1548070
1548620
1550868
1551206
1551787
1553222
1554281
1554703
1555403
1557250
1557295
1558884
1558972
1562947
1563524
1565505
1566712
1568110
1568566
1570055
1571391
1572026
1576195
1576895
1577154
1582056
1582229
1585823
1586450
1586492
1586540
1588786
1590407
1590610
1592230
1592550
1592847
1594745
1595232
1595376
1595678
1595945
1598853
1599732
1599809
1600631
1601813
1602218
1602332
1603337
1604596
1604831
1604859
1605110
1605433
1606904
1607616
1608040
1608113
1608857
1610470
1610506
1613232
1613493
1613599
1613919
1613933
1614177
1614843
1615752
1618354
1619567
1619606
1620122
1620224
1622415
1623978
1624514
1626011
1626180
1626322
1626331
1632815
1635686
1636220
1637561
1638103
1638498
1638822
1638826
1639520
1640743
1642473
1643154
1646234
1648990
1649277
1649345
1649850
1650244
1652505
1652992
1654134
1655312
1655896
1656128
1656329
1657584
1658569
1658959
1658976
1659440
1660253
1660977
1666763
1667385
1668434
1669962
1670685
1671120
1671285
1671866
1672794
1673273
1674728
1677049
1677863
1678608
1680636
1681590
1684313
1684496
1685851
1686257
1686744
1688036
1688255
1688637
1689169
1690927
1691339
1691403
1692090
1693188
1693222
1693235
1693674
1694314
1695218
1695409
1696688
1698142
1699863
1702247
1703401
1703582
1704594
1704822
1705676
1706226
1707969
1708958
1709239
1709278
1711039
1711195
1711830
1712513
1712912
1713460
1714029
1715535
1716086
1717144
1720717
1721506
1722586
1724474
1724501
1724900
1725658
1726506
1726698
1726937
1728318
1728549
1731095
1734913
1736679
1739404
1739658
1740164
1740480
1740542
1742959
1743570
1744092
1744307
1746396
1747377
1747962
1748667
1748951
1750455
1750973
1751302
1752057
1753260
1755133
1755426
1756049
1756387
1757368
1759795
1760963
1762000
1762024
1762146
1762428
1763747
1764394
1764648
1765684
1767776
1768180
1769327
1770277
1770702
1771411
1772160
1772524
1772938
1777607
1777886
1779774
1780093
1780157
1780943
1781029
1781382
1783108
1783979
1785713
1787930
1789000
1789993
1790375
1793071
1795630
1797843
1798091
1799734
1801301
1804521
1804855
1805682
1806399
1809088
1811523
1812378
1812899
1813062
1813756
1814509
1814693
1818145
1818847
1818925
1818926
1819010
1819267
1820133
1824308
1826627
1826832
1826873
1828041
1828652
1830053
1830740
1830849
1831931
1832614
1833626
1833987
1835355
1835466
1837505
1837545
1842225
1843251
1844000
1844257
1844317
1844638
1846825
1846916
1847858
1848396
1849156
1849485
1849530
1850861
1851092
1851318
1851322
1851426
1857637
1859505
1861851
1862394
1862406
1863839
1864258
1865661
1865954
1866548
1867186
1867528
1868130
1868577
1868922
1868942
1871598
1872000
1872359
1874217
1876942
1877145
1877542
1877931
1877988
1879066
1880225
1880272
1880394
1880862
1881191
1881759
1883615
1883835
1885603
1887210
1888722
1889319
1889398
1890348
1891665
1893240
1894040
1894470
1894564
1896401
1896427
1897664
1898116
1898961
1899314
1900451
1900620
1902004
1902027
1903231
1904117
1906079
1906295
1906567
1906662
1906702
1907087
1907386
1907415
1908672
1910266
1913327
1913628
1914354
1914580
1915171
1915785
1916830
1919114
1922230
1922557
1924177
1925224
1925543
1925683
1926705
1927231
1928065
1928537
1928845
1928873
1931219
1932801
1934573
1934886
1941272
1941728
1943334
1943829
1943924
1944383
1945284
1946124
1946674
1950793
1951278
1951931
1952172
1953871
1954205
1954594
1955241
1955403
1957010
1958231
1962298
1967696
1968384
1971999
1973784
1974297
1976335
1976405
1977091
1977425
1978608
1978622
1979168
1979326
1980544
1980765
1982755
1983161
1984025
1984344
1988189
1988274
1990453
1990737
1994033
1994429
1994519
1995363
1996330
1996959
1998162
1998529
1998899
1999650
2000173
2000224
2001043
2003112
2004220
2004286
2004468
2004497
2005006
2005448
2006059
2006626
2009221
2012537
2015074
2015146
2015179
2015401
2019224
2019270
2020715
2022353
2023319
2023451
2023781
2025677
2025963
2027554
2028417
2028751
2030148
2030782
2037109
2037384
2037883
2041187
2042369
2043499
2044584
2047614
2047721
2048834
2054459
2055098
2056964
2058055
2059919
2061822
2062459
2064402
2066517
2068302
2069306
2069533
2070146
2070527
2073863
2074873
2075251
2075786
2075795
2076385
2079379
2079760
2080625
2081516
2082019
2082372
2082971
2084410
2087152
2087889
2089250
2089715
2090511
2092776
2092818
2093223
2093405
2093972
2095132
2095384
2095630
2097035
2097866
2098146
2098962
2099364
2099943
2101593
2102223
2103413
2103778
2104170
2107174
2107212
2107242
2108265
2109093
2110462
2111482
2112122
2112648
2114803
2116951
2117054
2118101
2120593
2121135
2122168
2122589
2123688
2123747
2125796
2127354
2129911
2129961
2130130
2130654
2132081
2133134
2133558
2133562
2133958
2135165
2137730
2138110
2138839
2140201
2141490
2141515
2147945
2151775
2152239
2152527
2152643
2153059
2155101
2157103
2157461
2157512
2157711
2157922
2158074
2161396
2161556
2163344
2165862
2166405
2166903
2166999
2167007
2167465
2167821
2167910
2168244
2169032
2169801
2173155
2174497
2176998
2177011
2177433
2177526
2177558
2178541
2179926
2179995
2180043
2180058
2182045
2183498
2183547
2184030
2184565
2184722
2185096
2185246
2185553
2186404
2188077
2188539
2190728
2193574
2193862
2195127
2198223
2198248
2199227
2199743
2201166
2201320
2203296
2203339
2203348
2203625
2204292
2204726
2205381
2205915
2207060
2207378
2208656
2211715
2213653
2213683
2214619
2215918
2216730
2216805
2218404
2219479
2220567
2222002
2222983
2222998
2224351
2224447
2225881
2226394
2227362
2232081
2232382
2232886
2232974
2233227
2234176
2234813
2235323
2235835
2236030
2236109
2236153
2238007
2238258
2239111
2239692
2240013
2240781
2240839
2241168
2241787
2244018
2244945
2245490
2247218
2250909
2251618
2254195
2257260
2260963
2262531
2262929
2262950
2263579
2264552
2264579
2266578
2267067
2267498
2268507
2269217
2269432
2270250
2271149
2274342
2275825
2276349
2276520
2276587
2277453
2278921
2280166
2280891
2280944
2282279
2284070
2285274
2285307
2287882
2288186
2289396
2290839
2291555
2291899
2293149
2293584
2293930
2296163
2296901
2297122
2297985
2299586
2300840
2301266
2302458
2305116
2305350
2305591
2306103
2306242
2306550
2307419
2307458
2307688
2309689
2310226
2310924
2314154
2314351
2317495
2317854
2318287
2318587
2318784
2320094
2320274
2322134
2323115
2323367
2326205
2326283
2326935
2328195
2328554
2328743
2330551
2331631
2332381
2332416
2332623
2334156
2334965
2335675
2339362
2340699
2340833
2342022
2342376
2343684
2344166
2344518
2346911
2347996
2348712
2351359
2353758
2354860
2356935
2357163
2360551
2364615
2367860
2368781
2369338
2370090
2370465
2370489
2371679
2373884
2374578
2374684
2376967
2377399
2377536
2379121
2379696
2380762
2381057
2381333
2381373
2382085
2383724
2384055
2384156
2384932
2387941
2388974
2391523
2391551
2392465
2393675
2393947
2394155
2394936
2395722
2396426
2397313
2398717
2399791
2401196
2401865
2402352
2403362
2404497
2404540
2404661
2409073
2411735
2412000
2414239
2414504
2415757
2416411
2416440
2416568
2416691
2417530
2418315
2421112
2421892
2423190
2424215
2424714
2424794
2425149
2425579
2425706
2426412
2427926
2428651
2431667
2432582
2433297
2433447
2435122
2435714
2437182
2437415
2438447
2438885
2439233
2439839
2442178
2442632
2443533
2444715
2444828
2445545
2445724
2446192
2446459
2446861
2448519
2449416
2449768
2452387
2453376
2453594
2454079
2454378
2454882
2455731
2458919
2459062
2461731
2465878
2466248
2467287
2467794
2468064
2468271
2469456
2473434
2473952
2474356
2476849
2477146
2478262
2478488
2478762
2479283
2479805
2479847
2482354
2482850
2483380
2484293
2485811
2485938
2487052
2488036
2488563
2489493
2489843
2491056
2491156
2492068
2493816
2496815
2496864
2496895
2498415
2499138
2499514
2500515
2502401
2502696
2503718
2505049
2505850
2507322
2508912
2511542
2512095
2512345
2512414
2512536
2515446
2515515
2518303
2518334
2518567
2520519
2520919
2522799
2524153
2524613
2527833
2528463
2529799
2531331
2531451
2531923
2532270
2532910
2535015
2535132
2535638
2538126
2540295
2540912
2541730
2541786
2542259
2542799
2542831
2546591
2547060
2547533
2549880
2550658
2550813
2550987
2551258
2552775
2555512
2558036
2558593
2560262
2560360
2560649
2562661
2563103
2563422
2564210
2566878
2568345
2571303
2571720
2575598
2578612
2579877
2580298
2581019
2582423
2584460
2585103
2586559
2586803
2587407
2587819
2589729
2591659
2593548
2593999
2594079
2594375
2596837
2601580
2601963
2602625
2603206
2603456
2603460
2605566
2608239
2608325
2608801
2609503
2610868
2612210
2613143
2614124
2614510
2615123
2615515
2618007
2621097
2621269
2621534
2621771
2623306
2625045
2625340
2626646
2628617
2632034
2632368
2632727
2633359
2634395
2634643
2637090
2637517
2641440
2641443
2643259
2645173
2645626
2645698
2645778
2646846
2646902
2647951
2648342
2648580
2648608
2649695
2650315
2650444
2652229
2653862
2655050
2655477
2655593
2656619
2657546
2658997
2659250
2659953
2662253
2662571
2662692
2663281
2665116
2665487
2665572
2667181
2668125
2668228
2670119
2670558
2671076
2671254
2672106
2673605
2674033
2674054
2674689
2678196
2679025
2679974
2680299
2681024
2682919
2683843
2684464
2684730
2684810
2686388
2686573
2687119
2688078
2688162
2691381
2691403
2693812
2694823
2696026
2696720
2698754
2698765
2699490
2702127
2702670
2704014
2705048
2706348
2708193
2708318
2709549
2715153
2715612
2717655
2718005
2718687
2719502
2720894
2721424
2721950
2722293
2722568
2724264
2724561
2727042
2728012
2729224
2729621
2731836
2732829
2735359
2736406
2737251
2737348
2738143
2738173
2738346
2739083
2740912
2741028
2742492
2742587
2745549
2746652
2747509
2750674
2750884
2751535
2752966
2753078
2756510
2758146
2760674
2762124
2763625
2764273
2764866
2767728
2770043
2773350
2773612
2773929
2773948
2775857
2777085
2777998
2778038
2779541
2779565
2780428
2780443
2780717
2781968
2782247
2782896
2782955
2783329
2784407
2785169
2788232
2790536
2792658
2793011
2793163
2794417
2794625
2794890
2795332
2797162
2797652
2797930
2798015
2799227
2799319
2799953
2800977
2801081
2801814
2802288
2804937
2806408
2807175
2807460
2807564
2809123
2809795
2810085
2810133
2812598
2813249
2813830
2817399
2817734
2819142
2820168
2821198
2823170
2824176
2824921
2825780
2826000
2826250
2826793
2827313
2828532
2831041
2831159
2833159
2834368
2836662
2837935
2838477
2839001
2839697
2842057
2842173
2845714
2846476
2847211
2850378
2851606
2852287
2852394
2852691
2853004
2854500
2854636
2854811
2855211
2855262
2856174
2857263
2857448
2857534
2861296
2861726
2862761
2862892
2862969
2863700
2863873
2864439
2864703
2864913
2865021
2865171
2865928
2866549
2867078
2868172
2870978
2871038
2871914
2873138
2877400
2877866
2877961
2877964
2878065
2879270
2879541
2879605
2880851
2881127
2881460
2882469
2882768
2883305
2883470
2884132
2884172
2884173
2884611
2887585
2888059
2890149
2890285
2890314
2890502
2892492
2894515
2895539
2895606
2897999
2898255
2900141
2903358
2903906
2904310
2905131
2905672
2906871
2907696
2907711
2909691
2909870
2909930
2911328
2912578
2912708
2912803
2912807
2913446
2913715
2916275
2917311
2917357
2918211
2918736
2919231
2920166
2921323
2921981
2923389
2923691
2923920
2925753
2925970
2926748
2928205
2932319
2932900
2933613
2935990
2935999
2936591
2937357
2938952
2939533
2940134
2940347
2940488
2941099
2941149
2942596
2943511
2944682
2946241
2947014
2947360
2948302
2949691
2951580
2951669
2952291
2955467
2957532
2957704
2957748
2958209
2959768
2960149
2961615
2962304
2968249
2968722
2969702
2970258
2970357
2970946
2971487
2974200
2974427
2975176
2975695
2975976
2977489
2980502
2982435
2983015
2984525
2986213
2986769
2989272
2989960
2990784
2997249
2999320
2999954
3001017
3001255
3003234
3003845
3004259
3005188
3005743
3008243
3009431
3009458
3012656
3012782
3015229
3016518
3017249
3018198
3018823
3019195
3019316
3019708
3019819
3020442
3020677
3023574
3025384
3025600
3026428
3026732
3027327
3027638
3027810
3027878
3029672
3031207
3031322
3031995
3033036
3033850
3036229
3036794
3037859
3039386
3041855
3041899
3044063
3045436
3045941
3046687
3048008
3048073
3049361
3051069
3051449
3051483
3052736
3053200
3053458
3063052
3064676
3065267
3065610
3066443
3066978
3067430
3067849
3069624
3070188
3070678
3072120
3074304
3074636
3075495
3075969
3076093
3077109
3077195
3077765
3079083
3079321
3079725
3080842
3081333
3081728
3082569
3082993
3083690
3084424
3085040
3085086
3086028
3088008
3088081
3088190
3089513
3090260
3090576
3090599
3091047
3092131
3094200
3094570
3094747
3095288
3096138
3098232
3099901
3100576
3100934
3101502
3102315
3102778
3102823
3103160
3103305
3103714
3105095
3105571
3105908
3106154
3107939
3108433
3110670
3112261
3112785
3113251
3113451
3113730
3114394
3115044
3116924
3117642
3118871
3119198
3119399
3119554
3119934
3120537
3122340
3122454
3123773
3126014
3126438
3127012
3127956
3128008
3128874
3129927
3130553
3130904
3132092
3132558
3133720
3135833
3137155
3140013
3140016
3141174
3141814
3143613
3144185
3144983
3145143
3146646
3148100
3149034
3150213
3151742
3151814
3152349
3153095
3154870
3154978
3155879
3156060
3156518
3156663
3156920
3158189
3158362
3159107
3163185
3163424
3165278
3165537
3166724
3166966
3167367
3167647
3171035
3171212
3172250
3172317
3172673
3175428
3176186
3176727
3177067
3178034
3178141
3178988
3180065
3180485
3180683
3181023
3181912
3183661
3184850
3184937
3185748
3188066
3188608
3191037
3191589
3193443
3194488
3195539
3195779
3196063
3198965
3199132
3201572
3203191
3204562
3207355
3207760
3208554
3209180
3209445
3211324
3212026
3215183
3215346
3216660
3217279
3218302
3218364
3219453
3221342
3223739
3224383
3224827
3225177
3225245
3225980
3226150
3226649
3227442
3227565
3227736
3228867
3228967
3229121
3230673
3231624
3233001
3235511
3235892
3237418
3237762
3239162
3239485
3239995
3240609
3244837
3244964
3245513
3248190
3248985
3249036
3251451
3251476
3251740
3251916
3253847
3254023
3254888
3258266
3259190
3259693
3261029
3262303
3262588
3269183
3269775
3269830
3274336
3276063
3276640
3276720
3277473
3278320
3280750
3280789
3280981
3282336
3284314
3284381
3285625
3287077
3287166
3287518
3288014
3288189
3288524
3288813
3289151
3289311
3290061
3290552
3291261
3292496
3295022
3296199
3296743
3298373
3298678
3299804
3299958
3300097
3305400
3305715
3306687
3308817
3309323
3310360
3312964
3314453
3315789
3315946
3317620
3318289
3318984
3319085
3319545
3320088
3320509
3325002
3326769
3327277
3327768
3328008
3329148
3329203
3329229
3330235
3330289
3337920
3339383
3339687
3340342
3340749
3340842
3340930
3341214
3341648
3343407
3343647
3344072
3345010
3345404
3346501
3346688
3347052
3347059
3347310
3348963
3349490
3352340
3352994
3356404
3356886
3357334
3358421
3358751
3360235
3363322
3364248
3365587
3366707
3369963
3372879
3373997
3375592
3375649
3376007
3377210
3378572
3380929
3383191
3384941
3387309
3387634
3387960
3388219
3390260
3391969
3392122
3393520
3394349
3394747
3395111
3395347
3397006
3397731
3397860
3398022
3399585
3400196
3400255
3402843
3403152
3404379
3405363
3406267
3408559
3408900
3409042
3409779
3411007
3411363
3411552
3412336
3412435
3414017
3416548
3416554
3416598
3417853
3417889
3419583
3420583
3422096
3422745
3423755
3423819
3424065
3425044
3427039
3427172
3427288
3428002
3430016
3430042
3430833
3430839
3432593
3432671
3432912
3436192
3437905
3438797
3439391
3440263
3440507
3441373
3441419
3442087
3442275
3442814
3442912
3443928
3444981
3445730
3446499
3446768
3446889
3448448
3450881
3452165
3452692
3454186
3454187
3454802
3456913
3458795
3459771
3459994
3460153
3461603
3461757
3462025
3462647
3463732
3466848
3466904
3467114
3467215
3467247
3468355
3468361
3470746
3471419
3471527
3472962
3473993
3474941
3475271
3477539
3477562
3477862
3478029
3478911
3480235
3481673
3481972
3483086
3484583
3485913
3488600
3489239
3489432
3490350
3490983
3495099
3496882
3498112
3498968
3501001
3502432
3502744
3505391
3507290
3507673
3508483
3509239
3509495
3509742
3510792
3510859
3511956
3512139
3512511
3516265
3518905
3519791
3520028
3522788
3523397
3523729
3524484
3524813
3525277
3526892
3527129
3527613
3527782
3528255
3528457
3529480
3529954
3529989
3530631
3530811
3530859
3532190
3533390
3533739
3534135
3534390
3534686
3534990
3535770
3536043
3536218
3536226
3537149
3537870
3538638
3540146
3540727
3541289
3541741
3541945
3542042
3545322
3546116
3546316
3547107
3549093
3550019
3552710
3554750
3557133
3557985
3558085
3558457
3558608
3561597
3563649
3563869
3564169
3565689
3566065
3566476
3568037
3569443
3572858
3575379
3576286
3576520
3577210
3579612
3581556
3585078
3585240
3586013
3588414
3589576
3590174
3590352
3590465
3591830
3591959
3591964
3594894
3595556
3597082
3597126
3598268
3598791
3599088
3599779
3600310
3600484
3600571
3602203
3602405
3603181
3605615
3606576
3608206
3609956
3610252
3610372
3610435
3610695
3611130
3611337
3611753
3612618
3618994
3619300
3619375
3620098
3620505
3621940
3622501
3624791
3626070
3626428
3629536
3630559
3631729
3632821
3632984
3633056
3633223
3633235
3634544
3636587
3637035
3637575
3640069
3640369
3640697
3645536
3646855
3647117
3651053
3652487
3652784
3653240
3653729
3654116
3654196
3654663
3657826
3658179
3660053
3660542
3663554
3663666
3663887
3664488
3665284
3666354
3666881
3667014
3667070
3667919
3670202
3670871
3670948
3670974
3671229
3672806
3674521
3674624
3675647
3675662
3678434
3679313
3681512
3682070
3683666
3684115
3684342
3685975
3686218
3686780
3686869
3688512
3688744
3689695
3690263
3690499
3690590
3692770
3693563
3694343
3695007
3695188
3695717
3696342
3696948
3698549
3700169
3701047
3701318
3702335
3702916
3704481
3704787
3705780
3706170
3707261
3708988
3711597
3712369
3713066
3713165
3714198
3715005
3716272
3717556
3718391
3719010
3719526
3720351
3721505
3722095
3724394
3726953
3727046
3728160
3729462
3731650
3732591
3733392
3733713
3737226
3738944
3739154
3741017
3742937
3743496
3744605
3744847
3746562
3746612
3748682
3749268
3750602
3750750
3751110
3751973
3752368
3753144
3754158
3755015
3755114
3756676
3756764
3757910
3758727
3760175
3760562
3760835
3763008
3763817
3764654
3764851
3765010
3765124
3766474
3768437
3768502
3768615
3769354
3770658
3770978
3771060
3774211
3775382
3775646
3777824
3778013
3778200
3779436
3779742
3780228
3781100
3781320
3782653
3783268
3785821
3788009
3789737
3792280
3792316
3792389
3792466
3792897
3793369
3794380
3795294
3795301
3795849
3799276
3800827
3802982
3803370
3808225
3808371
3809094
3812189
3813426
3814390
3817499
3818351
3818462
3819154
3820906
3822276
3823075
3823233
3823919
3824113
3824787
3828729
3829592
3832047
3832610
3834774
3835587
3835608
3836781
3838750
3841213
3841770
3845166
3845359
3846263
3846977
3848263
3849353
3849600
3852048
3852508
3853982
3854030
3855045
3856812
3858404
3860039
3861862
3862559
3863004
3863169
3864700
3864908
3867080
3867147
3867351
3867648
3867816
3868320
3869188
3870417
3870432
3870620
3871020
3871579
3873250
3874790
3875107
3875470
3877729
3879315
3879756
3881308
3882533
3883704
3884736
3884898
3885234
3885293
3885356
3886030
3887287
3887914
3888983
3889703
3890627
3891332
3891393
3891417
3893310
3893895
3895645
3897816
3898137
3899798
3900273
3900400
3901068
3901411
3903252
3904296
3904897
3906379
3908068
3908657
3909854
3910435
3911355
3912210
3912897
3913380
3914485
3915350
3915533
3915837
3915876
3917037
3917318
3917405
3917930
3918120
3918150
3919390
3920248
3920587
3922049
3922081
3922772
3923420
3924264
3925750
3926757
3927092
3928091
3928474
3929650
3930055
3930993
3931861
3932056
3932382
3933043
3933599
3934470
3934616
3934871
3935025
3936102
3936735
3937382
3938678
3939506
3939811
3940129
3940437
3941312
3942868
3943458
3945079
3945762
3945942
3946400
3947656
3953262
3953310
3953980
3954845
3955424
3955790
3957046
3957100
3957187
3957323
3957752
3959103
3960994
3962354
3962396
3962673
3964401
3965137
3966457
3966837
3966953
3967836
3968089
3968838
3970588
3971230
3971441
3973468
3974649
3974899
3976162
3976288
3976889
3977921
3980231
3981397
3981790
3984125
3984241
3984330
3984759
3986434
3987060
3989261
3989423
3989431
3991311
3991574
3994712
3996877
3998226
3999315
3999571
3999753
4002437
4004669
4005874
4006860
4008222
4009379
4009933
4010092
4012791
4012808
4012857
4013000
4014272
4014383
4014624
4018464
4018472
4020263
4021179
4021494
4021727
4021732
4022410
4022683
4022869
4023583
4023864
4024663
4024877
4025785
4028257
4028892
4029218
4029896
4032010
4035702
4036983
4037747
4039442
4040188
4040434
4040500
4041006
4041982
4042292
4044297
4044767
4045828
4047775
4048126
4048367
4049656
4049667
4049682
4051460
4052129
4052730
4053301
4053366
4054318
4054656
4056661
4060890
4061405
4061983
4063562
4064390
4064806
4064904
4068140
4068509
4068828
4069500
4069642
4071330
4071341
4071501
4072389
4073160
4073573
4074591
4075870
4079788
4080116
4081614
4083774
4083919
4084424
4085386
4086791
4090552
4091038
4091231
4091407
4091520
4093212
4094384
4096040
4096369
4097211
4097358
4097493
4097975
4098443
4101013
4102122
4103194
4106460
4109649
4109854
4109890
4110486
4110771
4110982
4111518
4111644
4111743
4113684
4113875
4114138
4114726
4115891
4115925
4119270
4120244
4121168
4124511
4125520
4129472
4133133
4134415
4135520
4136232
4136476
4137416
4139480
4140199
4142053
4142791
4144268
4145039
4145953
4147955
4149208
4152491
4153705
4153978
4154029
4154947
4156569
4157653
4158041
4158097
4159480
4159751
4159837
4159979
4162204
4162994
4164048
4164775
4165325
4166161
4167151
4167756
4168176
4171405
4171762
4171767
4172537
4173734
4173828
4175876
4177925
4178611
4179623
4179831
4180772
4180968
4181876
4183111
4183991
4184039
4184132
4184542
4185545
4186818
4187584
4188088
4191406
4191620
4192227
4192932
4194388
4194973
4197492
4198813
4199095
4199629
4200621
4201833
4202542
4203574
4204135
4207267
4207555
4207820
4210561
4210921
4211007
4211686
4212666
4214307
4214362
4215015
4216175
4216463
4218828
4219205
4220539
4220885
4221211
4221767
4222124
4224455
4224882
4226637
4228818
4229878
4230279
4231385
4235625
4236230
4236689
4236739
4237322
4238009
4238400
4238628
4239876
4241081
4242158
4242335
4243649
4245067
4247464
4247508
4249010
4249689
4251180
4252622
4254299
4255282
4255661
4258407
4259382
4259642
4259684
4260842
4261222
4264600
4265799
4267792
4268380
4270425
4273658
4273819
4273862
4276757
4278158
4278549
4279007
4279213
4279669
4280427
4280685
4282852
4283875
4286212
4288027
4288189
4288227
4289420
4290941
4293001
4293418
4293477
4293485
4293708
4294741
4296633
4297948
4298468
4299292
4299495
4301127
4301499
4301620
4302906
4303033
4303988
4304580
4304600
4304815
4304987
4306243
4306326
4307663
4308421
4309620
4309791
4310953
4311058
4313153
4313313
4315707
4317364
4317878
4320679
4320951
4323017
4324134
4325777
4325890
4326041
4327290
4330737
4331117
4331840
4332220
4332363
4332478
4336089
4337677
4338261
4340101
4341104
4341749
4342081
4342687
4343431
4344197
4344952
4345998
4346230
4346338
4346370
4346684
4350940
4351376
4352961
4353056
4353181
4355626
4356914
4359240
4359404
4359663
4360211
4362261
4362446
4363324
4363594
4364883
4365968
4365976
4366003
4366461
4367194
4367654
4367911
4370484
4372066
4372705
4373688
4375434
4375902
4376263
4376489
4378063
4380267
4380619
4380847
4382356
4383327
4384265
4384831
4385512
4386856
4388084
4388260
4388477
4389636
4390230
4390822
4391083
4391105
4393557
4395807
4398598
4399274
4401363
4403173
4404289
4405694
4406105
4407781
4410367
4410593
4412761
4413198
4413389
4415512
4416002
4416599
4418429
4420667
4420773
4422092
4422871
4422900
4424915
4426273
4426279
4426551
4428397
4428890
4429323
4429834
4430026
4430199
4431462
4432232
4432708
4435705
4436293
4437803
4438720
4440725
4441335
4441627
4441749
4443293
4443428
4445369
4448823
4450189
4450375
4450696
4451277
4451382
4451440
4452272
4452665
4452939
4453175
4454330
4454734
4456047
4459989
4460079
4460970
4461288
4461447
4462309
4463617
4463768
4464913
4465312
4465380
4466147
4467056
4468446
4469052
4472238
4472514
4473656
4474701
4475312
4478111
4478367
4478770
4479122
4479939
4480164
4480193
4480895
4481563
4481977
4483284
4484473
4484588
4488719
4490826
4491176
4492291
4492483
4493816
4493851
4494343
4495818
4495909
4497675
4497940
4498359
4499652
4500077
4501241
4502373
4502913
4502935
4504064
4504087
4506531
4506659
4507093
4507845
4509236
4510051
4510970
4511426
4511899
4512474
4513262
4513727
4513759
4515818
4519173
4519690
4520546
4526241
4526430
4527331
4527529
4530614
4530678
4531191
4532520
4532534
4533166
4533608
4535123
4539747
4540382
4541408
4542798
4543241
4544976
4545599
4546044
4547522
4547655
4548283
4548768
4549015
4551461
4552235
4553185
4553490
4556094
4556401
4557393
4558338
4559011
4561293
4562440
4562565
4564289
4565322
4567341
4569008
4569644
4570082
4571914
4573121
4573558
4574615
4575629
4577104
4578708
4578975
4582328
4587333
4587918
4588498
4591054
4591836
4592278
4593302
4593643
4598372
4600291
4600586
4603529
4608723
4609325
4609555
4613038
4614288
4614633
4614759
4615511
4617935
4620751
4620889
4621401
4622056
4622131
4623108
4623117
4625834
4626030
4628146
4631527
4633255
4633367
4635073
4635678
4637652
4638071
4638831
4639336
4639433
4639771
4639830
4643233
4644682
4644911
4646314
4649226
4649758
4650051
4650569
4652375
4655493
4655700
4655890
4657496
4661179
4661584
4661983
4662067
4663127
4665068
4665196
4667299
4668357
4669146
4669873
4670638
4671062
4672042
4674355
4674710
4675956
4676869
4677515
4678844
4678950
4679668
4680066
4681359
4686359
4686812
4687154
4687171
4687548
4688586
4688680
4690095
4690496
4692509
4692831
4692877
4694063
4695976
4696523
4696647
4698131
4698329
4702263
4706073
4708670
4710087
4710706
4713027
4714118
4714158
4714324
4715002
4717473
4718421
4720875
4722392
4723198
4723415
4723493
4723822
4725195
4726873
4727755
4727999
4728545
4728845
4728989
4732894
4733307
4734409
4734820
4737076
4738104
4740382
4740436
4741023
4741407
4742547
4743285
4743932
4746217
4746418
4746697
4750735
4751655
4755216
4756008
4757486
4757605
4759687
4761949
4763683
4764128
4764797
4765246
4765938
4767638
4768954
4769238
4769659
4772547
4775242
4776844
4777254
4777311
4778162
4779586
4780174
4782481
4783007
4785037
4785140
4785355
4787188
4789956
4790926
4791343
4793584
4793634
4794568
4796059
4796892
4797564
4798914
4799438
4799727
4799813
4800151
4800258
4802102
4802456
4804092
4804397
4804924
4805026
4805272
4806688
4807387
4807617
4809280
4810369
4812265
4812340
4813349
4814040
4814077
4816040
4817439
4818295
4818507
4819968
4820814
4828976
4829304
4829577
4832287
4832588
4832798
4833340
4834822
4835614
4836308
4836348
4837257
4838121
4838693
4839040
4840043
4841900
4841910
4842428
4843294
4844145
4844793
4845306
4847364
4847527
4847662
4849141
4849240
4850195
4852765
4854944
4855694
4856271
4858322
4858782
4859447
4859922
4861719
4863618
4866677
4866710
4868579
4869499
4869755
4871204
4872383
4873332
4875690
4876892
4876917
4877451
4878224
4878648
4879004
4881015
4881035
4882253
4882771
4883525
4883766
4887223
4887763
4888134
4888339
4889442
4894860
4895996
4896647
4897064
4898870
4899175
4899615
4900250
4900781
4904946
4905748
4905998
4908223
4910282
4910785
4912971
4914026
4914498
4914911
4915156
4916524
4918680
4918801
4919926
4920696
4920930
4921520
4922900
4923642
4923945
4923951
4925405
4925845
4928616
4929963
4930347
4932213
4932773
4934536
4935311
4938681
4938897
4940108
4940572
4941494
4941784
4942280
4942372
4944342
4945236
4949636
4951543
4954302
4955048
4955162
4956822
4957075
4957087
4957805
4958130
4959822
4962052
4962333
4962577
4962610
4963248
4963642
4963880
4965248
4965459
4966557
4966560
4966723
4967155
4967907
4968028
4968366
4968688
4969146
4970998
4971344
4971784
4973489
4973767
4976419
4976741
4976948
4978636
4979703
4982804
4982996
4984544
4985096
4985525
4985965
4987687
4988907
4988966
4989228
4990013
4990530
4990771
4992607
4993136
4993441
4994527
4995538
4995958
4999800
4999889
5002545
5002845
5003074
5003131
5003971
5005295
5005814
5006085
5008521
5008589
5009362
5012055
5013131
5013701
5014140
5014834
5015256
5015930
5016739
5019076
5020681
5020855
5021097
5021637
5022195
5022831
5023809
5024377
5024382
5026138
5026701
5027929
5028557
5028625
5029596
5029740
5029861
5030269
5030656
5034402
5035739
5036602
5037404
5038516
5038665
5042790
5043258
5043991
5044401
5045722
5047004
5047559
5049433
5051291
5051362
5051841
5054251
5054502
5057815
5058739
5059637
5062191
5062785
5063406
5063961
5064880
5066164
5066342
5066382
5067435
5067887
5068618
5070029
5071282
5071837
5072992
5073784
5078212
5081300
5081624
5082158
5083288
5085015
5086557
5086682
5087753
5091628
5092026
5092490
5092983
5095407
5102256
5102440
5103106
5104181
5104468
5105170
5105391
5105612
5106640
5107177
5107828
5108421
5109055
5109312
5110267
5112090
5116634
5118359
5118628
5119205
5120580
5121151
5121791
5123189
5123417
5124422
5125899
5126026
5126257
5132335
5133808
5134794
5135059
5135828
5138040
5138168
5138704
5138845
5140778
5140967
5140986
5142659
5146183
5146947
5148168
5149455
5151475
5157990
5159379
5160548
5160710
5160879
5160960
5163695
5164470
5165349
5167621
5168405
5168989
5170943
5172413
5174414
5177367
5179613
5179808
5181637
5182741
5183403
5186907
5187852
5187885
5190410
5190583
5191208
5193215
5194115
5194361
5195631
5197528
5198295
5198305
5200122
5203132
5204195
5204391
5204411
5205303
5205661
5209356
5211257
5212326
5220539
5220638
5222708
5222944
5223457
5223491
5225284
5226275
5226739
5226870
5228178
5229252
5231254
5231291
5231945
5232080
5233043
5233258
5233343
5233560
5233624
5233673
5233691
5235425
5235905
5236333
5236937
5237135
5237299
5239398
5241523
5242805
5243388
5243979
5244248
5245835
5245871
5246382
5246661
5246818
5247808
5248013
5250040
5250630
5251274
5251418
5252871
5253567
5253706
5255140
5259726
5260108
5262371
5262830
5263403
5264340
5266319
5268085
5268263
5271319
5271631
5271741
5273520
5276037
5276122
5276125
5276591
5276822
5278213
5278941
5279697
5279811
5279873
5281383
5282079
5282137
5282825
5284956
5285199
5285272
5285691
5287438
5287449
5287868
5288472
5288944
5289465
5291208
5291565
5291726
5292033
5292672
5292851
5293169
5294153
5295149
5295236
5296862
5298349
5300062
5300565
5303441
5303613
5304180
5304648
5305593
5306750
5307003
5307982
5309049
5310038
5310486
5312646
5313851
5314034
5315767
5315909
5316025
5317415
5319529
5321392
5321666
5322810
5323895
5324195
5330754
5330855
5331736
5332392
5332684
5332838
5333593
5334035
5334252
5334488
5335477
5335928
5336155
5336213
5340028
5340730
5340829
5340945
5342208
5344079
5344092
5344863
5345084
5345470
5346404
5347831
5348734
5349556
5350023
5350579
5351193
5352233
5353031
5354599
5355917
5356036
5356154
5357720
5358545
5360304
5360735
5361803
5364133
5366818
5367043
5368666
5368933
5370027
5370440
5374399
5375433
5376584
5376700
5377708
5379569
5380586
5381194
5382251
5382566
5382740
5383631
5383686
5385033
5385077
5386018
5386160
5386697
5387477
5388639
5388952
5392655
5395591
5396384
5399803
5399953
5402922
5403110
5403355
5404914
5406109
5406577
5407643
5410387
5410958
5411441
5412975
5414009
5414590
5415715
5416782
5417052
5417187
5418627
5419287
5420136
5424066
5425057
5425350
5426400
5427084
5427468
5427508
5428056
5428771
5429877
5431601
5434535
5437784
5439094
5439207
5440149
5440719
5441743
5443504
5444149
5444396
5445637
5446125
5446471
5448206
5450389
5452137
5452312
5452809
5453328
5453351
5453834
5454740
5455222
5456373
5459004
5460215
5461577
5461615
5462513
5463042
5465365
5465383
5465652
5466109
5467460
5467628
5467685
5467904
5471765
5472438
5473036
5473245
5474089
5474970
5475529
5476305
5480001
5480966
5481675
5485347
5486060
5486368
5486848
5487533
5488046
5489895
5490715
5492210
5494184
5494246
5494642
5495013
5496631
5496767
5496821
5497186
5499119
5499946
5504228
5504892
5505291
5505434
5505650
5505975
5506331
5506452
5507572
5507775
5508152
5509074
5509893
5509949
5511560
5511899
5512205
5512465
5514729
5516345
5518058
5519702
5521737
5522065
5522109
5522926
5523254
5526598
5527388
5527828
5529005
5529676
5530429
5533904
5535692
5537346
5538231
5541534
5541565
5546876
5548532
5549711
5560097
5560483
5560808
5561083
5562968
5563206
5564319
5564994
5565428
5566598
5568895
5569028
5569181
5570521
5570747
5572689
5574056
5574806
5574996
5576345
5577065
5577404
5578084
5578538
5580671
5581866
5582167
5582411
5583342
5584148
5584869
5585654
5587825
5589634
5591248
5591514
5591522
5592454
5592470
5592757
5593711
5594788
5596794
5597221
5598844
5599529
5601498
5602263
5602379
5604302
5604773
5605829
5606696
5606948
5609238
5609850
5610213
5610368
5613827
5614174
5614448
5614981
5615341
5616707
5616959
5617162
5617872
5618266
5620119
5620351
5621087
5622602
5623260
5623737
5623943
5624378
5624407
5624520
5625343
5628343
5631183
5631462
5632177
5632263
5632397
5633042
5633410
5634248
5635589
5636254
5636488
5640563
5640988
5641176
5641553
5642324
5642716
5642816
5642912
5642947
5644664
5645571
5646068
5649392
5649518
5650731
5653750
5654236
5654709
5654768
5657032
5657052
5658420
5660356
5660750
5662097
5662934
5667242
5668332
5668405
5669002
5669671
5672381
5672460
5673858
5674481
5674493
5675419
5676997
5677403
5677713
5678594
5678881
5679986
5682902
5683194
5683967
5684813
5684923
5686390
5688287
5690138
5691523
5692875
5692967
5697196
5697626
5698401
5698862
5700497
5701406
5701461
5704406
5704947
5706251
5706527
5707233
5707588
5708452
5710301
5711200
5711620
5712322
5712965
5713849
5713869
5714151
5715022
5715975
5719551
5720440
5720821
5721134
5721942
5722327
5724369
5727818
5727862
5730602
5731027
5731884
5731910
5732182
5733311
5736134
5736700
5737082
5737190
5738577
5745364
5745651
5746469
5747790
5748406
5749005
5750213
5751690
5751725
5754576
5755119
5756641
5756988
5757856
5758303
5758374
5759135
5759381
5759476
5761517
5762109
5765789
5766156
5769130
5771083
5771413
5771530
5772784
5772790
5778222
5781516
5781558
5781587
5782041
5783301
5783996
5786404
5786878
5788717
5789413
5789440
5789586
5790734
5790948
5791334
5792887
5793084
5796754
5798193
5798785
5799797
5800202
5800590
5800627
5801922
5802405
5802936
5803003
5805462
5807045
5809144
5809672
5809889
5813554
5813974
5815354
5815497
5816223
5816545
5817913
5818496
5818570
5820356
5820679
5820798
5821034
5823366
5823398
5823607
5824520
5825206
5830187
5831024
5831593
5831819
5832368
5833071
5833729
5834383
5835772
5836056
5836858
5839650
5839746
5841615
5841689
5843091
5843981
5845034
5846073
5846101
5846553
5847459
5850029
5850133
5851616
5853153
5853516
5854035
5854522
5855532
5855831
5858236
5858241
5860545
5861474
5862245
5862765
5864298
5866246
5866720
5866979
5867922
5868959
5870689
5871005
5871766
5873085
5873297
5875684
5876517
5877509
5878135
5878669
5878969
5879578
5880227
5882210
5882399
5884742
5884753
5885044
5885467
5885670
5886282
5888759
5889037
5889170
5891761
5891796
5892193
5892805
5892974
5894198
5894359
5894491
5894550
5897385
5898382
5899176
5902440
5902979
5904568
5905287
5907259
5907381
5907834
5908071
5908424
5909601
5910104
5910667
5911448
5911667
5915081
5917225
5917502
5917834
5918491
5918992
5920541
5922102
5922169
5923206
5924829
5925231
5926095
5927296
5927344
5928471
5935374
5935671
5935734
5936433
5937249
5937353
5937620
5937860
5938855
5940582
5942088
5943119
5943124
5943806
5944110
5944377
5945184
5945401
5945726
5947363
5950259
5950635
5952730
5953902
5954521
5957459
5958157
5959714
5961044
5961208
5961354
5962959
5963222
5964134
5966785
5966926
5967458
5968073
5968274
5968892
5971136
5972187
5972535
5973820
5974006
5974522
5976158
5976187
5977036
5977606
5980621
5984132
5984714
5985419
5987077
5987530
5987579
5988382
5990830
5993292
5994287
5997180
5997257
5997299
5998983
5999440
6001207
6001694
6002311
6002782
6003481
6003970
6004304
6005870
6007154
6007908
6008239
6010551
6012636
6013165
6013383
6013654
6013946
6015958
6016425
6018949
6020037
6020320
6022363
6022852
6022958
6023362
6024199
6025870
6026859
6027001
6029145
6030286
6031589
6034712
6037274
6037602
6037713
6038255
6040186
6040719
6044217
6044658
6045005
6046768
6047114
6049456
6049710
6050178
6050375
6050790
6050973
6051041
6051282
6051542
6052535
6053323
6054928
6055243
6055696
6055958
6057571
6057616
6058014
6058342
6060922
6060961
6062289
6063489
6065048
6066047
6067200
6069615
6071188
6071701
6072331
6073381
6074522
6074579
6075564
6077355
6078267
6078554
6078694
6079859
6080513
6081352
6085071
6086345
6086426
6089039
6089390
6089650
6089971
6090991
6093116
6093467
6094013
6094415
6094691
6095815
6098009
6098023
6098398
6099108
6099554
6099655
6099783
6101334
6101779
6103166
6103320
6103610
6104237
6104857
6105160
6105858
6107115
6108500
6108651
6109013
6109168
6112433
6113614
6114971
6115113
6115184
6116455
6117894
6118522
6118607
6119049
6121285
6122001
6122267
6124081
6124158
6124393
6125964
6126461
6128356
6130851
6131148
6131158
6132843
6133998
6134368
6134397
6134838
6135055
6135823
6136213
6139220
6139411
6139427
6139914
6141035
6142024
6144233
6144449
6146121
6147399
6147632
6149817
6150359
6150444
6150861
6153748
6154977
6156089
6159129
6159192
6160367
6161969
6162473
6162560
6163850
6164337
6164431
6165201
6166355
6167509
6169176
6170301
6170365
6170371
6170391
6171536
6171988
6171992
6172803
6174008
6174094
6174484
6176513
6176549
6182399
6182864
6183383
6183384
6184377
6184893
6186113
6190199
6190793
6191893
6192775
6193001
6194289
6196330
6197232
6197870
6198029
6198563
6198613
6199190
6200213
6200582
6201016
6201380
6202184
6202700
6203566
6204328
6205963
6206022
6206356
6217166
6218599
6220386
6221941
6222119
6223460
6223584
6225199
6225868
6226009
6227011
6228797
6229481
6229746
6230475
6230975
6231220
6231255
6232730
6233101
6233465
6235415
6236118
6236233
6236431
6238298
6238667
6239416
6241050
6241172
6242354
6242570
6242640
6244535
6246261
6249441
6249742
6250237
6252266
6252805
6258097
6259692
6260094
6260337
6262215
6263500
6263603
6264794
6264821
6265706
6265917
6266737
6269153
6270267
6271035
6272544
6273521
6274795
6276257
6278290
6280294
6281117
6282443
6283885
6284386
6288197
6288792
6290641
6291489
6291715
6291963
6292552
6292676
6293447
6293604
6294403
6297186
6299062
6301484
6302429
6302504
6302637
6303488
6303887
6304318
6305532
6306434
6306837
6307438
6307591
6307679
6308255
6308303
6309064
6309443
6310272
6312908
6313996
6314366
6314854
6314940
6315495
6317350
6318000
6318342
6318880
6319384
6319628
6319660
6321544
6322062
6322837
6322950
6323852
6325459
6326968
6327772
6327866
6328242
6328328
6329269
6329592
6330192
6331124
6333941
6334028
6334872
6336089
6338207
6339223
6339760
6340380
6340888
6342193
6343857
6344309
6344861
6345269
6347764
6348168
6349546
6349767
6350390
6351040
6351870
6353171
6353172
6356704
6357179
6358098
6362203
6364509
6365160
6366328
6366784
6367213
6368071
6368984
6369710
6369834
6370931
6372801
6373472
6374169
6378574
6378854
6379551
6382911
6383215
6383481
6385822
6386305
6389494
6391511
6395620
6396334
6396405
6397456
6397579
6398594
6400574
6401190
6401529
6403434
6403999
6405342
6405980
6406012
6406597
6406601
6407229
6407377
6408122
6408622
6408822
6409054
6409704
6409970
6410742
6410920
6411095
6412872
6413678
6415390
6415488
6416148
6417911
6417997
6419793
6420202
6421163
6422475
6425001
6427033
6429227
6430431
6431196
6431908
6432263
6436362
6436549
6436552
6437132
6437523
6439248
6439568
6440218
6441672
6442905
6443578
6444924
6445852
6446622
6449014
6449155
6449247
6450225
6451207
6451347
6452258
6452895
6452897
6454285
6455025
6455581
6461845
6462242
6463094
6463470
6463786
6465569
6467218
6468924
6468993
6472544
6472606
6473999
6475229
6478649
6479738
6479940
6481098
6484930
6486787
6488684
6491133
6495690
6496443
6497381
6498347
6498646
6501110
6503041
6505289
6505555
6505659
6507895
6509993
6510877
6511082
6511491
6513153
6513672
6515411
6517098
6517633
6518249
6518359
6519170
6519813
6521189
6521231
6524247
6524543
6526498
6528076
6528164
6528781
6529832
6530784
6531664
6532056
6533225
6534020
6535119
6536332
6536895
6537462
6538400
6538403
6538640
6539926
6542972
6544123
6544273
6544576
6546154
6547331
6548156
6551011
6551189
6551774
6552492
6553897
6554015
6555051
6556958
6557018
6557305
6558277
6564881
6564882
6565770
6567733
6570040
6570385
6570619
6570861
6571117
6571306
6573227
6575212
6576388
6578058
6579868
6579870
6580878
6581403
6582607
6585354
6587232
6587691
6588161
6589366
6590289
6590650
6592464
6593339
6594707
6594975
6597033
6597648
6598869
6598884
6599279
6600294
6601108
6601392
6605430
6605553
6606138
6606602
6607896
6608475
6610003
6611306
6612394
6612943
6614286
6615722
6616323
6616517
6616635
6617005
6618133
6618423
6618907
6619118
6619555
6620079
6620388
6624222
6624908
6626186
6626244
6627148
6627938
6631274
6631950
6633753
6635574
6636424
6637364
6637694
6638614
6640542
6641596
6643596
6645259
6645477
6646123
6648129
6649010
6649866
6650352
6652073
6654471
6655503
6659041
6659558
6659969
6660686
6660861
6661158
6661503
6661956
6662550
6663794
6664050
6665217
6665531
6666640
6668661
6670164
6670189
6670466
6670580
6672885
6674610
6675165
6676058
6677667
6679008
6681498
6681756
6682630
6684973
6685457
6686777
6689317
6690769
6692519
6693632
6693689
6694723
6694741
6695817
6697739
6697766
6697945
6698934
6699946
6700777
6701934
6702460
6702656
6703057
6704170
6705248
6708244
6708842
6709829
6710432
6710702
6711201
6711227
6711464
6714292
6714649
6717119
6717291
6718289
6719620
6720126
6720752
6721330
6721388
6721650
6722174
6725402
6727120
6727400
6728912
6729990
6730124
6731418
6732875
6733721
6734269
6734534
6734912
6735663
6736637
6737139
6737301
6738151
6740197
6745852
6748299
6749089
6750807
6751040
6751287
6751982
6752819
6752852
6757047
6757958
6758118
6758413
6758817
6759016
6761335
6762999
6763668
6764740
6766019
6766491
6766972
6767531
6769819
6770321
6771438
6771706
6772091
6772165
6773053
6774455
6775479
6776120
6777558
6777688
6779566
6780654
6780935
6781117
6783211
6783254
6783418
6785951
6786673
6787706
6788404
6788521
6788532
6789748
6789850
6792127
6793745
6796297
6796477
6798354
6799765
6804206
6805868
6805907
6806070
6807941
6808027
6808176
6808353
6808378
6810112
6812646
6813620
6814758
6816396
6817355
6817369
6818112
6818365
6820288
6821186
6824265
6825148
6825701
6827405
6829228
6829757
6829764
6830831
6832501
6832563
6833849
6833876
6834659
6834788
6835512
6835665
6836900
6838426
6838823
6839113
6839427
6842526
6844169
6844604
6845232
6845681
6852499
6853204
6855502
6855896
6856217
6859357
6860120
6860211
6860688
6861001
6863441
6865176
6866268
6866743
6867378
6869055
6871204
6871369
6875301
6875833
6875885
6876508
6876514
6877537
6877887
6878332
6880874
6881441
6881594
6882798
6883566
6883776
6884226
6886777
6888018
6889727
6890315
6891024
6891577
6892493
6892773
6893126
6895133
6895666
6895902
6898679
6899631
6901221
6902069
6902974
6903019
6903049
6904670
6904975
6906543
6907430
6908366
6909011
6909395
6910166
6910905
6911600
6912707
6912805
6914215
6914893
6916496
6917129
6917147
6918425
6918868
6920433
6920612
6922216
6923083
6924415
6925406
6925899
6926372
6927215
6927393
6928010
6928303
6928405
6930834
6931154
6933082
6933411
6933562
6935203
6944370
6944435
6944806
6945612
6945615
6945825
6946980
6948119
6948541
6949478
6949965
6950641
6950770
6951232
6951806
6951835
6952045
6952327
6952434
6953155
6953248
6953661
6953684
6955173
6956379
6956478
6957012
6958836
6959101
6960736
6960906
6962144
6962963
6963986
6969884
6971209
6972481
6973658
6977061
6977413
6977416
6979130
6980556
6980807
6982290
6982690
6984668
6985910
6986310
6986408
6986498
6988827
6990811
6991067
6992585
6993431
6993664
6994362
6994436
6995189
6995319
6996835
6996855
6996870
6998168
6998989
7000794
7000826
7001081
7001234
7003402
7003454
7004441
7004714
7005195
7005270
7005793
7006048
7006398
7006587
7007146
7007896
7009579
7010108
7011163
7013017
7013813
7014171
7015048
7017231
7017852
7020005
7021405
7021550
7021643
7023244
7024006
7027633
7028380
7030244
7030982
7032877
7033409
7033927
7035055
7035056
7035937
7036160
7037740
7038002
7038605
7039239
7040058
7040602
7041976
7041988
7042688
7043292
7044162
7044401
7045220
7045237
7046093
7049544
7052675
7055329
7056223
7056731
7058079
7058731
7059683
7060670
7061037
7061418
7061921
7063059
7064574
7065104
7065348
7066390
7067675
7069536
7070670
7073005
7073706
7075125
7075698
7076084
7076128
7078019
7080348
7081068
7081243
7083242
7083848
7083925
7084868
7085868
7086344
7090950
7092217
7093731
7093752
7094418
7094446
7095213
7095369
7096050
7096276
7096679
7097304
7098488
7098551
7100134
7104299
7104842
7105323
7106008
7109636
7110750
7111386
7113420
7113856
7115675
7115719
7115745
7116259
7116333
7118468
7118491
7119495
7120171
7120430
7122263
7122349
7122637
7122803
7123333
7123406
7123469
7124317
7124542
7124981
7126486
7129020
7129557
7130627
7131893
7132030
7132494
7134621
7137684
7139481
7140578
7140709
7141275
7141809
7143301
7143361
7143918
7144245
7144913
7145766
7148018
7148298
7148877
7149753
7153092
7153289
7158121
7158543
7159049
7159313
7161624
7163510
7163999
7166497
7167272
7167939
7168185
7169303
7169970
7170147
7171026
7172167
7172677
7173330
7173836
7174509
7174555
7176730
7176785
7178466
7178828
7178930
7181113
7181290
7182398
7185483
7185727
7185874
7186365
7187623
7188130
7188330
7188389
7189454
7189981
7190740
7190764
7193528
7193605
7195288
7195581
7198110
7199117
7200210
7200455
7200511
7201351
7203176
7203266
7204398
7204820
7205569
7205577
7205793
7207013
7207367
7207949
7208642
7208939
7212503
7213167
7214306
7214711
7215556
7216642
7218491
7218507
7218512
7219866
7219914
7220051
7220733
7220897
7220926
7221208
7222015
7222980
7223183
7224328
7225183
7225217
7225547
7226037
7226683
7227922
7229436
7230956
7232064
7232540
7234787
7236601
7237741
7240274
7242847
7243018
7243531
7243541
7244245
7244313
7245530
7247426
7250489
7251463
7252887
7256074
7256344
7257686
7257774
7258161
7258943
7259134
7259175
7262252
7262753
7263753
7264306
7264930
7266405
7266411
7266689
7267644
7269346
7270733
7270873
7271507
7271654
7271774
7273282
7273581
7275149
7275221
7276163
7277146
7277308
7277491
7278605
7279515
7283737
7284695
7286763
7288491
7291038
7291181
7291483
7292130
7292377
7293304
7294228
7294356
7294844
7296126
7297032
7297089
7298381
7299184
7299432
7299874
7300586
7301338
7303355
7305854
7306170
7309139
7309497
7310218
7310923
7314576
7315154
7315487
7315517
7315828
7316042
7316381
7316826
7316934
7318358
7319131
7319968
7320365
7320599
7321129
7322724
7323740
7323881
7324144
7324324
7325877
7327242
7328474
7329266
7329318
7329717
7332766
7334310
7334879
7335176
7335354
7335930
7336560
7336813
7337905
7337997
7338859
7340737
7343069
7346401
7346660
7346961
7347863
7348413
7349823
7350085
7350897
7351443
7351490
7351576
7352710
7353632
7353817
7354480
7354999
7355748
7356211
7356680
7356698
7356885
7357019
7357022
7357031
7358037
7359443
7360965
7361373
7362140
7363865
7364562
7365282
7367600
7370298
7371064
7371568
7374466
7374681
7377240
7377566
7377867
7377927
7379629
7379881
7380906
7384587
7385306
7385816
7386396
7386462
7386489
7388190
7389878
7390556
7390568
7391979
7392228
7396764
7397482
7398773
7399128
7401221
7402229
7403108
7403416
7403555
7404767
7405345
7406356
7408103
7411994
7412926
7413977
7415365
7418186
7419864
7420490
7420927
7421528
7423236
7423301
7424730
7425292
7425545
7425900
7426570
7429191
7429231
7429594
7429830
7430638
7433038
7433165
7433350
7433938
7433978
7435827
7435952
7436349
7436980
7437386
7438597
7438728
7440698
7440911
7442928
7443137
7444588
7445459
7446524
7447360
7448247
7449413
7451318
7453358
7453784
7454800
7455509
7456282
7457369
7458500
7460898
7461913
7462790
7463809
7464009
7464427
7464593
7465080
7466373
7466509
7467311
7469286
7469640
7469659
7472546
7472981
7474155
7474815
7475528
7479376
7480910
7481709
7482979
7484446
7485586
7485932
7486383
7487042
7487508
7488001
7488610
7489309
7489690
7489987
7490874
7491622
7494253
7494556
7497292
7498162
7498223
7499169
7499261
7499483
7499695
7500377
7501884
7502974
7503694
7503932
7504382
7504615
7504883
7505818
7505949
7506180
7506399
7507424
7507685
7507864
7511158
7511289
7512810
7513199
7513283
7514347
7514829
7515766
7516806
7517171
7517599
7518690
7519183
7521339
7522583
7522634
7522909
7523501
7524594
7524922
7527170
7527260
7527736
7528345
7528601
7529652
7530268
7530400
7530937
7531289
7531552
7531569
7531619
7532195
7537175
7538528
7538649
7538738
7539294
7542585
7543817
7544149
7546152
7546941
7548149
7554086
7555847
7557221
7557312
7560687
7562566
7564055
7566443
7566955
7567790
7568884
7570030
7570684
7570934
7573659
7575494
7575790
7576489
7577236
7578751
7579422
7580576
7580669
7581477
7582538
7583144
7584120
7585204
7585687
7586107
7586415
7590039
7592070
7593764
7596334
7596509
7597364
7598605
7598656
7600861
7601140
7603192
7603365
7603772
7603812
7604050
7605519
7605707
7605853
7607714
7607930
7608335
7608415
7608620
7610836
7611166
7611907
7612531
7612978
7613758
7617207
7617358
7617853
7619622
7619768
7620167
7621753
7622114
7624430
7626061
7628616
7629542
7630287
7632213
7632895
7633590
7634247
7634334
7634454
7634560
7634795
7635653
7636483
7637396
7639951
7642419
7642740
7642940
7644959
7645681
7648253
7652163
7652879
7653101
7653243
7654219
7654499
7656567
7656723
7658285
7660115
7660349
7663699
7665455
7666327
7668509
7671858
7671873
7672593
7673556
7675148
7677962
7677994
7678081
7680760
7680877
7681679
7682256
7682373
7682829
7683639
7684065
7685290
7685555
7685767
7686107
7689856
7690104
7691385
7692399
7693044
7694709
7694960
7696093
7696417
7697896
7698469
7698517
7699458
7700309
7702275
7704254
7705644
7706284
7706317
7706466
7708195
7709617
7709878
7711235
7711622
7712557
7716155
7717080
7718541
7719346
7719347
7720663
7721842
7722133
7722334
7722461
7723661
7725849
7727857
7728115
7728324
7728375
7731369
7734153
7734634
7737798
7741609
7742362
7744059
7744982
7745533
7749299
7751842
7752126
7754161
7754818
7756834
7758252
7758935
7759103
7761314
7766277
7766825
7769049
7769306
7770170
7771281
7772004
7772649
7774227
7774499
7774584
7776399
7777252
7777349
7777983
7778219
7778528
7779113
7780433
7782626
7783641
7786452
7787027
7788839
7790779
7791469
7795115
7795914
7796010
7797133
7800425
7800480
7801838
7802521
7802724
7807790
7809055
7809403
7809974
7811111
7812261
7812519
7813136
7813506
7813762
7815190
7816791
7817426
7822156
7823314
7824156
7824896
7824974
7826513
7827726
7831280
7831457
7831795
7831832
7832182
7832476
7834175
7834312
7835842
7836908
7839760
7840102
7840669
7842793
7844201
7844402
7845585
7845715
7845824
7848544
7849494
7850078
7850353
7850917
7851976
7853132
7858010
7859281
7859815
7861618
7862793
7863123
7863308
7863558
7863981
7864921
7865552
7865685
7868404
7869910
7870601
7871385
7871521
7871573
7872003
7872454
7872866
7873011
7876259
7878655
7878883
7880918
7881243
7882822
7882882
7885034
7885602
7886725
7889537
7890314
7890635
7890941
7890949
7891837
7893691
7894038
7894876
7897403
7898324
7898708
7901280
7901720
7901857
7901903
7903552
7903762
7903797
7907267
7907470
7907766
7908324
7908889
7909548
7909847
7916269
7916438
7916764
7918042
7918105
7918347
7918404
7919095
7921698
7927065
7927405
7928349
7928980
7931655
7932354
7933587
7934675
7938468
7939904
7940265
7940667
7942783
7944059
7945140
7945791
7946893
7947134
7947270
7948672
7949050
7950318
7950580
7952208
7952469
7954437
7954442
7954445
7954708
7956269
7957216
7957405
7958052
7958321
7961300
7961369
7961621
7961623
7962450
7963727
7965921
7966342
7966355
7966873
7968729
7968882
7969791
7970612
7970989
7971455
7971858
7972328
7974536
7977764
7980106
7981048
7985583
7985681
7985912
7986536
7987179
7988778
7991926
7992069
7992771
7993466
7994017
7994915
7995030
7995360
7995804
7996341
7997210
7998345
7999025
7999996
8000657
8004248
8004482
8004919
8005966
8006318
8008103
8009176
8010458
8015488
8015544
8017604
8019970
8020907
8022803
8022882
8024377
8026855
8027625
8031349
8031842
8034804
8036096
8036166
8036415
8036728
8036910
8036942
8037180
8037525
8037892
8038980
8039145
8040681
8041391
8041441
8041483
8042731
8043280
8043668
8044003
8045780
8047200
8048100
8048851
8049080
8049089
8050510
8050811
8052256
8052671
8053170
8054279
8054992
8056597
8056923
8057946
8058732
8059193
8060088
8060935
8063407
8063521
8064429
8065079
8067349
8067834
8069355
8070062
8070642
8071074
8071725
8072166
8072383
8074062
8074888
8076309
8076555
8077387
8077665
8078731
8079346
8079655
8082664
8083974
8087373
8088385
8088890
8089811
8091258
8091497
8094532
8099435
8099750
8100125
8100528
8100750
8102068
8102379
8105653
8106156
8107128
8107284
8109533
8110163
8110368
8112564
8112731
8113001
8113030
8113477
8115146
8115148
8115447
8115890
8115992
8116219
8116882
8118483
8118989
8122698
8123654
8124524
8125697
8126479
8126886
8126895
8127827
8128621
8130731
8131592
8134946
8135295
8135368
8135677
8136260
8137886
8139088
8139099
8140120
8145263
8145393
8146706
8147041
8147644
8148595
8151693
8152183
8153190
8154481
8154793
8155490
8156311
8156431
8156510
8156864
8157513
8158813
8159550
8160403
8160765
8160875
8161181
8162164
8162228
8163847
8164213
8164767
8164896
8167678
8168748
8169131
8169177
8169239
8170133
8171310
8171886
8173272
8173978
8174776
8175303
8175520
8176660
8176792
8178929
8181011
8181586
8181595
8181846
8184472
8184985
8185099
8186092
8186816
8187029
8188640
8190711
8191057
8194860
8195748
8198612
8199219
8200490
8201748
8202963
8204699
8204812
8205951
8206879
8206894
8207186
8208124
8208127
8209448
8211624
8211628
8211636
8212431
8212671
8213084
8214135
8214317
8214653
8215004
8218055
8218152
8219055
8220248
8220986
8221972
8223029
8223187
8224212
8225461
8225976
8227106
8228478
8231695
8234220
8235776
8237196
8238741
8241249
8241585
8241648
8242865
8243207
8243352
8244186
8244636
8245376
8245495
8245547
8245778
8246613
8247914
8250139
8251507
8252004
8252163
8252735
8254205
8256068
8256663
8256881
8258427
8259158
8259173
8259303
8261095
8261782
8265396
8266152
8266283
8267309
8268662
8270439
8272686
8273096
8275089
8275459
8276440
8277097
8280943
8281364
8281633
8281699
8282800
8282820
8283177
8283438
8284670
8285235
8285366
8285739
8286381
8287262
8289024
8289139
8289151
8291290
8292112
8292289
8293873
8295843
8296690
8297581
8299048
8299542
8299806
8301201
8302008
8303370
8303450
8303664
8304547
8306055
8308600
8311653
8312625
8313080
8314171
8315691
8318497
8318601
8321798
8321907
8322800
8323955
8324495
8324593
8325904
8327299
8329407
8330742
8331138
8331745
8333365
8334476
8334916
8334937
8335251
8336246
8336917
8337172
8337674
8338171
8338186
8338744
8340223
8341692
8343898
8344249
8346129
8347493
8353162
8353501
8357162
8357567
8359252
8359464
8359717
8360197
8363314
8365183
8365590
8365689
8369827
8369828
8373492
8373570
8374594
8374992
8375220
8375532
8376576
8376603
8377283
8379023
8380124
8380663
8381181
8381497
8381597
8381833
8383835
8386188
8389736
8390034
8391138
8391449
8393416
8393651
8394560
8395571
8396069
8397164
8399854
8401342
8402695
8402870
8403290
8405656
8410429
8411037
8412922
8420105
8422659
8424279
8424463
8424637
8425088
8425871
8426588
8426714
8428148
8428667
8429536
8429833
8433775
8434322
8434795
8437082
8439853
8440661
8441128
8443031
8443450
8444069
8444387
8446205
8446908
8448940
8449136
8449175
8450491
8451222
8451391
8454252
8454727
8455178
8457091
8457113
8457122
8458940
8459845
8461662
8462880
8463301
8464598
8469163
8469210
8470495
8470613
8471523
8472402
8472493
8472879
8472928
8473178
8473232
8478715
8478733
8479515
8479821
8482360
8484027
8484481
8484847
8485147
8485419
8485498
8487605
8488223
8489636
8490284
8491573
8491684
8491998
8492114
8493813
8495389
8496074
8496856
8497398
8497619
8497843
8497890
8498926
8500100
8500820
8501586
8502822
8503409
8504539
8505267
8505287
8506152
8508133
8508179
8509028
8510743
8513830
8514187
8517411
8518098
8519119
8520287
8521928
8522014
8522518
8522597
8524087
8524244
8525005
8525145
8525488
8525908
8525970
8526538
8526544
8528983
8529220
8530615
8531302
8531517
8531907
8532559
8533790
8533850
8534059
8536575
8536735
8538080
8539822
8540104
8540682
8541398
8541871
8541887
8542875
8543139
8545050
8545499
8547032
8549999
8550910
8552683
8555036
8555103
8555544
8557710
8558585
8559981
8562070
8562616
8563679
8563976
8564145
8565992
8566448
8567932
8568064
8568625
8569336
8571312
8571345
8572753
8573074
8573349
8573546
8575358
8577819
8579650
8580762
8580772
8582678
8583358
8584245
8585082
8585913
8587425
8588637
8590267
8593301
8593410
8593677
8594133
8595396
8595771
8597103
8598745
8599853
8599940
8599994
8600733
8601187
8601785
8601881
8603895
8604884
8605121
8607834
8609309
8609328
8612204
8612304
8617490
8618261
8618606
8618654
8618879
8618920
8620650
8620921
8620974
8621118
8621840
8623458
8623748
8624579
8625158
8625670
8627194
8627607
8629601
8630191
8630201
8630365
8633052
8633130
8635375
8637470
8639382
8639579
8639582
8639596
8639852
8642288
8642360
8644892
8645137
8645491
8646868
8647179
8647316
8648397
8652877
8653222
8653290
8654932
8657052
8657905
8658047
8658992
8659440
8659744
8660474
8663452
8667639
8668610
8668701
8672678
8672730
8672994
8673345
8674438
8674439
8675444
8676259
8676276
8677624
8678217
8678230
8679434
8679461
8680409
8682795
8683210
8685284
8687938
8688111
8690503
8690946
8691930
8693668
8694223
8694863
8695503
8696402
8696774
8696979
8697572
8697653
8699029
8699071
8700779
8701063
8701629
8702667
8704674
8706917
8707112
8707308
8708366
8708607
8708786
8710542
8712092
8713806
8714202
8715975
8716437
8717928
8718099
8718590
8718672
8721159
8721720
8724766
8724926
8727939
8728266
8729471
8729541
8730772
8730806
8731930
8732048
8732178
8735176
8735687
8737765
8737868
8738677
8740077
8740849
8741015
8741724
8741781
8745327
8745977
8746110
8746369
8746572
8747686
8748806
8750304
8751109
8755265
8758869
8762675
8763750
8765008
8765169
8765932
8766008
8766890
8766990
8768325
8768924
8769627
8770123
8770247
8772342
8772397
8772554
8773168
8773494
8774822
8775093
8779551
8780902
8781194
8781915
8782995
8783057
8785652
8786373
8787479
8788301
8789413
8790027
8790367
8790801
8790863
8791292
8792006
8792784
8793737
8795362
8797403
8799243
8800190
8802076
8802465
8803339
8804950
8805006
8805293
8806960
8808386
8808405
8809485
8809566
8809919
8814301
8814465
8815479
8815720
8816329
8816617
8817730
8818225
8818288
8819004
8819403
8819793
8821320
8821485
8821541
8823818
8824561
8825220
8826541
8826662
8828215
8828684
8830219
8832346
8833609
8835872
8836033
8836153
8837886
8840266
8842104
8846436
8846501
8846539
8847372
8852560
8852650
8852788
8852895
8852915
8853873
8855990
8856461
8856694
8856720
8857492
8858830
8860555
8860687
8860728
8861468
8861973
8862127
8863603
8864941
8865046
8865799
8866414
8866621
8870325
8872420
8873816
8873909
8874155
8876460
8876667
8876805
8876915
8877598
8883684
8886555
8886963
8887031
8887130
8888220
8888224
8888339
8889007
8889930
8890314
8890606
8891570
8894053
8894259
8895623
8896148
8896589
8897007
8897402
8897725
8899831
8901338
8901399
8901536
8902088
8902130
8902918
8903195
8903426
8904455
8905705
8905993
8906515
8907659
8909892
8910281
8910699
8911205
8911323
8913189
8915990
8920039
8920135
8920307
8921587
8923381
8923961
8925068
8925280
8925521
8925718
8929636
8930288
8930944
8931190
8931608
8931707
8932527
8933547
8934597
8938604
8941648
8943187
8945182
8945519
8948174
8948664
8949082
8949314
8949426
8949617
8950881
8951153
8951175
8951475
8953626
8954686
8955224
8955654
8957641
8958209
8958421
8959026
8959477
8960780
8961565
8961986
8962582
8962912
8963036
8964953
8967633
8967731
8968278
8968863
8970590
8970696
8970926
8976364
8976593
8977645
8978692
8979241
8979981
8981450
8982581
8982762
8983068
8984340
8987335
8988134
8989065
8989077
8990534
8991996
8992837
8993381
8994192
8995520
8996280
8996426
8997471
8997633
8998338
8999031
8999119
9000089
9000500
9001794
9002523
9004041
9006154
9006526
9006841
9006996
9007281
9007471
9007611
9010480
9010715
9011655
9011856
9012623
9012683
9013046
9013348
9013688
9013806
9015235
9015987
9017177
9018643
9019126
9020911
9022068
9023822
9023909
9024217
9024858
9025028
9025220
9025401
9026802
9027654
9028796
9029034
9031400
9031632
9031885
9034267
9034683
9034715
9035657
9036461
9037049
9037184
9037274
9037443
9037643
9037824
9038057
9038305
9038759
9041276
9041390
9042574
9042736
9042921
9043051
9043872
9043932
9045273
9046063
9046318
9046325
9046450
9047050
9047209
9047263
9049079
9052721
9052821
9052828
9054179
9058235
9059001
9059549
9059595
9061506
9061519
9062432
9063074
9063368
9063649
9064068
9065665
9066901
9066979
9067589
9067690
9068358
9068751
9068973
9069088
9072822
9073959
9074250
9074514
9075671
9075716
9082067
9082258
9082707
9083388
9083764
9083766
9083999
9084333
9084896
9086101
9086314
9087680
9088003
9088182
9089198
9089333
9089530
9090527
9091691
9092645
9094010
9094821
9095127
9095141
9097538
9098394
9099261
9099882
9101470
9101846
9102402
9102656
9104304
9104802
9105029
9106790
9106880
9106960
9108928
9112666
9116647
9117174
9119076
9119383
9120357
9120472
9120535
9121391
9121552
9121643
9121702
9121727
9122502
9124796
9125094
9125390
9126002
9126825
9127237
9127329
9128676
9129640
9130131
9130222
9133640
9134800
9135154
9135437
9140411
9140575
9142510
9145290
9146881
9146919
9147043
9148527
9148676
9149798
9150490
9155005
9156432
9157497
9158341
9158638
9159721
9160128
9163334
9163338
9164814
9164991
9165226
9165283
9165577
9165960
9165963
9166168
9168351
9169109
9169403
9172042
9174378
9177554
9178028
9180850
9180999
9182050
9182316
9182335
9183277
9185243
9185716
9186124
9189076
9190725
9192196
9193409
9196142
9196777
9196824
9197017
9197831
9197910
9202924
9203537
9204640
9205111
9205956
9205963
9206242
9208698
9209640
9209801
9210473
9210640
9212612
9213212
9213734
9215034
9217027
9218818
9219086
9219147
9220012
9222054
9222194
9222246
9223541
9227140
9229212
9231279
9232076
9233013
9234035
9235173
9236767
9237399
9239427
9239937
9240560
9242243
9242345
9242440
9244458
9246258
9250084
9251149
9253422
9254020
9255216
9255218
9255695
9257341
9257551
9261769
9262374
9263592
9265460
9266500
9269251
9271511
9272837
9273236
9273371
9273697
9273745
9274392
9276071
9276427
9277609
9278000
9278140
9278953
9281224
9281333
9282300
9282319
9282918
9285283
9285918
9286409
9286441
9286585
9286610
9288498
9288587
9289070
9289546
9291420
9293581
9293611
9293775
9294238
9294513
9294991
9295792
9296433
9296436
9296843
9297424
9306171
9307232
9308120
9308288
9308637
9309556
9312412
9312544
9313264
9313663
9314323
9314506
9314787
9317495
9319090
9320085
9320521
9320635
9321385
9321973
9321974
9322043
9322956
9323512
9324279
9326928
9327800
9328127
9328821
9329244
9330618
9333311
9335534
9336610
9337266
9338403
9338435
9339029
9339597
9340643
9341217
9341412
9342578
9342782
9344516
9345898
9346008
9351330
9352129
9352609
9353583
9357245
9358752
9359101
9360323
9360882
9362037
9362905
9363099
9363318
9366489
9369589
9369750
9370518
9372830
9373804
9373966
9374071
9376425
9376920
9377308
9377315
9377895
9379467
9382555
9384048
9386519
9386546
9388338
9391350
9391725
9391830
9392480
9392726
9393216
9393473
9395470
9398532
9398971
9400436
9402342
9404642
9404660
9405769
9406877
9407303
9407838
9408620
9409150
9409814
9412672
9413975
9414613
9415496
9416082
9416481
9417774
9419169
9419658
9420351
9423062
9425316
9426274
9426874
9426966
9428024
9429203
9431124
9432076
9432819
9433255
9435754
9436788
9437682
9437811
9437976
9438607
9439565
9439758
9440014
9440089
9440698
9440816
9441945
9443967
9444312
9445258
9446616
9446734
9447334
9449294
9450582
9450698
9454208
9454577
9459844
9461702
9461892
9463490
9463832
9465118
9465618
9466596
9467061
9468806
9469477
9470140
9471380
9473226
9475300
9475654
9475948
9476055
9476204
9476587
9477031
9477065
9477569
9480896
9483183
9483290
9484050
9486107
9487711
9488216
9488938
9489004
9490289
9491470
9492312
9492426
9497661
9499463
9500023
9502237
9502810
9503091
9503739
9505341
9506414
9507065
9508749
9510088
9510312
9510324
9510600
9511601
9511690
9512542
9513051
9513375
9513897
9516406
9517739
9517879
9518525
9519256
9520213
9520606
9521586
9522111
9523473
9525938
9526915
9527130
9528530
9529189
9529520
9529942
9530298
9530684
9530996
9531069
9531256
9533183
9533564
9533809
9533894
9533977
9534110
9534513
9539013
9541726
9543539
9544981
9545651
9547433
9548247
9550416
9550768
9553585
9554390
9555178
9555731
9556411
9557164
9558414
9559882
9560033
9560718
9560913
9561156
9561915
9562056
9562516
9565232
9565463
9567395
9568531
9568709
9569110
9569481
9570981
9572128
9573174
9573523
9574538
9574576
9575640
9575742
9576043
9576257
9579312
9579383
9580526
9581091
9581319
9581324
9582229
9582962
9583482
9583675
9584466
9587874
9588362
9588861
9590240
9590810
9591420
9593337
9593993
9596940
9597572
9599867
9603857
9607081
9611642
9612093
9612455
9613266
9614197
9615379
9615892
9617612
9619513
9620633
9621170
9622395
9623728
9624327
9626337
9626418
9626573
9627235
9628390
9628463
9629584
9629598
9629799
9630297
9630428
9631001
9632961
9635567
9637542
9638134
9638979
9639606
9639642
9639744
9639949
9641814
9642214
9643506
9644221
9645233
9649812
9650604
9651466
9652333
9652767
9655529
9655576
9655821
9657138
9657991
9658671
9658994
9660147
9660505
9662262
9662581
9664837
9665614
9666479
9668169
9669496
9670211
9670420
9673597
9673809
9677231
9677366
9677537
9679848
9680227
9682155
9683845
9684798
9685272
9685576
9686009
9686066
9686531
9689190
9690419
9691415
9693867
9697093
9697929
9698997
9699133
9704171
9708263
9711151
9711703
9712717
9713407
9713408
9715480
9715625
9716575
9717327
9717833
9722710
9725451
9727964
9728002
9729173
9731485
9735027
9736503
9736572
9737536
9739926
9742640
9742790
9742877
9743050
9744739
9746193
9747282
9749620
9750187
9750484
9750616
9750629
9751809
9752224
9753625
9753797
9754865
9756490
9756509
9757579
9758662
9758685
9760510
9761723
9762080
9764093
9764779
9767824
9768149
9768947
9769429
9769675
9771608
9774839
9775209
9776373
9776984
9777233
9778829
9779161
9779395
9781591
9781894
9782015
9783931
9785038
9785926
9786069
9787090
9787663
9787667
9789654
9791079
9792420
9792433
9792992
9793345
9794273
9794370
9795032
9795738
9795789
9796799
9797079
9797356
9798274
9798541
9799868
9801355
9801857
9802090
9803194
9803499
9803608
9805215
9805359
9805887
9809109
9809517
9810773
9813361
9817171
9817298
9817970
9819040
9819744
9821354
9822504
9822716
9823244
9824132
9824222
9826486
9827884
9828101
9829329
9830185
9831184
9831649
9832582
9832625
9832887
9833562
9834301
9834748
9834876
9835291
9836409
9836996
9837032
9838192
9839544
9840600
9841415
9848166
9849505
9850957
9853872
9853976
9854975
9855123
9855438
9855881
9857193
9857239
9863117
9863721
9863756
9865211
9865900
9866464
9867173
9868991
9869264
9871397
9872003
9874103
9875199
9875253
9877566
9878799
9880297
9883265
9883485
9884183
9885154
9885431
9887897
9888147
9888274
9888675
9890201
9890525
9891479
9891694
9891997
9893106
9893263
9893707
9896028
9897078
9898653
9898898
9899046
9901281
9905212
9908131
9908724
9910171
9910236
9912388
9913576
9915403
9916592
9916771
9917380
9918995
9919025
9919454
9920492
9921913
9923241
9926444
9927432
9929251
9930398
9930603
9931717
9932287
9933086
9933113
9934616
9935807
9936348
9936893
9937629
9937677
9939096
9941358
9941447
9943140
9943966
9943990
9945916
9946193
9949292
9950920
9954137
9954260
9955322
9955928
9956150
9956849
9957701
9958063
9958479
9959009
9962414
9963167
9964119
9965537
9966124
9966994
9967616
9967983
9968315
9968446
9969154
9971024
9973170
9973272
9973535
9976458
9977213
9978827
9979132
9979761
9980384
9980836
9981591
9982037
9982597
9983167
9983206
9983348
9983854
9983865
9985429
9986873
9987024
9987171
9987229
9987762
9989411
9990292
9991167
9991216
9992259
9992912
9994196
9995059
9996104
9997397
9999329
9999487
10000514
10000970
10002911
10003040
10003477
10003491
10003633
10004231
10007089
10007391
10007894
10008306
10009586
10010731
10011871
10011884
10012982
10015089
10015321
10016439
10016646
10017969
10019055
10024337
10024377
10026524
10028440
10032677
10034793
10035793
10036415
10039644
10039986
10042134
10042733
10043277
10043577
10044395
10046422
10047133
10048242
10048946
10049039
10050169
10051862
10051864
10053714
10058562
10059485
10060841
10061481
10061655
10062900
10064387
10064609
10065561
10065776
10066099
10066654
10067789
10067840
10067969
10071532
10071683
10071854
10071990
10072117
10072800
10073280
10073485
10073766
10073945
10074430
10074656
10075036
10075844
10076878
10077458
10077771
10077918
10079941
10080250
10080400
10081316
10082527
10082754
10085710
10087808
10087904
10087908
10088018
10089384
10090296
10090443
10092196
10092311
10095660
10096897
10097403
10097910
10098009
10098755
10099059
10099242
10100415
10100692
10101490
10102295
10104355
10104361
10105843
10106509
10106846
10107015
10107376
10108720
10109292
10109437
10109693
10112592
10112861
10113745
10115033
10115683
10115832
10116838
10116892
10117645
10117912
10117955
10117988
10118170
10118322
10118388
10120010
10121566
10123472
10124343
10128382
10128603
10129246
10129282
10130392
10133434
10135587
10135622
10135716
10136828
10136881
10137713
10139867
10140494
10140990
10141335
10142901
10152046
10152539
10156121
10159556
10159797
10160511
10160648
10162184
10162254
10165607
10165975
10169938
10170987
10174070
10175216
10176835
10176859
10180118
10180858
10181823
10182302
10185574
10186407
10186639
10190215
10191870
10192332
10194178
10197356
10198881
10200074
10200097
10200250
10202362
10202604
10202701
10202996
10203401
10203912
10204102
10204415
10204755
10205272
10207061
10209484
10209986
10210505
10211263
10213068
10213902
10214735
10217473
10217728
10218687
10219012
10219266
10219296
10219741
10221083
10221802
10222333
10222748
10223702
10226195
10229583
10230008
10230032
10230060
10230849
10231139
10231363
10234362
10234940
10235011
10236056
10236554
10236711
10239291
10239462
10240391
10241050
10241680
10242039
10242515
10246842
10247511
10248176
10248868
10250078
10250139
10250766
10251264
10251466
10253630
10254278
10254682
10255123
10255700
10256448
10259709
10260108
10261827
10262008
10262280
10262606
10266504
10266891
10267379
10267761
10268083
10269972
10271291
10272020
10272170
10272507
10273058
10273222
10273481
10273679
10275301
10275662
10276141
10277532
10279520
10280196
10280698
10281598
10282015
10282645
10282845
10284190
10288463
10289344
10291302
10293554
10293588
10293854
10294795
10295008
10295365
10295966
10296197
10296889
10297498
10298313
10298660
10300489
10301098
10301476
10301903
10302264
10305086
10306233
10307567
10308312
10308436
10309185
10309359
10310693
10311172
10311502
10311556
10311857
10312681
10312692
10313372
10314759
10315843
10315939
10316277
10317568
10317859
10318625
10318892
10319387
10319838
10323792
10324210
10324372
10326221
10326375
10327400
10327493
10327693
10329067
10330034
10330669
10331334
10331687
10333657
10335434
10336951
10339458
10340135
10340193
10340310
10341136
10343529
10344164
10344320
10345276
10346606
10347228
10350627
10351939
10352257
10353782
10354785
10355956
10356771
10356922
10357861
10358130
10358685
10361782
10361818
10362848
10364357
10365975
10367646
10369912
10370759
10370954
10375992
10376041
10376565
10378430
10379358
10381139
10381267
10381557
10382674
10384600
10385959
10386649
10386681
10387636
10388359
10389668
10391169
10392769
10392929
10393927
10394529
10395193
10396516
10398669
10398976
10399074
10399639
10400935
10400956
10401359
10402470
10404290
10404563
10404976
10405175
10405213
10405441
10406486
10408360
10410027
10410450
10411841
10413322
10415789
10417031
10417436
10417475
10418550
10418965
10420650
10420929
10422352
10425244
10425903
10426578
10427098
10428222
10433455
10433775
10435361
10436008
10436513
10436550
10437791
10438033
10440451
10440513
10440583
10441208
10441687
10441722
10442542
10442549
10443030
10443290
10443308
10443342
10443908
10445712
10446456
10446579
10447168
10448423
10448678
10449672
10450542
10453537
10453825
10454809
10455800
10457280
10459320
10460308
10460758
10462636
10463550
10463621
10467447
10467889
10470754
10471228
10472982
10473561
10474440
10475646
10478739
10479701
10479977
10482769
10482951
10483839
10485555
10486245
10488284
10490277
10490324
10490489
10491063
10492043
10492341
10493304
10493527
10494501
10494814
10495780
10496359
10496822
10497522
10498581
10499540
10499766
10500470
10501313
10501450
10502180
10504694
10505120
10506156
10506384
10506415
10509275
10509771
10510156
10511576
10513322
10516169
10516579
10517721
10518444
10520801
10521659
10521724
10523679
10523931
10525577
10525909
10526386
10526520
10527809
10528705
10528854
10529483
10530320
10533057
10534423
10535013
10537050
10537429
10539131
10540657
10540688
10540762
10542058
10542212
10545902
10546948
10546982
10547740
10548786
10548997
10549157
10549791
10550179
10550362
10550656
10551874
10552942
10553199
10555833
10555854
10557472
10557852
10558159
10558822
10558868
10560435
10560999
10562429
10562493
10562587
10564233
10565606
10565786
10566759
10567769
10567981
10568222
10569286
10570029
10570592
10570710
10571641
10572309
10572666
10576383
10578035
10580463
10580735
10581573
10581670
10581831
10582596
10584397
10584513
10585201
10585805
10586772
10587268
10590088
10590155
10592785
10593403
10594263
10595135
10596175
10597167
10598952
10599735
10600314
10600510
10601292
10602300
10602752
10605085
10605783
10606094
10607151
10607284
10607886
10607891
10610410
10611935
10612203
10612653
10613030
10613190
10613694
10613757
10614454
10618223
10619290
10620936
10621117
10621354
10621502
10623370
10623444
10624566
10624788
10625718
10627350
10627691
10627779
10628467
10628847
10629139
10630331
10631350
10633503
10634627
10635330
10635743
10636033
10637474
10637850
10638226
10638875
10639799
10639917
10641221
10641645
10641856
10642203
10645413
10645780
10646302
10647687
10648266
10648399
10649487
10650098
10650875
10651072
10651368
10654115
10655497
10656998
10657547
10658492
10661020
10662473
10662607
10663234
10663247
10663492
10664018
10664282
10664632
10664945
10665796
10665998
10666439
10666693
10666936
10667011
10668526
10670103
10670157
10673603
10674593
10675008
10675354
10676603
10676951
10678134
10678191
10678373
10679052
10679405
10680021
10680446
10680980
10684663
10685512
10686342
10686744
10687193
10687908
10689300
10692205
10693574
10694051
10695343
10695696
10695820
10695957
10696246
10698169
10699956
10700969
10701047
10701790
10705076
10706173
10708745
10709497
10710416
10711890
10712150
10712185
10713289
10713752
10715605
10715673
10716593
10723606
10724388
10724650
10727197
10727789
10727936
10730487
10730923
10730964
10731620
10733065
10733328
10734531
10734963
10736147
10736553
10738641
10739561
10739634
10740878
10741296
10742751
10744651
10745689
10745888
10746107
10746667
10747850
10749781
10750109
10751435
10752378
10757966
10758474
10760289
10760618
10761237
10761351
10761833
10762035
10762437
10763396
10764846
10767361
10770192
10770572
10770953
10770967
10770971
10771474
10772489
10773209
10773816
10774796
10774838
10774925
10775583
10776680
10776988
10777094
10778040
10778737
10779739
10781419
10782081
10782145
10782189
10784027
10784168
10784367
10787221
10787786
10787879
10789075
10789101
10793004
10793266
10794452
10796722
10798726
10801698
10801701
10803340
10804760
10804971
10805307
10806662
10806821
10806899
10807157
10811481
10811695
10813958
10814950
10815121
10817074
10818494
10819970
10820219
10820727
10820934
10821097
10821631
10822209
10823794
10825791
10825962
10826768
10827128
10827848
10829621
10829801
10830367
10830992
10832250
10833778
10834088
10834405
10834542
10835179
10836217
10839968
10840616
10843514
10843786
10843930
10845744
10846182
10846331
10847701
10848742
10852969
10853327
10853888
10854298
10854377
10854852
10855155
10855225
10855453
10856957
10857305
10859174
10859238
10861539
10861834
10864108
10865039
10865413
10866138
10868301
10869023
10878074
10878787
10879954
10880118
10880123
10880178
10880197
10880919
10880971
10881588
10882743
10885378
10888977
10891605
10891793
10892215
10892520
10892939
10893092
10893237
10895317
10896797
10898222
10898454
10900332
10900372
10900384
10900713
10901547
10901565
10901650
10908209
10908536
10909520
10911160
10912414
10912785
10912930
10913351
10914644
10916014
10916354
10917553
10919595
10921193
10922792
10923101
10924873
10926356
10929927
10930007
10931484
10933782
10935841
10936586
10937062
10938161
10939011
10939544
10941636
10941991
10943798
10945862
10947216
10947717
10947925
10949537
10949687
10951319
10952896
10953672
10954066
10954788
10957586
10958158
10960998
10961980
10964239
10964744
10965269
10966811
10967489
10967496
10968428
10969062
10970240
10971034
10971412
10973342
10974924
10978502
10980204
10981522
10983796
10986562
10988242
10988446
10989413
10989502
10990231
10990499
10990767
10992519
10992522
10992642
10993268
10993558
10994583
10994925
10997276
10998530
10998762
10999047
10999854
10999949
11002322
11003430
11003626
11005469
11005524
11005813
11006096
11006914
11007045
11007179
11009991
11010428
11010615
11010935
11010955
11011415
11013853
11014341
11014530
11015414
11017493
11018586
11020180
11020443
11020482
11021166
11023370
11025737
11027026
11027897
11028439
11030828
11031218
11032632
11032763
11033610
11034254
11034618
11036999
11037085
11038736
11039132
11040982
11041247
11041966
11043725
11044822
11044911
11046215
11047495
11048554
11050290
11052201
11052218
11052264
11052484
11053419
11054876
11056463
11056969
11058049
11059697
11062025
11062129
11062221
11062296
11062840
11063273
11065704
11066004
11066693
11067060
11067355
11067363
11070537
11071085
11071555
11073871
11074327
11078589
11078785
11079017
11079421
11079489
11079693
11080244
11081940
11087241
11087507
11087819
11087928
11088383
11088535
11089021
11089261
11090258
11090760
11091349
11091816
11092083
11092802
11092970
11095863
11097137
11097510
11097739
11097943
11098866
11099133
11100351
11100757
11101754
11103524
11106538
11107465
11108654
11111564
11111578
11112459
11114927
11115803
11116191
11116532
11119104
11121877
11122634
11123747
11126328
11127392
11127679
11129169
11129240
11130591
11132263
11132580
11135115
11135154
11135331
11135674
11136446
11137101
11137232
11138298
11139313
11140095
11140488
11141520
11142470
11142995
11145168
11149828
11149884
11150024
11152136
11152355
11152419
11152602
11154368
11154375
11155828
11157038
11159179
11159651
11160947
11161254
11162009
11162105
11162108
11162998
11167698
11169541
11170209
11170819
11171324
11171947
11172882
11173109
11173787
11174172
11175677
11176055
11177910
11178113
11179070
11180576
11180661
11181158
11181808
11181903
11182091
11182289
11184988
11185397
11188393
11189743
11189777
11190763
11191155
11191238
11191711
11191907
11192118
11193166
11193235
11194746
11195359
11197432
11197996
11199291
11199497
11199946
11201866
11202007
11202489
11202670
11203078
11203346
11205911
11206698
11207286
11207382
11208190
11208266
11208904
11209886
11210481
11212610
11215335
11215453
11216291
11216894
11218320
11218931
11219138
11219199
11219432
11219525
11220004
11220209
11221679
11222132
11222980
11224422
11224834
11225138
11225238
11226506
11227252
11228230
11229911
11230005
11230536
11231380
11232457
11232956
11235092
11236031
11236530
11237842
11237964
11239102
11239965
11241443
11242634
11245841
11246035
11246542
11246723
11247430
11248519
11249805
11250791
11252313
11253777
11253815
11254440
11254803
11255851
11256208
11257528
11257550
11259361
11260418
11261988
11263713
11264832
11267237
11269218
11270088
11270276
11270822
11271974
11273966
11274434
11276185
11277587
11278067
11278653
11278771
11279400
11279580
11280341
11280578
11281365
11282229
11283250
11284547
11284582
11285997
11286470
11288208
11289411
11291927
11297007
11302574
11304971
11305098
11305597
11307189
11307344
11307671
11308994
11309350
11309633
11311304
11311994
11315592
11315619
11316066
11317060
11318464
11319336
11321601
11322225
11323629
11326552
11327835
11328172
11328270
11332672
11333842
11334884
11335999
11336167
11337523
11337856
11340498
11340637
11343943
11345233
11346096
11346274
11347238
11348971
11351271
11352153
11352822
11353102
11355740
11356205
11357741
11358421
11358733
11358774
11359161
11359569
11359892
11360466
11360955
11361254
11361832
11362549
11362751
11363335
11368176
11370793
11373720
11374117
11375216
11375304
11376149
11377185
11378618
11378739
11379893
11381032
11381064
11381979
11382241
11383588
11384083
11385328
11386797
11387389
11389616
11390049
11390263
11390585
11390627
11390701
11394849
11395064
11395409
11395577
11397317
11397884
11399490
11400686
11400942
11402615
11402740
11403835
11404943
11406082
11406410
11407502
11408835
11408980
11409300
11409636
11409917
11411506
11412218
11412383
11413030
11413788
11413833
11413934
11415537
11417536
11418691
11418726
11418738
11418875
11419108
11419363
11420105
11420596
11421150
11423831
11424490
11425533
11425691
11427536
11427734
11428703
11428912
11430036
11430379
11431712
11432003
11432787
11433666
11434764
11434872
11435000
11438340
11438741
11439895
11440979
11441554
11441733
11442470
11443416
11444715
11444897
11445367
11445760
11446192
11449064
11449650
11451129
11451235
11452539
11453927
11454014
11454739
11457410
11458649
11458804
11459630
11459892
11460088
11461006
11461053
11461136
11461406
11462057
11462378
11463219
11465057
11465617
11467932
11468708
11468917
11471908
11474449
11475230
11476992
11477571
11480272
11480563
11480742
11482568
11483806
11485722
11488759
11488839
11489024
11489788
11490777
11490910
11492085
11492429
11493731
11494990
11495364
11495769
11496211
11501669
11503407
11503440
11504205
11504486
11504753
11506268
11507650
11508969
11509178
11509711
11510470
11512161
11512405
11513787
11514888
11515071
11515366
11516323
11516771
11517819
11518442
11518907
11520791
11522536
11523236
11524133
11525740
11526062
11526327
11528103
11528282
11528500
11528579
11532042
11532504
11535774
11536372
11536510
11538938
11541453
11543189
11544089
11544934
11545180
11546289
11547958
11548508
11553190
11555280
11555506
11555511
11558774
11560307
11564332
11566031
11568108
11568480
11568886
11568926
11571285
11571646
11573846
11574000
11575788
11577685
11580445
11581140
11582011
11583733
11584482
11584653
11584775
11586675
11586996
11588880
11589740
11590189
11591136
11593395
11594468
11594582
11594654
11594939
11595621
11597807
11597835
11598010
11598278
11598644
11598781
11599317
11599367
11599659
11600595
11600740
11602526
11602842
11603359
11604163
11605747
11606388
11606874
11607575
11610244
11610304
11610534
11610878
11615274
11615386
11615436
11615559
11615677
11616030
11616351
11617124
11621449
11621450
11623783
11624138
11626436
11627025
11628462
11629347
11629883
11630755
11630904
11631151
11631308
11631697
11632103
11633669
11635070
11635506
11636994
11639685
11641635
11641746
11642494
11643196
11645218
11647236
11647488
11649801
11651637
11653054
11653940
11655092
11655844
11655936
11656084
11656963
11657180
11658635
11658665
11659353
11660380
11660445
11660923
11662821
11665137
11665279
11668101
11668732
11668838
11669195
11670126
11670708
11671617
11671626
11671828
11673650
11673913
11674661
11675008
11675412
11676352
11676722
11677833
11678669
11680625
11680738
11681090
11682332
11683368
11686682
11687128
11688941
11689007
11689275
11690100
11691385
11692951
11693253
11693262
11693718
11694111
11694126
11694652
11695334
11697195
11697884
11698661
11699448
11701669
11701672
11702378
11702433
11703122
11705394
11707969
11708155
11709551
11709677
11710526
11712886
11713010
11713526
11715639
11716836
11718042
11718382
11720372
11722969
11725411
11727533
11727917
11728561
11728894
11729622
11731472
11731871
11735402
11740532
11744737
11746243
11746761
11746856
11748364
11748631
11749199
11750520
11751132
11751710
11752570
11754366
11755564
11756011
11756221
11757289
11757659
11758721
11758903
11760181
11760471
11761279
11761734
11762188
11762789
11764868
11765072
11766447
11766833
11768131
11768147
11768256
11768687
11771255
11771523
11773312
11773582
11773592
11773787
11773957
11774497
11774924
11774955
11778884
11779369
11781649
11781845
11782932
11783073
11783411
11783647
11784695
11784829
11785053
11787125
11790747
11790860
11794480
11801031
11801703
11801832
11803296
11804569
11805569
11810009
11810502
11811852
11812067
11813228
11813404
11813615
11813825
11813934
11814004
11814915
11815179
11816633
11816709
11816798
11819185
11821384
11821920
11822007
11823343
11825823
11826183
11826271
11827410
11828592
11830043
11830221
11831233
11831247
11832897
11833256
11833641
11834865
11835886
11836434
11837019
11838977
11839330
11839478
11840119
11840633
11842256
11843295
11843840
11845765
11846501
11846714
11846980
11848164
11848331
11849364
11851771
11853048
11853072
11856054
11856328
11857900
11858588
11861130
11861177
11862128
11862766
11863001
11863148
11865324
11865330
11865421
11866994
11867242
11867635
11868488
11868737
11869032
11869653
11869810
11869851
11871068
11871101
11871327
11872464
11872853
11872987
11879356
11879410
11881015
11882280
11883722
11884443
11884589
11887286
11887765
11888060
11890853
11891017
11892045
11893154
11894985
11895740
11900577
11901518
11901519
11902422
11902499
11903576
11905405
11906479
11906683
11907190
11907755
11908083
11908603
11908902
11910636
11911154
11915483
11916915
11917786
11918794
11920858
11922763
11924247
11924980
11926667
11927856
11928391
11931134
11931660
11936565
11938153
11939466
11939929
11940221
11940280
11940949
11941909
11942232
11944341
11944895
11945043
11945758
11946991
11947054
11947100
11947834
11948440
11948986
11948990
11949392
11951646
11952590
11953600
11955160
11959568
11964091
11964334
11964963
11965848
11965928
11966613
11967459
11968430
11969120
11969490
11969785
11970455
11970543
11970652
11971638
11976146
11976421
11977132
11979420
11980102
11980116
11980741
11982151
11983109
11983617
11983878
11983952
11984212
11985487
11985619
11987653
11989127
11989186
11989814
11990004
11990379
11990808
11991120
11993726
11996795
11997410
11999712
12000294
12003127
12003202
12003335
12004789
12004794
12007214
12007239
12007848
12008959
12009003
12009163
12009789
12013137
12013817
12018085
12019394
12019737
12020872
12021192
12022056
12022183
12023212
12025190
12027404
12027976
12028437
12029742
12030056
12030940
12031000
12031352
12032226
12032348
12033247
12033806
12035381
12036141
12041264
12041357
12043500
12043539
12045322
12045987
12048565
12048830
12048852
12048923
12049318
12050220
12051796
12053370
12053475
12054396
12054727
12055124
12055135
12056566
12059594
12061098
12061707
12062812
12063741
12065827
12071981
12072478
12075101
12075904
12077003
12077084
12078374
12079538
12081417
12082719
12082835
12082920
12083227
12084307
12085984
12086184
12087279
12087318
12087330
12087446
12090691
12090729
12091444
12091603
12092716
12093079
12093343
12097274
12097496
12097638
12098465
12099931
12101856
12101893
12101995
12102757
12102840
12103709
12105803
12106034
12108094
12109438
12109898
12110030
12111010
12112987
12113193
12113513
12113711
12114140
12114420
12116693
12116957
12117937
12118106
12118341
12118961
12119306
12119360
12119391
12120246
12120516
12120705
12121170
12123631
12125761
12126246
12128344
12128884
12129067
12130508
12131317
12131904
12132198
12133101
12133336
12133813
12134078
12135062
12136086
12137642
12138251
12138759
12138886
12139593
12140196
12140779
12142123
12142343
12142709
12143251
12143590
12146359
12146639
12150619
12151134
12152370
12152478
12153955
12154851
12154988
12155152
12156128
12156219
12157326
12160682
12161563
12162326
12163283
12164838
12165285
12165450
12166283
12167036
12169115
12170582
12171050
12174366
12175591
12177508
12178177
12180551
12181265
12181808
12184193
12185758
12187690
12188150
12188730
12191547
12195202
12195959
12197847
12199793
12201654
12201828
12202914
12205063
12205146
12205980
12207568
12208135
12209308
12210119
12212161
12216415
12217134
12217180
12219154
12219807
12220855
12221724
12223917
12223990
12224289
12225702
12226750
12227594
12228312
12229571
12230953
12230965
12231478
12231513
12231678
12231681
12232184
12232724
12236168
12236743
12237670
12238792
12239481
12240547
12240794
12242063
12242388
12243983
12244513
12245773
12246348
12248212
12252693
12255362
12257297
12257687
12258501
12259214
12259939
12261443
12262023
12262898
12263507
12264065
12265679
12266616
12267708
12267891
12267950
12268114
12268646
12268787
12270008
12272490
12272705
12274599
12276205
12276469
12278859
12280395
12281419
12282296
12283191
12283664
12289142
12289232
12289637
12290632
12292455
12293104
12294320
12294633
12295753
12296926
12297845
12298178
12299448
12300792
12301797
12302103
12303040
12303163
12304198
12305793
12307163
12307746
12308286
12309313
12309586
12312399
12315507
12315737
12316104
12316401
12319855
12321103
12325488
12328094
12329160
12330072
12330471
12330722
12330808
12331322
12333598
12334885
12335296
12335410
12337895
12338495
12339511
12340150
12340723
12342371
12343983
12344875
12345163
12346755
12346797
12348335
12350130
12350942
12351007
12351726
12352071
12354499
12354586
12356702
12357053
12357361
12358622
12361346
12362608
12362611
12363487
12364660
12367293
12368066
12368202
12369416
12376516
12378195
12379557
12379901
12380473
12380569
12380861
12381399
12381853
12382808
12383125
12383858
12384073
12384194
12384401
12384634
12385009
12388090
12388317
12389075
12390315
12390561
12391019
12391707
12393623
12394373
12395139
12395228
12395962
12396419
12396885
12397857
12398601
12398776
12398834
12402810
12403336
12403536
12407255
12410205
12410307
12410699
12411792
12412108
12412607
12413308
12413633
12416290
12417137
12417603
12418201
12419126
12419350
12419779
12421986
12425857
12426037
12426963
12429110
12429114
12429886
12431502
12434276
12434384
12434510
12436134
12436179
12438355
12438671
12438773
12439236
12439507
12440409
12442660
12444108
12445947
12445961
12447447
12448136
12448176
12448436
12449481
12450877
12451388
12452132
12452337
12454733
12456421
12457090
12458031
12458358
12458399
12458835
12459131
12460053
12460240
12461172
12461686
12462163
12462359
12464150
12469459
12469732
12470378
12470928
12470997
12472097
12472749
12474259
12474588
12475197
12475223
12475714
12476917
12477883
12478606
12478992
12481192
12482489
12483470
12483511
12483514
12485824
12486279
12488302
12489059
12489409
12490361
12490623
12490873
12491825
12492482
12493778
12494970
12495428
12496299
12498811
12499198
12500212
12501185
12501261
12502794
12502848
12502867
12505361
12505636
12507696
12507745
12508527
12509523
12509969
12510327
12510559
12511284
12512134
12513132
12513577
12513718
12513974
12514532
12514663
12514969
12514977
12515069
12515367
12516397
12516924
12517517
12517871
12518558
12518928
12520082
12520292
12521287
12522362
12522836
12523363
12526453
12527296
12527708
12527880
12530630
12531026
12531060
12531591
12532064
12534117
12534217
12534354
12537120
12538351
12539199
12539365
12539748
12540266
12543044
12544694
12545653
12547070
12547744
12547977
12549007
12549425
12549604
12549776
12550720
12552604
12554260
12554330
12554639
12558335
12558651
12559504
12559810
12560324
12561466
12562333
12563334
12563750
12563758
12564154
12564678
12564964
12565008
12565383
12565504
12566419
12567290
12568973
12569857
12571870
12572732
12573399
12574690
12575001
12575562
12575807
12577444
12577966
12578578
12582959
12583082
12584537
12585191
12585375
12586832
12587261
12587924
12588985
12589053
12590253
12590813
12590849
12591773
12596044
12596168
12596398
12597623
12598111
12601335
12601623
12601893
12604400
12605281
12605652
12605827
12606192
12607831
12611138
12611960
12613361
12614625
12617221
12619512
12619842
12620209
12622282
12622868
12624199
12625132
12626119
12626647
12628163
12628853
12629343
12629912
12631026
12631766
12632355
12633304
12635652
12635762
12635867
12637519
12638132
12641675
12642823
12643416
12645091
12646032
12649023
12649513
12649651
12649696
12651946
12654842
12655004
12655804
12657432
12658740
12660194
12661870
12663521
12664947
12665518
12666580
12669057
12669314
12669557
12670073
12674446
12676317
12678654
12681476
12682293
12682362
12683159
12683673
12684033
12684373
12684736
12685755
12686205
12690720
12691278
12692698
12693316
12693626
12694785
12694791
12695072
12697413
12697916
12699828
12700770
12701596
12702081
12702563
12702627
12704937
12705195
12705652
12707317
12709629
12710476
12710585
12712149
12712374
12713811
12714930
12715866
12716400
12716418
12717453
12717763
12718281
12719503
12719551
12720935
12721215
12722389
12722920
12724752
12730042
12730212
12730453
12730930
12735497
12735770
12739083
12740057
12740257
12741976
12744143
12744478
12745173
12746798
12746915
12748495
12749316
12750478
12753004
12754821
12759388
12761159
12761478
12762103
12762205
12762655
12762762
12764538
12766739
12766765
12767789
12769175
12770863
12771791
12771828
12772495
12775337
12775911
12777482
12779855
12780167
12780905
12780923
12781645
12783183
12784092
12787594
12788187
12788504
12789969
12791995
12793140
12793547
12794212
12795196
12795568
12799248
12799546
12800350
12802372
12802899
12806896
12809228
12810877
12811539
12813544
12814853
12815432
12816494
12816522
12816558
12817179
12817242
12818094
12819408
12821119
12822379
12823236
12823547
12824015
12825003
12825011
12825399
12828052
12828128
12828887
12829160
12830918
12831991
12832144
12834905
12835910
12836464
12837341
12838240
12838433
12838644
12840710
12841683
12842289
12842443
12842469
12846161
12847047
12848155
12849284
12852628
12854587
12855332
12856522
12857845
12858086
12858333
12861395
12862118
12862542
12862873
12863102
12863109
12864861
12865296
12865615
12865988
12866554
12867151
12868114
12868627
12869161
12869456
12869898
12870221
12870422
12870492
12870839
12873210
12873617
12873699
12874023
12874422
12874700
12875430
12875525
12876224
12876292
12877826
12878701
12879054
12881476
12881682
12881860
12881862
12882585
12882933
12883246
12885366
12885506
12887049
12887196
12888675
12888770
12889806
12890030
12890579
12891207
12891308
12891805
12894414
12896243
12896453
12896852
12896972
12897516
12898201
12899856
12899866
12901033
12901181
12901830
12902143
12907180
12907499
12908675
12909263
12909427
12910752
12912566
12913709
12913748
12914378
12916816
12918256
12919301
12919433
12919566
12920794
12922575
12923717
12924976
12925004
12925420
12927031
12928390
12929680
12929812
12931368
12933377
12933883
12934433
12935037
12937099
12938276
12938359
12939371
12941629
12943056
12943145
12944497
12946258
12946320
12947383
12948577
12952059
12952468
12952493
12953274
12955091
12955959
12956471
12956669
12956718
12957382
12957438
12958690
12958866
12960658
12961540
12961673
12962202
12963717
12964261
12965209
12965788
12965862
12968305
12970820
12973132
12974675
12974796
12976137
12976369
12976798
12978055
12979206
12980893
12981052
12982357
12982543
12986419
12987218
12989735
12990684
12991746
12993840
12994456
12994712
12995581
12997235
12997503
12997893
12999817
13000817
13000847
13001497
13001545
13001760
13002644
13003982
13004728
13005343
13005444
13005510
13005812
13008468
13009630
13009833
13010145
13012877
13014375
13014526
13014556
13015168
13015964
13016294
13016411
13017361
13019147
13022574
13027791
13028371
13029027
13030849
13031387
13031399
13032010
13032659
13035125
13035991
13036510
13037191
13037549
13038097
13038943
13041121
13041676
13042098
13044069
13044289
13044782
13044889
13046443
13047754
13050348
13051623
13052513
13053441
13054418
13054921
13055114
13056527
13058343
13059176
13059951
13061775
13062011
13062622
13062971
13065677
13066102
13067632
13068017
13068167
13068898
13069450
13069839
13070100
13071329
13072366
13072680
13073215
13073617
13073723
13074028
13075125
13076608
13077775
13078971
13078988
13079004
13082350
13082934
13083134
13085858
13086882
13087136
13087728
13088574
13089264
13089272
13089706
13091429
13092283
13093709
13098693
13099098
13099743
13100061
13100228
13102455
13102598
13102741
13106885
13107454
13108761
13108899
13108919
13109745
13110070
13110457
13110817
13111164
13111315
13112639
13112905
13113424
13113866
13113963
13114809
13115341
13115816
13115897
13116346
13116517
13118275
13118310
13118995
13121267
13121833
13122546
13125005
13126013
13128198
13128472
13129577
13134772
13135458
13136524
13139524
13139784
13141087
13142293
13142777
13145445
13146204
13146656
13146754
13147585
13149169
13149859
13151704
13153230
13154252
13154594
13159014
13159344
13160417
13161945
13163805
13164895
13165784
13165876
13165908
13166417
13171952
13172619
13172773
13174082
13174133
13175241
13177912
13180503
13182514
13183124
13185704
13185938
13187101
13187264
13188314
13188894
13189607
13190487
13190988
13191602
13192455
13192745
13196701
13197199
13198915
13201902
13203527
13205315
13207927
13208247
13209423
13210619
13211150
13212812
13212915
13213142
13214760
13215396
13215963
13217836
13218274
13219094
13220559
13220913
13222080
13223422
13223970
13225823
13226639
13227092
13228017
13230744
13232302
13233091
13233359
13233496
13234748
13234940
13234972
13235764
13238397
13238889
13238967
13240195
13240677
13241110
13241515
13241615
13243302
13245372
13248153
13249368
13249444
13250194
13251070
13251392
13252296
13253224
13254482
13256033
13258076
13259460
13259508
13261275
13262027
13265355
13266082
13268550
13271144
13271654
13271700
13271722
13273212
13274325
13274657
13276858
13281327
13281710
13283516
13284153
13284172
13285496
13288780
13290169
13290458
13293407
13293865
13294541
13295108
13295436
13296433
13298711
13298890
13299527
13300232
13301069
13301739
13302118
13305397
13305600
13306584
13306890
13307354
13307600
13309810
13310308
13311108
13311507
13315575
13316648
13317762
13318582
13318904
13322651
13323683
13324545
13327047
13327638
13327702
13327739
13329262
13329586
13330923
13331723
13332334
13333146
13334442
13335151
13336087
13337370
13339135
13342054
13342070
13342754
13344149
13344659
13345997
13346724
13346779
13347955
13348785
13349287
13349595
13350172
13354960
13355066
13358674
13359976
13360483
13360701
13360813
13362330
13362689
13364695
13364967
13365061
13365122
13366770
13368436
13368540
13368583
13370207
13371123
13372061
13372668
13373481
13375306
13377216
13378659
13378718
13380076
13380231
13380650
13381341
13381785
13382149
13382179
13382960
13383077
13383193
13383788
13384402
13384596
13384614
13385491
13385516
13385526
13387199
13387697
13388485
13389421
13390672
13391720
13391799
13394719
13395937
13396039
13396125
13396687
13397211
13397425
13398481
13400438
13401476
13401959
13404218
13404289
13404351
13404645
13404931
13404936
13405117
13405143
13405403
13407419
13408894
13409058
13409614
13410159
13410324
13411007
13411044
13411113
13411524
13414490
13416165
13416249
13417244
13417457
13417922
13418988
13419256
13420761
13421272
13422888
13423581
13424414
13427820
13428442
13429142
13429380
13429748
13430634
13430968
13433419
13433516
13434328
13434411
13437241
13437484
13438230
13438574
13439045
13439183
13439234
13439540
13439803
13440304
13441911
13443658
13444210
13445578
13448178
13448330
13448342
13449152
13449648
13450789
13452969
13453000
13453152
13453400
13454246
13454861
13456105
13456666
13456882
13456901
13457647
13458919
13458961
13459058
13459168
13459738
13460777
13461889
13462357
13463414
13464032
13466044
13466125
13466324
13469668
13470708
13470978
13471099
13471350
13472398
13474234
13474864
13475156
13476668
13476926
13477765
13477989
13478139
13479079
13479523
13480253
13480667
13482325
13482938
13483226
13483335
13484148
13484199
13484456
13485466
13486212
13486665
13488183
13488838
13489423
13489853
13490911
13491686
13492385
13494319
13494908
13495598
13496493
13498326
13498489
13499076
13503483
13507733
13510334
13511929
13512483
13513633
13514621
13516141
13517167
13519765
13521826
13522144
13523012
13523308
13524006
13524201
13525516
13530374
13530495
13532049
13532542
13534202
13534820
13535093
13535839
13537098
13537607
13538227
13541391
13542098
13542127
13543068
13544286
13544314
13545489
13547132
13547398
13552803
13552921
13553285
13554707
13555043
13555369
13555563
13556094
13556182
13556377
13557998
13559701
13559849
13560284
13560308
13561743
13564624
13566103
13569523
13571789
13572163
13572305
13572461
13573040
13573211
13573570
13573931
13574883
13575841
13577236
13580039
13581521
13582811
13586146
13586205
13586383
13586801
13586838
13587062
13587186
13588167
13588436
13590427
13590593
13591154
13591973
13591980
13593293
13593802
13594221
13594977
13595188
13596009
13596269
13596567
13596622
13596829
13600200
13601326
13601817
13603296
13603954
13604622
13605742
13610100
13610361
13611269
13611447
13612474
13612658
13612674
13613510
13613606
13614010
13615035
13617698
13619188
13622672
13623030
13623588
13623919
13624248
13624363
13624482
13624971
13625214
13626173
13626745
13628162
13629768
13630720
13631328
13635217
13637172
13638593
13639774
13639785
13640196
13644112
13644943
13645439
13646357
13646635
13649802
13651158
13652183
13652916
13653197
13653605
13654088
13654808
13656066
13656870
13656928
13658263
13659231
13660659
13660839
13661611
13663058
13663675
13664586
13665188
13666386
13667066
13667193
13669886
13671423
13671825
13672496
13673272
13676961
13677772
13677951
13680239
13681577
13681900
13683207
13683413
13686405
13686802
13687181
13687185
13688975
13690943
13691075
13691162
13693384
13697646
13698845
13700697
13701553
13704472
13704972
13706710
13707003
13708002
13708228
13708744
13712561
13713785
13716693
13717622
13717972
13718234
13718350
13718431
13718489
13718799
13719833
13721268
13723755
13724194
13724277
13724851
13725923
13726577
13726915
13728098
13728398
13728994
13729044
13729210
13731131
13732035
13732098
13733443
13734052
13735568
13735682
13735978
13736510
13737003
13737179
13738026
13738800
13740573
13740579
13744261
13745187
13746101
13746292
13746314
13747542
13749243
13750417
13751148
13752049
13752569
13752970
13753926
13753960
13754303
13754633
13755244
13756669
13756814
13757322
13760099
13761023
13762567
13763362
13763516
13763883
13765110
13766187
13768845
13769080
13769360
13769381
13769823
13770458
13770685
13771734
13772145
13772377
13772773
13773169
13773365
13774635
13775775
13776356
13776553
13776649
13776932
13777085
13778587
13779264
13781290
13782023
13782772
13785164
13785264
13785286
13786913
13787241
13788436
13790014
13793787
13794158
13796681
13796726
13797091
13797661
13798166
13798190
13798509
13799637
13800875
13801136
13801703
13802526
13806060
13808586
13809073
13809085
13810097
13810279
13810901
13811663
13813301
13813498
13813714
13814011
13815199
13815327
13816907
13818540
13819442
13821034
13821242
13821477
13821579
13823846
13825676
13827875
13828160
13828554
13831157
13831159
13831980
13833135
13833969
13837417
13837465
13838198
13838227
13838322
13839095
13839256
13839405
13841579
13842383
13843300
13844224
13844396
13846353
13849303
13849845
13850251
13850254
13851475
13851477
13851718
13853738
13853768
13853815
13854626
13856023
13856666
13857629
13857676
13859021
13859718
13859781
13860004
13861248
13862208
13862374
13862962
13863006
13863742
13865154
13866583
13866987
13867754
13868716
13870549
13872173
13872713
13873812
13875009
13877852
13878135
13878871
13879062
13879465
13879901
13880694
13881462
13881945
13883295
13883460
13886243
13888210
13889318
13890759
13890868
13891054
13891786
13895390
13895586
13895700
13895741
13896489
13898777
13899361
13900206
13900306
13900753
13900796
13900847
13903144
13903226
13903292
13904151
13904902
13905032
13905899
13906478
13907198
13907699
13908045
13908449
13908925
13910943
13910963
13912190
13912513
13913528
13914184
13915063
13916530
13917526
13919467
13920137
13920568
13920713
13922336
13924700
13927190
13927310
13929531
13930095
13930806
13933416
13933855
13935597
13935976
13936761
13937378
13937459
13937522
13937948
13940174
13941214
13941705
13942557
13943168
13943515
13945741
13945835
13946199
13946443
13948250
13948820
13949034
13949691
13950308
13950799
13951801
13952871
13952934
13953396
13954006
13955841
13956119
13956495
13957094
13957644
13958503
13958876
13962369
13965235
13965598
13966860
13968435
13968632
13969371
13970985
13971111
13971664
13972180
13972387
13973438
13974122
13977574
13977621
13977705
13979159
13983263
13984624
13985428
13987295
13988945
13989304
13991925
13992174
13993698
13994332
13994528
13997010
14000535
14000603
14000677
14001392
14002515
14002854
14002900
14004543
14005936
14006159
14007028
14008221
14008928
14009401
14010182
14012339
14012436
14012503
14012952
14013159
14013687
14014798
14015162
14015628
14018769
14019612
14020462
14021789
14022197
14024033
14024381
14026495
14030269
14030412
14031288
14031307
14032377
14032975
14033062
14033449
14034673
14034684
14037331
14037532
14038805
14039158
14039326
14039638
14039808
14039920
14040914
14043806
14043832
14044274
14044750
14046374
14046439
14046530
14047206
14048653
14050689
14050955
14051169
14051321
14053109
14054951
14055958
14056956
14059256
14059718
14059958
14061378
14062334
14062349
14063992
14064014
14064515
14065603
14067040
14067515
14068269
14069609
14070060
14071803
14072446
14072478
14073320
14074092
14075309
14075789
14076655
14077810
14079048
14079562
14080536
14081236
14081350
14081600
14086365
14086853
14087799
14089904
14093227
14097501
14098015
14098028
14098618
14098750
14101916
14103655
14104845
14107401
14107655
14109165
14110651
14111073
14111630
14112819
14113692
14114417
14115931
14117073
14117184
14117849
14117853
14118375
14118809
14119103
14119550
14121842
14123001
14123246
14123318
14123491
14124508
14126805
14130724
14131536
14132049
14132859
14132867
14132972
14135842
14140530
14142004
14142112
14143243
14146381
14146573
14146895
14147056
14147762
14148036
14148445
14150695
14150817
14151847
14153304
14153995
14155900
14157892
14159203
14160136
14161428
14161873
14163029
14165187
14165519
14166144
14166795
14168547
14170457
14172728
14174586
14174778
14174931
14175522
14176585
14178065
14178596
14179990
14180104
14181143
14181221
14181508
14181622
14183423
14183449
14184917
14185631
14186362
14187211
14188682
14191142
14193897
14195922
14196034
14196141
14198037
14198187
14198996
14200389
14201260
14201586
14203880
14203908
14204629
14204639
14205691
14205791
14206393
14207364
14208449
14208709
14209189
14209630
14209744
14211686
14212288
14212564
14212823
14212949
14214231
14215164
14216864
14217270
14217417
14219637
14220676
14221668
14222152
14222635
14223397
14224488
14225241
14225412
14226437
14228398
14228623
14229923
14231877
14232767
14232859
14233190
14236463
14237247
14241221
14243111
14243671
14244604
14245232
14245271
14247171
14247900
14250019
14250228
14251766
14255006
14255348
14256177
14256487
14256665
14258231
14259267
14259681
14260594
14262277
14262473
14263145
14263279
14265941
14266496
14267429
14268949
14270328
14270628
14271117
14271459
14271532
14272170
14272571
14274096
14274940
14276138
14276448
14277696
14278036
14278828
14279329
14279366
14280343
14281161
14282218
14282914
14283027
14283930
14284125
14284340
14284867
14286501
14286915
14288223
14289429
14289484
14289676
14290214
14290224
14290225
14291200
14293076
14293562
14293758
14293894
14295118
14295715
14297366
14298927
14299908
14301022
14301134
14304153
14305357
14305393
14305720
14305904
14308051
14308677
14308883
14309903
14310184
14311230
14311954
14312148
14312453
14314418
14314759
14318422
14319594
14319630
14320234
14321446
14322302
14325007
14326307
14326552
14327177
14328712
14330053
14330160
14330619
14331549
14335019
14335953
14336334
14336847
14336913
14338304
14338476
14339094
14339167
14341678
14342163
14346289
14346658
14347726
14348511
14349938
14352951
14353696
14355076
14356130
14357156
14357588
14357909
14358451
14358786
14359073
14360271
14362489
14362810
14363501
14363603
14363661
14365161
14366125
14366622
14367862
14367955
14368187
14368701
14368751
14370285
14370481
14370816
14371043
14371193
14371393
14371585
14372776
14375821
14377289
14379048
14379674
14380105
14381850
14382103
14383316
14384568
14385841
14388551
14389588
14389631
14391032
14391123
14395475
14396170
14396406
14398546
14400920
14401654
14401669
14401797
14401979
14402824
14403243
14403481
14403806
14404851
14406372
14408824
14408958
14409940
14411079
14412290
14413227
14413864
14415273
14416958
14419839
14420665
14423255
14423560
14423852
14424410
14424685
14425868
14426558
14426568
14428014
14428322
14428751
14429992
14431124
14431443
14431556
14432795
14433569
14433707
14435325
14436339
14443322
14445761
14446145
14449015
14449320
14450015
14451825
14452582
14453078
14453401
14453676
14454228
14457220
14457499
14457576
14458364
14459435
14460272
14461271
14462279
14463383
14463721
14463901
14464073
14464884
14465121
14465305
14466179
14467198
14468262
14468359
14468787
14469628
14470594
14471004
14474127
14476095
14476821
14477507
14477980
14478317
14479230
14479352
14479716
14479917
14480892
14480943
14484665
14486341
14487467
14488073
14489510
14490208
14490391
14492780
14495580
14496185
14496399
14497174
14497831
14498877
14499120
14499607
14499939
14500158
14500436
14501525
14502298
14504338
14505044
14505082
14505213
14505263
14506141
14506505
14508156
14508258
14508349
14508768
14509544
14510741
14512418
14514369
14514516
14518894
14519890
14521015
14523087
14524825
14525751
14527093
14529050
14529924
14531132
14531884
14532155
14533256
14533446
14536356
14536830
14539472
14540669
14541967
14542202
14542266
14542487
14543144
14543265
14547754
14549026
14549320
14549543
14550191
14551530
14552766
14553291
14553443
14554533
14554667
14554985
14555223
14558091
14558146
14559267
14561556
14561847
14565419
14565901
14566265
14568594
14568736
14569033
14570116
14572034
14573611
14575279
14576541
14577346
14577517
14581193
14582701
14582780
14583148
14583427
14584120
14585141
14586320
14588072
14588794
14591037
14591250
14591625
14592917
14593920
14594159
14595457
14596865
14599356
14599424
14599989
14601000
14601866
14604332
14606520
14607269
14607786
14609529
14610015
14610423
14611331
14612595
14614265
14614652
14616039
14620568
14621304
14622057
14622813
14625059
14626086
14627823
14630115
14630143
14630685
14630933
14632742
14633723
14636346
14636981
14638723
14641230
14641609
14642227
14642860
14643784
14643866
14644917
14645711
14646532
14647725
14648063
14649336
14649741
14650667
14650815
14651096
14651674
14653188
14653369
14654503
14654999
14655628
14655853
14655964
14655989
14657555
14657843
14657945
14657987
14658404
14659357
14659683
14660100
14660143
14661884
14662494
14663032
14663938
14665841
14666517
14666657
14667184
14667356
14670297
14670573
14671553
14672184
14674335
14675889
14676098
14678110
14678410
14678711
14679092
14679315
14679419
14680122
14681002
14681540
14682288
14682341
14683865
14687093
14688262
14691650
14694269
14694757
14695432
14697561
14698693
14698809
14698958
14698972
14700338
14701600
14704705
14706100
14706279
14708879
14709195
14710194
14710485
14710878
14712259
14714183
14715933
14716231
14716615
14716857
14716926
14718403
14720271
14720740
14720919
14721832
14723458
14724522
14725262
14726965
14728084
14728229
14728419
14729072
14732689
14734545
14735413
14735742
14737263
14738194
14738667
14738887
14740381
14742112
14742738
14744772
14746663
14747331
14747409
14748298
14749927
14751071
14751864
14752604
14753115
14754064
14755720
14756256
14759340
14761278
14762588
14762625
14762780
14763349
14763486
14767065
14768716
14769811
14771325
14774041
14776667
14777599
14780319
14780405
14780486
14781288
14781783
14781961
14782157
14783608
14784930
14785227
14786421
14787439
14787564
14787933
14789528
14790674
14790683
14790853
14791800
14792610
14793590
14793735
14794966
14795927
14796630
14797107
14797571
14798481
14798689
14799636
14805613
14806311
14806384
14806583
14806809
14809069
14810745
14811571
14811778
14813451
14813833
14814473
14814798
14815512
14816214
14819849
14820217
14821786
14822729
14823020
14823261
14823443
14824346
14824502
14826072
14826090
14826245
14829002
14830006
14830948
14832386
14833972
14834428
14837548
14839143
14840597
14843978
14844015
14844760
14845434
14845948
14848585
14848878
14849277
14850652
14850932
14851071
14851771
14852459
14852890
14852910
14853291
14853741
14855588
14855692
14857823
14860034
14862391
14863801
14863928
14864821
14865613
14866521
14867825
14867878
14869050
14871807
14872856
14873566
14874914
14875109
14875260
14875461
14876776
14877375
14877578
14879005
14879094
14879958
14880055
14881319
14882050
14882321
14882782
14882947
14883373
14883895
14884380
14885782
14885838
14887509
14888339
14888885
14888976
14889786
14890521
14890990
14891673
14892710
14893269
14893677
14894008
14894384
14895138
14895355
14895900
14896979
14897335
14899442
14902265
14902277
14902300
14903439
14904038
14905636
14905737
14907270
14907320
14909280
14909701
14912833
14913524
14914660
14916551
14917366
14918517
14919249
14919279
14919894
14920594
14922386
14923247
14924843
14925028
14925975
14926380
14926452
14926515
14926906
14927638
14929023
14929252
14930846
14931419
14932895
14933140
14933959
14935184
14935479
14937192
14937373
14941000
14941208
14941675
14942603
14946716
14946937
14947264
14949509
14951020
14951680
14952346
14952744
14953096
14954493
14955489
14956155
14956185
14956315
14957006
14959821
14960060
14961257
14961937
14961979
14962039
14962673
14963482
14965348
14967270
14968484
14969117
14971009
14971907
14972279
14972410
14974239
14977585
14977672
14979554
14981319
14982003
14983497
14983945
14984878
14985096
14985587
14985612
14986296
14987846
14988380
14988809
14989512
14989876
14991620
14992481
14992544
14993192
14995099
15003022
15003358
15003693
15003798
15004610
15005871
15008006
15009225
15012106
15013221
15013901
15014631
15015458
15015562
15016273
15016443
15017061
15017391
15019211
15019417
15020641
15021199
15021934
15023307
15023437
15023785
15024984
15025239
15025823
15026574
15028385
15028590
15028743
15031359
15032184
15033108
15034333
15034348
15034708
15035684
15037081
15037335
15037526
15041051
15041588
15042281
15043099
15044623
15045536
15046526
15047673
15049281
15050316
15050502
15054603
15058492
15058922
15060409
15060941
15061300
15061532
15063426
15065067
15065401
15067261
15067322
15072871
15073447
15074747
15077008
15077116
15077338
15077955
15078789
15081699
15082279
15084086
15085657
15086247
15087157
15087236
15087493
15089603
15089913
15094815
15095530
15096126
15098270
15098554
15099746
15100238
15100330
15101251
15102023
15103503
15104675
15105475
15106391
15106561
15106648
15107478
15108848
15111140
15114735
15115604
15119192
15119324
15119992
15120326
15122949
15123535
15125081
15125464
15125619
15127624
15128630
15130312
15130984
15131684
15132198
15132415
15133395
15134534
15135093
15135451
15137860
15138357
15140243
15140871
15142455
15142813
15142946
15144802
15145352
15145751
15145863
15146261
15146587
15151053
15151444
15152877
15153184
15153590
15157001
15157133
15158140
15158211
15158293
15158518
15159382
15160526
15161415
15161988
15164841
15166358
15166366
15166412
15167361
15167381
15170229
15172216
15174194
15175225
15176473
15177146
15177555
15180063
15181846
15182881
15184381
15187368
15187996
15188619
15188664
15188734
15189633
15190188
15191101
15191106
15192492
15193029
15194209
15194922
15195055
15196659
15197672
15197944
15199289
15200956
15203340
15204953
15205403
15207155
15208205
15210326
15210448
15212062
15214045
15214279
15214510
15214980
15216365
15216804
15216825
15217605
15218742
15218749
15220099
15226084
15226815
15226934
15228493
15229424
15229580
15229792
15232542
15232700
15233976
15235645
15236678
15237104
15238012
15238124
15238308
15238583
15239435
15239904
15240082
15240195
15241453
15241574
15242647
15244744
15245257
15245600
15248056
15248683
15248928
15249120
15250399
15252738
15253695
15253751
15254795
15255803
15256771
15257708
15257745
15258230
15258896
15261984
15263861
15264369
15264920
15265438
15265461
15270051
15270299
15272809
15274306
15276194
15276327
15277822
15278116
15278272
15278911
15281129
15281886
15282689
15283612
15284337
15284939
15285764
15287101
15287748
15288519
15289992
15292162
15292558
15292644
15294777
15295191
15295656
15296356
15296699
15296787
15297156
15301654
15302505
15303191
15303511
15303956
15304396
15305128
15306822
15308020
15309189
15309825
15311147
15312516
15312753
15319598
15319801
15320567
15321034
15321054
15322381
15322958
15324937
15325351
15328450
15328557
15329370
15329393
15331943
15331969
15332633
15332850
15333206
15336218
15339663
15342892
15344154
15344634
15344719
15344844
15346198
15350181
15351874
15353091
15355170
15356396
15356563
15357495
15357693
15359560
15360324
15360757
15361778
15362119
15362428
15362466
15362614
15364077
15364411
15364597
15365187
15366187
15366601
15366945
15367948
15368078
15368409
15368629
15370116
15370422
15370822
15371105
15371800
15372142
15372341
15372410
15372552
15373513
15374095
15374874
15376128
15378346
15378691
15378741
15381121
15382790
15383275
15384377
15386245
15386578
15386579
15386858
15387340
15388056
15389342
15390236
15391736
15392453
15393738
15393958
15395963
15397719
15398462
15398534
15399080
15399193
15400191
15400759
15401732
15402457
15402621
15403636
15405014
15406645
15408026
15411342
15411407
15415109
15415612
15416017
15416560
15418206
15419427
15419645
15421665
15422230
15422611
15424203
15425634
15430613
15432404
15432554
15432983
15433087
15433401
15434718
15437465
15437721
15438005
15438393
15438654
15439239
15440655
15440739
15444993
15445923
15445960
15446483
15451710
15452308
15453683
15454302
15455115
15455372
15456185
15457307
15457816
15457874
15458308
15460259
15460445
15461866
15463529
15464385
15468478
15469371
15470348
15471133
15471498
15472405
15473603
15473711
15473881
15474575
15474592
15475060
15475748
15475831
15477315
15479318
15479814
15480862
15480907
15481488
15481681
15483155
15484511
15486815
15489430
15489892
15490872
15490996
15492573
15493380
15494104
15495741
15496941
15502902
15503345
15505500
15506417
15507005
15508411
15510146
15511151
15511263
15511482
15512262
15512386
15513314
15513639
15515563
15516055
15516394
15519799
15521714
15523106
15523584
15523712
15525807
15526124
15526477
15527644
15527671
15529829
15531796
15532025
15533493
15534677
15534970
15536053
15537370
15538706
15541047
15541386
15542115
15542221
15542818
15543059
15543611
15543953
15544987
15545369
15546247
15546270
15546476
15547243
15547687
15548018
15548342
15549100
15551603
15551778
15552030
15552431
15553975
15554033
15554265
15555001
15555976
15558733
15559073
15560384
15560636
15560651
15560946
15563032
15563675
15565838
15565853
15567455
15568146
15568389
15568500
15570079
15570537
15571365
15572483
15577207
15577992
15578562
15578888
15581229
15581274
15583513
15585427
15586327
15587413
15588406
15588479
15588958
15591074
15591892
15594065
15594814
15595477
15598434
15600105
15601471
15602232
15602751
15603197
15604379
15605267
15605683
15607603
15609688
15610085
15610916
15612454
15612468
15613416
15613551
15613685
15615418
15616039
15617165
15617575
15618711
15620477
15622666
15623801
15626356
15626665
15627080
15627450
15627814
15629156
15629373
15630838
15631350
15632135
15633276
15633534
15633618
15634622
15635516
15635545
15635996
15638062
15641209
15641562
15643932
15644418
15644993
15645176
15645371
15646140
15646323
15646439
15647033
15651132
15653496
15656264
15659979
15660291
15661988
15663039
15665750
15666932
15667321
15667537
15669076
15669678
15670605
15670863
15672029
15673154
15673404
15673469
15673796
15674475
15680543
15680922
15681323
15682275
15682562
15682621
15686844
15686846
15687218
15691271
15691788
15692379
15692917
15693088
15694741
15695241
15695520
15695789
15696616
15699005
15699176
15699326
15699633
15699798
15699847
15699871
15700305
15703479
15704681
15705618
15705784
15706272
15706469
15706912
15709281
15712376
15712391
15712553
15713022
15713675
15714642
15719066
15719084
15721500
15721603
15722712
15723183
15723764
15728855
15729330
15729422
15730458
15730883
15731275
15731762
15732356
15732968
15733412
15734027
15734299
15735123
15736338
15737021
15737299
15738828
15739492
15740932
15742468
15742667
15743269
15743495
15744250
15745913
15746460
15747238
15747531
15749033
15749208
15750026
15750272
15750520
15752733
15752819
15753402
15754259
15755285
15758029
15758887
15759274
15761044
15761532
15761559
15766039
15766597
15766710
15766820
15767007
15767228
15768140
15768498
15768533
15770383
15770808
15771632
15771815
15772785
15773925
15774412
15775968
15776256
15776356
15777827
15778339
15781760
15781868
15782959
15782988
15785548
15790662
15790813
15790828
15791975
15792082
15792381
15793182
15793207
15793277
15793656
15795290
15796956
15797690
15797961
15798445
15798745
15799382
15799663
15799861
15801842
15802066
15803092
15804131
15805613
15807969
15808361
15808761
15810041
15810542
15811498
15811556
15812166
15813035
15813415
15813637
15813931
15814154
15814687
15818960
15819123
15819626
15819665
15820638
15821079
15821357
15821540
15821751
15824822
15824860
15826147
15826745
15827625
15827722
15827960
15829112
15830294
15830744
15832863
15835492
15836692
15839749
15842797
15844850
15845304
15845497
15845657
15848323
15848362
15848645
15849017
15851419
15851683
15853232
15853828
15859448
15859842
15860705
15861825
15862805
15865011
15865493
15865713
15866726
15867541
15867870
15868079
15868905
15870908
15871939
15872957
15873286
15873343
15873604
15873717
15873894
15873929
15875737
15876948
15878730
15879739
15879991
15881472
15881731
15882013
15883799
15884798
15884898
15887718
15888112
15888382
15889548
15889673
15890596
15892287
15893187
15893296
15894291
15896810
15897063
15898299
15898485
15898499
15899607
15899950
15903665
15903904
15904323
15904783
15905529
15906087
15906458
15906873
15907148
15908597
15910839
15911656
15914199
15916462
15916596
15917805
15919353
15920961
15922674
15924978
15925976
15926737
15927183
15928981
15931230
15931653
15931832
15931957
15932563
15933402
15933621
15937106
15938617
15939547
15940510
15940880
15942135
15942261
15944033
15945407
15946545
15948151
15948883
15949278
15949543
15949925
15952641
15954186
15955338
15955956
15956147
15958464
15961469
15962162
15964297
15964585
15965592
15966580
15967429
15967936
15971233
15973428
15973961
15974143
15974664
15975293
15975536
15975888
15978233
15980798
15981296
15982981
15983420
15985648
15985787
15986076
15986801
15989909
15991042
15993124
15994412
15997469
15997841
15999187
15999350
15999472
15999538
16001148
16001903
16002217
16002695
16002927
16003317
16006675
16006842
16009506
16010168
16012829
16013131
16014825
16015069
16016228
16016420
16017497
16018269
16019397
16019511
16020678
16022893
16022921
16023698
16025605
16025691
16025721
16028086
16029189
16029722
16031199
16031369
16031481
16031606
16033851
16034177
16035018
16037339
16039031
16041318
16041432
16041852
16042556
16042897
16046365
16048721
16050250
16051288
16055780
16056315
16057854
16057929
16058089
16058765
16059096
16060940
16062812
16063090
16063631
16064568
16065016
16065988
16066798
16068122
16068986
16069825
16070289
16072589
16072981
16074216
16074284
16079146
16079756
16080092
16081422
16081719
16081861
16082246
16089184
16089818
16090908
16092546
16092896
16094525
16094731
16095270
16095857
16098153
16099456
16100344
16101757
16103055
16103071
16103144
16103879
16103982
16104022
16104026
16104259
16105454
16105863
16106179
16106196
16106829
16108729
16111256
16112420
16116397
16116487
16119462
16120217
16120414
16122249
16122691
16122810
16123098
16123105
16125751
16131083
16132729
16133610
16133867
16136431
16138312
16138711
16138727
16139313
16141026
16142893
16143367
16143405
16143430
16143959
16144121
16144134
16144778
16146074
16146437
16147671
16148236
16149695
16149750
16152001
16153687
16154220
16154770
16154968
16155543
16156081
16156959
16158157
16160105
16160316
16160402
16160895
16163589
16165252
16165818
16168027
16168609
16169254
16170596
16172078
16172270
16172749
16173422
16174818
16175380
16175587
16177844
16178675
16178913
16179101
16181661
16185823
16186010
16186057
16186794
16186924
16187662
16188579
16188599
16189956
16190117
16190146
16192377
16193055
16194158
16194221
16194468
16194562
16195804
16196506
16197387
16197723
16197802
16198289
16198473
16198801
16199007
16200923
16202090
16203862
16205010
16205211
16205607
16205751
16206185
16206227
16207280
16209063
16209065
16210228
16210331
16212004
16212509
16212584
16213131
16213828
16214030
16214033
16215399
16216350
16220525
16222310
16222417
16222974
16223234
16225149
16225689
16227999
16229275
16229851
16229908
16230918
16232261
16232704
16232881
16234545
16234935
16235817
16236628
16237925
16238965
16239958
16240296
16240908
16241805
16242200
16243550
16244964
16245985
16247241
16247735
16249096
16249337
16250163
16250483
16250534
16251389
16252081
16254014
16254563
16255108
16255325
16256085
16256347
16257335
16261472
16261511
16266471
16267678
16268183
16268796
16271298
16271547
16272220
16272372
16272875
16274328
16275588
16275807
16277453
16277529
16278067
16278384
16279114
16281297
16282257
16283037
16288475
16288992
16291846
16294153
16295077
16295769
16296202
16296454
16297533
16298750
16299240
16299272
16299519
16299760
16300293
16301180
16304459
16305286
16305618
16306114
16307308
16309371
16310364
16311385
16312537
16313047
16313213
16314358
16314432
16315303
16316077
16320018
16322533
16323980
16324761
16326206
16326453
16327257
16334661
16334801
16336260
16336672
16339021
16341348
16341998
16342891
16343496
16343891
16344418
16344785
16345196
16345515
16346165
16346394
16349251
16351514
16351608
16353949
16354079
16354208
16355739
16355844
16357665
16360425
16364059
16366388
16367959
16369021
16369402
16371663
16372005
16372134
16372136
16373347
16373743
16375051
16376169
16376342
16376401
16377550
16377680
16377771
16377872
16378840
16379293
16380004
16381483
16381779
16382456
16385947
16387532
16387650
16388607
16388844
16389894
16389988
16390366
16390567
16393519
16393556
16394720
16395343
16395574
16395999
16396664
16396683
16397066
16397251
16397602
16397956
16398778
16399375
16400072
16400359
16400494
16401667
16404158
16405048
16405605
16407581
16407953
16410285
16411718
16412074
16415312
16416517
16418023
16418573
16419085
16420638
16420920
16421300
16424667
16425076
16425853
16427408
16428997
16429372
16429447
16429653
16434806
16434846
16435218
16437138
16439239
16439804
16441717
16442080
16443711
16444612
16445055
16445117
16445384
16446973
16447014
16448553
16448983
16449603
16450049
16452560
16453596
16454275
16455074
16457576
16457685
16458181
16458208
16460035
16460116
16462241
16463308
16464071
16464887
16466411
16469781
16473634
16474335
16474917
16474964
16475047
16476612
16476859
16477353
16477859
16483520
16484200
16486098
16487440
16488992
16489417
16490176
16491333
16492036
16492810
16494237
16494625
16495865
16497586
16498505
16498529
16499343
16501040
16503581
16505050
16505688
16505852
16506561
16509964
16510528
16510980
16511022
16511054
16511344
16512272
16513789
16514500
16514861
16516208
16518086
16518916
16520687
16520950
16521948
16521968
16522764
16523308
16523557
16523927
16524119
16525687
16525870
16528870
16529882
16530521
16531527
16532086
16533360
16535158
16535987
16537057
16537117
16538199
16538694
16540343
16541550
16542297
16543328
16547150
16547218
16547966
16548517
16548749
16549207
16549740
16550554
16552417
16553121
16553301
16553454
16553535
16555484
16557264
16560105
16560162
16560664
16563259
16563265
16564560
16564869
16566900
16567268
16567892
16567920
16568150
16569163
16570894
16571059
16572053
16572154
16574707
16574835
16575085
16575607
16576253
16576358
16577507
16581824
16586567
16587799
16588648
16591378
16592145
16592321
16592385
16592418
16595059
16596590
16597680
16598379
16599224
16601868
16602085
16602232
16606060
16606352
16609992
16611698
16613309
16613370
16613686
16614061
16614750
16615289
16617902
16621842
16621878
16622353
16623364
16624072
16625926
16625932
16625933
16628246
16628744
16630455
16631582
16631734
16632919
16633210
16634072
16638464
16638686
16639535
16640129
16644381
16647276
16649127
16650536
16650628
16653360
16653600
16654987
16655437
16658243
16658677
16660435
16661381
16661403
16661423
16661843
16663316
16664623
16666744
16669270
16669562
16669845
16671355
16672292
16674831
16675052
16678492
16678656
16681267
16681766
16682866
16682932
16684124
16685399
16685559
16685794
16686259
16686406
16687505
16687637
16687988
16688427
16690465
16690742
16691283
16692385
16692837
16692878
16693355
16693634
16693713
16694233
16697062
16699133
16700614
16700920
16702017
16702129
16702843
16703563
16705413
16706752
16707088
16707331
16708168
16709159
16711711
16716654
16718600
16718903
16719412
16720230
16723636
16724727
16726377
16726784
16726926
16728395
16730079
16730148
16731267
16731360
16732519
16733967
16734439
16734478
16735503
16735821
16736193
16736237
16736740
16737668
16737745
16739248
16739522
16743037
16743586
16743635
16745522
16749296
16749735
16750164
16751951
16752376
16752539
16753792
16753883
16753912
16755738
16758376
16759028
16759624
16760328
16761671
16762848
16765410
16768494
16768553
16768623
16769289
16770150
16773207
16773479
16775116
16775289
16775788
16777656
16778200
16778540
16779994
16780117
16780466
16782477
16782572
16782946
16784960
16785489
16789227
16789758
16790953
16792376
16792985
16793856
16795114
16795720
16795774
16796445
16796594
16800072
16801640
16803334
16806081
16808950
16808955
16809078
16810201
16811753
16812821
16813271
16813883
16814965
16816863
16818338
16820875
16821075
16821412
16822526
16823411
16825116
16825676
16826791
16827131
16827226
16827441
16827538
16827919
16828265
16828790
16831398
16834553
16835130
16836089
16837606
16844607
16844949
16846071
16846136
16847642
16849074
16849576
16850922
16850975
16851582
16851835
16852397
16852512
16853900
16854438
16856788
16864487
16865722
16865926
16866817
16868858
16868883
16869160
16871208
16871819
16872196
16873477
16874157
16874184
16877042
16879290
16879628
16879629
16880118
16881045
16882164
16882548
16882710
16884813
16888229
16888251
16888275
16888873
16889016
16891656
16894484
16896412
16896770
16898231
16898808
16901052
16901144
16901217
16902822
16904163
16904243
16905895
16906298
16908967
16910776
16912191
16912354
16913988
16914276
16916434
16916704
16917610
16918264
16918765
16918779
16919017
16920598
16920726
16922485
16922569
16923690
16924127
16924684
16925127
16926163
16926289
16928020
16930308
16930651
16930815
16935418
16935536
16936398
16937073
16937148
16938532
16940639
16941092
16942058
16942307
16943624
16943702
16944487
16944674
16945350
16945764
16946190
16946505
16947996
16948946
16950183
16951084
16951157
16951598
16952687
16953735
16954914
16955135
16955438
16955528
16955763
16955907
16957410
16959465
16960874
16961542
16963993
16964145
16964845
16965667
16966045
16966692
16967591
16967677
16968753
16971186
16972632
16972976
16974940
16974987
16975345
16975638
16976230
16976965
16977632
16977974
16978567
16979106
16979489
16979775
16982970
16983445
16985016
16987104
16987285
16989313
16989677
16992753
16997859
16998114
16998328
16998932
17000208
17005934
17006374
17007519
17008496
17011585
17011816
17013243
17015588
17015758
17015981
17016318
17018360
17018505
17019390
17020143
17020627
17020649
17021030
17021671
17023224
17023871
17025492
17028262
17028687
17028750
17028924
17029264
17030102
17030337
17030641
17030684
17031212
17032459
17032738
17032764
17033524
17036190
17036337
17039689
17039983
17042748
17042809
17045008
17048577
17048893
17051686
17052858
17053140
17053582
17054525
17055832
17056140
17057694
17058380
17058496
17060284
17061090
17062291
17063481
17063807
17065444
17066088
17066472
17067644
17067907
17068348
17068887
17068965
17069209
17069555
17069828
17070364
17070375
17071436
17071472
17071770
17073410
17074074
17075254
17075512
17076619
17079528
17082399
17082542
17083475
17083565
17084279
17084908
17086892
17089076
17089237
17089453
17092236
17092408
17096116
17097714
17098533
17098551
17098634
17098970
17101485
17101682
17102306
17103487
17103900
17104124
17104672
17105287
17105351
17105448
17106450
17107502
17107524
17109250
17109332
17109366
17112303
17112374
17113119
17113524
17113620
17117416
17117558
17117564
17117708
17118087
17119180
17120235
17120677
17121293
17122451
17123588
17125678
17127059
17127283
17128090
17128629
17128900
17129113
17129638
17129912
17131622
17134190
17137020
17141273
17141441
17141676
17141715
17141790
17143066
17148566
17150326
17150794
17151257
17151649
17152110
17152188
17155098
17155779
17156853
17157313
17159828
17160025
17160231
17160637
17160749
17161260
17162317
17162621
17164035
17164118
17164449
17166877
17167129
17167388
17168159
17168689
17171097
17171287
17171464
17172371
17172930
17174351
17174355
17176774
17180666
17181387
17182456
17182935
17183032
17185460
17186333
17186426
17186945
17187635
17189991
17191357
17191563
17191944
17194476
17197789
17198225
17198316
17198990
17199439
17199830
17201333
17201397
17203328
17205509
17206452
17206526
17206597
17206881
17207018
17207159
17208459
17208720
17208745
17210301
17212173
17212880
17212939
17214969
17216331
17217582
17217782
17220631
17224009
17224779
17226260
17228078
17229313
17230279
17230459
17231111
17231262
17231429
17232410
17232830
17232834
17236529
17236582
17237822
17241808
17242499
17245867
17245919
17247072
17247299
17247526
17247661
17248138
17250444
17251767
17251768
17254103
17257099
17257253
17257661
17258448
17258607
17259700
17259795
17261216
17263070
17264174
17265084
17268353
17268907
17269849
17269901
17270695
17272302
17272580
17273211
17273309
17274601
17274899
17275764
17277176
17277547
17279124
17281887
17282502
17282930
17283689
17283791
17284884
17285424
17286109
17286261
17288238
17288702
17288989
17289389
17289643
17290104
17291597
17293185
17293639
17294855
17295330
17296700
17297164
17299087
17299703
17300149
17300241
17300390
17301044
17301884
17304799
17305260
17305539
17307181
17307598
17309512
17311971
17312636
17314345
17318510
17321133
17321780
17322796
17322850
17324263
17326000
17326667
17327046
17328917
17331075
17332224
17332399
17332490
17332564
17336553
17339011
17339346
17341281
17341287
17342988
17343433
17344251
17346238
17347145
17349748
17353843
17354407
17354510
17354676
17356453
17357063
17358523
17359956
17360577
17360763
17362926
17364434
17365013
17365348
17365785
17365843
17367629
17367982
17368573
17368626
17369493
17369891
17370722
17371542
17372424
17373433
17373835
17375659
17376441
17377943
17378136
17378338
17379520
17380593
17380975
17381528
17382034
17383462
17383675
17385055
17385304
17390520
17391955
17393319
17393802
17396478
17398395
17399889
17400801
17401046
17403074
17404252
17408236
17409172
17409287
17409552
17409802
17410219
17412946
17413391
17414684
17415828
17417024
17417599
17418007
17418225
17418572
17419558
17421041
17421340
17422482
17424909
17425097
17426187
17426680
17429420
17431859
17432227
17433651
17434164
17434323
17434327
17435514
17435856
17436072
17439215
17439443
17440808
17442603
17445936
17446641
17446717
17447060
17447248
17448264
17448560
17449362
17450511
17451259
17452167
17455344
17455384
17455427
17456155
17456426
17456543
17456803
17457234
17458237
17459162
17460000
17460621
17460780
17462919
17463800
17464361
17464823
17465317
17466246
17467836
17470939
17471367
17471391
17472303
17472941
17473481
17475058
17477597
17478849
17480057
17480237
17482196
17482991
17484465
17484992
17485317
17485523
17486697
17486991
17487636
17489301
17489655
17492407
17492440
17492953
17493080
17498659
17502719
17503885
17505273
17505922
17506100
17506323
17506836
17509088
17510280
17511036
17512308
17513127
17513454
17514010
17514300
17514403
17515544
17516461
17516806
17517392
17517755
17519037
17519820
17519934
17520289
17520478
17521857
17522122
17522806
17524041
17524181
17526169
17526755
17527526
17528063
17528894
17529272
17532291
17532794
17533468
17534576
17535526
17536261
17536319
17537373
17538006
17540698
17541073
17541695
17542699
17542720
17543121
17543369
17544302
17544632
17547619
17547709
17547766
17550618
17551135
17551376
17551586
17552982
17554182
17554964
17555113
17555507
17555983
17556501
17557400
17558317
17560215
17560859
17561180
17563172
17565175
17566185
17569192
17570763
17573415
17573632
17577469
17579803
17580033
17581235
17581819
17583157
17584297
17585470
17585494
17585761
17587309
17587596
17587923
17589104
17590070
17590313
17593339
17593505
17596470
17596534
17598115
17598626
17598709
17599581
17599688
17600560
17600570
17601200
17601303
17602018
17603366
17603371
17603804
17604993
17607983
17608451
17609040
17609439
17610141
17612733
17612941
17612984
17613681
17614817
17615582
17616038
17616344
17617011
17619120
17619715
17620998
17621753
17623238
17623889
17625427
17632569
17632666
17636187
17636865
17637794
17637986
17638581
17638966
17639337
17640010
17642860
17643426
17644386
17646484
17648668
17648722
17649760
17650185
17650310
17650951
17651053
17653215
17655224
17655789
17656842
17659164
17661725
17662348
17662503
17662561
17662714
17663256
17664131
17666163
17667495
17667669
17668895
17669523
17673668
17675969
17676124
17676321
17676868
17677427
17677627
17678448
17678962
17682464
17684484
17685156
17685674
17686156
17688070
17688295
17688813
17689263
17690330
17691237
17691897
17693586
17693609
17694237
17696823
17696912
17697461
17697837
17698856
17699655
17699886
17700422
17702023
17704886
17705074
17705940
17709269
17710599
17710723
17710839
17714442
17716606
17718376
17719312
17719346
17720413
17720562
17720923
17722837
17723022
17724374
17726002
17726680
17735111
17737027
17737889
17738123
17738187
17738280
17738545
17740248
17740771
17741020
17741630
17742113
17742307
17743740
17743892
17745355
17745835
17747419
17748100
17748209
17748717
17750895
17751999
17752327
17753048
17753316
17753605
17753840
17755389
17755795
17756443
17756701
17757771
17758595
17758737
17758896
17759726
17761447
17761800
17762391
17763214
17764558
17767325
17767441
17769791
17770244
17770796
17771564
17771565
17772406
17774682
17775673
17776946
17778019
17779870
17784645
17784767
17784789
17785402
17785474
17785811
17786534
17786723
17787071
17789051
17789976
17790417
17793202
17793490
17793692
17795207
17796129
17797295
17797823
17797899
17799615
17801051
17802528
17803386
17803989
17804687
17806084
17806561
17806897
17808391
17809465
17810664
17810833
17811432
17812303
17812687
17812995
17813227
17813746
17815365
17816481
17817492
17817900
17818544
17818576
17820618
17820879
17822302
17823096
17825403
17828305
17829404
17830140
17830858
17832227
17834596
17837080
17837972
17841208
17841713
17841755
17843176
17844439
17845268
17845791
17845866
17847118
17848125
17849052
17849589
17850117
17850254
17855290
17855368
17857392
17858876
17860287
17860289
17861801
17861933
17862553
17862581
17864098
17865391
17865878
17865966
17866033
17866349
17866587
17869451
17870584
17870704
17872163
17872314
17873403
17874273
17876801
17876969
17878463
17878592
17879537
17879790
17880034
17882052
17883205
17883793
17883794
17884579
17886045
17887066
17889988
17891140
17891612
17893746
17895622
17896471
17897742
17898844
17900332
17900736
17900806
17900864
17901200
17902117
17902376
17902471
17902848
17905932
17906076
17907021
17908635
17912920
17913889
17914094
17914921
17914950
17915825
17916097
17916286
17916976
17918554
17919298
17919382
17919925
17920423
17920690
17920966
17921592
17921779
17922492
17922919
17923223
17923741
17924882
17926407
17926819
17926980
17927298
17928326
17929181
17930505
17931112
17931732
17933045
17935031
17935044
17936791
17937002
17939317
17939984
17940113
17942270
17944432
17944986
17948066
17948365
17948371
17949517
17952139
17953701
17954368
17955301
17956128
17956913
17958019
17958451
17960358
17961181
17962412
17962563
17964277
17964835
17965079
17968133
17968754
17969238
17969486
17970818
17971391
17971613
17975283
17975758
17976074
17976106
17976443
17976656
17977377
17978165
17978174
17978533
17979051
17981973
17982209
17983351
17984855
17984869
17985677
17986857
17986931
17988386
17988650
17988956
17990989
17994059
17994334
17995190
17995861
17996640
17996802
17997388
17997624
17997729
17997991
17998275
17998401
17999177
18002338
18002846
18004380
18004567
18007249
18007273
18007446
18008622
18012011
18012202
18012228
18013093
18016734
18019246
18019495
18021013
18022373
18022414
18023391
18024248
18026223
18026540
18026898
18028246
18029509
18029570
18029744
18029931
18030347
18031979
18032936
18033466
18034044
18036027
18036919
18037538
18039011
18039086
18039586
18040874
18041103
18041425
18042523
18044506
18045912
18046046
18047362
18048094
18048483
18048527
18050706
18051318
18051835
18052422
18053197
18054303
18057280
18058430
18059037
18059172
18062900
18063312
18066215
18066449
18066741
18066831
18067675
18067677
18067793
18069802
18070303
18070539
18070664
18071125
18072571
18072642
18074769
18074915
18077736
18079492
18080062
18080813
18081271
18081314
18081675
18082355
18082404
18082810
18083185
18083300
18083446
18085930
18086162
18088212
18088407
18088415
18089025
18090520
18093057
18095485
18096490
18096825
18097637
18099607
18100931
18102047
18104042
18104420
18106384
18107315
18109926
18111796
18112562
18113144
18113552
18113838
18116129
18119954
18121098
18121527
18123037
18124356
18128260
18128497
18130422
18130896
18132884
18133435
18134687
18134771
18134815
18135309
18137593
18138910
18140806
18141267
18141430
18142474
18143299
18144088
18146851
18147169
18147529
18148672
18148784
18148921
18150421
18150476
18150688
18151774
18152464
18153282
18153701
18155669
18155739
18155906
18156328
18158524
18158871
18159440
18160554
18160873
18161694
18164926
18165150
18167545
18168327
18168908
18174100
18175722
18176332
18176954
18177418
18178143
18180671
18181499
18183236
18184217
18184258
18184531
18185096
18185616
18186152
18186165
18187342
18189790
18190266
18192133
18193030
18196107
18196649
18197113
18198434
18199754
18201448
18202094
18203396
18203817
18205201
18206538
18206610
18207586
18207714
18208520
18208868
18209374
18209662
18210506
18211123
18212104
18212694
18213263
18213276
18215017
18215281
18215592
18215676
18216197
18217159
18217622
18219166
18219362
18220251
18220579
18220919
18221377
18222781
18223512
18224724
18224882
18226561
18227467
18228078
18228277
18228398
18228448
18234455
18236300
18237898
18238410
18240107
18240760
18240842
18241849
18243138
18244752
18245114
18245771
18245984
18246238
18246655
18247605
18250962
18251582
18251835
18254014
18254590
18255279
18258043
18260674
18261305
18263801
18264493
18265078
18265117
18265579
18265989
18267234
18267454
18267938
18268622
18269700
18270317
18270424
18272264
18275660
18277305
18277763
18278310
18279258
18279391
18279459
18281265
18281865
18282158
18282211
18283917
18284520
18284691
18286828
18287127
18289061
18291274
18291385
18291935
18292656
18292826
18293268
18293549
18293937
18295833
18298017
18298811
18300985
18301208
18301743
18301985
18302557
18303338
18303840
18304425
18304809
18306628
18306771
18307063
18307619
18307660
18307667
18307917
18309304
18310675
18311107
18311409
18314049
18314232
18315945
18317269
18318112
18319454
18319533
18320051
18320085
18320921
18321214
18321839
18325379
18326110
18327026
18327661
18328973
18333498
18333930
18336550
18337030
18337367
18338116
18338178
18338917
18339746
18341704
18342286
18345457
18347705
18347958
18348255
18348753
18349043
18349768
18349903
18350658
18351907
18357029
18357154
18358026
18358198
18359674
18363062
18363097
18363405
18364412
18366332
18367664
18368925
18371007
18371125
18373284
18374200
18374880
18374893
18375615
18377021
18377398
18377737
18378033
18378036
18379820
18381043
18381594
18381802
18384463
18387256
18388276
18392710
18394811
18396122
18396177
18399621
18400814
18401973
18401994
18402177
18404790
18405182
18405476
18405649
18405833
18406846
18409776
18411477
18411972
18412800
18413747
18416255
18416939
18417392
18419343
18419506
18420515
18421099
18422816
18423710
18424464
18426213
18426489
18426925
18428168
18428427
18429726
18430524
18430653
18432040
18434592
18435232
18435369
18436834
18436852
18437610
18439928
18440709
18441367
18444834
18445351
18445517
18446442
18447488
18447541
18447613
18447687
18449486
18450513
18450841
18451000
18453471
18453800
18455120
18455751
18455846
18456097
18456645
18458345
18458598
18459003
18459191
18459539
18461026
18461075
18462384
18463119
18463709
18464221
18466565
18468168
18468304
18468603
18470469
18470697
18471482
18473318
18473642
18473928
18474516
18476277
18477228
18477327
18478117
18478172
18478490
18479834
18481124
18482754
18482756
18484302
18484479
18485370
18485525
18490280
18491234
18491280
18491507
18491548
18492383
18493340
18495379
18495757
18498784
18503943
18504235
18504315
18504576
18505072
18505623
18508560
18508590
18510183
18513986
18514952
18515091
18515794
18517985
18521285
18521472
18521675
18522980
18524778
18528338
18528804
18529036
18530031
18531242
18531757
18532770
18533117
18533215
18533525
18534098
18534556
18534946
18535751
18536193
18536762
18537291
18538647
18539092
18540857
18544841
18546206
18547083
18547302
18550136
18551448
18551745
18551785
18551845
18553149
18554014
18554345
18554878
18555229
18555919
18555963
18556758
18556811
18558088
18558823
18559005
18562326
18562942
18564654
18564766
18564779
18565837
18566364
18566572
18567321
18569994
18570788
18571145
18572252
18574136
18574498
18574987
18575536
18576332
18576512
18576633
18576833
18576850
18577030
18578023
18578556
18581071
18586774
18586879
18587479
18588354
18588579
18589541
18590334
18590430
18591988
18592146
18592250
18592964
18595489
18595896
18596634
18596679
18597882
18598177
18598824
18599426
18600757
18600999
18601209
18602059
18603737
18603902
18604214
18604531
18604725
18604744
18605786
18610854
18614886
18615043
18615277
18616748
18617215
18617262
18618004
18618806
18620619
18621419
18621916
18622272
18622323
18624017
18627052
18628439
18628500
18633763
18633862
18634058
18634240
18634797
18635581
18636982
18637880
18637972
18638925
18639738
18641879
18644786
18645088
18645506
18646960
18648410
18648706
18649174
18649583
18652010
18652781
18653637
18654109
18656008
18656118
18657060
18658140
18660016
18662021
18663438
18663467
18665507
18666346
18667693
18670383
18674348
18675213
18676706
18677504
18677641
18679323
18679934
18680305
18681946
18683135
18683820
18683876
18687147
18687800
18688075
18689791
18692200
18692391
18693532
18693730
18693863
18694076
18695003
18695677
18695933
18696461
18696828
18697002
18698450
18698551
18698594
18702749
18703143
18703790
18706500
18707701
18708949
18709408
18709819
18709858
18713077
18714249
18714500
18714992
18717925
18718144
18721466
18721927
18722826
18723009
18723094
18723604
18724468
18724692
18725052
18725746
18726231
18726341
18728463
18728710
18728874
18729323
18729977
18730063
18731663
18732296
18732310
18732457
18733271
18733307
18738162
18739040
18739059
18740864
18741499
18743541
18744055
18744384
18744520
18744629
18746426
18747306
18747417
18747441
18748461
18749173
18749227
18751442
18751567
18751884
18752036
18752079
18753889
18754310
18760553
18761086
18762277
18762438
18762704
18762731
18765029
18765362
18765689
18766517
18767690
18768758
18768763
18769693
18770973
18771026
18771119
18771812
18772414
18773207
18773624
18774471
18777357
18778595
18778669
18778677
18779859
18780764
18781020
18781124
18781196
18781308
18781578
18782155
18782652
18782825
18782845
18782925
18783850
18784105
18784794
18784915
18786655
18790214
18790705
18791072
18791420
18792245
18792282
18793298
18794710
18795225
18795756
18798403
18802624
18804531
18805567
18805580
18805609
18807354
18808678
18808861
18810409
18813472
18814475
18814949
18815465
18817581
18818473
18818549
18820058
18821669
18824809
18826594
18826712
18827060
18828124
18828852
18829034
18829391
18830077
18830282
18831186
18832631
18833128
18833905
18834434
18834844
18836248
18837221
18838016
18838239
18840235
18842069
18843795
18846571
18847373
18847668
18847760
18848809
18849582
18849959
18850158
18850509
18850770
18853237
18853261
18854104
18854695
18855866
18857084
18857212
18859018
18860879
18861154
18861742
18862113
18862297
18863869
18864775
18865134
18865488
18865664
18865768
18865991
18867629
18868535
18869078
18869463
18869537
18870361
18870433
18871540
18872004
18872517
18872606
18874336
18875252
18876833
18877039
18877653
18877659
18878425
18879978
18881997
18882732
18883274
18884147
18885022
18885331
18885625
18886169
18886930
18887459
18887861
18888326
18889241
18889443
18889590
18890075
18892086
18892239
18892740
18892811
18893100
18893892
18894329
18895213
18896219
18897262
18897834
18899143
18899505
18901392
18901441
18902357
18903037
18904006
18904035
18904465
18904718
18906261
18906449
18906776
18907022
18908276
18909872
18910075
18910575
18911723
18912125
18912533
18913059
18917059
18918694
18921822
18922251
18922464
18925119
18926031
18926039
18926799
18926998
18929388
18931658
18932397
18933267
18936770
18939046
18939421
18940766
18940849
18941563
18943138
18943936
18944305
18944635
18945147
18946841
18950264
18950965
18951486
18952122
18954208
18954816
18955713
18955721
18956482
18958006
18958287
18958344
18958869
18961762
18961944
18963063
18963260
18963920
18964413
18965255
18966208
18966333
18969067
18969191
18969722
18970845
18971196
18971329
18972245
18972711
18972822
18972893
18973437
18973877
18974799
18974879
18975887
18976460
18977763
18980544
18980950
18982195
18983103
18986566
18986745
18987151
18987473
18988828
18990527
18991345
18991936
18992089
18992452
18993253
18994170
18994710
18995112
18996104
18996632
18997744
18997957
18998621
18999328
18999435
19000472
19002617
19003951
19005663
19006951
19006965
19009676
19009798
19009846
19011547
19012058
19012298
19013111
19013227
19014267
19014290
19014500
19014547
19014659
19015308
19015320
19015331
19016797
19019466
19019632
19019782
19020211
19020576
19020647
19020912
19021231
19021264
19022552
19022620
19023738
19023913
19024449
19025744
19026534
19026598
19026689
19026954
19027158
19027791
19028253
19028482
19031501
19031626
19033916
19036590
19036775
19036823
19037185
19040162
19040328
19041068
19042093
19042608
19042679
19047652
19047759
19048456
19048689
19050217
19052219
19052392
19052928
19053183
19053714
19054771
19055219
19057175
19058172
19060623
19061590
19061849
19062243
19062443
19063230
19063958
19065725
19068207
19068535
19070042
19070121
19070658
19070828
19072646
19073006
19074315
19074620
19074864
19075511
19077681
19077793
19081953
19083456
19083673
19084167
19084760
19085963
19086988
19087269
19088374
19090624
19090631
19090992
19091078
19094657
19096178
19096390
19096508
19097404
19100400
19101240
19101922
19102432
19102658
19102889
19104097
19104510
19105070
19105286
19107146
19107575
19108179
19109045
19111134
19112213
19112869
19113736
19113941
19114425
19115022
19115252
19118747
19120002
19120157
19120731
19121601
19124754
19125715
19125748
19130730
19132754
19133618
19136082
19138827
19138848
19138883
19140008
19140170
19142470
19143006
19143714
19144226
19145211
19145387
19146991
19148798
19148862
19149792
19150434
19150788
19151794
19153041
19154201
19154498
19154679
19155471
19157188
19158712
19160042
19160749
19163500
19163535
19164667
19165758
19168628
19169679
19169734
19170948
19171481
19173393
19173414
19174298
19175605
19175900
19176384
19177565
19178232
19181101
19182726
19183476
19187023
19187751
19189788
19190390
19190747
19192400
19192610
19195091
19195869
19196573
19197896
19199838
19203224
19203413
19203775
19203803
19204090
19204323
19204927
19206225
19208935
19209288
19209744
19210003
19213640
19214803
19214931
19215623
19216298
19218151
19218474
19219517
19219581
19220123
19220143
19221670
19223220
19225189
19225466
19225877
19226627
19226718
19226889
19227061
19227517
19228089
19230816
19232735
19234317
19234979
19236613
19236657
19237874
19239501
19241042
19241916
19242468
19243919
19244605
19245768
19246209
19247867
19248456
19251433
19252803
19253744
19254771
19256753
19257227
19257785
19258428
19260534
19263245
19263924
19264843
19265282
19266424
19266679
19267161
19269049
19269124
19269334
19269725
19270557
19270621
19271346
19271382
19272495
19273155
19274393
19274561
19274773
19277622
19278445
19278728
19278938
19279640
19279693
19280124
19280500
19281243
19282611
19282885
19284042
19287904
19289438
19289716
19289811
19289997
19290770
19290969
19292440
19296419
19296651
19296652
19297286
19297925
19298186
19299377
19299441
19300337
19302769
19303247
19305420
19307578
19310253
19310301
19311304
19311313
19312721
19312960
19313775
19314149
19316859
19317021
19317165
19317547
19320118
19320840
19323782
19323861
19324470
19325175
19326800
19329805
19330318
19330727
19331849
19331950
19334982
19335352
19336846
19337067
19337491
19338017
19338898
19340382
19346175
19347463
19347740
19347898
19348212
19349740
19349898
19350536
19352405
19353063
19353616
19353979
19355463
19355767
19357510
19358634
19358839
19359754
19360325
19360444
19361494
19363237
19363455
19364653
19366732
19369643
19371183
19372887
19373095
19373250
19373689
19373816
19374563
19375073
19378283
19378307
19378518
19378852
19378957
19379688
19380893
19381560
19382033
19382108
19382612
19382923
19385367
19386792
19387566
19387805
19388905
19392851
19393638
19394179
19394450
19395576
19396573
19397935
19398199
19400828
19400890
19401369
19403500
19405670
19406200
19406576
19407255
19407935
19408873
19408877
19409766
19410197
19410696
19413370
19413516
19413831
19413864
19415054
19416986
19417763
19419691
19420254
19421271
19421410
19422049
19424000
19425562
19425998
19426004
19427364
19427697
19427754
19428328
19428383
19432294
19433125
19433419
19436140
19437798
19438147
19438263
19438393
19438830
19441214
19441235
19446726
19448394
19448888
19449696
19450236
19451243
19453688
19454796
19454935
19457121
19457378
19457977
19459762
19459927
19461451
19464110
19464622
19465805
19466895
19468118
19468347
19469316
19469918
19470394
19470520
19470999
19473006
19473245
19473281
19474068
19474410
19478432
19480702
19481263
19481345
19481516
19481680
19482024
19482232
19482265
19485157
19485870
19486273
19487289
19489335
19491232
19492936
19493070
19495081
19496391
19497198
19497465
19497594
19498095
19499181
19499313
19500474
19500942
19501901
19504200
19505102
19505421
19505652
19507157
19507722
19509503
19510847
19511249
19511823
19512130
19512727
19513094
19513490
19513936
19514103
19515155
19515608
19522067
19523336
19524598
19525965
19526892
19527149
19528669
19530531
19531346
19531743
19533216
19533708
19534381
19534824
19535959
19536326
19537240
19538047
19538254
19538668
19539434
19539858
19539994
19543364
19544638
19545414
19545541
19545924
19547415
19547737
19547822
19547893
19548080
19548674
19548675
19549956
19554164
19554945
19555941
19556285
19557879
19557927
19560426
19562798
19563412
19564306
19564550
19565732
19567139
19569327
19570681
19571424
19573462
19574010
19574814
19575964
19576173
19576374
19578433
19580355
19581571
19581803
19583293
19583570
19584444
19585415
19587040
19587604
19588118
19588893
19589610
19591693
19593605
19594579
19596168
19596590
19597211
19598598
19598711
19600614
19602335
19602406
19604076
19607576
19609282
19609766
19610265
19610873
19611739
19611920
19614192
19614787
19616305
19617586
19622048
19622504
19623857
19624663
19624856
19625973
19627540
19627745
19628462
19628855
19629704
19631681
19636074
19640030
19641411
19641805
19644029
19647937
19650589
19651734
19652052
19653080
19653220
19653285
19654595
19655410
19658223
19659052
19659692
19661430
19661777
19663741
19663961
19666405
19668825
19669560
19669599
19670041
19670044
19670856
19672858
19674031
19674626
19674854
19675252
19677109
19677965
19678030
19678081
19679785
19680026
19681200
19681231
19681395
19682531
19687189
19687245
19687591
19689483
19690538
19690665
19692749
19693143
19693407
19694380
19695117
19695271
19695746
19696011
19696511
19696682
19702370
19704157
19704308
19706049
19706285
19706848
19708256
19710954
19711133
19711458
19711530
19711900
19712584
19713300
19714373
19714433
19714795
19715953
19716586
19716823
19720859
19727981
19728335
19731152
19734247
19734325
19734722
19735963
19740391
19741209
19741221
19745439
19745581
19746893
19747600
19748486
19748645
19748739
19750059
19750875
19751826
19752506
19752845
19755011
19755612
19757508
19757824
19759507
19760210
19761006
19761191
19761403
19762305
19762536
19764336
19765067
19766241
19766571
19766881
19767823
19768893
19769377
19770026
19770558
19770964
19772964
19775899
19776212
19776801
19777514
19777543
19778338
19779316
19779372
19780216
19780540
19781944
19781979
19784633
19784909
19786357
19786834
19787096
19787684
19787890
19788104
19789629
19790089
19793750
19795314
19795908
19797191
19797293
19798986
19799170
19799484
19799652
19800510
19803480
19804022
19804386
19804555
19805861
19805924
19806690
19808913
19810958
19811269
19812401
19812515
19814990
19818516
19819709
19820881
19821270
19822594
19823280
19823545
19824502
19825571
19826155
19826403
19829822
19830506
19831895
19831964
19832939
19833202
19833549
19834075
19834119
19834720
19836234
19836938
19838164
19838314
19839357
19840362
19840393
19843056
19846665
19847882
19848134
19848429
19848692
19849368
19849872
19850402
19850853
19851175
19851561
19852721
19853341
19856655
19856736
19856960
19856967
19857056
19858055
19858736
19860461
19861508
19861924
19864422
19864821
19865540
19865888
19866320
19867441
19868215
19868814
19869353
19871432
19871717
19873687
19875393
19876811
19879437
19880370
19881959
19882943
19883543
19885735
19886386
19886456
19886575
19886742
19887313
19891020
19891032
19898606
19900441
19901915
19902315
19905627
19906739
19907404
19907683
19909029
19909077
19909582
19909634
19911932
19912354
19912993
19913527
19915454
19915816
19915865
19917719
19918252
19919731
19920279
19920569
19920796
19923261
19926155
19929390
19930950
19931610
19931688
19932519
19932763
19933196
19933377
19933895
19934024
19937209
19937580
19938369
19939106
19940314
19940502
19940585
19942284
19943076
19943158
19943505
19944139
19944387
19945410
19945631
19946395
19946809
19947547
19948188
19948970
19949181
19949385
19949512
19949671
19950518
19950758
19950923
19951355
19952062
19953171
19953274
19957772
19958692
19959779
19960753
19960983
19961112
19961679
19966093
19967361
19971063
19971099
19971131
19971527
19972669
19973740
19973866
19978275
19978882
19984651
19984682
19984925
19985122
19986839
19989430
19989700
19990089
19990477
19990503
19992004
19992217
19992228
19993358
19993484
19993710
19994094
19994374
19995600
19996104
19996714
19997018
19997837
19998063
19999433
20000084
20002379
20002792
20004537
20005252
20005727
20006028
20011026
20011106
20011366
20012341
20015215
20016493
20017834
20018938
20020648
20021227
20021965
20022586
20023268
20024289
20024960
20025540
20026032
20026941
20027348
20027490
20027622
20027648
20029964
20029989
20030035
20030597
20030751
20030929
20031958
20032157
20032813
20034371
20035090
20035110
20036175
20037589
20037607
20038222
20039365
20039953
20041488
20042306
20043044
20043745
20044867
20045524
20046375
20049084
20049125
20049971
20051403
20053210
20053961
20055217
20055773
20056531
20058642
20059058
20061479
20062171
20062719
20063671
20064660
20065395
20068183
20068906
20069701
20070033
20071352
20072000
20072832
20072957
20073763
20075546
20076290
20076471
20077156
20080491
20081256
20083236
20083760
20084652
20085938
20086148
20086155
20087884
20087920
20088249
20088520
20089599
20090581
20090916
20092914
20093022
20093884
20094533
20094705
20094967
20095069
20096348
20099179
20099327
20101741
20102493
20103233
20104082
20104627
20105410
20108418
20109801
20109992
20110622
20111168
20112430
20112846
20113607
20114890
20118608
20119214
20120034
20121529
20122658
20123169
20125835
20125899
20126105
20127103
20127592
20132066
20133830
20134690
20135748
20137388
20137542
20137942
20138834
20138866
20140276
20141113
20141148
20142372
20142683
20143561
20143881
20144023
20144540
20144542
20144703
20145147
20145535
20145669
20147706
20149849
20150125
20150810
20152532
20154268
20156935
20157712
20159337
20161306
20162191
20162541
20163227
20164072
20164926
20165688
20166709
20169503
20172609
20173531
20174320
20174685
20177725
20178266
20178362
20179511
20181102
20181833
20182140
20182766
20183757
20184404
20184631
20185467
20185982
20188465
20188973
20191314
20195611
20195622
20196097
20199086
20199508
20200353
20200610
20202738
20205031
20205381
20205498
20206188
20208029
20208677
20210136
20213583
20213700
20213891
20214797
20215880
20216051
20219017
20221589
20222631
20223295
20224364
20224423
20225407
20225530
20226139
20226600
20228565
20230087
20230621
20231248
20231619
20232427
20232642
20232996
20233001
20236850
20237141
20242166
20244148
20244647
20244833
20246479
20247239
20248230
20249218
20249236
20250629
20251380
20252188
20254713
20255526
20256883
20257712
20258096
20258512
20259794
20259880
20260447
20261062
20261159
20262391
20263048
20267905
20269676
20270011
20270117
20270838
20270856
20272064
20272906
20273397
20273667
20275090
20275195
20276348
20280473
20280595
20280697
20283968
20284001
20284382
20284415
20285078
20286307
20287279
20287472
20288193
20288762
20289477
20289508
20290817
20296909
20297449
20297944
20298578
20300013
20300250
20300797
20302410
20304587
20306739
20307891
20307931
20308397
20311392
20311740
20312335
20312353
20313559
20313574
20314182
20315379
20315400
20316116
20316746
20317091
20317342
20317654
20317946
20318407
20318884
20319496
20320489
20320928
20324019
20324759
20325007
20326759
20326795
20329530
20330039
20331598
20334572
20335793
20336992
20339057
20339060
20340059
20340520
20340933
20342167
20342394
20343371
20344320
20348007
20348410
20348850
20348912
20350750
20352012
20352073
20353642
20353937
20354914
20355172
20356298
20356881
20357265
20358751
20359406
20360921
20361218
20361395
20361927
20363325
20364454
20366607
20367033
20367776
20368890
20369249
20370384
20370571
20371382
20372231
20372558
20375428
20376610
20378955
20379621
20380452
20380634
20382270
20384449
20385722
20386018
20386442
20388009
20393586
20393707
20395330
20395679
20396086
20396352
20398821
20399498
20400642
20400994
20402218
20403362
20404292
20404865
20407950
20412452
20415230
20416174
20418605
20420514
20420799
20421134
20422009
20423975
20424261
20426294
20426411
20426602
20427933
20428651
20428950
20430736
20430878
20431402
20432271
20432836
20433459
20434193
20434498
20435137
20435434
20435456
20435507
20436467
20437080
20437354
20440544
20442130
20443052
20445510
20446522
20446594
20446613
20447435
20447536
20447980
20448683
20449463
20450035
20450177
20452412
20452685
20453841
20454105
20454970
20455387
20455611
20455657
20456313
20456532
20457708
20457766
20459595
20461516
20463157
20463665
20467629
20468147
20468196
20468290
20471832
20472289
20474029
20477653
20479678
20481130
20482151
20482267
20482789
20485751
20486849
20487363
20489304
20491025
20491843
20492422
20493013
20495168
20495346
20495577
20496460
20497381
20497544
20499966
20501644
20501775
20502024
20503442
20503941
20506706
20507280
20508295
20509175
20512365
20512753
20513739
20514014
20516061
20517835
20518708
20519904
20524038
20524924
20526614
20527268
20528501
20528733
20531509
20532552
20534055
20534124
20537388
20538276
20540246
20541150
20541837
20544162
20548400
20551138
20552371
20552542
20552847
20553823
20554468
20555256
20555871
20556385
20556937
20558131
20558316
20558863
20559033
20560218
20560975
20561048
20561058
20561818
20565671
20569075
20569974
20572697
20574187
20574466
20574887
20575553
20576183
20577994
20578137
20578989
20579604
20584162
20584656
20585690
20586212
20587524
20589340
20589584
20590314
20591209
20592253
20593541
20594121
20595202
20595225
20597682
20599621
20599697
20599981
20600381
20601268
20601897
20601948
20603533
20606078
20606335
20607888
20610448
20610936
20610994
20611126
20612766
20613024
20614492
20617314
20617458
20620317
20620610
20621137
20623050
20625229
20625554
20626125
20628088
20628415
20629028
20629122
20629389
20629659
20629718
20630696
20633166
20633234
20634593
20636590
20637712
20638007
20639394
20639510
20641306
20645556
20647550
20648117
20648422
20648471
20649460
20650547
20651179
20651921
20653814
20656947
20658092
20658164
20658582
20658585
20660019
20660064
20664729
20665109
20665324
20665654
20667099
20667686
20668431
20669385
20670352
20672246
20672747
20672859
20673613
20674632
20675696
20677201
20679969
20680239
20681094
20681237
20682411
20684713
20685022
20686596
20686964
20687060
20687181
20687442
20687604
20688043
20688754
20689702
20691202
20691518
20691715
20692256
20692505
20692977
20693164
20693600
20694093
20695604
20697371
20697458
20699187
20699565
20700047
20700538
20700975
20701884
20703278
20703342
20703455
20703897
20704087
20704546
20704750
20704878
20705405
20706693
20707513
20709222
20709689
20710155
20712232
20712470
20714221
20714867
20716339
20716609
20717827
20718011
20718012
20718522
20726415
20726478
20728758
20730460
20734230
20734365
20736574
20738427
20738663
20739712
20742075
20743373
20743424
20743769
20743797
20743996
20744009
20744292
20744991
20746239
20746373
20746464
20747919
20749281
20749745
20751949
20753916
20756902
20757457
20759062
20759076
20759612
20761330
20761643
20761756
20761894
20764224
20764786
20765467
20766764
20766900
20767364
20767532
20768503
20768534
20769480
20770855
20771094
20771252
20772136
20772573
20772849
20772924
20773615
20774029
20775232
20776392
20776478
20777669
20781711
20783091
20785082
20785302
20785398
20785579
20790413
20791741
20792478
20793342
20796249
20796389
20800125
20800935
20801601
20802666
20803423
20803857
20804224
20805333
20806031
20806860
20807167
20807883
20808715
20809575
20810799
20810971
20812231
20813102
20814233
20815054
20815555
20820038
20820826
20821907
20822341
20824006
20825995
20827043
20829470
20830979
20833152
20833313
20833916
20835124
20836326
20837358
20837653
20837955
20838041
20838048
20838629
20839000
20839788
20840572
20841926
20842471
20843042
20843221
20843490
20844067
20844193
20845462
20845672
20847169
20848359
20852881
20854365
20854963
20855280
20855594
20855880
20858205
20858791
20858851
20859395
20863865
20866574
20868105
20869120
20869686
20869831
20873661
20874651
20875475
20875818
20876314
20876492
20876851
20877814
20878184
20879088
20879448
20879722
20880066
20881581
20882659
20882678
20883228
20884053
20885561
20886935
20887439
20887809
20888358
20888505
20889845
20891596
20891815
20892180
20896326
20897506
20897858
20898267
20899550
20900054
20903218
20904348
20905527
20905965
20906603
20909136
20910332
20915021
20916142
20918003
20918595
20918767
20919182
20921211
20921437
20921653
20921814
20922226
20922844
20924610
20925806
20928435
20929060
20929420
20930226
20930333
20932277
20934062
20936118
20936786
20937370
20939700
20944246
20944509
20945115
20945326
20946019
20946095
20946328
20946351
20948155
20948916
20949025
20949439
20950822
20951530
20951882
20952341
20956696
20957223
20957908
20959915
20960074
20960858
20964359
20964740
20964776
20966059
20966164
20966286
20967087
20968205
20969734
20970373
20970686
20971242
20973451
20973952
20974128
20974325
20974507
20974708
20976064
20978044
20978710
20979544
20979589
20979701
20980122
20980794
20981381
20982350
20982952
20985503
20987933
20987952
20989153
20989596
20989811
20990005
20990374
20994124
20994557
20995196
20995391
20995749
20996957
20997343
20998769
21001513
21001675
21002134
21003025
21003771
21005942
21006550
21007632
21009229
21009452
21010543
21010826
21013187
21014788
21016411
21017555
21019034
21020011
21020395
21021461
21022064
21024707
21025029
21025774
21026386
21027096
21028161
21029423
21030803
21034514
21034531
21034897
21035567
21036065
21036217
21039256
21040273
21040512
21040671
21041612
21041843
21042134
21043034
21043077
21043745
21045342
21045425
21046701
21047224
21047600
21048578
21048869
21050667
21052222
21052393
21052607
21053363
21055285
21055735
21055834
21057198
21057261
21057613
21058693
21058796
21060418
21062435
21064869
21065267
21066031
21066250
21067123
21067333
21067861
21068034
21068735
21069286
21069734
21069914
21070330
21071231
21072177
21072329
21072888
21073546
21076233
21076551
21076736
21076941
21078745
21079288
21079846
21081555
21081566
21082657
21084819
21085091
21086112
21087800
21088135
21089849
21089988
21093658
21095743
21097223
21100279
21100444
21100909
21102614
21104098
21109604
21110104
21110322
21110452
21112142
21113788
21114259
21115568
21117014
21118074
21118080
21120146
21121184
21124324
21125070
21125488
21126044
21126046
21126481
21127115
21127198
21127637
21130263
21131878
21132291
21135835
21136281
21136969
21138757
21138871
21139813
21139996
21140021
21141902
21143899
21146021
21146177
21148744
21148865
21149385
21149672
21151411
21151508
21152378
21153054
21154676
21154777
21155276
21158565
21159443
21159461
21160973
21161829
21161881
21163196
21163557
21163870
21164868
21164878
21165240
21165784
21165928
21166948
21168076
21168173
21168865
21170843
21171858
21172409
21172421
21173042
21173169
21173338
21175145
21177314
21178898
21179349
21179947
21180277
21181025
21181112
21182569
21183234
21183715
21183718
21183862
21185715
21188015
21188671
21189588
21190735
21193066
21193209
21194143
21194942
21195815
21196025
21197225
21197304
21197371
21198408
21198492
21198772
21198792
21199787
21199930
21203129
21204188
21205092
21206894
21209637
21211445
21212522
21212832
21214888
21216439
21217083
21217198
21219139
21219581
21219607
21222256
21224439
21224800
21225952
21227574
21228624
21229564
21229647
21230084
21233421
21233821
21234023
21236454
21237471
21237474
21237504
21242996
21244038
21245020
21246090
21246994
21247984
21248616
21248859
21249869
21251627
21251766
21251850
21251926
21252809
21253045
21253496
21254118
21254363
21254514
21254824
21255444
21257157
21257876
21258229
21258513
21259406
21261155
21263175
21264801
21265499
21265947
21266515
21266976
21268350
21269266
21274442
21275304
21277857
21278817
21281052
21281703
21281960
21285974
21286285
21286722
21287253
21287616
21287665
21288466
21289886
21292396
21297075
21297329
21298550
21299362
21300024
21302349
21302684
21305169
21306555
21306671
21306864
21307037
21307131
21307557
21308515
21309629
21310318
21311013
21311258
21311791
21314707
21318853
21319091
21319874
21320523
21325094
21325610
21325664
21327804
21328108
21328124
21328844
21329251
21330395
21330685
21331521
21331780
21332118
21334398
21336177
21336920
21337593
21337761
21339357
21341579
21342979
21343341
21343837
21345375
21347230
21347320
21347754
21348472
21348733
21349570
21349759
21349862
21355293
21356343
21356391
21356906
21360885
21361738
21361812
21363906
21364734
21366388
21366416
21366478
21366521
21366552
21367172
21368427
21368924
21369484
21369764
21369793
21369909
21370463
21370471
21371874
21372293
21372413
21374199
21374704
21376399
21377455
21377759
21379674
21379741
21380828
21381637
21383833
21384884
21385451
21385665
21386369
21386531
21386576
21387227
21388734
21388961
21389257
21390345
21391706
21393688
21398059
21400078
21401507
21401790
21402748
21402848
21403749
21404137
21404984
21405453
21405901
21406009
21406265
21406375
21408211
21408254
21409993
21412755
21415465
21415919
21416222
21416700
21419274
21421489
21422515
21423218
21423696
21424479
21424500
21425070
21427013
21427735
21429110
21429184
21431761
21432300
21434525
21435933
21436745
21436829
21437215
21437566
21437658
21438250
21439705
21440306
21442068
21442569
21443818
21443889
21445813
21447620
21448774
21448964
21449657
21449737
21450764
21451788
21452202
21452826
21454818
21454987
21456491
21456607
21458188
21458327
21460907
21461370
21461553
21462628
21462714
21463228
21464176
21465712
21467181
21469242
21471289
21471360
21471975
21472009
21472420
21473054
21474603
21475246
21477248
21477671
21477924
21478506
21479183
21479245
21479842
21480666
21481689
21481923
21481965
21483579
21483603
21484108
21484322
21485308
21487126
21487300
21488544
21488992
21489284
21490296
21490599
21490964
21491073
21491098
21492883
21493051
21493955
21494030
21495076
21495303
21495869
21496269
21497085
21497245
21497819
21498636
21498743
21500409
21500638
21501212
21502025
21502724
21505334
21506414
21508083
21508744
21508787
21510078
21510288
21515595
21516732
21516757
21516779
21516803
21516822
21517336
21517603
21518068
21520447
21520919
21520928
21521650
21524191
21524239
21524980
21525708
21527957
21528854
21530932
21533881
21535382
21535727
21536309
21536347
21537078
21537896
21539129
21541444
21541931
21546542
21546663
21548460
21549640
21553261
21554308
21554962
21557315
21563002
21563228
21566119
21567333
21569193
21569430
21569825
21570979
21572683
21573742
21573890
21577283
21577441
21579010
21580712
21580852
21581542
21583288
21583382
21585546
21585723
21585967
21587520
21588096
21590418
21593437
21593455
21594058
21595191
21595628
21596235
21598016
21599504
21599590
21599871
21600382
21601146
21602011
21602928
21605270
21606251
21606758
21608116
21608225
21608767
21608946
21612402
21613513
21614402
21615300
21615365
21615562
21615942
21616381
21617624
21619784
21620560
21622207
21622781
21622965
21623380
21624590
21626387
21627853
21633152
21633655
21633748
21634555
21635221
21636866
21637275
21638985
21639913
21640113
21642106
21643241
21644510
21648142
21648467
21648495
21649887
21651383
21653151
21653807
21654047
21654232
21654325
21654388
21656336
21656800
21657670
21658059
21658249
21658922
21659959
21660837
21662363
21662928
21663301
21663649
21664275
21664929
21665427
21666421
21671468
21672470
21673059
21673067
21677773
21678160
21678374
21678926
21679563
21679918
21682480
21682556
21682744
21682819
21684442
21684479
21685017
21685822
21687165
21688988
21689291
21689669
21691033
21691652
21691697
21695153
21696408
21698301
21700441
21701900
21701972
21702902
21703529
21706023
21706187
21707955
21710870
21711516
21713440
21715691
21715773
21715954
21716308
21716474
21716547
21716808
21717256
21717865
21720358
21721032
21721163
21721638
21722927
21723892
21724678
21725326
21726408
21727596
21727864
21727977
21729732
21731384
21734195
21734541
21734582
21736704
21737079
21738326
21738712
21738837
21739771
21740393
21741531
21742644
21742665
21742956
21743203
21745582
21746441
21746644
21746728
21748148
21750109
21750551
21750910
21751079
21754935
21755294
21755295
21755769
21756257
21757048
21757189
21757837
21759927
21759933
21762609
21763610
21764932
21765120
21769265
21769838
21770277
21770432
21772402
21773482
21773752
21774815
21775731
21776452
21777281
21779411
21780851
21781798
21782187
21782481
21784368
21784381
21785186
21787344
21787951
21788216
21791910
21792990
21793298
21793431
21794146
21796090
21796353
21797774
21798909
21800123
21800801
21803062
21803553
21803703
21807779
21807957
21809610
21810617
21810655
21811407
21812203
21813769
21815890
21816744
21816939
21818198
21818271
21818964
21821510
21821826
21823481
21824718
21827138
21828367
21829800
21831063
21831165
21831387
21831471
21832713
21834386
21834820
21836230
21836589
21837655
21839746
21840594
21841792
21843350
21843423
21845151
21845331
21845391
21845432
21849239
21849777
21851520
21855238
21855262
21856191
21856387
21856985
21858604
21861785
21861832
21864012
21864214
21864687
21865061
21865257
21865358
21866570
21867339
21868923
21869528
21871449
21875264
21875939
21876049
21878126
21878627
21878747
21881401
21882161
21882449
21882552
21883430
21885282
21886695
21887559
21888518
21888727
21889463
21889608
21890169
21890260
21892181
21895055
21896876
21898382
21900720
21901903
21902765
21903291
21903444
21905860
21906300
21906615
21908281
21908706
21909297
21910386
21911949
21913660
21914709
21916266
21916710
21918943
21920355
21920965
21921179
21921204
21923013
21923376
21923418
21924339
21924788
21925026
21925340
21926046
21926720
21927086
21927225
21928191
21928724
21928870
21930027
21931511
21932060
21932394
21933938
21934466
21934648
21935272
21935625
21940882
21944468
21946425
21947109
21947291
21948056
21948303
21948898
21949003
21949706
21950353
21951279
21951974
21955191
21955229
21955860
21955880
21955947
21956648
21957870
21958106
21958718
21961637
21961696
21962273
21962633
21963503
21964828
21967075
21968410
21969004
21970585
21970673
21970699
21972976
21973942
21974909
21980092
21980274
21981479
21983035
21983567
21984394
21985532
21987097
21988448
21989243
21990970
21992107
21992216
21992370
21993670
21993730
21997181
21997576
21999265
22001865
22003405
22003977
22004144
22004738
22004860
22005020
22005372
22006205
22006802
22007060
22008434
22009962
22010905
22013599
22015136
22015170
22015192
22015250
22016692
22017488
22020097
22020416
22021272
22022651
22024843
22026463
22027350
22028979
22029318
22031067
22032167
22032560
22033022
22034262
22035748
22035756
22036752
22037909
22038057
22039166
22041419
22042901
22043679
22044652
22047371
22048331
22048507
22048771
22049863
22051215
22052667
22055285
22059232
22060981
22062036
22062357
22062513
22062935
22063844
22064440
22065242
22066093
22068284
22068372
22069861
22069916
22070011
22071807
22075919
22076343
22081546
22082014
22083180
22083283
22083803
22084483
22084778
22086535
22090471
22090743
22090814
22090955
22091096
22092894
22093112
22093514
22093578
22095445
22095833
22095950
22096850
22096886
22097220
22099899
22101323
22103201
22103878
22104211
22104309
22105253
22105914
22106685
22107762
22108776
22109952
22110051
22110239
22110827
22111144
22111356
22111418
22112320
22114515
22114547
22116549
22117862
22121080
22121549
22122351
22123737
22124330
22126531
22128970
22130289
22131755
22133685
22133728
22134579
22135304
22135715
22140463
22140717
22140842
22141696
22142393
22143355
22143753
22144155
22145502
22145548
22146747
22146894
22147131
22147889
22149739
22150359
22151758
22151928
22152203
22153640
22153862
22154762
22156377
22157025
22158429
22161108
22162965
22163428
22163445
22163704
22163915
22165081
22166057
22168387
22168752
22169008
22170750
22171933
22172042
22173081
22174293
22175662
22175759
22179123
22180054
22180457
22184642
22186173
22186249
22188694
22191277
22191699
22191838
22192825
22193462
22199033
22199093
22199553
22200073
22200132
22200740
22201426
22201578
22201737
22202865
22202919
22204203
22206441
22207379
22208057
22212692
22214080
22214804
22215479
22216400
22217185
22218290
22218685
22220788
22221468
22222880
22223567
22224418
22225454
22226595
22226983
22227046
22227237
22227639
22228439
22229718
22230081
22230669
22231222
22232167
22232750
22232961
22233584
22234250
22236316
22238753
22239067
22239676
22239981
22239995
22242129
22245466
22245731
22246098
22247105
22248400
22250681
22251361
22252237
22254977
22256030
22256467
22256490
22257916
22259144
22260792
22262459
22263132
22267251
22269215
22269779
22270634
22271229
22272100
22272739
22272814
22272851
22273020
22275204
22276038
22276047
22276138
22277675
22279754
22280380
22283045
22284361
22286339
22287003
22287138
22288140
22289725
22291293
22292457
22293530
22293702
22294301
22294529
22295753
22296780
22296986
22297072
22297367
22297610
22297814
22302166
22303841
22304264
22304280
22305372
22305534
22305735
22306267
22306394
22306534
22306580
22307160
22307582
22308343
22309045
22310226
22312966
22313209
22313294
22315864
22320779
22321899
22324115
22324890
22325567
22325574
22325960
22327365
22328144
22328873
22329103
22330427
22330732
22331292
22331780
22331898
22331940
22332657
22332945
22333967
22335446
22336353
22336433
22337144
22338959
22340031
22341047
22341678
22341708
22341731
22342927
22342954
22344263
22345030
22345453
22347212
22349259
22350402
22350555
22351968
22355577
22355818
22357229
22360785
22361682
22362187
22364326
22364538
22364994
22365310
22366682
22366774
22369161
22369333
22369436
22372707
22374171
22376590
22378699
22379186
22381057
22381194
22381215
22381271
22381788
22383617
22384662
22385662
22387384
22388767
22388939
22391091
22392242
22393437
22395401
22395816
22396248
22396311
22396888
22398441
22398512
22400338
22400366
22400865
22402343
22403250
22403611
22404147
22404154
22405653
22405721
22405926
22408591
22409388
22412612
22414082
22414131
22414530
22414961
22415998
22416546
22417070
22419424
22420574
22420703
22420823
22423509
22424454
22424880
22426236
22426484
22432040
22432603
22436477
22438158
22439039
22442197
22443320
22443919
22443981
22443982
22444317
22444430
22446387
22446812
22447787
22448383
22448520
22451247
22452379
22455261
22456264
22456604
22457056
22459314
22461327
22461373
22461556
22462726
22463168
22463582
22465246
22465588
22466075
22467106
22467144
22467350
22467933
22469193
22469528
22472549
22475261
22476705
22476811
22476935
22478364
22478703
22478794
22479078
22479737
22480649
22482484
22482565
22484558
22484963
22487268
22489763
22490687
22491607
22491709
22492069
22493148
22493530
22494944
22496176
22500833
22501369
22501868
22502892
22503905
22504363
22505538
22509513
22511225
22512057
22512176
22512506
22514329
22514597
22515569
22517015
22517176
22518072
22518091
22518828
22519486
22520061
22520277
22520743
22522243
22522333
22524235
22524924
22524969
22525087
22525718
22531664
22532600
22532859
22533376
22533467
22534164
22537155
22537709
22537795
22538535
22538675
22541474
22541867
22541963
22543416
22545308
22547129
22547386
22548933
22550029
22550889
22551039
22552579
22552848
22555403
22555671
22555996
22557121
22560448
22560859
22561918
22563514
22564772
22564866
22566390
22567839
22568467
22568852
22569515
22570450
22571736
22573757
22573760
22573855
22574091
22574870
22575058
22575378
22576626
22577599
22577756
22577873
22578497
22579937
22580555
22580751
22581930
22586394
22587716
22588172
22588689
22590637
22590892
22593799
22594221
22596671
22596913
22598551
22598960
22599162
22599227
22599555
22599802
22600455
22602089
22602225
22602284
22602464
22602604
22603398
22605355
22608289
22609429
22609782
22609951
22612781
22614135
22614940
22615236
22615758
22617298
22617447
22619563
22619894
22619920
22620027
22621278
22621484
22622570
22623212
22623759
22627200
22629148
22629881
22633927
22633988
22634412
22636753
22639172
22639809
22640386
22641668
22642542
22645646
22645813
22646191
22648177
22649436
22650041
22650047
22650180
22651174
22651219
22651348
22651805
22652329
22652437
22653778
22654726
22655415
22656439
22656807
22657392
22658470
22658722
22659024
22660251
22661055
22662988
22663997
22665922
22665997
22667622
22668881
22669627
22673496
22675186
22675494
22676550
22678662
22679569
22680377
22680643
22680748
22683880
22685833
22687123
22688740
22689560
22690079
22690711
22690870
22692102
22693121
22693284
22693431
22697407
22699019
22701719
22702260
22703195
22704265
22707268
22708438
22711003
22711457
22712561
22712783
22713159
22715024
22716122
22717056
22717117
22717623
22717955
22718459
22719578
22719914
22721053
22723062
22725140
22725647
22725849
22727871
22730408
22732400
22732891
22733181
22735544
22737508
22737897
22739121
22743998
22745303
22746177
22747608
22747779
22748621
22749934
22750139
22750828
22751305
22751512
22753536
22754370
22756414
22757725
22757831
22757919
22759715
22760629
22760719
22760862
22761034
22762634
22765482
22765606
22765630
22769522
22770448
22771003
22775593
22777189
22777840
22778010
22778889
22778954
22779115
22779572
22779823
22780205
22780855
22782148
22783148
22784699
22787384
22787671
22790131
22791279
22793937
22794897
22799053
22799095
22800239
22803202
22803247
22804152
22805637
22808207
22808354
22808573
22811161
22811875
22811949
22814819
22815018
22815223
22816809
22817215
22818604
22818813
22822368
22824436
22825253
22827802
22830521
22830570
22831133
22833506
22834099
22834802
22836043
22836225
22836904
22837101
22837888
22838452
22839523
22841390
22841704
22842710
22844016
22845907
22846702
22848229
22848643
22849312
22849351
22850067
22851010
22853057
22854365
22858779
22859170
22859720
22859916
22862463
22862496
22862637
22864847
22864924
22868779
22868968
22869853
22870090
22870175
22871224
22872059
22872143
22873261
22875131
22875143
22875453
22875600
22876971
22878349
22878479
22878882
22879207
22880061
22880493
22880719
22881048
22881970
22883633
22884017
22885741
22885770
22886963
22887525
22888232
22888482
22890838
22891228
22892407
22893065
22893086
22893516
22893818
22894239
22894591
22896080
22897636
22898157
22898616
22898649
22898765
22901211
22901480
22901808
22901851
22902142
22902685
22902802
22904132
22905363
22906007
22909541
22909764
22910504
22910902
22911582
22911908
22912642
22913930
22913980
22914335
22914336
22914929
22915798
22915898
22917330
22919939
22921098
22921742
22924595
22925528
22925532
22925613
22925660
22925754
22925834
22926391
22927797
22928447
22928708
22932239
22933751
22933935
22935793
22937991
22939871
22939881
22939969
22940063
22943214
22947096
22949623
22950147
22950222
22953334
22955139
22957524
22957848
22958646
22959320
22960738
22961766
22964090
22964327
22964588
22965297
22965874
22966864
22966973
22967563
22968631
22969840
22969985
22977078
22978158
22978251
22984583
22986369
22986505
22986507
22987435
22988138
22989289
22991438
22993497
22994633
22995157
22996510
22996594
22997024
22998991
22999523
22999769
23000256
23001583
23002535
23002714
23004224
23004548
23005173
23006680
23007344
23008094
23012852
23013870
23017065
23020527
23021129
23021275
23022123
23022349
23023226
23027788
23032191
23033865
23034395
23035566
23037865
23038587
23040424
23040510
23040628
23042106
23045176
23047039
23047821
23049129
23049268
23049928
23050166
23050625
23052880
23053150
23053885
23054582
23055043
23055452
23055557
23056413
23057850
23057873
23058100
23059246
23062057
23062698
23063373
23064287
23065461
23065935
23066281
23066424
23068309
23068427
23071670
23071700
23071789
23072173
23073532
23075119
23077059
23078994
23082036
23083305
23083385
23084454
23088830
23093235
23094125
23094514
23094606
23094634
23097318
23099318
23101632
23102124
23103570
23104698
23105299
23105395
23106268
23107233
23107350
23108436
23108666
23112256
23112439
23113253
23114349
23114350
23117008
23117146
23117261
23118748
23118870
23119000
23121777
23124341
23124737
23126099
23126169
23128765
23130596
23131189
23133439
23133830
23136216
23137705
23137964
23137974
23138191
23138395
23139468
23141106
23141548
23141819
23142896
23143117
23143904
23147442
23149062
23149358
23149789
23150209
23150813
23151102
23151169
23155666
23156250
23156305
23157090
23158368
23158445
23158578
23159530
23160465
23162139
23162629
23163405
23163546
23163997
23167793
23168540
23169103
23169334
23171812
23172968
23173544
23173583
23173799
23174501
23174916
23176317
23179292
23181077
23182157
23182258
23187030
23187229
23187599
23188838
23190132
23190359
23191356
23191700
23193105
23193108
23193791
23194128
23194568
23195712
23200236
23200529
23201194
23202555
23202743
23203422
23203466
23204251
23204419
23204762
23204789
23205311
23205676
23206550
23206579
23206922
23208465
23208690
23209028
23212311
23212792
23213842
23214233
23215400
23216014
23216537
23216712
23217173
23217529
23218091
23218795
23219013
23220593
23222958
23224038
23225244
23226296
23227179
23227478
23227630
23228002
23228631
23229028
23231136
23231291
23231328
23234883
23235901
23237546
23237615
23242334
23243359
23244151
23244939
23245835
23246404
23246598
23246621
23248060
23250941
23251181
23252333
23254918
23255413
23255779
23257887
23258318
23258437
23258738
23259310
23260029
23260196
23260518
23260625
23261698
23263346
23264515
23264613
23264807
23264910
23265343
23265658
23267008
23267679
23267780
23267818
23271861
23273412
23274710
23275449
23275635
23279749
23280202
23281487
23281964
23283960
23284663
23285456
23285469
23286644
23287112
23288072
23289948
23289986
23290727
23291268
23291610
23292561
23293683
23294933
23297540
23299742
23300187
23302782
23303091
23303352
23304287
23304763
23304838
23305229
23306944
23310374
23310618
23311088
23311981
23313569
23313673
23315162
23315234
23315937
23316868
23317220
23317675
23318633
23319179
23320642
23323144
23323922
23325157
23325403
23326387
23327018
23328735
23328859
23333727
23334187
23334780
23335270
23336028
23336119
23336132
23339154
23339936
23342425
23342969
23343705
23346137
23348882
23353610
23356193
23356867
23357554
23358743
23361175
23361711
23362909
23362956
23363058
23364581
23365734
23366099
23366938
23367162
23367943
23368149
23368501
23368852
23369281
23369425
23369610
23371123
23371737
23373562
23373585
23373943
23374737
23375878
23376158
23377474
23377989
23380113
23380752
23381086
23382705
23385052
23386929
23388201
23389105
23389437
23391451
23391916
23392072
23392724
23393118
23393409
23394339
23395000
23395400
23395529
23396954
23397229
23398252
23398788
23401284
23401772
23401832
23405032
23407129
23409285
23410233
23411950
23411972
23413163
23414716
23416828
23417403
23420365
23420384
23420574
23420607
23420816
23420929
23421654
23422085
23422753
23422977
23423339
23424159
23424272
23426205
23426940
23427561
23427953
23428258
23428806
23431904
23432973
23433631
23435122
23436273
23439073
23439445
23440896
23441346
23441641
23442813
23445377
23446485
23447052
23448033
23448079
23448916
23449822
23450113
23450700
23452558
23458745
23461307
23461913
23463164
23465074
23465831
23466490
23466548
23468801
23469734
23470447
23472063
23473742
23473768
23475003
23475529
23475742
23475938
23477341
23478988
23481143
23481693
23482592
23483726
23485502
23486656
23488519
23489197
23489813
23490953
23491148
23491174
23492068
23492771
23494859
23496796
23497411
23499185
23500064
23500952
23501092
23501622
23501779
23502297
23504699
23504891
23505052
23505978
23507351
23507564
23508440
23508806
23509020
23513181
23513225
23513701
23515874
23516166
23516421
23516624
23517077
23517361
23518268
23519007
23519462
23521287
23522802
23523325
23523992
23524492
23525469
23526512
23526521
23528193
23532534
23535297
23536332
23537769
23538324
23540092
23540773
23541704
23542681
23543100
23543826
23543835
23545030
23545600
23547318
23547566
23548492
23553318
23554528
23555259
23555599
23556305
23559082
23559104
23559749
23561787
23562830
23564035
23564863
23567338
23567469
23568069
23568616
23569051
23572013
23572537
23574011
23574794
23575893
23580049
23581357
23581963
23582182
23582622
23583520
23583553
23583732
23584929
23585155
23585198
23585405
23585795
23585966
23586265
23589059
23589060
23589674
23591471
23592931
23593960
23595937
23596918
23597329
23599079
23600377
23600380
23601112
23602309
23603201
23607110
23607235
23608547
23608983
23609620
23609865
23610073
23611665
23612595
23613185
23614436
23614475
23614794
23615121
23617854
23619033
23620336
23620762
23620964
23621676
23622643
23623696
23624348
23625083
23626002
23627166
23629662
23630872
23632711
23634793
23635367
23635392
23635791
23635845
23636496
23636692
23637158
23638886
23640702
23640730
23641606
23642126
23644270
23644895
23645674
23646361
23648417
23649777
23650135
23651605
23652565
23654371
23654859
23657334
23657357
23660460
23662050
23662733
23665782
23668758
23670303
23670408
23671297
23671463
23675811
23676181
23680536
23680772
23681518
23682146
23682406
23683379
23684129
23684482
23684726
23687012
23687364
23690726
23693086
23693707
23694289
23695397
23699700
23700486
23701972
23702186
23702304
23703086
23703827
23704263
23705307
23706474
23706921
23707092
23707331
23707597
23707893
23708155
23708383
23708904
23710478
23713307
23714390
23714848
23717032
23718135
23719260
23719788
23721002
23721556
23723588
23726407
23726895
23727039
23727962
23728026
23729042
23729599
23730171
23730245
23731995
23732951
23733169
23734184
23734490
23734963
23735677
23738978
23739970
23739994
23740098
23740148
23740801
23740973
23742229
23742466
23742959
23744145
23745725
23745896
23746872
23746912
23747945
23748640
23751991
23752080
23752353
23755874
23760048
23760468
23760984
23761455
23762856
23763566
23763606
23764288
23764601
23766086
23766128
23767033
23767594
23767704
23767798
23768506
23769067
23770928
23771581
23772448
23773164
23773513
23773615
23776150
23776348
23776877
23779125
23781587
23781932
23783708
23784153
23785190
23785610
23788142
23788294
23788309
23792252
23792955
23793492
23798199
23798326
23798898
23799074
23799645
23800125
23800871
23801615
23802025
23803103
23803546
23804639
23805265
23811587
23811694
23812173
23812810
23812817
23813199
23813202
23813700
23814342
23814675
23816097
23816274
23816316
23817750
23818260
23820522
23820621
23821893
23822574
23823887
23824729
23825666
23827142
23830870
23832188
23833256
23833454
23834602
23834879
23840467
23840642
23841398
23841913
23841976
23842070
23844500
23844885
23845304
23847090
23847686
23849458
23850233
23850475
23850787
23851074
23851205
23851602
23855022
23855089
23855247
23855489
23856855
23857795
23858120
23860305
23860571
23861217
23861424
23862424
23862501
23865616
23865861
23866225
23867519
23868034
23869685
23870618
23871172
23873133
23874895
23875551
23877084
23877142
23878106
23878408
23878421
23878746
23881026
23881291
23882094
23882168
23882178
23882612
23882733
23883105
23883134
23883732
23883836
23887931
23888258
23889703
23890155
23890545
23890789
23891297
23891435
23891547
23891892
23892205
23892421
23893457
23895240
23896465
23898911
23899852
23900594
23902952
23903905
23904254
23906194
23906584
23906870
23909156
23912214
23912234
23912816
23913222
23915102
23916938
23917974
23918798
23919085
23923878
23924094
23924614
23925710
23926002
23926138
23928533
23929694
23929946
23930414
23931781
23932371
23933142
23934411
23935665
23943052
23943633
23946424
23946564
23946612
23947074
23949037
23950102
23950870
23951774
23953018
23954309
23954324
23954413
23954930
23955951
23957785
23958920
23960448
23960625
23963425
23964049
23965168
23966966
23967699
23968273
23969850
23970082
23971249
23972809
23974297
23974422
23976414
23976493
23976527
23977018
23977656
23978249
23978746
23981478
23981630
23981636
23984074
23985908
23986503
23987338
23987554
23987737
23988440
23988490
23988814
23990568
23990814
23991689
23992756
23994037
23994116
23994123
23995626
23996035
23997481
23997786
23998190
23999716
24002532
24002895
24003188
24003439
24005256
24007060
24007090
24007783
24007971
24008676
24010568
24011268
24011635
24013591
24014732
24014770
24015248
24016631
24019729
24021010
24022690
24023087
24024055
24024774
24025724
24027574
24027688
24030243
24030650
24031098
24031104
24032400
24033956
24036169
24037816
24038181
24042098
24043664
24043964
24043977
24044459
24045121
24045937
24046462
24047950
24049258
24049430
24049971
24050174
24051686
24052602
24054008
24055233
24055277
24055603
24056124
24056748
24057553
24058025
24060788
24064874
24065959
24066663
24066772
24068341
24070150
24070424
24070716
24071191
24071754
24072553
24073137
24073380
24074932
24074943
24075158
24077528
24080385
24083452
24083680
24084236
24085250
24086771
24087030
24088472
24090177
24091440
24091844
24092638
24093510
24094492
24094550
24096967
24097480
24098516
24098958
24099087
24099314
24099882
24100904
24102565
24103306
24105897
24107211
24107548
24109775
24109829
24109916
24116894
24117962
24118408
24118892
24119687
24120341
24121821
24122210
24124750
24126013
24128507
24131353
24131995
24132613
24132776
24132872
24133211
24134478
24134924
24136369
24140835
24140889
24142500
24142912
24143640
24143808
24144323
24145523
24146131
24146254
24146337
24146739
24147877
24148004
24148408
24148470
24149339
24149421
24149557
24150396
24150810
24152430
24156684
24157538
24159253
24159266
24159271
24160977
24162554
24163541
24163569
24164229
24164746
24166099
24166763
24166826
24167042
24167344
24167825
24168722
24168972
24169934
24173957
24174266
24180247
24181715
24183667
24183731
24184736
24187401
24188814
24189289
24189826
24190820
24191100
24193666
24194047
24194407
24194479
24195880
24196785
24197005
24198212
24198463
24198568
24198721
24199907
24200007
24201500
24203842
24205171
24206138
24206172
24207075
24207580
24208834
24209460
24210268
24212413
24213769
24213778
24214167
24215035
24215127
24216402
24216549
24216590
24217029
24218451
24218667
24219451
24220459
24220993
24222512
24223703
24225004
24226012
24227374
24227492
24227699
24228034
24228342
24230234
24231364
24232023
24233867
24233923
24235133
24235418
24235540
24236366
24237228
24238846
24239505
24239835
24240268
24241075
24243439
24243767
24244164
24244531
24245844
24247098
24247553
24248334
24248472
24249427
24249450
24250074
24250844
24251978
24252610
24252673
24253410
24254080
24257479
24257755
24258066
24258202
24261159
24261477
24261684
24262207
24265023
24266570
24267469
24267798
24268104
24271143
24271843
24271992
24272734
24273079
24275084
24276270
24276541
24278896
24278928
24279710
24282556
24283094
24283701
24283905
24284355
24284760
24285652
24285978
24286300
24288838
24290594
24290820
24290898
24291136
24291448
24293087
24294136
24295853
24298530
24299307
24299673
24300036
24302521
24302868
24304645
24305541
24306373
24307465
24307688
24310149
24310183
24311154
24311643
24311962
24313432
24313502
24314630
24315935
24316766
24318675
24320647
24320824
24323666
24324718
24325365
24325432
24325939
24326496
24326916
24328360
24328380
24329533
24331410
24333153
24334623
24335321
24335430
24335725
24335767
24336115
24339581
24340108
24340571
24340791
24341456
24341710
24342463
24344057
24344975
24347841
24352638
24354859
24354863
24354890
24357127
24359060
24360197
24360444
24361488
24362335
24362552
24363479
24365090
24365277
24365789
24370043
24370847
24371470
24371659
24372157
24372953
24374441
24375393
24375911
24377629
24377790
24379783
24380986
24381903
24382144
24383206
24383689
24383847
24384883
24385885
24387868
24388027
24388806
24390563
24390750
24390832
24391257
24392190
24392426
24393379
24394290
24396474
24397834
24398998
24399159
24399341
24399354
24399883
24404953
24405301
24405556
24406132
24410491
24412077
24412762
24414740
24416692
24418079
24418313
24420281
24420564
24420632
24422678
24423105
24425523
24426963
24427131
24427184
24429120
24431248
24433333
24434819
24435837
24435908
24436258
24438599
24441709
24442342
24443596
24445740
24447345
24447629
24447915
24450775
24451823
24452059
24454088
24455120
24455561
24457130
24457853
24459957
24461495
24462144
24464422
24464938
24465088
24465275
24466254
24467753
24468537
24468782
24470780
24471441
24471647
24472376
24473001
24473033
24473718
24473882
24475703
24476064
24476690
24478552
24478946
24480241
24480374
24482277
24483343
24483845
24484108
24484603
24484810
24487993
24488359
24492009
24493048
24493144
24493519
24494007
24494865
24495545
24495702
24496186
24496326
24500794
24502256
24502841
24503330
24505080
24505599
24506298
24506805
24507867
24508920
24509818
24510701
24511641
24512392
24513473
24513663
24515063
24515629
24515688
24515854
24516285
24517345
24517408
24517538
24518599
24519519
24520937
24521615
24522612
24523943
24525524
24526594
24528463
24528574
24529041
24530172
24530735
24531277
24532913
24534730
24536227
24536891
24541291
24544318
24544645
24544692
24545299
24546409
24546715
24547619
24552516
24552779
24553345
24553790
24554763
24555215
24558142
24558283
24559391
24560448
24563902
24564761
24565972
24566728
24567016
24567276
24567364
24567819
24571018
24572196
24572290
24572406
24572449
24572679
24573740
24573824
24574296
24575873
24575986
24576822
24580812
24582214
24583488
24583524
24584607
24585451
24585564
24585821
24588545
24589016
24589382
24589814
24592003
24595062
24598469
24598990
24599448
24600459
24600786
24602182
24602364
24603223
24605367
24606437
24607987
24608805
24608959
24609232
24609969
24611796
24614555
24615225
24615355
24616054
24616876
24617406
24618555
24618684
24619380
24620657
24621479
24622346
24624758
24626036
24627347
24631436
24634296
24634338
24635056
24636928
24637932
24637969
24640991
24641164
24642031
24645084
24645799
24647162
24648400
24651384
24652486
24653846
24654960
24658046
24660846
24661114
24661393
24661698
24661719
24662652
24664060
24664126
24664775
24665225
24666541
24667066
24667121
24668332
24670174
24670627
24672036
24673455
24674103
24674994
24675726
24675793
24676025
24678331
24678492
24679818
24680012
24680787
24681566
24681567
24683931
24684475
24685917
24686713
24687402
24687494
24688483
24689953
24690946
24691117
24692008
24692904
24692969
24693078
24694600
24695085
24697322
24697616
24697956
24698623
24701242
24701959
24702473
24704966
24706155
24706188
24706569
24707124
24708995
24712783
24713819
24713836
24714210
24714856
24718233
24720986
24721194
24721324
24721459
24723692
24724658
24727121
24727844
24728768
24728879
24730353
24730437
24730707
24731360
24737005
24737815
24737868
24739730
24740462
24742591
24742682
24743104
24744102
24744306
24744664
24744872
24746769
24747614
24747698
24748200
24752686
24753345
24755473
24756698
24756755
24760262
24762712
24763871
24765706
24767106
24769759
24772080
24774343
24774457
24775420
24775741
24780183
24783315
24783380
24784136
24784184
24785437
24788160
24790387
24791083
24793325
24794032
24794263
24794962
24795027
24796255
24796678
24797788
24798930
24799223
24799632
24800234
24800912
24800996
24801184
24804155
24804490
24805675
24807126
24807303
24807736
24808116
24808328
24808803
24808805
24809228
24811860
24812629
24813934
24814337
24814883
24814909
24815495
24817175
24817455
24818695
24818947
24819751
24820595
24820795
24822356
24822996
24823106
24824185
24825374
24826795
24828471
24829020
24829127
24831499
24832894
24833632
24834040
24835879
24836379
24837299
24838541
24838631
24840441
24840859
24842009
24843686
24844772
24845251
24845617
24846737
24847161
24847590
24847621
24848503
24848676
24850391
24852490
24854986
24855797
24856921
24858308
24858442
24859299
24859854
24860994
24863017
24867891
24867925
24868850
24870336
24871129
24874957
24877950
24879238
24879792
24879793
24880515
24880876
24883859
24884388
24884562
24886763
24887966
24888857
24890651
24891480
24897692
24898755
24900364
24900734
24901990
24902601
24902907
24902995
24903576
24905809
24906626
24906958
24907429
24909822
24910031
24911963
24914792
24915191
24915893
24915916
24916110
24916896
24918570
24918714
24920268
24921059
24921334
24921469
24922144
24922740
24922959
24924182
24924955
24925895
24926040
24926126
24926888
24928189
24928524
24928985
24929311
24929441
24930180
24931439
24932769
24932838
24932947
24932958
24933238
24933781
24935957
24936208
24936450
24938155
24938316
24939571
24940207
24940269
24940623
24941004
24941234
24941888
24948359
24949400
24951426
24951678
24951784
24952605
24953074
24953778
24954217
24955072
24955084
24955882
24955973
24956094
24956121
24956388
24956411
24957701
24960455
24960780
24962221
24962280
24963860
24965358
24965578
24965850
24965917
24967191
24969585
24970308
24970351
24970733
24970946
24972287
24973139
24973205
24973630
24974322
24975977
24977648
24979042
24980271
24982678
24984420
24984979
24985664
24986069
24986881
24987413
24987417
24988713
24989457
24989748
24990046
24990286
24991216
24991401
24991739
24993585
24994420
24996298
24996331
24996513
24998616
24999081
24999755
25000242
25001978
25003381
25004300
25004929
25005684
25005914
25006323
25007366
25009476
25011193
25011372
25011758
25012256
25012961
25014896
25015114
25015189
25016124
25016429
25016680
25018189
25019542
25020294
25020518
25021368
25021608
25025338
25026042
25026165
25027676
25027777
25028275
25028516
25029865
25030010
25031616
25031757
25032163
25035590
25036788
25036832
25038162
25039011
25039993
25040493
25041333
25042392
25042738
25043563
25045268
25046429
25047412
25047859
25048255
25048615
25051110
25051514
25052945
25053710
25054816
25056384
25056826
25057390
25058624
25059720
25060593
25061879
25063189
25063557
25064740
25066481
25066642
25066839
25067866
25068109
25068505
25070049
25070089
25070625
25070652
25071163
25071690
25072772
25072783
25074182
25074394
25074424
25076121
25076564
25077123
25077805
25079946
25079956
25081388
25084092
25084301
25085594
25086055
25086651
25092296
25092717
25093324
25094247
25094299
25094684
25095102
25095571
25095772
25100154
25101260
25102261
25102693
25102710
25105164
25108570
25110297
25110305
25111271
25111946
25112442
25112788
25113062
25113497
25113682
25114237
25116909
25118997
25119175
25120806
25122935
25123134
25124449
25125332
25125507
25129953
25130204
25131148
25131272
25131690
25131787
25133202
25133787
25136910
25137242
25137780
25137889
25138052
25138292
25138679
25139832
25140847
25140924
25142424
25142470
25143995
25144646
25144941
25147779
25148626
25149237
25149571
25150432
25151299
25151872
25152165
25152281
25152467
25154055
25156381
25156609
25157442
25158511
25164704
25164963
25165473
25166326
25166910
25167733
25168816
25169855
25170042
25170211
25170784
25171649
25172528
25174837
25175572
25176593
25176902
25177489
25178823
25179681
25182374
25182800
25182831
25182990
25183176
25186520
25186888
25187255
25189235
25190520
25190766
25191117
25193729
25195869
25196872
25198370
25198547
25199145
25204626
25204632
25204672
25205271
25205716
25206094
25206834
25208863
25209875
25210046
25212337
25212534
25215433
25215848
25216784
25219309
25220957
25221070
25221850
25223298
25224021
25224200
25224301
25226688
25227694
25228013
25228980
25229926
25229985
25231339
25231795
25233016
25233025
25233943
25235751
25238208
25240048
25242303
25242702
25242818
25242843
25242891
25243522
25243741
25245107
25245706
25246228
25247526
25249225
25249294
25250099
25251364
25252222
25252711
25253920
25254031
25254143
25254832
25254849
25257425
25258461
25259112
25259577
25260584
25260695
25260790
25261192
25262608
25263198
25263378
25264294
25264487
25264491
25265012
25265073
25265595
25265855
25267280
25269089
25269861
25270136
25270325
25271186
25273235
25276255
25276371
25276538
25277376
25278389
25278591
25278638
25279301
25279893
25280282
25280389
25280582
25281262
25282178
25283206
25283412
25285182
25286159
25288812
25288872
25288994
25289010
25289754
25290114
25292050
25292286
25292502
25296149
25296693
25297417
25297638
25298555
25299991
25303414
25304061
25304126
25307028
25307134
25308514
25308700
25308865
25309568
25312424
25312636
25314485
25314883
25315024
25315624
25317350
25318739
25319707
25320464
25320492
25321076
25322457
25322723
25325670
25325766
25326435
25327280
25327290
25330161
25332466
25337606
25338291
25338379
25340580
25342448
25342830
25342915
25343395
25343427
25344902
25346665
25347494
25347748
25348049
25348349
25348828
25349271
25349851
25350367
25351691
25353577
25354100
25354596
25354987
25355141
25355327
25355653
25356407
25356714
25357498
25357521
25359610
25360345
25363046
25363915
25366932
25367751
25369971
25370604
25371524
25373094
25373207
25373612
25374109
25374155
25374643
25375292
25377699
25379284
25379800
25380566
25380862
25381208
25381645
25382259
25382690
25385311
25385319
25385501
25386238
25386450
25386981
25387160
25387628
25390191
25392608
25393231
25394597
25395354
25396571
25399131
25401357
25403430
25403950
25404003
25404613
25406178
25407437
25410310
25412689
25413170
25413534
25414222
25414238
25414874
25415894
25418600
25418652
25420283
25420615
25422394
25424100
25427499
25427969
25428946
25429494
25429761
25431515
25431946
25433791
25435139
25439055
25440639
25441872
25442143
25442435
25442517
25443261
25443394
25443951
25445292
25445439
25446306
25446515
25447216
25447447
25447598
25447599
25448269
25450808
25451146
25451231
25451879
25453181
25453201
25453510
25454891
25460131
25460188
25461072
25462697
25464669
25468088
25470103
25470866
25471063
25471281
25472250
25473149
25473796
25475673
25475774
25475878
25476105
25478447
25479078
25479101
25480895
25481281
25481359
25482265
25482497
25483846
25484177
25484385
25484729
25484900
25485519
25485725
25485854
25486042
25486561
25487660
25488807
25488922
25489534
25489981
25490427
25491512
25492790
25492862
25494128
25495179
25495748
25496811
25497877
25499255
25499383
25500014
25500409
25501424
25503269
25504548
25505429
25506425
25509310
25509497
25509985
25510155
25511941
25515341
25516008
25516166
25516806
25519083
25519742
25520607
25520653
25520958
25521457
25522505
25523849
25524719
25524774
25525163
25526064
25526203
25526992
25527189
25527270
25529407
25529779
25529902
25531868
25536025
25536507
25539627
25539836
25541503
25541822
25542074
25543227
25543370
25543591
25546357
25547740
25549868
25551562
25551798
25553196
25553337
25554877
25555144
25555635
25556386
25558010
25558238
25559565
25559759
25560882
25563936
25565428
25565545
25565661
25566010
25567100
25567631
25572944
25573119
25573558
25573950
25574404
25576269
25578059
25578230
25578773
25579048
25581354
25583290
25583776
25585502
25586356
25587594
25588726
25589302
25590843
25592828
25593723
25594614
25598586
25599238
25601677
25601763
25602276
25602845
25602895
25605114
25605131
25606598
25606639
25606788
25608975
25609022
25609772
25610259
25610406
25614224
25614696
25617451
25618374
25619133
25620480
25621954
25623259
25623542
25624104
25624264
25625536
25626483
25627472
25628453
25629112
25629217
25630687
25630898
25633055
25633381
25633440
25634966
25636010
25636468
25636783
25637038
25639586
25642547
25643159
25644351
25645197
25645963
25647136
25647315
25647441
25648990
25649468
25650911
25651372
25656926
25657019
25657509
25657723
25658266
25658291
25659497
25660323
25661527
25662889
25663744
25664238
25666506
25667705
25668748
25669800
25670705
25670862
25671365
25671737
25672997
25673399
25677925
25678602
25678609
25680681
25684562
25685863
25686922
25687763
25687866
25687882
25688312
25693363
25694163
25695519
25696509
25697469
25701165
25701522
25701562
25703214
25704262
25708194
25709072
25709945
25710754
25712350
25713686
25714784
25715699
25718350
25718427
25719895
25721885
25721973
25722691
25722735
25723881
25723911
25725680
25725787
25727027
25727682
25728692
25730063
25730441
25731971
25733346
25735576
25738049
25742829
25747718
25748244
25748341
25749206
25749854
25749878
25749946
25750822
25752441
25752970
25753127
25754346
25756628
25756766
25756927
25758531
25760172
25760684
25761058
25762807
25765730
25766487
25767377
25768275
25769136
25769858
25770506
25771313
25771465
25771856
25772108
25772910
25775293
25777348
25777951
25782294
25783792
25783904
25783955
25784496
25785145
25786464
25788686
25788800
25789456
25789954
25790180
25791156
25791245
25793154
25793612
25793646
25795612
25795744
25796821
25798812
25801896
25802765
25802809
25803109
25803940
25805259
25805768
25807571
25808393
25808537
25809109
25809507
25809950
25810467
25810547
25812043
25814466
25815774
25817805
25820301
25820600
25823159
25823772
25824230
25825654
25826028
25827078
25827317
25828453
25828705
25828840
25829274
25829473
25831030
25831420
25831787
25832040
25832275
25832859
25833126
25834022
25834405
25836198
25838057
25838575
25839651
25839977
25840463
25842902
25843038
25844329
25845239
25845654
25847589
25847700
25847705
25847997
25848226
25848410
25849020
25849309
25849313
25850974
25851098
25852294
25853928
25854014
25855513
25855792
25856800
25857500
25858441
25860278
25863471
25864530
25865382
25865819
25865956
25867257
25870125
25870212
25872271
25873158
25873835
25874262
25876875
25878261
25878707
25879220
25883252
25883336
25883990
25884060
25884382
25884872
25885543
25887622
25888304
25888722
25888874
25890570
25890936
25891060
25891136
25892362
25894291
25895776
25895959
25896518
25896771
25897497
25898734
25899062
25899364
25900578
25900966
25901383
25902794
25904207
25905790
25907091
25908259
25908602
25908754
25909109
25910018
25910150
25911301
25913040
25913130
25914259
25914696
25916342
25916466
25917954
25918320
25918526
25918591
25920053
25921441
25924882
25925455
25925669
25925975
25926254
25928411
25929785
25930646
25933188
25937140
25937389
25938895
25939489
25939845
25940199
25940344
25940425
25941270
25941744
25944025
25944429
25944982
25945352
25945431
25947773
25947867
25948701
25951933
25952412
25953856
25954518
25954865
25954866
25955748
25955755
25956606
25959105
25959953
25960277
25960560
25965880
25966045
25968352
25970823
25970938
25972175
25973235
25974662
25974997
25975112
25975428
25976666
25977719
25978209
25978571
25979617
25979725
25980604
25983948
25984086
25984102
25986503
25989570
25989726
25990060
25990676
25991785
25993176
25994156
25994863
25995111
25995114
25996607
25997241
25997983
25998100
25999321
26000074
26000523
26000529
26003419
26005508
26005601
26007403
26008159
26009026
26009611
26013386
26014108
26015276
26015554
26016138
26017047
26017491
26018096
26018253
26018939
26018969
26019640
26022464
26022701
26023004
26025314
26026616
26028932
26029062
26031180
26033313
26033365
26035642
26036342
26036551
26037491
26037539
26037642
26040330
26040410
26040674
26041396
26045813
26047265
26047525
26049312
26051122
26052509
26054020
26054268
26054686
26054934
26057150
26058957
26058996
26059032
26059652
26061115
26061212
26062151
26062717
26065795
26068867
26069268
26070440
26071114
26074578
26076367
26077525
26077827
26078628
26078910
26080964
26081078
26082023
26082385
26083751
26084448
26085631
26086038
26086815
26088942
26089597
26091819
26092388
26092407
26095200
26096178
26096597
26096655
26098642
26098769
26098808
26098941
26101315
26103070
26104250
26104468
26106296
26107880
26108729
26109610
26110525
26111227
26111443
26111698
26113612
26113745
26114449
26117564
26119029
26119862
26121230
26121315
26123526
26125123
26125473
26125671
26126192
26126409
26128522
26128695
26130072
26130503
26130581
26131252
26131938
26132051
26132262
26132987
26133972
26134370
26136297
26137395
26138432
26138780
26139675
26139732
26140477
26141770
26145447
26146725
26151974
26152810
26154680
26156080
26156848
26157506
26159411
26159865
26161578
26162482
26164817
26166856
26166926
26166997
26168082
26168209
26168399
26169665
26170767
26173920
26175038
26175623
26176242
26176623
26177262
26177761
26178114
26182785
26184828
26185143
26188180
26188247
26189587
26189702
26190263
26190547
26190686
26191515
26192153
26192555
26193780
26194518
26195598
26195724
26197875
26202279
26203586
26204095
26204357
26205020
26206158
26206435
26208498
26208594
26208969
26209209
26212551
26213017
26213529
26216773
26216919
26223057
26223087
26223838
26224131
26226382
26227100
26227307
26227667
26227933
26229053
26229153
26232441
26232612
26232732
26233131
26235070
26235439
26236086
26237211
26237653
26238410
26238810
26239836
26243608
26245873
26246038
26247650
26248260
26248338
26248368
26248617
26250336
26252326
26252367
26252476
26252609
26253169
26253854
26254376
26260378
26260542
26261929
26261988
26262133
26263497
26265282
26265315
26265483
26266336
26267599
26268050
26268513
26268523
26268818
26269372
26272937
26273207
26274131
26276131
26276485
26276771
26279376
26279746
26281402
26281424
26283272
26283779
26284346
26284674
26285161
26286037
26287220
26287354
26287663
26288199
26289915
26291051
26291079
26292873
26293187
26295784
26296134
26296768
26297491
26300488
26301942
26302665
26303047
26303279
26304554
26304716
26304765
26305005
26305164
26308984
26309284
26310671
26310695
26313207
26315159
26315242
26316515
26316891
26317143
26318323
26318342
26320002
26321069
26322085
26323326
26326066
26326073
26326556
26326944
26327288
26327355
26328212
26330066
26330288
26330332
26330391
26330424
26332415
26334641
26339331
26339581
26340206
26342744
26342866
26343807
26343945
26344101
26344124
26344134
26344669
26344985
26345208
26346748
26346840
26347136
26347197
26347568
26348589
26349479
26349780
26351317
26351512
26351536
26351620
26353271
26353784
26356418
26356849
26356865
26356973
26358707
26359460
26360119
26360252
26362137
26363828
26364647
26366096
26366721
26366977
26367463
26368322
26369633
26371624
26373347
26374809
26375893
26376071
26376649
26378490
26378831
26379955
26379956
26380882
26380976
26382643
26383160
26383664
26386383
26388840
26389336
26390056
26390882
26392820
26392862
26393422
26393673
26394306
26395394
26397483
26398791
26400904
26401764
26403367
26404306
26405217
26406040
26407444
26412117
26413154
26414995
26415300
26417510
26418509
26418676
26419016
26419131
26420551
26421157
26421274
26421821
26424359
26427945
26431748
26432933
26433135
26436579
26436930
26437484
26437507
26437571
26439128
26441107
26441609
26444766
26445607
26446456
26448791
26450788
26450861
26450969
26451514
26452300
26454475
26454607
26454625
26455172
26457435
26457848
26458389
26458585
26463870
26465567
26467007
26470396
26470408
26470600
26471174
26472650
26474993
26475408
26476938
26477223
26477373
26478233
26480587
26480611
26480822
26481124
26482710
26483355
26484198
26484437
26485314
26485662
26486839
26487117
26487434
26487574
26489172
26490232
26490721
26491667
26491961
26492746
26494075
26496940
26497101
26502236
26504938
26505045
26505555
26506446
26506844
26507671
26508744
26509837
26510771
26512289
26512868
26513965
26515110
26516237
26519478
26519872
26522736
26523174
26524771
26525879
26527418
26529990
26530970
26532585
26533162
26534946
26535151
26535401
26535527
26536904
26537596
26538392
26538490
26541600
26542426
26543192
26545674
26546948
26549185
26549575
26549669
26550845
26550919
26551425
26551621
26551960
26552405
26556319
26557364
26558133
26558526
26559414
26559744
26561171
26561786
26562095
26563007
26564721
26566053
26566437
26566642
26567299
26568577
26568903
26569756
26569812
26570477
26570595
26571493
26573788
26573920
26575666
26577865
26578400
26579935
26580451
26580682
26583568
26586421
26586910
26588172
26589097
26589592
26589676
26589942
26590610
26590626
26592292
26592965
26593436
26594858
26594902
26595259
26595298
26601541
26601799
26604504
26605629
26605704
26607759
26608482
26610839
26610847
26611874
26611921
26612148
26613296
26614713
26615260
26616333
26617042
26618219
26618901
26619372
26620947
26623831
26624439
26625429
26626968
26629338
26629414
26630009
26630469
26631419
26631817
26633710
26634065
26634140
26635790
26636116
26636781
26637137
26637470
26638932
26639171
26640629
26643133
26644079
26647283
26649700
26650222
26650269
26652012
26652530
26656301
26656353
26658175
26658273
26659217
26660033
26660705
26661903
26663782
26664193
26664201
26665991
26666834
26668369
26669444
26671969
26672019
26672224
26672234
26672637
26673215
26675960
26676089
26676825
26679065
26682226
26683779
26684604
26685837
26686842
26687537
26687785
26691336
26692264
26692577
26697141
26697396
26698765
26700558
26702802
26703705
26704602
26705345
26707338
26707552
26708243
26709158
26712789
26715740
26716559
26717096
26719204
26719392
26719522
26720922
26720925
26723001
26723549
26723709
26723983
26724061
26724504
26725819
26725847
26726767
26729167
26731136
26732854
26733466
26733470
26734831
26736236
26736937
26737006
26737472
26738225
26738390
26738452
26738600
26739479
26740920
26741208
26741621
26742008
26743100
26743104
26743897
26745249
26745578
26746598
26746902
26748873
26749817
26749842
26749921
26755106
26757737
26758061
26758764
26763899
26764098
26764323
26764927
26765631
26766882
26768222
26768569
26769760
26770013
26770527
26770773
26771968
26772043
26772387
26772544
26774319
26775702
26776172
26777331
26779296
26779547
26780313
26786211
26787756
26790099
26791143
26794177
26794390
26794422
26795548
26795696
26798070
26798789
26799898
26800734
26801295
26802227
26802975
26803056
26803117
26803174
26804030
26804212
26805045
26805154
26805812
26806068
26806132
26806705
26807901
26809908
26812540
26813704
26814729
26816211
26816708
26817914
26820764
26826194
26826266
26826643
26828136
26829597
26829628
26830304
26830310
26830448
26830523
26830566
26833371
26833950
26834195
26837046
26837617
26838450
26841489
26841625
26842781
26843462
26845531
26846824
26847704
26848219
26849450
26850207
26850327
26851375
26851984
26852708
26853654
26853878
26853961
26854294
26855265
26855295
26855559
26855806
26856642
26857074
26857213
26857355
26857728
26858900
26859149
26860242
26862613
26862689
26863265
26865668
26865874
26867482
26867851
26869972
26871684
26874839
26875243
26877544
26878050
26878911
26880457
26881771
26882000
26882569
26883353
26884363
26884441
26884696
26884931
26885204
26885969
26888045
26890661
26892617
26893461
26894409
26898109
26898277
26898480
26902350
26902364
26904894
26905453
26906165
26907194
26907690
26908178
26908507
26910571
26911168
26912165
26918105
26919663
26920133
26920343
26925055
26925774
26929433
26929457
26930522
26930692
26932949
26933352
26933626
26936963
26936968
26937481
26941091
26941500
26945032
26945309
26946078
26946163
26947050
26947169
26947218
26949332
26949872
26950221
26951178
26953547
26956861
26957830
26958009
26960177
26962210
26962630
26962876
26964542
26965153
26965259
26966467
26967434
26967563
26968648
26969824
26971155
26972505
26973855
26974830
26975128
26975324
26978659
26979534
26980791
26982938
26983030
26983380
26984680
26985812
26986166
26990242
26991833
26993751
26994551
26994921
26995193
26996477
26998038
26999159
26999473
27000081
27000411
27002880
27003272
27003632
27004790
27005852
27005974
27006600
27007108
27008204
27009538
27010613
27010751
27010823
27010861
27010967
27011848
27012825
27013300
27015665
27016931
27018872
27018954
27020386
27021002
27021596
27021867
27022137
27023185
27024259
27029340
27031585
27031885
27032679
27033804
27034486
27036118
27038879
27039652
27040091
27040388
27049136
27049748
27050445
27051056
27051440
27051599
27053102
27053130
27054502
27056403
27057075
27057085
27058295
27059261
27060576
27061888
27062442
27064257
27064654
27066775
27067027
27068117
27068987
27069035
27069776
27071907
27072082
27072414
27072445
27072687
27073491
27073495
27073895
27073908
27073928
27075194
27075340
27076822
27077018
27078571
27079325
27079584
27082203
27083170
27087920
27089767
27090755
27091567
27094311
27095431
27096732
27097261
27101146
27102821
27102854
27103863
27104246
27106023
27106379
27107234
27108827
27110367
27110493
27110707
27111003
27111068
27111336
27111862
27113563
27113660
27116914
27117313
27117600
27117666
27119856
27121108
27122534
27122582
27122588
27124192
27124566
27125189
27125432
27126137
27128906
27129243
27129732
27130432
27130809
27130934
27130963
27131995
27132629
27133023
27133141
27134697
27135918
27136755
27136756
27136761
27138304
27138540
27139495
27139777
27140286
27140392
27140582
27144919
27146002
27146258
27146361
27148705
27149235
27149608
27151869
27152199
27152527
27153169
27153619
27154001
27154689
27155007
27155151
27155220
27155837
27156596
27158762
27159852
27159949
27163597
27164702
27164831
27168096
27170879
27171330
27172012
27176565
27180163
27180365
27182451
27183083
27183114
27183205
27184089
27185528
27187070
27187128
27190916
27191199
27192391
27193777
27195004
27195697
27196786
27197311
27198033
27198890
27199193
27200904
27201429
27201463
27202296
27205749
27205823
27205962
27206121
27206526
27207628
27208992
27210198
27211746
27212714
27214337
27214866
27217253
27217289
27218331
27219462
27219705
27219757
27220279
27222197
27222779
27223861
27224701
27226245
27226295
27227505
27229492
27231256
27231927
27232360
27232398
27233614
27234157
27234441
27234447
27235221
27238710
27241646
27242549
27242553
27243675
27243875
27246265
27246674
27247147
27247718
27248142
27248252
27248980
27249427
27249595
27251859
27254845
27254898
27255121
27256811
27257300
27257905
27258959
27261356
27262368
27262744
27263310
27263444
27265115
27265151
27265709
27266260
27269624
27270015
27270654
27271231
27272705
27273286
27275395
27278333
27281556
27282227
27283534
27283734
27286027
27287237
27287550
27289414
27290989
27291394
27292833
27293104
27294597
27296885
27296988
27297976
27299303
27303918
27305957
27306726
27307038
27307523
27308590
27312108
27317394
27318317
27318624
27318709
27320680
27320792
27321097
27321124
27321684
27323267
27323438
27324801
27324996
27326368
27326407
27326980
27327834
27328312
27332313
27332854
27334106
27336029
27339300
27339541
27341642
27341878
27342665
27343026
27343329
27344675
27344860
27346359
27347134
27347214
27348354
27348550
27348593
27351083
27351825
27353505
27353754
27353758
27354928
27355760
27358925
27358937
27358942
27359579
27359832
27360179
27363392
27365675
27365779
27365821
27365878
27366104
27367373
27368318
27369495
27370772
27373216
27374649
27375203
27377903
27378385
27380537
27380749
27380943
27381418
27382160
27382471
27383091
27383505
27383592
27383624
27385806
27386042
27386444
27389297
27389925
27390284
27390737
27391589
27392666
27392942
27394423
27397226
27399209
27401146
27401489
27402375
27402481
27402702
27404336
27405731
27406435
27406995
27407585
27407879
27408056
27409901
27409946
27411730
27412322
27412632
27412767
27412797
27414530
27414797
27414856
27415205
27419830
27420339
27420434
27421262
27421296
27423200
27423498
27425327
27425725
27427086
27427210
27427437
27429589
27430362
27430524
27430811
27432134
27435471
27435603
27435977
27436727
27437207
27441439
27441517
27441558
27442403
27442718
27442758
27443626
27444009
27444845
27445069
27446601
27447226
27448209
27448220
27448319
27448673
27448798
27449289
27449718
27449876
27451357
27454677
27455189
27455833
27455861
27457064
27457394
27457637
27457680
27459613
27459975
27461916
27462187
27462231
27464303
27465443
27466298
27466847
27466857
27467835
27467964
27468029
27469800
27472236
27472503
27472925
27473351
27473519
27474003
27474847
27475896
27476059
27479430
27479964
27482786
27484932
27485434
27486921
27487549
27489392
27492180
27492270
27494724
27496608
27498028
27499569
27499787
27499912
27500238
27500570
27502162
27502232
27503499
27504101
27505344
27506105
27508506
27508972
27509178
27509353
27510972
27511906
27512612
27512732
27516427
27518481
27518599
27522916
27523284
27523827
27528220
27528304
27528864
27530044
27530538
27530821
27531197
27531916
27532561
27533391
27533979
27535486
27535807
27535951
27538782
27539218
27539747
27540722
27542226
27544831
27544893
27546556
27547287
27547678
27547855
27548485
27548910
27553060
27553410
27554949
27555120
27557095
27557812
27563358
27566327
27566472
27568480
27568520
27569515
27569527
27570830
27571480
27574457
27576485
27577660
27580366
27580935
27581050
27581060
27582393
27582677
27583447
27584702
27586308
27586340
27587025
27587573
27587974
27588324
27588517
27588613
27590015
27591635
27592385
27592422
27592908
27593013
27593123
27593285
27593567
27594352
27595424
27599495
27599959
27599974
27600745
27600808
27603443
27604821
27605500
27608994
27609308
27610659
27612629
27612740
27612959
27613126
27618554
27618652
27618698
27619034
27619159
27619925
27620571
27621616
27622679
27622902
27623290
27623724
27623809
27624348
27626181
27626276
27627980
27630104
27630190
27631299
27633907
27634253
27634396
27635192
27636546
27637454
27639825
27641369
27645557
27645628
27647507
27647573
27649200
27649333
27649908
27650014
27651781
27652856
27653004
27653284
27653315
27659258
27659807
27660273
27660424
27662305
27663707
27664113
27664739
27665449
27665477
27666357
27666641
27667999
27668202
27668324
27669016
27670193
27670356
27674589
27675125
27675805
27675987
27677056
27679324
27679538
27679708
27680921
27681339
27681754
27681981
27682968
27683464
27683529
27683563
27685026
27686167
27686424
27686666
27687771
27688319
27688637
27689461
27690005
27690126
27691061
27691425
27693007
27693606
27694661
27695171
27696190
27696925
27696995
27698521
27701628
27701981
27703331
27706466
27708045
27709690
27713016
27713235
27715582
27715962
27719615
27721987
27722095
27725187
27726346
27727245
27729321
27730181
27730808
27731098
27732020
27732716
27734093
27734240
27734806
27735636
27741022
27743616
27745842
27746659
27746963
27747638
27747762
27748106
27748865
27750102
27750491
27752746
27753358
27753738
27753977
27754087
27757450
27757470
27758510
27758869
27758978
27760841
27762012
27762332
27763104
27765262
27766215
27766692
27767003
27768710
27769263
27771742
27772949
27775045
27775381
27775592
27776759
27777053
27780148
27784045
27785216
27785275
27785580
27787305
27789487
27789808
27790964
27792124
27794800
27796680
27799083
27799718
27800034
27800640
27801369
27802066
27802323
27802722
27803934
27804191
27804291
27805454
27806762
27807105
27807428
27809853
27809859
27810769
27810887
27811066
27811113
27811670
27812524
27812984
27813700
27813818
27815268
27816036
27817237
27817832
27817966
27819381
27820354
27821341
27823865
27825281
27827407
27827473
27828082
27828932
27829866
27831092
27832419
27832994
27833011
27833987
27843059
27845315
27846585
27846793
27847119
27848128
27848456
27848623
27849092
27852975
27854971
27855164
27855677
27855920
27857050
27858538
27860106
27860241
27862303
27864566
27865789
27866721
27867319
27867592
27867988
27868462
27868647
27868791
27869132
27871569
27871826
27872185
27872785
27874581
27876148
27876214
27876228
27876639
27880490
27881323
27881382
27881659
27881976
27884166
27885429
27887281
27888268
27888820
27888933
27889696
27890451
27891262
27891537
27893362
27895663
27895721
27896908
27897940
27898180
27900202
27900907
27902884
27903550
27904295
27905099
27905513
27906082
27907096
27908811
27911427
27912042
27912517
27913590
27913923
27915295
27916110
27916520
27916967
27917147
27917435
27917940
27918150
27919635
27920954
27921512
27922737
27924559
27925334
27928831
27930832
27931703
27931877
27933216
27934167
27935718
27937472
27937587
27938376
27938721
27939985
27942849
27942979
27943311
27945099
27946715
27946878
27947183
27949250
27950053
27950280
27950822
27952515
27952739
27952799
27954684
27955709
27955815
27955933
27959246
27960648
27963296
27963448
27967163
27967928
27968065
27968654
27970302
27970469
27971230
27973702
27973966
27974764
27977300
27977471
27978168
27979432
27980569
27981761
27982544
27982666
27984434
27984488
27987657
27988506
27989832
27990440
27990700
27991518
27994299
27995717
27997306
27999031
27999095
27999379
28000320
28000735
28000749
28001158
28001296
28002215
28005500
28006066
28006345
28006974
28007018
28007832
28008364
28009488
28010136
28011716
28013349
28013399
28015977
28016352
28016976
28018594
28018859
28020420
28022091
28022663
28023518
28023635
28023971
28024674
28024813
28025120
28025635
28027431
28029211
28029575
28031039
28031391
28031908
28032933
28032947
28033232
28033411
28033490
28033523
28036618
28036947
28042768
28043072
28047152
28047424
28048059
28048221
28048609
28048640
28049598
28050215
28052091
28052325
28052785
28054937
28055030
28055787
28055978
28056608
28058347
28061024
28061693
28061829
28062838
28063091
28064640
28064890
28066975
28067311
28068900
28070326
28071746
28074163
28076307
28076848
28077388
28078195
28078761
28080250
28080254
28080740
28081593
28082305
28083258
28083361
28083391
28083463
28083607
28083991
28084257
28087907
28089062
28090757
28091497
28092671
28096761
28097221
28099720
28102644
28102825
28104932
28107900
28109613
28112706
28115244
28115633
28116493
28116682
28119557
28119831
28120400
28121117
28121288
28121337
28122043
28122544
28122623
28122857
28122970
28123697
28126262
28127309
28128942
28129989
28130660
28131027
28131997
28133133
28133733
28135317
28136719
28137132
28138031
28138531
28138556
28139308
28141066
28141240
28143348
28143498
28143615
28145336
28146069
28146130
28146386
28146498
28147161
28147836
28150448
28150713
28150814
28150876
28151486
28152295
28153726
28153923
28154362
28154929
28155104
28157130
28158070
28159410
28159674
28161588
28162314
28164181
28164383
28164968
28165011
28165279
28166476
28168948
28169370
28170117
28171713
28172320
28174456
28174991
28175651
28177866
28179050
28181320
28181337
28182016
28183701
28187301
28190192
28190740
28191024
28191492
28192623
28192821
28193492
28195995
28197129
28197576
28197836
28198860
28200558
28202299
28203297
28204138
28206748
28209309
28209978
28210242
28210669
28210882
28211372
28211997
28212160
28213232
28214189
28214233
28214822
28215119
28215122
28216401
28217098
28217583
28218853
28219422
28221330
28221426
28224904
28225447
28225496
28225975
28227237
28228469
28228614
28228860
28229618
28229673
28230024
28230458
28230660
28232600
28232718
28234257
28235850
28235919
28236767
28237596
28238551
28240162
28241705
28243618
28247530
28247918
28249166
28251047
28252076
28253329
28254047
28254967
28255743
28256864
28257191
28258484
28259178
28259267
28260831
28261390
28262427
28264338
28265460
28265554
28267353
28267512
28268009
28268399
28268552
28269460
28270233
28271272
28273632
28273783
28274202
28274681
28274894
28275360
28277083
28277717
28278771
28280205
28280261
28280471
28281706
28282501
28282626
28284627
28284690
28285372
28286706
28286782
28287293
28287297
28288697
28289021
28289637
28290189
28290431
28290610
28292455
28293600
28294221
28294905
28295629
28295650
28295863
28297077
28299041
28299831
28300551
28300713
28300963
28301119
28304343
28305206
28306585
28307849
28311056
28311272
28313318
28313485
28317637
28318644
28320339
28320723
28320915
28320949
28321631
28323322
28326191
28327520
28328230
28328468
28328517
28329115
28329117
28330804
28330916
28331922
28335209
28335496
28336171
28337282
28339064
28342106
28342186
28343695
28344438
28345330
28345472
28347786
28348941
28349941
28350393
28350840
28351125
28351344
28352645
28353715
28354093
28354172
28354723
28354745
28356343
28356463
28356720
28358171
28358428
28358696
28360401
28360899
28361633
28363884
28368443
28369179
28372352
28372693
28374120
28375588
28375916
28376094
28376649
28378459
28378846
28381593
28383669
28384236
28384317
28385335
28386094
28389345
28389728
28392953
28394403
28395332
28396839
28397387
28397722
28400372
28402114
28402180
28403396
28404184
28405950
28406702
28406823
28408562
28408798
28409148
28410696
28410963
28411599
28412678
28414751
28415878
28416423
28417383
28417592
28417660
28418851
28419700
28424694
28425325
28426554
28426838
28427073
28428144
28428357
28429808
28432988
28433558
28433754
28434222
28435888
28435937
28436497
28436861
28436955
28437423
28438227
28438307
28438367
28439415
28439577
28440560
28442071
28442248
28445272
28445777
28446118
28447499
28448890
28449080
28450323
28451145
28452823
28455259
28455725
28455850
28456871
28457345
28458652
28460526
28463020
28466364
28466389
28466611
28468015
28468360
28469297
28470244
28471290
28471323
28471901
28472624
28473591
28473676
28474900
28475735
28476907
28477668
28477970
28478539
28478598
28479433
28480407
28480568
28480966
28482603
28483372
28483780
28485635
28487173
28487952
28488659
28489022
28489931
28489949
28490044
28491560
28495828
28496766
28497280
28498529
28499515
28500437
28500488
28501425
28502238
28502474
28503398
28507329
28509708
28510215
28510236
28511306
28511758
28514884
28514900
28517975
28518387
28519308
28520176
28521600
28522012
28522803
28523451
28523490
28524843
28525352
28526103
28526385
28527087
28527775
28528929
28529601
28530039
28530883
28531115
28533503
28533596
28533771
28534846
28538061
28538251
28538281
28539411
28540398
28540841
28543650
28544873
28545292
28545444
28548302
28549035
28553319
28555376
28556223
28556255
28556312
28557229
28558624
28566587
28567033
28568706
28568789
28569236
28569395
28573034
28573279
28574272
28576106
28576275
28577931
28578255
28578316
28582041
28582554
28583750
28584039
28587139
28587870
28589967
28592239
28594436
28594677
28595377
28595818
28597227
28597332
28597836
28598287
28598382
28599535
28599722
28602241
28603141
28604370
28605389
28606966
28607656
28609087
28610411
28610443
28611881
28612511
28613502
28614516
28614869
28615005
28615412
28616150
28616380
28617102
28617427
28617525
28617553
28618543
28619492
28623017
28624271
28625278
28625435
28625589
28626933
28631712
28633439
28633736
28633789
28633814
28634020
28634519
28635668
28635863
28640008
28640427
28641930
28642727
28643142
28644016
28644859
28644905
28645378
28647643
28647980
28651246
28651477
28653179
28654272
28657321
28657654
28659987
28661804
28663364
28663679
28664986
28665803
28669712
28670099
28671971
28672861
28673093
28673796
28675535
28676458
28676661
28679154
28682516
28682565
28684085
28685773
28686026
28686961
28687890
28688676
28689232
28690942
28692049
28693060
28693064
28694357
28694966
28696138
28696312
28696517
28698891
28699384
28699665
28700117
28703415
28705261
28705725
28708002
28708354
28709086
28712721
28712940
28712948
28714669
28716269
28717889
28720570
28720823
28721683
28722147
28722803
28723100
28723526
28724658
28726428
28726636
28729557
28731561
28731872
28733345
28733874
28734569
28735813
28736673
28736748
28737174
28737952
28739034
28739758
28741363
28742337
28744802
28746200
28746640
28747971
28748039
28748452
28752791
28754377
28754429
28757141
28757686
28758322
28758390
28759369
28759979
28764586
28765353
28765416
28765790
28767643
28768103
28768529
28768553
28770060
28770874
28771408
28773514
28774443
28776112
28776747
28777310
28779476
28780311
28781963
28782865
28783232
28784084
28785273
28785353
28786297
28786600
28787057
28787292
28788381
28788785
28789440
28790311
28791442
28794231
28794654
28797100
28797730
28798759
28799154
28800037
28802146
28802960
28803839
28804046
28804984
28805054
28805562
28810575
28811729
28812920
28813033
28813492
28814847
28815153
28815871
28817520
28817888
28818033
28818707
28819063
28819132
28821898
28825960
28826107
28827874
28829237
28829445
28829496
28829551
28829771
28829941
28831052
28831492
28831688
28833029
28833181
28833978
28834736
28834825
28835120
28837659
28839191
28842423
28842702
28844646
28844653
28846766
28850050
28850541
28851369
28851485
28851827
28852315
28854033
28854107
28855998
28857058
28857853
28859601
28859609
28859907
28859954
28860488
28861577
28861700
28863906
28865037
28866008
28867394
28868810
28869089
28870922
28871061
28871875
28874287
28874552
28874646
28875389
28875583
28876195
28876221
28876693
28876806
28881529
28883821
28884210
28884513
28884898
28885391
28886122
28886374
28886878
28887890
28889439
28889909
28890267
28892777
28892988
28894174
28895463
28898236
28898827
28898923
28900980
28901941
28905003
28906917
28908654
28912178
28916427
28916898
28917021
28917053
28917335
28917860
28918776
28919287
28919457
28919534
28920642
28922923
28922924
28923078
28923996
28924624
28924874
28925378
28927145
28927442
28928017
28928065
28928301
28930266
28932858
28933153
28933176
28933373
28933457
28934853
28935157
28935409
28935675
28935933
28936075
28937334
28938235
28938963
28939284
28939368
28939951
28941630
28943676
28944689
28945728
28947425
28950113
28951443
28951857
28952139
28954597
28956527
28957585
28957666
28958668
28959590
28960412
28963196
28964818
28965880
28966370
28968791
28977615
28978527
28979243
28979664
28980287
28983650
28983728
28983946
28984130
28984499
28986747
28989993
28991244
28994562
28996080
28996335
28996393
28996559
28997729
29000779
29000942
29001880
29002011
29008943
29009211
29009455
29009803
29010260
29010592
29012524
29013196
29013321
29013376
29013495
29014988
29016033
29016246
29018227
29019365
29022140
29022555
29024462
29027193
29028805
29029091
29029725
29029976
29031010
29032170
29035574
29036170
29038461
29038757
29039152
29039588
29039901
29039998
29041960
29042654
29043039
29043074
29044596
29044743
29045149
29045233
29047877
29050282
29050372
29050434
29050549
29051509
29052145
29052220
29054058
29055218
29055362
29056297
29058818
29059497
29059887
29062797
29063675
29064063
29064720
29065034
29065567
29066788
29067726
29068142
29068348
29068652
29068668
29070676
29071005
29071026
29071308
29072409
29072784
29073687
29075094
29075638
29075839
29075869
29079617
29081281
29081342
29081628
29081866
29082985
29083508
29083765
29083852
29085849
29085873
29087406
29089138
29089965
29090885
29091632
29091974
29094680
29096022
29096366
29097896
29099216
29101720
29101773
29102902
29104144
29104712
29105235
29105795
29107494
29108314
29110606
29111161
29111600
29111642
29115196
29115456
29116030
29117697
29118188
29119184
29119581
29119631
29119632
29119785
29120194
29123202
29123689
29123909
29124413
29124988
29126690
29127109
29127464
29128328
29128850
29129062
29129670
29131204
29132567
29134138
29134276
29134699
29137054
29137582
29138347
29138583
29142674
29143166
29144485
29145284
29145695
29146157
29149090
29149156
29150491
29151447
29152148
29152559
29152836
29153182
29153741
29153789
29154312
29154496
29155667
29156505
29156708
29156896
29157658
29158087
29159454
29160009
29161379
29161443
29161475
29162415
29163621
29167155
29167240
29168841
29168908
29171224
29172274
29177131
29180194
29181001
29181726
29182644
29183148
29183937
29184664
29184898
29186650
29187415
29187446
29188411
29192995
29193424
29193682
29194304
29194894
29195825
29196386
29196983
29198277
29200573
29201777
29203847
29203863
29204122
29204346
29206666
29207357
29208016
29209542
29210851
29213165
29214685
29215304
29215462
29218239
29218410
29218465
29219319
29219572
29220746
29220819
29222844
29222886
29222998
29223113
29224242
29224591
29225148
29226259
29228094
29229029
29230007
29231043
29231925
29231948
29233152
29233159
29233657
29234672
29234918
29236279
29236638
29236807
29237301
29237425
29238325
29239968
29239975
29241677
29242850
29243304
29243743
29244446
29245503
29246218
29246230
29247654
29248539
29249178
29249638
29249849
29249959
29251268
29251423
29252233
29254326
29254705
29254929
29258413
29259677
29259805
29260335
29260538
29260590
29260745
29262205
29262663
29263489
29265047
29265818
29266348
29268622
29270317
29271863
29273505
29274654
29274854
29275796
29277674
29277781
29278080
29278399
29279904
29281122
29282250
29283280
29284333
29285788
29286313
29287187
29287523
29289740
29291461
29292418
29293518
29293679
29294123
29295636
29299635
29300452
29302722
29302953
29304014
29304265
29305371
29305541
29305626
29308207
29308629
29309642
29310234
29311339
29311626
29312151
29313269
29314563
29314711
29314809
29315551
29315566
29315589
29316023
29316293
29317789
29318337
29318531
29318931
29319229
29319972
29319995
29321160
29322608
29323674
29324408
29324790
29325055
29328191
29329906
29330100
29330970
29332201
29332479
29334741
29335449
29336722
29336904
29338934
29339153
29340542
29343051
29343993
29344185
29345092
29346048
29348097
29348441
29350714
29352584
29353363
29354443
29355901
29356057
29361293
29361875
29362177
29362200
29363653
29364657
29364802
29365350
29367209
29368039
29368299
29369404
29371554
29372360
29372653
29374592
29375700
29376208
29376377
29376621
29378221
29379922
29380137
29380829
29381121
29382702
29382831
29383511
29384006
29384358
29384839
29385851
29386153
29386282
29386305
29386506
29386729
29387314
29388503
29389158
29390348
29391250
29391511
29391665
29392062
29393049
29393561
29393803
29394291
29396033
29396392
29396943
29397627
29398153
29398223
29398396
29398504
29399549
29399789
29401323
29402174
29403268
29404895
29406132
29406359
29406683
29407665
29408600
29409268
29409515
29409531
29409858
29410047
29410942
29412039
29412845
29413080
29416037
29416977
29417095
29417237
29418084
29419349
29419543
29419828
29420732
29421545
29421888
29422524
29425585
29426938
29427354
29428308
29430255
29430744
29431208
29431943
29432371
29432479
29434515
29435441
29435798
29436733
29438509
29439178
29439338
29442512
29443881
29444222
29445873
29448158
29448924
29449231
29449560
29449714
29450273
29450832
29453552
29454983
29455367
29456096
29459774
29459808
29464318
29464877
29467628
29468480
29470118
29471497
29472941
29474954
29475021
29475837
29476249
29479606
29487949
29488936
29488977
29491155
29491385
29491861
29493102
29493225
29494552
29495553
29495837
29498788
29505346
29505884
29506361
29506538
29508213
29508245
29509749
29509878
29509993
29510147
29510761
29511127
29511304
29512907
29513045
29517099
29517309
29519493
29520390
29520679
29521456
29522801
29522955
29528335
29529338
29531786
29534096
29535794
29536435
29538723
29540375
29540811
29543272
29548059
29549812
29551908
29552089
29552770
29552924
29555534
29556025
29556567
29556897
29557077
29557237
29557332
29557337
29559783
29560278
29560456
29561959
29562206
29562811
29565254
29565470
29566459
29566552
29567095
29568345
29569780
29571749
29572055
29573041
29573433
29573751
29575263
29576862
29576903
29577836
29578082
29578165
29578370
29579104
29579214
29579693
29580332
29581231
29581814
29582933
29583151
29583465
29584190
29586040
29586634
29586765
29586808
29587039
29587553
29587714
29591101
29593685
29596058
29596454
29597166
29597483
29598721
29598969
29600202
29601248
29601323
29601982
29602737
29603821
29604115
29604743
29605202
29606648
29607195
29607414
29608215
29608852
29609418
29610000
29611798
29611968
29612400
29613670
29615919
29616088
29616854
29617857
29618314
29619065
29620843
29621339
29622819
29623965
29624910
29626168
29626238
29626511
29627376
29628761
29629111
29633188
29633455
29633659
29634895
29638464
29638669
29641833
29641883
29644868
29645900
29646443
29648058
29649462
29652877
29654295
29655194
29656729
29658559
29661697
29662300
29663615
29665008
29665917
29666043
29666377
29666461
29666825
29667854
29668465
29668688
29668704
29669864
29670530
29670834
29670911
29673013
29673294
29674406
29675594
29677351
29677356
29680536
29681939
29681988
29683825
29684865
29686009
29686286
29687893
29688703
29689804
29689818
29695310
29696296
29696922
29698906
29699812
29700374
29700674
29701146
29703731
29704405
29705384
29705562
29707606
29709238
29709916
29710110
29711141
29711402
29712606
29713306
29713528
29714212
29714965
29715477
29716697
29717276
29719626
29721110
29722157
29732013
29732676
29733409
29735904
29735955
29736273
29737286
29737951
29738238
29738898
29742165
29742326
29742895
29743493
29743745
29744111
29745767
29748115
29749628
29749644
29749910
29749964
29750246
29751206
29754241
29754560
29754867
29755270
29756856
29762393
29762444
29763482
29763570
29765498
29766168
29766678
29768593
29768686
29769617
29769947
29773258
29773398
29774445
29777154
29778113
29780071
29781129
29785413
29786072
29788968
29793459
29793788
29793830
29794026
29794121
29795799
29796480
29796682
29798083
29798686
29798814
29798819
29799483
29800966
29801436
29802773
29804324
29807278
29807281
29807813
29807828
29808788
29808838
29811724
29811889
29813647
29813970
29814382
29815288
29815335
29815643
29817504
29822210
29822796
29823254
29824343
29825134
29826611
29827551
29828702
29829291
29830286
29830361
29831245
29831416
29831718
29832464
29832632
29832841
29835008
29835439
29835580
29836119
29837391
29838966
29840050
29842786
29843354
29844365
29844366
29845082
29846042
29846331
29846473
29846710
29847723
29848345
29850535
29850909
29854281
29854329
29854548
29855265
29855629
29855935
29856021
29856133
29856364
29856762
29857789
29858342
29859863
29861067
29861312
29862398
29862787
29863403
29863461
29864339
29864561
29865811
29865876
29866303
29867071
29868017
29868720
29870525
29870720
29871379
29871880
29872087
29872793
29872900
29873270
29874117
29874642
29875131
29875256
29878371
29880348
29880859
29882729
29883970
29884262
29886356
29887679
29888110
29888974
29889065
29889595
29890245
29890940
29891163
29891837
29893558
29893889
29895506
29895678
29897228
29897930
29898005
29899953
29900061
29900248
29901074
29902833
29903297
29903470
29903771
29905943
29906544
29906700
29907588
29908514
29908720
29908806
29909180
29914216
29914362
29915251
29915787
29916662
29917031
29917070
29917631
29918647
29919264
29919562
29919845
29919880
29920292
29921345
29921388
29921599
29922635
29924424
29924542
29925692
29925793
29925876
29926302
29927143
29931075
29932842
29932927
29933920
29934299
29934388
29934626
29935290
29935486
29937437
29937828
29938207
29939539
29939617
29942164
29942286
29944270
29945003
29950597
29951222
29953588
29955391
29957238
29957848
29958257
29958715
29958838
29959058
29959248
29961568
29962391
29963430
29964212
29965483
29965638
29965846
29967148
29967443
29967614
29969813
29971710
29972320
29974566
29975121
29975290
29976031
29976107
29976766
29977062
29977744
29979006
29980572
29982233
29982417
29984206
29984459
29987280
29987533
29990206
29990423
29991062
29991590
29991874
29991893
29996155
29996752
29996945
29997619
29998872
29999769
30003511
30003728
30004485
30004863
30006115
30007274
30008133
30009740
30010151
30010643
30011624
30014467
30014729
30015561
30018132
30018482
30019617
30019721
30021918
30022530
30023934
30025482
30025760
30027322
30027973
30029161
30029529
30029646
30032596
30033301
30033905
30035242
30036360
30036422
30036841
30037183
30037513
30037673
30038699
30038761
30039239
30042090
30042541
30043274
30043549
30043956
30044054
30044180
30045657
30048229
30048805
30050601
30051846
30052451
30054151
30055302
30055335
30055936
30056261
30057232
30059423
30059912
30060609
30061384
30061658
30062746
30063754
30064417
30064964
30066698
30067421
30067619
30072939
30074110
30074237
30075074
30077110
30077607
30080495
30082066
30082312
30084550
30086794
30086927
30087822
30090457
30090623
30091130
30092407
30092515
30092731
30093371
30094589
30095584
30095669
30097200
30097636
30097648
30098724
30099151
30099789
30100192
30101068
30106027
30106235
30106377
30106747
30107148
30107165
30107903
30109240
30110540
30111618
30111848
30111928
30112517
30112535
30115288
30116001
30116895
30117254
30117728
30118350
30119082
30119992
30123918
30124961
30125106
30125417
30125806
30126438
30126712
30127432
30127665
30129718
30129725
30130153
30131776
30131812
30133935
30134305
30134594
30134894
30135742
30136029
30137082
30138350
30139076
30142752
30143583
30144463
30145757
30146045
30146046
30149786
30149844
30150400
30150759
30151827
30151918
30152643
30153085
30157440
30158366
30158649
30158811
30159464
30160087
30161371
30161549
30163829
30164241
30165542
30167384
30169158
30171534
30171639
30173413
30175456
30175470
30175481
30175519
30175524
30177972
30178278
30178599
30181048
30181142
30182111
30183154
30186567
30187218
30187291
30187560
30188089
30188168
30188396
30190270
30190318
30195198
30196334
30198320
30198707
30201129
30202191
30202787
30204183
30206164
30208193
30208616
30212304
30214026
30215276
30215769
30216008
30216279
30216310
30216706
30218464
30218982
30219998
30221880
30222198
30224643
30229076
30229850
30230277
30230610
30231456
30231877
30232102
30232283
30234460
30235707
30237434
30237535
30237614
30238284
30239535
30240139
30241394
30242157
30243036
30244897
30245233
30245603
30251189
30251937
30256864
30257672
30259355
30261475
30262109
30262612
30263170
30264841
30265112
30265633
30266345
30266363
30266432
30268764
30269419
30270833
30271240
30272606
30273055
30276148
30277197
30277201
30277222
30280704
30281491
30282898
30283277
30283716
30285582
30286199
30287615
30289135
30290275
30291145
30291214
30291991
30292386
30295304
30297139
30297671
30298433
30299341
30299882
30300423
30301728
30302080
30302383
30302877
30304275
30306132
30306775
30308351
30308719
30310459
30310524
30310745
30312280
30312385
30312650
30313223
30314047
30314308
30314336
30315274
30315467
30316218
30316694
30317689
30317902
30318481
30318829
30319168
30320790
30323831
30327888
30327939
30328557
30330094
30333941
30336616
30337167
30337472
30337961
30338081
30343704
30345133
30345742
30345776
30345988
30347953
30348499
30350155
30350515
30354559
30354584
30358467
30358491
30358823
30359901
30360075
30362840
30363029
30363191
30363407
30365698
30365724
30367766
30367812
30368180
30368869
30369856
30371512
30371675
30372869
30374151
30376732
30377057
30378769
30379009
30379798
30381501
30381915
30382029
30382331
30382551
30384205
30384767
30386144
30388900
30389627
30389767
30390409
30390709
30391602
30391798
30395328
30395619
30396847
30397665
30398284
30399871
30401303
30402570
30406092
30407124
30407887
30409144
30410305
30411139
30411348
30413516
30414848
30416605
30418726
30418991
30419133
30421174
30422131
30423137
30423822
30424443
30425150
30425851
30426403
30426413
30426837
30428388
30428633
30429248
30429530
30431960
30434030
30434355
30435778
30436373
30437394
30438117
30438156
30438208
30439586
30440909
30443496
30444304
30444454
30445320
30445367
30445873
30446581
30447363
30448254
30450185
30453977
30454606
30454658
30455308
30456548
30457532
30460222
30461410
30464181
30465143
30465492
30466171
30466340
30467024
30467872
30469192
30470281
30473326
30474231
30475736
30476715
30477018
30478377
30478530
30480656
30480885
30484208
30484320
30484663
30485556
30485747
30486002
30486924
30487371
30489349
30491229
30491858
30494554
30494651
30497194
30498283
30498926
30502785
30503306
30504238
30504538
30504838
30505177
30507173
30507177
30508334
30509009
30509430
30509683
30511801
30513039
30513661
30514061
30515430
30516880
30517448
30518226
30519769
30520595
30521314
30522824
30523058
30523650
30524029
30524622
30524692
30524866
30525792
30526067
30527771
30530334
30532176
30532273
30532691
30535390
30535772
30536245
30537353
30540334
30541809
30542047
30543125
30544052
30544959
30545068
30545229
30546109
30547349
30551751
30554019
30554079
30554211
30556192
30556252
30556446
30556625
30557194
30557282
30557842
30558998
30560609
30563463
30564080
30566116
30566650
30566959
30568777
30569840
30572391
30575585
30578076
30578143
30578150
30578723
30579732
30579810
30580466
30580804
30581366
30581711
30581785
30581795
30582599
30584185
30584869
30585257
30587363
30587988
30588256
30588266
30588395
30588727
30589003
30590640
30591787
30592285
30594151
30595207
30595256
30595328
30595359
30595926
30596967
30597430
30597785
30598024
30598413
30598747
30599622
30600539
30601377
30601506
30602319
30608959
30609854
30610465
30613187
30616453
30616464
30616624
30617207
30617549
30620216
30621403
30622402
30624865
30626070
30626642
30628653
30630893
30634319
30637088
30637210
30637769
30637785
30638003
30638522
30639302
30639724
30640252
30640851
30643618
30643959
30645572
30647266
30648639
30650223
30651479
30651547
30652412
30652764
30653681
30655028
30655035
30655922
30656954
30657194
30657783
30658610
30658781
30664005
30665065
30667888
30670085
30670372
30670467
30671219
30672305
30673472
30673989
30676127
30676379
30677709
30677962
30679432
30679513
30679727
30680563
30681471
30686623
30686629
30687335
30687661
30688223
30691047
30693320
30693565
30694296
30694764
30695523
30696566
30696786
30697766
30698761
30699959
30700698
30701610
30703561
30704198
30705369
30706475
30710031
30710598
30712306
30714379
30716088
30717034
30717503
30718118
30718522
30719680
30721019
30721069
30722721
30723550
30724515
30725180
30725714
30726021
30726920
30728046
30728728
30729946
30732342
30732719
30735255
30736530
30737204
30739673
30741099
30742311
30745424
30745776
30746470
30746598
30747206
30747760
30749632
30750861
30750921
30751303
30751318
30751965
30753992
30756225
30757252
30758250
30761227
30762338
30762953
30762981
30763714
30763894
30765501
30767636
30767884
30768246
30770370
30770494
30771866
30779634
30780047
30780751
30781056
30781126
30781155
30783501
30783635
30784021
30785315
30785793
30786648
30787425
30791089
30793278
30794451
30794547
30795724
30797705
30798681
30799334
30801123
30803772
30805436
30806691
30807548
30808928
30809374
30809400
30809946
30810037
30810246
30811282
30812641
30812818
30813626
30813963
30819352
30821253
30822232
30823955
30824989
30825664
30825851
30826295
30829947
30830120
30832741
30833929
30834888
30835265
30837510
30837727
30838308
30838737
30839134
30839382
30840819
30841253
30843108
30844446
30844582
30844816
30845084
30845721
30846287
30847254
30850070
30850239
30850867
30851360
30853990
30854702
30854825
30857969
30858901
30860614
30860700
30861425
30861745
30862048
30865162
30868255
30868717
30868838
30869209
30869296
30870449
30870477
30870780
30872577
30872687
30873075
30875106
30875925
30877517
30877719
30878052
30878564
30879225
30879762
30879939
30882998
30884016
30884026
30884937
30885299
30885447
30885476
30885530
30885945
30885967
30889293
30889296
30889348
30890411
30891881
30893911
30894000
30898280
30901399
30901748
30902267
30904085
30905429
30906544
30906854
30909392
30910230
30910594
30913171
30914918
30916561
30917031
30917564
30918612
30918806
30919175
30922596
30922759
30923033
30923692
30923937
30924274
30926054
30926924
30930568
30931948
30931972
30931982
30933521
30934336
30935029
30935609
30935620
30936036
30936556
30937981
30938630
30938805
30939182
30942008
30942292
30943650
30944451
30944945
30947052
30947401
30948051
30950556
30950683
30952501
30954066
30954383
30956106
30960031
30960439
30960879
30961067
30962513
30962820
30963485
30966885
30967753
30971850
30973686
30974297
30976164
30977344
30978363
30978675
30979616
30980281
30980376
30981524
30981871
30984920
30986492
30987897
30988591
30989300
30989556
30989625
30990255
30990266
30990272
30991967
30992396
30992473
30992534
30992724
30992782
30993282
30994389
30994750
30994964
30995243
30996935
30996944
30998638
30999969
31000202
31000484
31001495
31001643
31002277
31002695
31003212
31004674
31006711
31009196
31009602
31011141
31012210
31013258
31016159
31018090
31019187
31021015
31022382
31022978
31025808
31026634
31026926
31030825
31030995
31032607
31033126
31033174
31033204
31039390
31039891
31045155
31045613
31045886
31047623
31047809
31048131
31049051
31050794
31051205
31053688
31057204
31058823
31058940
31059295
31060001
31061128
31061693
31062451
31062464
31062675
31063143
31063448
31065481
31066648
31067722
31067928
31068035
31068214
31071321
31072007
31073228
31074005
31074206
31074267
31076043
31076790
31077008
31079103
31080809
31081131
31084722
31084734
31086582
31088021
31088690
31089411
31090468
31090740
31091106
31093288
31093609
31094351
31094836
31096074
31097470
31098033
31098826
31099966
31100760
31101353
31104812
31104946
31105502
31106335
31110160
31110667
31111726
31112045
31112066
31113610
31113767
31115465
31115834
31117825
31118001
31119124
31119594
31119900
31121418
31123094
31123381
31123457
31123805
31124196
31125430
31125764
31125867
31130147
31130641
31131150
31131952
31132129
31132342
31133198
31134289
31135441
31137264
31138547
31140354
31141389
31141400
31142829
31142999
31143171
31145672
31147316
31148186
31150164
31150478
31150534
31152352
31152548
31152898
31153693
31154021
31154502
31154721
31155626
31156573
31156827
31157679
31157840
31158687
31159925
31161768
31162689
31162770
31162829
31163012
31163805
31164601
31164955
31166394
31166931
31168067
31168504
31171048
31171838
31171950
31173353
31173885
31174365
31177793
31178676
31179176
31179307
31182084
31182105
31182133
31182544
31184407
31187115
31187129
31187635
31190973
31192927
31193292
31193358
31194114
31194360
31195619
31196023
31196194
31196548
31198032
31198805
31199692
31200875
31201950
31202280
31206842
31207351
31208127
31208729
31209436
31211039
31212087
31212493
31213204
31213448
31213772
31213952
31214258
31214887
31214929
31215046
31215627
31217113
31217887
31218269
31219314
31219836
31220093
31220717
31221821
31222178
31222956
31224116
31224713
31224912
31224916
31225585
31225607
31227216
31227854
31228500
31228768
31228780
31229060
31230435
31230983
31231783
31233881
31234178
31234689
31234859
31235369
31235576
31239219
31240034
31240567
31240803
31242726
31243240
31243272
31244663
31247296
31248877
31250649
31250794
31251831
31252151
31253439
31253478
31255225
31255233
31256596
31261261
31263063
31263524
31264011
31264519
31264580
31266647
31268045
31269636
31269891
31269925
31270805
31271631
31271665
31271945
31272427
31272553
31274627
31274659
31274724
31278022
31282817
31282897
31283148
31285674
31287760
31291228
31292113
31295743
31296026
31296200
31296598
31301701
31301896
31302468
31302719
31305488
31308738
31308775
31309099
31310102
31311284
31312125
31312845
31316383
31317711
31317714
31318249
31318832
31320839
31322048
31323789
31323894
31324203
31327255
31329612
31329793
31331290
31331564
31332038
31333704
31338443
31340071
31340453
31342715
31343627
31344167
31346763
31347309
31347711
31348220
31349369
31349703
31350513
31354768
31356030
31358078
31358858
31359875
31361490
31361578
31364094
31365924
31366272
31366735
31368078
31368463
31369709
31369795
31370393
31372112
31372427
31373052
31373954
31374192
31376497
31377978
31378816
31381157
31381348
31382446
31383044
31383316
31385191
31385480
31387892
31388369
31388411
31388763
31388966
31389041
31389215
31394014
31398029
31400578
31402816
31402960
31403099
31403148
31404930
31407343
31409454
31410206
31411022
31411644
31411837
31412502
31415521
31416497
31417475
31417664
31418921
31420422
31420460
31424136
31424194
31424788
31425510
31426254
31426731
31427698
31428626
31431291
31434257
31435163
31436416
31437574
31437744
31438475
31441568
31442980
31443651
31444169
31445855
31446269
31447622
31448141
31448787
31451497
31451524
31451618
31452485
31454692
31454740
31455919
31456685
31456892
31458567
31459299
31462368
31462984
31463321
31463449
31465576
31466792
31467988
31468129
31470269
31471125
31471722
31473195
31473589
31473922
31473965
31474607
31474764
31477520
31477910
31478357
31478466
31479920
31480353
31481000
31481296
31483110
31484420
31484576
31486213
31488594
31490443
31491128
31491173
31491678
31491997
31497452
31499354
31499870
31500479
31501634
31501680
31502246
31502274
31503019
31503392
31503438
31504183
31504589
31505429
31505782
31506384
31507557
31508318
31510328
31510394
31511655
31512723
31512912
31513804
31514326
31514701
31516805
31518806
31519884
31521075
31521310
31522123
31522381
31522559
31522703
31523514
31523529
31523901
31524127
31524575
31524851
31527688
31527727
31528755
31529216
31531482
31532425
31533557
31533641
31533785
31537171
31537221
31538674
31539529
31541166
31541470
31542499
31542729
31542991
31543248
31543524
31544039
31546108
31546395
31546441
31546825
31548073
31548213
31548797
31549305
31554178
31555291
31555368
31556108
31557391
31557954
31558428
31559219
31560113
31561062
31561304
31561623
31562316
31564162
31565579
31567079
31567251
31567549
31568380
31568532
31569052
31569450
31569607
31570584
31571946
31572277
31573535
31576689
31577782
31578870
31579206
31579552
31580556
31581142
31581408
31583022
31583718
31584042
31585664
31586172
31589221
31592244
31592783
31592929
31594535
31596688
31597770
31599206
31602967
31603688
31603844
31604198
31604261
31604487
31606345
31607297
31607922
31611096
31611127
31611553
31611902
31613309
31613334
31613410
31614577
31615387
31615686
31615778
31617065
31617209
31617473
31617519
31619048
31621717
31622208
31622989
31623915
31624005
31625228
31625619
31626078
31626196
31626318
31626932
31627336
31627942
31631035
31632503
31632745
31633351
31635154
31635435
31635949
31636793
31637841
31637859
31639383
31639682
31640398
31645597
31647107
31647872
31648778
31649234
31649859
31651456
31651568
31651677
31652339
31655142
31655280
31660789
31661822
31663551
31663794
31667072
31667669
31667840
31668661
31668937
31669334
31669525
31670421
31670798
31674763
31676365
31677801
31679812
31680907
31681545
31681869
31682980
31683303
31686127
31686897
31688446
31689151
31690501
31691525
31692245
31692809
31694617
31695406
31695525
31696096
31699346
31699532
31700023
31700552
31700602
31701674
31702479
31702781
31702866
31703306
31704978
31705031
31705265
31706277
31707979
31708297
31709861
31710030
31711219
31711468
31711899
31712644
31712879
31713949
31715154
31715995
31717008
31717084
31717341
31717630
31719323
31719945
31720102
31720243
31722456
31724015
31724268
31725009
31726318
31726640
31726644
31727657
31728577
31729886
31730466
31731923
31732012
31733003
31735204
31736415
31736551
31736832
31737742
31739365
31741300
31741590
31742670
31743034
31743155
31743500
31747213
31749355
31749637
31750868
31752312
31752822
31754793
31755400
31755622
31758221
31759505
31760661
31762422
31764818
31764883
31768228
31769627
31770107
31770612
31773361
31774192
31774346
31774679
31775196
31775439
31775718
31776042
31776674
31776998
31778192
31778964
31779424
31782201
31782545
31783999
31786590
31788384
31788729
31790179
31791152
31794271
31795341
31795833
31796388
31796721
31798123
31799653
31799848
31801910
31802263
31802361
31804392
31806594
31806744
31809916
31810030
31810715
31810973
31812000
31812739
31815735
31823071
31825487
31826980
31828278
31829058
31829864
31830633
31832433
31833339
31834040
31836046
31837210
31838045
31840662
31841589
31844175
31844215
31847797
31848563
31852169
31853502
31854837
31856715
31858513
31860721
31861591
31864002
31865362
31866734
31868346
31869535
31870300
31872495
31874244
31874283
31874570
31876764
31878567
31880763
31882942
31883191
31883360
31883690
31884515
31884632
31887353
31887829
31889524
31889529
31890372
31891685
31892280
31892309
31895103
31895531
31895802
31896222
31896662
31897383
31897513
31898665
31899399
31899620
31899679
31900887
31905042
31905321
31906151
31908198
31908883
31908888
31909375
31910611
31910902
31911980
31913701
31915266
31916348
31920912
31923612
31925005
31925076
31927492
31929442
31931112
31931426
31931968
31933358
31934639
31936764
31938297
31938429
31940192
31943272
31944189
31944441
31946840
31949215
31952262
31952404
31952672
31954134
31957026
31958935
31959392
31959646
31961265
31963795
31964171
31965362
31966313
31966664
31969196
31970207
31971752
31972914
31973034
31973092
31973667
31973862
31974274
31974298
31974726
31975856
31977671
31978253
31979677
31980720
31983518
31983879
31984005
31986174
31988563
31988938
31991397
31991528
31992031
31992349
31992524
31995762
31997664
31999821
32000992
32002223
32002562
32002808
32003104
32005288
32005542
32006663
32008703
32008781
32008932
32013862
32015032
32015741
32016340
32016960
32017290
32018064
32018767
32020689
32021033
32021884
32022446
32022542
32025091
32025663
32025954
32026149
32026271
32026704
32026965
32027465
32027630
32028534
32028739
32029368
32031060
32033579
32035460
32035886
32038577
32038702
32040670
32042273
32042581
32043950
32044196
32045021
32045565
32045695
32046782
32047266
32049389
32050486
32050973
32051685
32051720
32051937
32053412
32053489
32053645
32054290
32056846
32059199
32062038
32062515
32063108
32063578
32064560
32068971
32074747
32074883
32075322
32075348
32075796
32076387
32078118
32078349
32080592
32081122
32082935
32084122
32084353
32086411
32086812
32086881
32087136
32088564
32092885
32093745
32096198
32098427
32098856
32098894
32099377
32099757
32100652
32101325
32101779
32101893
32105788
32107112
32107299
32107393
32107921
32109407
32110785
32111036
32111722
32112095
32112135
32112480
32113655
32114448
32114637
32115895
32116797
32116883
32117961
32118126
32118880
32120058
32120359
32120560
32122457
32122771
32123671
32123713
32123815
32124975
32125452
32125597
32126291
32127494
32127507
32129011
32131183
32131505
32132750
32132903
32133709
32133795
32134625
32134668
32135348
32138375
32138616
32138745
32147005
32149055
32149161
32150607
32150705
32150820
32151962
32152047
32153442
32154519
32158168
32158208
32159669
32160364
32160967
32161649
32164731
32167046
32168047
32168745
32169629
32171352
32173137
32174333
32174926
32175618
32176257
32177848
32178010
32178190
32179932
32180102
32181519
32186497
32188299
32188352
32189958
32189979
32192584
32193192
32193641
32194119
32194159
32194198
32195700
32196611
32197128
32198069
32199232
32199924
32202747
32205002
32207078
32209013
32210133
32210817
32210978
32211232
32211272
32211812
32211908
32215392
32215509
32215762
32217185
32220525
32220546
32220998
32222061
32223009
32224773
32224818
32225955
32226715
32229213
32230137
32231365
32232378
32232757
32233478
32234816
32236255
32238553
32238832
32239695
32240295
32242644
32243271
32244328
32245691
32245965
32247700
32247766
32248411
32251056
32251899
32252798
32253570
32253747
32254534
32255227
32255276
32255732
32256463
32257238
32257563
32257565
32258945
32260681
32261979
32262445
32264248
32264369
32264580
32264859
32265632
32265866
32265907
32266307
32271567
32271973
32272852
32274031
32275631
32277069
32279221
32280142
32280747
32280906
32281735
32282131
32282510
32282921
32283531
32285783
32285817
32286430
32287747
32287985
32289761
32290416
32291775
32291810
32292892
32293104
32294117
32294861
32296424
32297865
32299895
32300789
32301683
32302999
32303559
32303694
32303777
32304973
32306457
32308550
32309234
32310051
32311282
32311297
32314255
32315629
32315695
32315990
32320287
32323627
32323674
32324434
32325655
32325946
32327067
32329237
32331122
32331952
32333211
32333267
32336213
32336803
32340802
32341292
32341555
32342202
32342288
32342289
32342394
32343454
32345261
32345731
32345912
32347208
32347489
32352073
32352496
32352510
32352710
32355231
32356151
32357445
32358124
32358410
32359208
32359400
32360159
32360212
32362235
32363373
32363841
32364070
32364409
32366980
32368904
32369048
32370017
32372898
32373360
32374328
32374658
32374752
32376774
32378622
32378692
32379188
32383040
32385743
32386898
32387127
32387325
32387931
32388459
32388547
32389595
32389942
32389956
32390660
32391279
32391775
32392076
32392187
32393050
32394260
32395331
32397292
32397905
32399944
32400492
32401416
32401922
32402412
32402803
32403652
32404610
32404844
32404976
32405779
32405983
32406090
32408563
32409217
32412874
32414762
32416546
32417091
32417554
32418399
32420876
32420888
32426251
32428685
32429310
32430732
32431822
32435858
32436633
32438964
32444023
32444118
32445506
32445943
32446006
32447117
32447383
32449738
32450029
32450379
32451191
32452521
32453439
32453839
32455491
32455784
32456869
32458022
32458322
32458878
32461414
32462158
32465073
32466665
32467068
32468031
32470000
32470699
32472174
32472381
32472386
32474543
32474554
32474862
32475177
32476548
32476984
32479386
32479950
32480170
32482142
32482183
32482231
32482494
32483531
32483979
32484152
32485111
32488275
32490509
32490916
32491014
32491032
32491196
32491270
32494048
32494127
32496689
32498637
32498648
32498970
32501389
32502527
32503259
32504817
32505109
32505856
32507072
32507587
32509316
32510936
32511117
32511183
32512485
32513327
32514108
32514110
32514305
32518680
32519826
32520097
32520186
32521351
32522192
32522866
32522981
32524665
32525251
32525279
32525853
32527071
32527688
32528051
32528171
32528441
32528451
32528619
32529201
32529801
32530972
32531190
32534529
32535409
32536893
32537115
32537509
32537638
32539759
32539947
32542167
32542169
32542841
32543232
32547019
32547451
32547950
32548197
32548883
32549901
32550031
32550895
32551423
32552076
32552582
32553021
32556197
32557172
32558253
32558680
32559072
32559181
32560305
32562617
32565200
32567348
32568640
32570966
32571755
32572300
32574125
32575469
32576351
32576819
32577041
32578247
32579260
32579759
32580280
32580323
32580349
32580577
32581919
32583080
32583837
32584132
32585870
32587759
32590216
32592736
32593835
32594630
32594692
32595918
32599792
32600976
32601347
32603602
32606058
32606373
32607932
32609677
32611150
32611649
32613999
32614072
32614537
32616985
32618350
32618558
32618852
32620132
32621391
32622826
32624124
32624513
32624704
32624751
32624788
32624940
32626478
32626898
32629414
32633405
32635373
32636120
32636158
32636940
32640898
32641876
32642666
32642810
32642928
32644246
32646040
32646566
32646754
32648014
32648997
32649398
32651583
32653792
32655866
32657055
32657384
32658626
32659117
32659418
32660762
32661464
32661775
32661791
32662689
32664129
32666924
32667602
32667925
32669377
32675873
32677897
32678163
32679457
32680207
32683856
32684519
32688154
32688329
32689336
32691263
32693683
32693925
32695616
32697593
32699596
32700268
32700856
32701425
32701647
32702017
32702271
32702753
32703867
32704875
32705418
32705658
32705956
32706202
32706628
32706763
32707660
32708269
32708760
32709288
32711142
32711360
32713008
32713951
32715893
32720763
32722697
32723471
32724072
32724726
32725729
32725806
32725812
32725927
32726323
32726903
32727503
32728022
32729670
32730316
32730364
32730796
32732370
32732649
32733135
32733406
32734687
32736366
32737271
32737441
32741152
32743997
32744406
32744490
32744602
32744914
32745044
32745227
32747037
32747613
32750299
32750682
32753017
32753932
32757933
32758909
32760801
32762641
32763169
32764164
32764445
32765184
32766198
32771427
32771715
32772218
32775495
32775624
32776746
32777291
32779330
32779491
32779846
32781920
32783157
32783597
32784548
32785604
32785893
32787299
32787417
32788611
32788730
32789463
32791587
32791876
32792365
32792819
32795298
32796240
32797531
32797947
32798491
32800911
32801557
32801601
32801620
32803655
32804170
32807111
32807356
32807973
32808354
32811999
32813517
32814293
32814461
32815131
32815403
32815823
32815948
32817159
32819076
32821225
32821904
32822070
32822896
32823140
32823207
32823340
32824611
32825252
32828067
32830348
32830668
32831241
32831540
32833837
32833850
32834116
32834653
32835306
32836464
32840194
32840854
32841400
32841916
32841930
32842037
32842080
32842430
32842570
32842955
32844685
32844845
32844981
32845337
32846895
32847443
32847661
32848486
32849585
32849824
32857966
32858093
32858752
32859322
32859865
32859878
32860147
32860242
32862031
32862209
32862256
32862288
32862365
32864301
32865016
32865053
32866401
32866956
32867023
32867782
32867893
32868828
32870311
32873271
32875162
32875807
32875817
32877047
32879423
32880141
32880642
32883478
32883744
32884958
32885124
32886737
32889491
32889513
32889647
32889732
32889839
32891532
32891778
32892474
32894936
32895027
32895301
32897453
32897825
32898142
32899098
32900372
32903530
32904667
32905017
32906227
32907474
32910103
32911376
32913044
32913331
32913766
32914388
32915409
32915455
32917412
32917490
32919793
32921197
32921822
32922931
32923144
32925059
32925384
32925713
32925764
32926044
32929786
32930372
32930552
32931346
32932467
32932999
32933416
32934905
32935274
32935496
32935623
32935628
32937053
32938229
32939705
32943134
32943507
32943913
32945946
32946337
32949803
32950316
32951825
32952007
32952444
32953482
32954295
32954882
32958088
32959096
32959724
32962076
32962141
32963378
32964310
32965259
32965597
32965600
32968100
32968377
32968412
32969022
32970120
32970199
32970617
32971677
32972852
32972877
32975038
32975131
32975313
32975327
32975698
32977091
32977898
32980201
32980492
32981324
32981389
32981972
32982298
32984097
32984537
32985575
32986080
32986839
32987512
32988238
32988674
32989230
32989642
32991997
32992765
32994627
32994737
32996518
32998085
32998725
32999305
33002029
33002076
33002489
33002771
33003049
33004158
33004621
33004892
33005009
33005188
33005229
33005982
33006231
33006410
33007935
33008030
33009971
33012764
33013177
33014487
33015392
33017803
33018218
33018516
33021771
33022604
33023520
33024536
33026667
33026973
33027552
33028466
33029894
33030347
33030652
33030672
33030893
33032305
33032985
33033676
33034353
33034688
33035177
33037641
33037821
33038374
33038691
33039518
33040202
33040802
33041067
33042472
33043458
33046464
33047380
33048096
33050557
33050997
33051364
33052262
33052900
33054244
33054430
33054609
33055730
33055872
33056251
33056454
33059203
33059986
33060041
33062241
33063073
33064092
33064672
33064858
33067977
33068267
33068667
33069361
33070778
33071149
33071663
33073498
33073993
33077664
33077805
33077929
33078308
33078814
33080540
33080922
33082525
33082913
33083240
33085073
33085901
33087238
33087682
33087707
33088063
33088765
33091057
33094693
33095958
33096161
33096758
33097026
33097998
33098160
33098475
33099853
33101419
33101783
33104159
33105363
33109316
33110296
33112646
33114608
33115824
33117326
33117410
33118478
33119886
33119985
33120123
33120954
33122506
33122766
33123836
33124745
33125123
33125161
33126608
33127402
33129940
33130320
33130703
33131349
33131736
33134670
33137279
33137733
33137957
33138157
33138304
33138697
33139186
33140200
33141686
33142680
33143453
33145043
33145698
33146793
33147569
33151625
33152291
33154375
33155420
33156880
33157352
33159705
33160253
33160483
33160723
33160881
33161167
33169838
33169938
33172390
33172870
33173384
33173547
33174817
33174825
33179439
33183143
33183174
33183390
33183593
33183955
33184882
33184936
33186557
33187506
33188453
33188994
33189086
33189703
33189803
33190042
33190318
33190969
33191098
33193217
33195266
33195285
33197634
33198583
33199341
33200403
33204410
33204963
33204998
33206194
33207452
33209318
33209344
33209848
33210689
33211214
33212275
33212370
33213278
33213304
33213591
33214205
33214247
33218577
33219536
33220287
33220503
33221198
33221646
33223132
33223828
33225726
33226191
33226234
33228814
33229057
33229797
33232729
33234179
33236294
33236388
33236400
33236569
33236783
33236832
33237017
33237682
33240062
33242329
33246036
33247883
33251599
33252079
33252591
33255194
33256508
33256772
33257100
33257324
33257773
33258602
33260813
33260898
33260942
33261648
33263373
33263469
33265405
33266295
33266766
33266810
33269489
33272410
33273328
33273461
33273757
33274275
33275109
33278142
33279063
33281302
33282231
33282649
33283131
33284856
33287832
33288211
33288689
33290774
33292316
33293999
33295547
33296039
33296168
33299974
33300444
33300964
33302098
33303246
33304584
33305439
33305488
33306654
33306967
33308249
33308414
33308443
33309211
33310319
33311089
33311504
33311626
33312361
33312461
33312949
33314826
33315361
33316006
33316392
33316955
33316996
33317061
33317852
33318046
33318451
33319557
33320572
33321039
33321320
33322272
33322338
33324269
33325607
33327948
33328672
33328738
33328870
33329514
33330607
33330688
33330834
33331239
33331368
33332025
33333667
33334670
33336604
33342063
33342162
33343090
33344812
33345596
33345857
33346008
33347800
33347998
33348522
33348982
33352234
33352275
33352535
33354672
33355581
33357989
33358157
33358220
33359114
33360060
33360099
33360201
33362943
33363439
33364359
33364420
33367787
33368961
33369182
33369761
33369932
33370067
33370113
33372435
33372509
33373225
33373708
33373898
33373989
33374088
33374616
33374719
33375495
33376439
33380094
33380451
33381062
33382065
33382936
33383774
33383873
33384061
33384189
33385051
33385139
33388408
33388761
33389301
33390704
33393307
33394270
33396251
33396474
33397067
33398431
33402877
33403619
33406178
33407418
33407510
33407750
33408234
33408509
33410601
33410972
33412670
33412730
33412963
33413144
33415162
33415626
33415661
33415948
33416111
33416963
33419794
33419809
33419962
33421099
33421297
33422012
33422272
33422280
33423167
33424331
33425501
33425740
33425940
33429656
33430634
33430688
33432208
33433510
33434142
33434499
33435196
33436784
33436965
33437271
33438309
33438582
33440045
33440915
33442775
33444000
33444859
33446035
33446484
33446562
33446826
33448309
33448596
33448882
33452427
33453059
33453525
33456605
33457050
33458001
33458772
33459207
33463349
33463989
33464305
33467480
33468834
33469627
33470412
33471718
33472531
33474270
33474735
33476287
33476524
33477660
33480128
33481764
33482786
33482865
33483926
33485397
33485845
33486016
33487805
33490657
33491080
33491314
33491463
33491715
33492807
33492869
33494200
33495416
33495499
33497431
33498104
33499670
33500512
33501223
33501241
33502308
33502426
33504324
33507076
33508240
33511112
33511296
33513553
33513823
33514137
33515483
33516011
33517546
33519297
33519408
33519886
33522920
33524010
33524742
33527724
33528222
33528453
33529159
33530678
33532332
33533178
33533745
33533779
33534134
33534652
33535226
33536413
33536873
33539303
33539635
33539669
33539742
33540489
33541876
33542857
33544016
33544444
33544711
33544775
33545387
33546480
33548871
33549830
33550279
33552109
33552306
33552643
33553891
33554732
33554863
33557122
33557176
33557605
33560111
33560472
33560920
33560966
33562313
33562485
33564081
33565097
33565477
33566415
33566934
33567615
33569749
33570307
33571334
33571422
33572518
33572997
33573422
33573577
33574300
33577334
33577603
33577982
33578563
33579133
33580043
33580483
33581121
33581295
33582265
33583658
33584069
33588245
33589412
33590035
33591464
33592725
33596238
33596935
33597642
33597756
33599533
33599966
33600929
33601760
33603811
33604322
33604423
33605696
33605818
33606680
33606927
33607993
33608239
33609390
33610981
33613442
33614475
33616714
33619373
33619551
33620927
33621991
33623322
33623486
33625868
33626562
33626780
33627309
33627810
33628663
33629729
33632299
33632413
33634472
33635013
33635293
33635446
33635675
33635732
33636093
33636508
33638559
33640522
33641178
33642236
33642404
33643075
33644452
33644582
33646722
33647023
33647146
33647384
33647879
33649142
33649169
33649230
33653903
33655354
33655571
33657954
33660711
33662096
33664230
33666719
33666789
33669380
33671926
33673104
33673119
33673745
33674136
33679724
33680231
33680552
33681727
33681911
33685164
33685209
33685248
33685975
33686408
33687852
33689698
33689704
33689793
33690931
33694191
33694743
33696985
33697896
33698084
33701063
33701513
33702011
33702337
33703984
33704128
33704923
33706716
33706811
33707568
33708248
33710711
33711159
33711182
33712556
33713557
33713560
33714640
33715633
33716263
33716676
33717476
33719321
33720776
33722078
33723221
33723803
33724189
33725117
33726394
33726500
33727024
33728273
33728301
33730309
33730822
33732173
33732839
33733987
33734435
33736794
33736861
33737261
33737686
33738434
33738820
33739790
33739891
33739900
33741760
33742830
33743082
33744231
33745187
33745492
33745610
33745968
33746208
33746338
33746828
33748247
33751555
33751787
33751854
33752119
33752598
33752783
33754093
33756465
33759220
33759574
33765873
33766839
33767356
33768099
33768232
33768952
33770677
33772223
33774551
33775178
33775489
33777420
33777572
33778330
33778683
33779291
33781142
33782566
33783356
33783663
33784649
33789014
33789583
33790716
33791371
33792654
33792958
33793628
33795754
33797105
33797209
33798594
33799010
33799089
33799705
33800065
33800269
33800407
33802725
33805229
33806025
33806436
33808923
33810519
33812038
33812099
33813059
33813544
33814834
33815032
33816429
33817770
33822301
33822694
33823840
33824068
33824487
33824764
33826068
33826361
33827053
33827928
33827931
33828818
33829450
33829709
33830580
33831592
33831784
33832258
33832435
33834028
33836123
33836832
33837801
33838433
33838528
33839318
33840797
33842181
33842501
33842639
33842880
33843856
33845308
33847277
33847289
33849796
33853894
33854408
33856332
33856409
33856974
33857916
33858172
33859224
33859311
33860996
33861929
33861977
33862494
33864434
33865364
33866245
33866572
33866730
33867505
33869869
33870902
33873135
33873665
33874185
33874433
33875271
33876400
33877615
33878996
33879275
33879950
33881021
33883863
33885864
33886468
33887075
33887635
33887849
33889297
33889772
33892849
33893399
33894767
33894926
33896002
33896774
33898259
33898794
33900011
33900914
33901512
33903095
33907517
33907858
33910256
33911809
33913420
33914361
33915259
33915603
33915764
33915776
33918937
33919062
33919633
33921959
33922400
33922427
33923011
33923505
33923508
33925761
33927264
33927782
33928469
33932270
33933878
33933931
33937141
33938611
33938919
33939539
33939802
33939947
33941067
33941326
33941565
33942549
33942594
33942798
33942994
33945364
33946341
33946491
33948447
33948523
33948868
33950074
33950587
33954789
33958759
33959577
33962179
33962195
33963057
33964944
33965313
33965629
33965933
33966025
33968059
33968691
33969546
33971980
33972118
33972968
33973071
33974167
33975169
33975606
33977489
33978240
33979271
33980250
33981992
33982048
33982057
33982285
33983200
33983232
33983969
33984484
33984506
33986317
33988862
33991590
33993444
33994245
33994823
33999060
33999198
33999405
34001436
34002147
34005150
34006749
34007664
34008132
34008664
34012460
34013249
34014192
34015322
34017284
34019453
34019584
34021361
34022540
34023937
34024388
34024846
34024897
34026103
34029139
34031389
34031481
34031562
34034184
34035081
34037937
34040426
34042008
34042397
34042812
34042835
34044219
34044361
34045205
34045250
34045374
34049138
34053529
34053876
34054988
34055509
34057736
34058594
34059134
34059164
34059178
34059241
34061458
34063535
34064185
34065154
34065533
34065587
34075978
34077377
34078615
34081688
34084703
34085780
34085977
34085998
34086060
34087008
34088261
34088545
34091658
34093381
34094915
34096640
34099055
34099461
34100881
34103198
34103265
34105074
34106480
34108357
34110274
34110350
34111678
34111867
34113177
34113274
34113625
34114016
34114482
34114553
34114825
34115380
34118982
34120982
34123116
34123401
34124033
34124643
34124728
34127033
34128433
34129962
34130133
34130136
34130157
34130183
34130292
34130373
34130969
34131173
34132267
34132362
34133828
34134172
34134667
34137119
34141277
34142341
34143101
34144090
34145233
34145650
34146512
34147341
34149673
34151537
34152669
34153671
34156455
34157273
34157368
34158548
34160093
34160502
34160831
34162057
34162336
34166783
34168310
34168961
34169957
34172610
34172923
34174038
34177269
34177652
34177670
34179620
34179908
34180200
34180761
34181651
34181880
34182277
34183020
34183851
34184054
34186225
34187447
34187558
34188269
34188276
34188536
34188706
34188891
34190049
34191883
34192648
34194073
34194807
34196876
34198040
34198209
34198902
34199609
34200134
34200177
34201583
34203514
34204327
34204435
34206177
34206757
34208074
34208801
34210302
34210410
34210729
34212978
34213454
34214276
34215445
34215552
34215768
34216114
34216939
34217671
34217681
34218171
34220032
34221050
34221141
34222057
34222233
34222536
34224936
34225424
34225717
34227061
34227688
34227765
34231730
34234608
34234615
34234733
34235150
34236666
34239462
34240120
34241100
34242563
34245026
34245054
34245274
34245294
34245368
34245448
34247519
34249141
34252918
34253299
34254754
34256715
34257189
34258271
34260204
34260288
34260331
34261160
34261295
34261627
34262302
34263221
34263695
34263710
34265686
34266221
34266814
34268909
34269370
34269406
34270394
34270639
34270950
34271680
34272725
34273033
34273540
34273845
34275271
34275711
34277166
34279053
34279242
34280702
34281600
34282376
34282692
34285684
34285840
34286083
34286237
34286325
34286770
34286827
34287439
34288292
34291014
34291142
34291528
34294062
34294599
34295247
34295540
34295656
34296219
34296444
34297151
34297478
34297542
34299947
34302546
34303452
34303504
34303825
34303978
34308131
34308591
34310132
34310321
34310566
34310978
34311090
34311757
34312208
34312377
34312970
34313978
34314112
34314984
34316031
34316325
34318015
34318479
34320090
34321106
34321333
34323019
34323784
34325975
34326924
34327434
34327679
34327904
34328509
34329893
34330502
34331441
34331985
34334615
34335191
34335308
34335670
34337077
34337526
34338038
34338557
34339270
34339693
34339920
34344938
34345256
34347670
34349296
34349376
34349528
34349681
34350253
34350722
34351488
34352873
34354682
34355066
34355473
34357784
34358021
34362298
34363120
34363225
34363268
34363432
34364245
34366107
34366243
34367066
34367621
34368862
34369411
34371181
34372220
34372429
34373077
34373400
34373881
34375866
34375943
34376042
34376943
34378199
34383498
34384897
34385218
34386130
34386595
34387549
34390017
34392446
34392465
34397081
34398138
34398217
34398271
34398401
34401567
34403873
34406034
34406841
34409001
34411127
34412131
34413545
34414393
34414723
34416747
34416872
34417251
34418071
34418169
34419327
34419684
34421014
34422809
34426532
34426734
34435716
34436550
34436835
34437157
34437861
34438384
34438867
34439001
34441740
34443356
34447186
34447566
34448045
34448848
34449463
34449650
34452054
34454040
34454686
34455680
34456751
34456934
34461775
34461808
34461843
34462133
34463316
34464147
34465728
34468788
34470865
34471618
34471853
34471921
34472300
34474897
34475378
34475383
34475817
34479284
34479616
34479846
34483479
34483834
34484386
34484770
34486323
34487436
34487584
34488013
34489940
34491159
34491878
34494970
34496435
34498205
34499216
34499898
34501825
34502489
34503300
34505080
34506148
34506224
34506369
34508845
34509009
34510135
34511507
34514839
34515096
34515857
34516913
34517026
34517531
34517819
34517935
34518559
34518787
34520764
34521441
34522269
34522667
34525517
34526349
34526686
34527122
34528194
34528421
34528840
34529256
34529507
34531132
34533032
34533110
34534994
34535297
34536250
34537180
34537723
34537812
34537995
34539133
34539524
34540056
34540181
34540283
34541505
34541636
34543127
34543935
34544104
34544778
34545345
34545717
34546060
34547356
34547727
34549209
34550854
34552468
34553636
34553693
34555653
34556169
34559702
34560289
34560377
34560540
34561594
34566241
34566570
34568166
34570168
34572484
34578176
34578317
34578937
34578963
34580161
34582161
34584354
34585138
34585316
34585351
34585368
34586225
34587020
34587908
34589898
34590202
34594964
34597012
34598333
34599549
34599931
34600674
34601998
34603602
34603606
34603983
34604165
34604301
34604355
34604683
34605026
34605956
34606236
34607286
34607611
34608384
34608530
34608672
34610624
34610649
34610990
34612467
34612921
34613622
34614243
34615013
34616150
34616300
34616781
34617672
34617842
34619354
34620670
34625815
34627995
34628202
34629107
34629378
34629948
34631884
34635255
34635469
34635993
34636797
34639320
34639362
34640057
34640637
34641275
34646722
34647379
34648800
34649409
34650217
34650316
34650890
34651397
34653043
34654107
34654353
34655142
34655375
34655604
34655843
34656018
34656091
34656876
34656910
34657682
34658555
34659708
34660198
34660244
34660576
34662351
34663022
34664500
34664577
34665129
34665589
34665942
34666735
34667265
34667599
34670469
34671112
34671976
34672842
34673348
34675473
34675653
34676330
34676791
34677178
34677903
34678200
34678432
34681437
34682430
34685599
34686834
34688884
34689628
34690389
34692399
34692423
34693564
34696042
34697827
34698093
34699521
34700761
34701050
34701832
34702256
34703674
34704340
34707367
34708092
34710619
34711361
34711807
34712014
34713772
34714068
34715141
34715287
34715608
34715663
34715866
34716309
34716489
34716747
34716975
34719473
34720006
34720281
34720660
34720808
34721033
34721091
34721892
34722422
34723625
34727276
34730286
34730338
34730666
34732049
34737951
34738319
34738576
34740194
34741385
34742654
34744624
34744942
34748528
34748681
34750442
34754808
34754988
34759064
34759268
34760911
34761123
34761278
34761889
34763542
34764220
34765857
34766218
34768382
34768842
34768879
34769739
34770583
34772628
34772793
34775001
34777901
34777922
34780900
34783089
34784276
34785156
34786132
34787630
34788100
34790435
34790509
34792619
34792727
34794312
34795538
34795549
34795990
34796709
34797507
34800368
34805028
34809624
34809916
34810342
34811177
34812710
34817661
34818205
34818883
34818920
34819381
34819604
34819972
34822417
34823837
34825874
34827452
34828170
34828357
34829591
34832400
34833288
34833949
34834491
34834721
34834976
34835098
34835414
34836896
34837154
34837575
34837871
34838021
34838195
34838940
34839791
34840452
34840947
34841267
34841640
34841749
34842564
34845000
34845033
34845220
34845830
34846207
34846904
34849473
34850048
34850736
34850980
34851020
34851188
34852366
34852582
34852773
34854382
34854691
34856447
34856590
34857450
34858154
34858568
34863240
34863921
34864205
34864610
34865621
34866307
34867659
34868454
34870711
34870786
34871960
34872666
34876462
34877696
34879264
34882272
34883574
34883904
34886527
34888723
34890901
34891026
34891700
34892124
34892951
34893526
34894223
34895909
34895989
34896549
34897610
34898234
34900534
34900562
34901204
34901404
34901538
34903179
34905944
34905957
34906728
34908784
34910053
34910126
34910171
34911314
34913752
34914574
34915386
34916395
34916487
34917589
34917674
34917786
34918995
34919531
34920241
34920461
34923152
34925104
34925908
34926266
34926517
34926669
34927264
34927300
34927495
34928457
34933052
34933848
34934049
34935501
34935754
34936859
34936873
34937960
34938109
34940823
34942332
34942491
34943633
34944264
34945730
34945814
34947423
34949737
34951103
34951262
34951912
34953225
34954180
34954629
34955182
34955979
34956007
34956086
34957021
34958584
34959499
34960996
34962806
34963280
34964465
34965025
34969306
34970507
34971668
34973386
34974039
34974110
34975663
34976988
34979103
34979330
34981505
34981588
34981747
34981801
34981849
34982485
34984494
34985312
34986948
34987131
34987476
34987861
34990478
34990537
34990692
34990710
34991603
34991898
34992307
34992489
34993129
34993837
34994374
34994717
34996204
34997309
34997902
34998540
34999130
34999379
35000508
35000560
35001576
35002007
35002685
35003862
35004529
35004550
35005058
35005976
35006033
35007351
35007725
35010146
35010574
35012123
35012338
35013543
35014235
35014869
35015913
35017942
35018755
35020235
35020695
35021207
35022639
35023582
35024283
35025422
35026520
35026810
35027019
35027571
35028652
35029200
35029610
35033347
35033443
35035588
35035612
35035917
35036503
35036558
35038777
35039128
35040080
35040338
35040356
35041174
35042983
35043102
35043234
35044029
35044883
35045256
35045462
35046063
35046953
35047173
35047967
35048695
35049006
35049385
35049643
35050544
35050980
35051459
35052440
35055753
35056585
35056819
35058430
35059642
35059710
35060203
35060744
35062376
35062480
35064084
35064286
35064728
35065845
35066699
35066869
35068257
35069118
35069153
35069708
35071480
35075212
35076959
35077368
35078335
35079216
35082941
35087446
35087836
35088272
35089285
35093976
35095707
35096899
35097827
35097961
35100338
35101571
35101901
35103207
35104446
35104776
35105069
35105675
35106207
35106700
35107371
35109459
35109738
35109898
35112062
35112407
35112629
35112659
35113084
35114690
35116160
35118439
35118629
35119596
35120118
35121991
35123603
35124652
35124986
35125720
35126119
35126325
35126359
35126461
35126937
35127386
35127441
35127568
35128146
35128164
35130120
35130715
35132467
35134226
35135070
35135816
35135941
35136671
35136945
35137329
35137991
35138129
35138440
35138633
35140558
35140884
35141971
35142687
35142715
35143561
35144466
35144944
35145140
35146796
35147144
35149345
35149954
35150315
35150449
35151432
35152657
35152963
35153165
35154848
35155901
35159040
35160491
35163181
35163702
35164121
35164329
35164479
35164890
35165540
35171445
35171677
35171962
35174345
35174623
35175388
35175775
35176979
35180294
35182600
35182826
35183616
35183868
35184355
35184829
35185047
35186157
35186708
35188764
35189477
35189571
35189912
35190469
35190509
35195513
35195672
35196151
35198664
35200483
35200542
35202050
35202115
35204279
35205688
35206228
35208012
35210750
35212476
35213023
35213597
35214260
35214814
35214993
35215051
35215102
35217439
35217996
35218649
35220074
35220681
35220737
35222432
35223738
35224683
35225746
35226197
35227919
35228924
35229697
35231001
35231120
35232032
35233307
35233778
35236547
35237821
35238137
35238544
35239437
35239935
35239943
35240667
35242332
35243676
35248418
35248951
35250273
35250543
35251517
35252234
35252715
35253038
35255477
35255791
35255913
35257940
35258217
35258401
35259102
35260096
35260434
35262118
35262440
35264562
35264581
35267166
35267167
35268115
35268854
35269140
35269703
35271577
35272295
35272566
35272780
35273041
35273044
35274462
35276100
35276531
35277213
35278113
35278474
35279000
35279042
35279525
35279550
35279856
35280103
35280125
35280368
35280921
35281168
35283131
35283872
35285145
35286047
35287279
35289119
35290889
35292020
35292504
35294260
35295703
35296615
35298340
35298445
35300159
35306385
35306478
35306850
35307128
35307552
35309169
35309188
35311133
35311218
35311610
35311654
35311929
35314199
35314481
35315666
35318014
35318545
35318660
35320742
35321765
35322575
35322620
35328305
35330756
35331206
35332100
35332312
35333950
35334047
35334373
35336568
35338695
35338986
35339141
35340693
35341684
35341746
35342746
35343144
35343294
35346140
35346197
35348485
35348929
35349531
35349744
35350739
35351479
35351739
35351816
35353058
35353565
35353959
35355714
35355961
35357710
35358920
35359919
35360977
35361178
35365030
35365829
35365918
35367363
35367677
35368424
35369258
35370039
35370241
35370495
35371425
35371728
35371791
35372528
35372671
35373816
35374067
35374546
35375799
35376362
35376376
35377880
35379712
35380514
35381415
35381713
35382693
35385823
35386115
35387579
35389088
35389150
35389275
35390221
35391912
35392370
35392447
35392686
35392913
35393473
35394406
35394511
35396856
35397635
35398178
35398349
35399577
35400991
35404362
35405879
35406764
35408251
35410956
35411614
35411706
35411876
35412428
35413472
35413896
35414811
35415645
35415982
35416368
35418333
35418477
35420487
35421420
35421839
35422655
35423654
35424353
35426238
35426258
35428225
35429139
35429162
35429235
35429736
35430005
35431319
35432129
35434750
35436173
35436564
35437069
35437132
35437962
35438604
35438669
35441367
35444480
35446035
35447698
35448743
35449104
35450260
35450334
35451180
35451818
35454492
35457865
35459306
35459875
35460303
35460310
35460383
35460514
35460709
35462260
35463333
35463719
35465311
35465638
35469554
35469610
35469712
35470187
35471363
35472122
35472873
35478283
35481411
35482091
35484933
35485433
35486562
35487678
35488331
35489387
35490770
35494726
35495029
35496015
35496236
35496712
35496951
35497733
35499094
35499509
35500464
35500468
35500881
35501578
35501623
35502943
35503063
35503367
35503389
35503632
35506402
35506648
35507920
35508199
35508991
35509197
35512727
35513383
35513832
35514329
35517218
35518379
35518516
35518658
35518973
35519657
35520201
35521514
35522715
35524607
35524800
35525886
35525926
35527060
35527500
35531069
35531275
35532425
35533068
35534249
35535110
35536780
35537084
35537497
35537951
35538434
35539385
35540880
35541143
35541424
35541886
35542623
35543975
35545064
35545068
35549286
35549512
35551455
35551614
35554295
35554422
35555431
35555495
35563149
35564566
35566111
35566996
35567457
35567543
35568288
35568761
35569674
35570284
35570755
35571248
35572859
35575177
35575298
35576654
35576689
35577682
35578130
35579830
35582644
35584076
35584224
35586156
35586189
35586276
35586892
35588047
35588515
35588548
35590392
35592037
35592376
35592724
35594597
35594874
35594951
35596211
35596918
35597373
35598327
35598351
35599579
35599689
35599800
35600845
35603234
35603856
35605433
35606090
35607778
35608219
35608258
35609056
35609215
35609515
35612117
35612788
35613367
35614444
35615910
35616142
35616613
35616644
35616810
35617024
35618232
35621515
35622106
35628694
35630292
35630639
35633071
35634182
35634947
35635516
35635838
35635946
35636499
35636710
35638114
35638891
35639276
35640514
35640895
35642793
35643561
35645373
35648360
35650176
35650778
35651567
35652297
35652454
35652586
35654201
35654227
35654499
35654893
35656746
35659479
35660991
35661812
35662493
35668220
35668798
35668920
35668954
35669865
35670151
35675021
35677170
35679752
35679876
35683289
35685256
35686084
35686818
35687853
35688957
35690160
35690208
35690844
35690939
35690986
35695124
35695547
35695900
35696518
35697466
35697867
35699484
35701466
35702503
35702898
35703830
35704013
35704220
35704930
35707089
35707180
35710565
35712217
35712753
35713006
35713682
35714299
35715415
35718628
35718758
35720023
35720719
35720850
35722440
35722680
35724518
35725286
35725839
35729141
35729728
35730001
35731499
35733729
35734043
35736271
35736421
35736712
35736828
35736829
35738306
35739030
35740625
35740795
35747721
35747821
35748154
35748608
35749728
35751943
35755742
35756185
35756404
35760499
35761862
35763483
35766054
35767584
35767759
35767883
35769363
35769504
35770838
35771969
35772648
35772897
35774036
35776058
35776413
35777999
35778035
35778173
35778287
35778763
35779341
35780117
35782585
35783614
35784957
35784981
35787268
35787343
35791303
35792109
35792181
35798029
35798645
35798841
35799340
35800669
35802881
35803474
35804636
35805685
35806372
35806531
35810056
35812670
35817693
35818923
35821502
35822802
35822884
35824208
35825055
35825471
35827376
35827613
35828236
35830413
35831162
35831783
35833156
35833216
35833311
35833447
35833458
35835371
35835453
35835671
35837349
35837422
35839355
35839952
35840783
35842263
35842449
35843284
35843604
35843633
35843681
35844090
35846358
35847919
35849227
35849262
35850340
35851775
35851995
35853307
35853544
35854181
35856430
35858655
35859307
35865380
35867437
35867657
35867744
35871807
35872541
35872862
35874160
35874310
35877042
35878961
35879439
35879550
35879718
35880174
35880464
35880608
35881389
35882178
35883050
35884163
35885108
35885192
35885781
35886239
35886856
35888394
35888559
35894863
35896226
35897380
35897422
35898295
35898504
35899440
35899536
35899588
35900041
35901425
35902065
35904326
35904728
35905313
35907973
35908039
35912153
35915393
35915512
35917350
35917890
35919709
35920948
35921092
35921960
35924115
35924244
35925787
35925808
35926077
35926836
35928024
35928583
35929474
35930889
35931591
35933366
35933985
35934752
35935572
35936161
35936923
35937027
35938256
35938603
35939576
35939885
35940979
35942449
35942887
35943432
35943456
35944941
35947279
35948650
35950066
35950912
35951376
35953552
35954042
35955440
35955734
35957159
35958691
35959196
35959297
35959971
35960132
35960744
35960848
35961565
35961754
35964685
35965951
35966597
35966906
35967208
35968276
35969010
35969068
35971352
35973860
35974306
35974394
35976961
35976998
35981618
35981758
35983300
35984317
35986064
35986921
35987794
35988140
35988846
35989798
35992099
35994087
35996468
35997422
35997847
35998754
35999989
36001481
36001989
36002934
36003469
36004061
36004378
36005989
36006180
36006451
36009649
36011877
36012929
36013544
36013628
36015177
36015375
36017965
36019090
36020903
36022712
36023439
36024173
36024638
36024910
36024950
36025956
36026960
36028074
36031484
36032304
36033154
36034695
36035621
36036538
36039426
36039806
36040418
36041613
36042076
36042171
36042404
36042765
36043870
36044786
36045362
36045780
36045914
36046502
36046979
36047061
36048156
36048550
36048781
36052078
36053552
36055930
36055931
36057743
36057928
36059588
36059690
36059977
36060040
36060619
36060709
36062312
36062717
36066605
36066652
36067815
36068196
36069270
36070160
36070658
36071225
36071429
36072958
36073149
36074198
36075643
36076812
36076853
36077835
36080681
36081179
36081378
36081427
36083687
36084834
36085783
36086390
36088086
36089816
36090285
36091766
36093287
36093692
36094533
36095186
36097460
36097873
36102405
36103034
36103797
36106651
36107136
36107432
36107447
36107816
36108649
36110491
36111036
36112640
36114396
36114612
36114740
36115069
36115786
36116215
36119868
36119979
36120895
36121142
36122030
36122478
36122524
36123349
36126008
36127119
36129093
36130187
36130639
36130759
36132077
36134797
36136013
36136672
36137452
36137598
36138183
36138454
36143160
36143610
36146861
36147308
36147988
36148486
36148932
36150139
36150570
36150685
36150830
36151981
36152183
36152919
36153018
36155282
36155867
36155999
36156385
36158213
36158330
36159360
36159392
36159501
36160636
36160937
36162597
36162961
36163966
36167085
36168035
36169218
36169295
36169423
36173157
36173735
36173830
36176531
36178992
36179228
36179572
36180065
36180940
36181631
36183976
36184608
36186102
36186255
36186270
36186895
36188108
36189706
36190360
36190400
36190613
36193334
36196007
36196702
36197787
36199906
36200066
36200860
36200986
36202036
36202434
36203148
36206485
36207439
36207497
36207877
36208129
36210517
36212169
36213396
36213632
36214099
36214418
36215864
36215937
36217502
36218400
36218615
36219821
36220009
36222425
36223192
36223959
36226982
36227990
36228556
36230390
36231783
36231933
36231955
36232995
36233569
36235719
36237590
36238366
36238606
36240982
36241341
36241404
36242405
36245645
36246431
36247757
36247955
36249845
36250943
36250950
36251009
36251605
36252281
36253359
36255095
36255595
36256075
36256397
36256862
36257661
36259294
36260114
36260563
36261057
36261563
36262253
36267057
36268695
36272158
36272765
36273775
36274334
36274432
36274857
36276819
36276862
36278860
36279229
36279293
36281249
36281304
36281375
36282557
36282662
36283710
36283956
36285546
36285582
36286263
36286473
36287502
36287573
36288827
36289261
36290952
36291161
36293095
36293286
36293441
36294636
36295026
36296752
36297151
36297263
36298587
36299142
36301784
36302372
36303309
36303469
36303495
36303608
36303952
36306667
36307023
36312075
36313891
36314600
36317175
36317592
36317732
36320822
36321739
36321934
36322502
36326600
36327630
36328564
36328716
36330473
36331611
36332731
36332939
36335771
36337178
36338173
36338537
36339605
36339682
36339848
36343854
36345478
36347748
36350421
36351600
36351643
36352263
36353305
36353477
36354221
36354609
36355213
36355354
36355566
36357448
36358251
36358928
36358944
36359069
36359866
36360358
36360374
36361190
36361787
36362851
36364093
36365564
36366259
36367920
36369898
36370771
36371543
36371670
36373512
36374295
36374784
36375503
36375987
36376272
36376391
36376505
36377480
36379997
36380247
36380618
36382331
36383465
36383648
36384571
36384906
36385044
36385523
36385762
36386188
36386409
36387160
36387450
36389052
36390454
36390817
36392228
36392477
36396853
36397375
36401976
36402653
36402654
36402657
36403502
36404430
36404493
36406068
36406303
36406358
36406719
36407626
36410780
36411703
36412197
36412632
36413818
36414368
36414583
36414662
36415941
36417484
36419627
36422610
36423591
36423728
36424452
36427984
36428171
36429290
36429883
36429889
36431173
36431433
36432901
36433865
36434606
36434617
36435454
36436071
36436564
36438376
36439333
36439766
36439924
36441374
36442330
36444712
36445325
36445736
36446630
36446837
36447411
36447632
36447775
36449043
36449077
36450289
36450422
36450465
36450619
36452326
36453156
36454567
36456110
36456416
36456739
36462439
36463454
36463456
36463478
36463716
36464544
36464906
36465282
36465848
36468984
36469179
36470084
36470477
36470794
36472558
36475405
36475851
36476216
36479321
36480790
36482003
36482246
36482523
36483319
36484083
36484264
36484395
36484819
36485179
36485631
36487538
36487925
36488536
36489118
36489286
36490295
36490475
36491836
36493377
36493821
36493995
36499069
36499378
36499616
36499985
36501299
36502180
36504170
36504456
36504617
36505870
36506519
36506567
36508589
36510193
36513577
36515728
36519142
36519155
36520717
36521017
36521025
36521309
36521435
36521805
36522087
36522173
36522429
36523595
36525224
36525379
36525890
36525990
36526944
36529113
36529376
36530759
36532526
36533408
36534148
36536109
36537819
36540265
36544280
36545801
36546762
36547395
36551388
36552130
36552513
36552866
36553958
36554970
36555375
36558491
36558743
36559035
36559868
36560856
36562845
36563058
36565047
36567754
36568726
36570247
36572035
36575066
36575524
36578001
36578417
36578812
36579192
36580491
36580536
36581303
36582326
36583139
36583151
36584077
36585234
36585687
36585882
36586258
36586490
36586986
36587978
36589276
36589757
36589765
36591263
36592694
36593570
36595028
36595097
36595810
36596305
36597195
36598410
36599984
36600419
36601492
36601795
36602402
36602561
36602780
36605565
36606003
36608405
36608900
36608991
36613428
36613462
36613925
36614518
36615576
36618450
36619372
36619501
36619573
36621090
36621604
36624012
36624206
36624350
36624910
36625431
36627167
36627646
36627666
36629025
36630640
36632757
36634354
36634632
36636219
36636396
36637295
36637787
36640375
36642470
36642579
36643203
36643560
36644052
36645175
36647653
36651195
36653355
36655447
36656293
36656302
36656359
36659499
36660566
36662047
36663092
36663469
36663600
36663833
36664312
36664946
36666290
36667896
36668084
36668320
36668911
36669497
36669642
36669661
36670512
36670575
36671667
36671945
36673213
36674335
36674793
36675298
36675397
36676411
36677730
36682099
36683639
36684386
36685275
36685332
36685578
36686837
36687673
36688958
36688997
36690030
36690270
36690406
36690420
36690885
36690888
36691670
36691719
36692059
36692509
36692823
36694443
36696983
36697370
36697693
36698001
36698468
36700288
36700350
36701083
36701305
36702178
36702832
36702849
36704525
36704887
36705807
36707919
36709297
36709760
36710751
36712168
36712288
36715535
36717563
36721085
36721417
36721983
36725795
36726260
36726628
36726921
36728250
36729273
36730893
36732658
36735784
36738641
36738721
36740707
36740740
36741248
36741259
36742242
36743866
36745629
36746093
36747243
36748030
36748299
36748838
36749563
36749707
36750726
36753306
36755317
36755323
36756756
36757086
36758117
36758166
36758260
36759198
36759963
36760731
36761344
36761506
36761551
36761893
36762845
36762949
36763130
36764256
36764766
36765441
36768003
36768638
36770694
36770884
36771459
36771858
36772012
36772379
36772637
36777833
36778269
36779653
36779698
36780435
36780559
36780582
36782333
36782876
36784982
36785375
36786666
36786856
36787092
36787955
36788075
36788371
36788933
36789870
36790403
36790628
36791970
36793918
36794685
36794912
36795607
36797675
36797799
36798988
36799764
36799979
36800106
36800617
36801120
36802127
36803483
36803500
36804875
36805519
36806554
36806704
36807983
36808104
36810385
36811576
36811880
36812378
36814511
36816138
36816736
36817443
36818748
36819677
36822320
36822340
36822400
36825952
36826942
36828288
36828381
36831418
36831833
36833176
36834775
36834930
36836194
36836644
36838009
36840133
36841130
36842387
36844333
36844472
36845823
36847864
36848641
36849119
36849859
36850196
36852787
36853586
36854013
36854409
36854431
36855423
36855808
36855845
36857596
36857824
36858308
36863203
36863976
36866059
36866075
36866651
36866765
36869104
36869489
36870422
36871774
36872660
36874043
36874819
36875077
36875132
36876393
36876840
36878825
36879169
36879231
36880844
36881253
36881809
36882553
36884896
36886643
36887920
36888202
36889531
36890134
36891106
36895175
36896459
36896581
36897895
36901435
36903291
36903354
36904845
36905154
36905731
36906305
36907428
36908995
36909642
36912022
36912514
36913810
36914230
36917179
36918055
36918152
36918544
36919408
36920106
36920520
36922562
36923094
36923597
36924502
36924718
36928276
36930471
36930534
36930960
36932060
36933833
36934215
36936830
36938349
36938871
36939015
36939031
36939903
36941011
36941136
36941691
36942084
36943803
36944494
36945241
36945780
36948576
36948910
36950003
36952578
36953423
36958566
36959267
36960684
36961495
36962459
36962907
36965029
36965105
36965460
36965542
36967156
36967963
36968017
36969062
36971540
36971545
36971875
36972135
36972997
36973144
36973438
36975007
36975988
36976369
36977963
36978076
36980400
36981277
36981505
36982789
36983398
36985109
36988977
36989148
36989417
36989460
36989693
36990504
36991740
36991759
36992495
36994334
36995136
36995986
36997080
36998405
37000747
37001418
37003985
37004034
37004114
37011857
37012987
37013272
37013885
37014526
37015631
37017050
37017197
37018238
37020332
37025151
37025206
37025795
37026058
37027175
37027755
37028180
37031085
37031436
37031715
37032984
37033311
37033918
37034120
37034836
37035619
37035772
37035934
37036407
37036454
37036972
37037308
37037998
37038339
37038975
37041883
37043084
37043197
37044913
37047016
37047110
37048308
37050150
37050296
37052406
37053651
37054585
37055930
37056036
37056223
37057520
37058337
37058592
37058987
37062518
37063466
37064199
37064241
37066908
37067805
37068493
37068773
37070243
37071046
37071562
37072327
37073335
37074477
37077262
37077298
37077700
37080140
37081040
37082549
37083207
37083607
37084158
37085033
37085870
37087206
37088057
37090318
37091058
37091319
37092158
37092461
37092892
37095573
37099427
37100439
37101128
37101348
37102305
37102312
37102357
37103850
37103909
37104048
37104485
37104988
37106392
37108532
37108918
37108953
37111151
37111493
37112255
37112451
37113201
37113249
37114487
37116183
37116232
37116291
37117787
37121260
37121921
37126187
37128306
37128982
37130210
37131083
37131272
37131767
37135338
37135391
37135605
37136192
37137108
37137544
37138074
37139992
37141791
37142552
37144357
37145886
37146394
37146876
37147828
37152167
37158023
37158689
37160179
37161687
37162866
37165289
37165431
37169633
37171668
37172922
37173969
37175694
37178071
37180745
37181449
37182391
37183404
37183826
37184732
37188033
37188821
37189249
37190316
37190613
37190954
37192240
37193171
37194050
37197817
37198678
37199396
37200285
37201638
37202014
37203029
37203031
37207093
37207440
37208292
37208837
37209403
37209424
37209744
37210187
37211692
37211740
37211929
37213976
37214819
37215199
37215789
37216654
37216716
37216872
37216895
37220099
37221734
37222605
37223512
37224820
37224958
37226095
37226774
37227024
37228655
37228730
37230579
37231423
37231829
37234825
37235091
37235260
37236581
37237553
37237796
37238134
37239278
37239551
37241089
37241745
37242273
37242488
37244689
37248849
37249475
37250918
37252186
37252681
37254157
37255211
37256957
37258201
37261878
37263528
37267854
37267957
37268182
37268231
37269488
37270260
37271152
37274432
37274678
37276305
37276573
37276794
37276838
37276960
37277197
37278311
37279762
37279846
37280001
37280164
37280397
37280747
37281925
37282515
37282809
37283410
37285195
37288768
37289758
37290843
37292234
37293092
37294047
37295260
37295798
37296797
37297072
37299166
37299640
37300958
37301440
37301893
37302753
37303237
37303539
37303947
37305174
37305872
37306306
37307041
37307264
37308143
37308656
37308985
37309007
37309443
37309803
37311724
37312054
37313287
37315464
37316338
37316822
37317775
37319033
37319640
37321075
37323176
37324162
37324494
37325155
37325990
37326499
37327686
37329499
37330001
37330850
37331005
37332193
37332246
37333543
37333618
37334460
37334666
37338124
37338499
37338985
37340011
37342004
37342819
37344585
37344670
37345463
37346918
37346970
37347070
37347106
37347708
37348037
37348298
37352778
37352869
37353323
37353601
37353629
37354141
37354880
37355681
37356146
37357176
37357443
37357912
37358181
37358810
37362868
37363542
37363712
37366900
37368451
37369049
37369085
37370647
37370983
37371056
37372406
37372680
37373148
37373355
37373370
37373806
37373949
37374400
37376435
37376585
37378732
37379354
37379951
37381443
37381773
37382097
37382608
37383023
37383278
37383993
37384667
37385258
37385696
37387011
37387351
37387408
37387700
37387960
37388232
37388792
37389079
37392210
37392662
37393393
37393469
37393796
37394442
37396912
37398032
37400714
37400755
37400852
37401092
37403668
37404073
37405107
37406385
37406640
37407585
37410573
37411802
37411841
37412468
37414539
37414684
37417309
37419903
37423342
37423960
37424925
37427169
37430602
37430691
37431723
37431820
37432067
37432847
37433364
37433620
37435929
37437038
37437115
37437428
37438725
37439726
37441833
37441996
37442168
37445821
37447604
37447957
37449379
37450576
37452825
37452871
37453110
37457027
37457170
37457917
37459158
37459286
37460837
37461403
37461811
37463522
37465789
37465984
37466710
37466772
37468133
37468660
37469681
37470286
37475780
37478261
37479136
37479908
37480396
37480785
37482778
37483456
37483872
37483931
37484899
37486850
37486955
37487708
37489167
37489606
37490735
37490780
37492030
37492059
37492737
37495084
37495499
37499513
37500467
37500650
37501059
37501633
37503167
37505587
37506097
37506947
37508257
37508261
37509231
37509496
37509920
37510315
37510468
37512333
37512892
37513237
37513650
37514551
37515276
37518437
37518966
37519480
37519726
37520239
37521998
37522271
37522515
37522753
37525549
37526822
37526885
37529122
37531240
37531315
37532643
37533287
37533969
37534617
37535023
37535126
37535728
37536298
37537455
37538584
37539330
37543473
37544493
37546086
37546719
37548398
37549488
37549647
37550614
37550897
37551535
37551952
37552461
37554150
37554571
37556176
37557155
37557272
37557512
37557689
37558179
37558814
37559216
37561442
37562120
37562676
37565003
37567888
37570627
37570850
37571801
37572968
37574051
37574371
37574724
37575488
37576925
37578102
37579022
37579154
37580770
37582560
37583627
37583647
37586447
37587772
37590729
37590802
37590977
37591082
37591669
37594104
37594961
37596253
37596710
37598487
37600026
37600104
37600121
37601052
37601994
37602351
37602378
37602402
37602980
37603939
37605606
37606122
37606162
37606981
37607402
37608279
37608285
37613959
37615771
37616658
37616749
37621150
37621248
37623548
37625284
37625374
37625379
37625585
37627490
37628327
37628906
37628993
37629829
37630177
37631028
37633060
37634250
37636112
37637172
37640380
37640898
37641534
37642707
37644742
37646656
37646757
37647683
37647905
37650461
37652279
37653656
37654696
37655580
37656625
37657195
37657263
37657534
37657937
37658780
37658819
37658936
37662052
37662590
37662975
37663633
37664344
37665192
37665195
37665512
37669413
37670102
37670632
37671930
37673225
37674444
37674933
37674991
37675950
37678462
37680474
37680833
37681666
37682480
37683408
37683552
37683749
37684645
37684709
37685197
37685903
37686267
37686377
37689614
37689650
37690657
37691414
37692831
37693817
37694035
37695226
37696379
37697940
37698267
37700387
37701601
37702255
37702585
37703561
37705867
37705888
37706144
37706512
37711119
37711414
37712895
37713383
37715268
37716777
37720202
37721568
37726289
37726592
37729662
37732986
37733231
37733815
37734358
37734938
37735803
37740831
37741522
37743271
37745908
37746670
37747012
37748126
37749932
37752438
37752850
37753786
37753795
37755672
37756962
37757852
37758228
37758255
37761032
37761076
37762314
37762588
37763008
37765029
37766210
37766546
37767869
37768705
37769473
37769761
37771170
37771252
37771840
37773934
37774348
37774607
37775156
37775463
37775818
37776028
37776977
37781941
37781952
37782418
37783352
37784422
37784631
37785387
37788847
37788857
37789125
37791347
37791498
37791837
37792062
37793095
37794354
37795161
37797388
37797498
37798962
37799296
37801233
37802961
37803550
37807962
37808051
37808190
37808938
37810126
37811007
37811079
37811417
37811925
37812478
37812528
37813275
37813626
37815498
37816075
37816686
37818391
37818761
37820419
37821028
37822197
37823080
37823677
37823913
37824131
37824471
37826882
37827108
37827591
37828147
37828631
37828666
37829025
37830178
37830496
37830754
37832433
37832540
37832768
37833450
37835591
37837503
37838093
37839392
37839566
37841202
37842926
37842961
37843293
37844465
37845920
37846444
37847277
37848920
37848959
37849912
37850340
37852279
37852887
37854255
37854666
37855338
37855437
37855659
37855818
37855971
37856175
37856642
37858700
37860023
37861764
37862236
37862613
37862662
37864772
37866512
37867810
37869196
37869930
37872791
37875241
37877173
37877483
37878853
37879379
37880157
37880635
37881714
37883942
37886575
37887945
37888143
37889634
37890586
37890683
37890884
37891233
37891425
37893226
37894785
37895107
37895563
37896478
37896986
37898265
37898975
37903378
37905084
37905171
37906094
37910637
37910765
37910931
37911547
37912273
37913187
37913478
37914435
37916684
37917834
37918686
37919132
37919353
37920165
37922969
37923571
37924770
37927050
37927641
37929390
37929886
37932567
37934504
37934519
37936160
37937059
37938255
37938613
37940248
37940473
37941078
37941624
37942053
37944260
37945749
37945817
37946640
37946732
37948797
37948985
37950007
37950463
37950876
37951371
37955201
37955215
37956751
37957945
37958563
37958734
37959633
37960665
37962005
37964342
37965971
37966374
37966456
37969333
37971392
37971974
37972567
37972672
37973618
37973654
37976300
37977444
37979220
37982292
37982793
37983040
37983442
37984879
37985938
37986899
37987212
37987340
37987941
37988040
37988968
37988983
37990986
37991300
37991516
37991562
37994003
37994683
37994945
37995659
37997580
37998956
37999194
37999575
37999725
37999980
38000942
38001119
38001235
38002449
38003458
38004681
38005343
38006609
38007152
38009735
38010143
38010244
38010723
38010797
38012011
38012359
38013916
38014388
38015298
38016025
38016697
38016951
38017256
38019256
38019408
38019546
38021653
38023482
38024987
38025507
38025542
38027448
38031427
38034516
38034991
38035096
38036341
38036435
38037456
38037774
38038252
38039789
38040286
38040455
38041687
38042061
38043501
38044635
38045621
38047055
38047880
38048117
38048350
38050958
38055232
38057842
38059575
38061092
38063190
38063218
38064741
38065683
38066060
38068124
38068147
38068331
38070019
38070748
38071837
38074502
38074872
38075729
38075963
38076835
38077170
38078080
38078283
38078554
38079144
38080226
38080929
38080986
38081803
38084661
38085045
38087525
38087725
38088592
38089166
38089942
38091452
38093356
38093401
38093719
38095332
38097542
38098536
38100365
38100633
38102759
38104200
38105554
38105685
38106862
38108152
38108288
38110909
38112097
38112316
38112565
38113094
38114214
38115385
38119582
38119652
38121230
38123035
38124318
38125117
38125299
38125912
38126214
38129457
38130237
38130720
38131375
38133014
38133464
38133600
38136651
38137561
38139910
38141360
38142059
38142326
38142768
38143010
38143081
38145817
38146203
38146483
38147485
38148252
38149420
38150544
38150618
38151342
38152223
38153547
38153914
38155107
38155254
38155583
38158816
38160814
38161067
38162499
38163378
38164274
38166551
38166934
38168059
38168100
38168910
38169110
38169169
38169659
38173389
38174569
38174606
38174888
38175854
38175976
38176560
38177542
38177955
38178291
38178852
38182026
38182550
38182780
38183020
38183458
38183637
38183707
38184109
38186254
38186737
38186811
38188914
38189338
38189707
38190890
38191019
38193218
38193828
38193956
38199537
38200601
38202119
38204878
38205125
38208680
38208861
38211978
38211995
38212434
38212512
38214444
38215197
38217181
38217571
38217622
38218265
38219923
38220213
38222119
38223995
38225468
38226119
38226449
38227663
38228930
38230181
38230801
38233190
38233775
38234817
38236558
38236707
38237513
38237741
38238005
38238507
38238599
38238655
38238783
38239000
38239554
38239555
38240309
38241423
38242277
38242379
38243447
38246815
38247237
38247784
38249537
38250360
38250577
38251875
38252199
38253012
38255107
38255161
38255801
38256813
38257007
38257465
38257905
38258184
38259629
38259912
38260107
38260510
38260712
38261364
38262927
38263303
38263982
38264759
38265026
38268098
38269143
38269316
38270459
38271025
38272337
38272885
38275146
38275555
38279534
38279828
38282197
38282892
38283180
38283838
38283938
38284400
38285148
38285503
38286573
38286763
38286911
38287696
38288068
38288858
38292542
38292625
38293465
38294101
38294218
38294595
38298018
38299260
38299416
38300640
38301522
38303122
38303287
38304256
38304923
38306144
38307019
38307739
38307798
38307942
38310271
38311541
38311700
38313228
38313444
38314592
38315255
38315802
38317131
38317707
38320618
38323962
38325967
38326670
38327768
38329479
38332285
38333001
38333518
38334456
38336088
38337226
38339185
38339920
38340773
38342188
38342288
38344807
38345515
38346374
38347378
38347648
38347907
38347960
38349525
38349783
38350150
38352498
38354650
38355754
38356114
38360292
38360321
38362253
38363450
38363648
38364464
38364963
38366253
38368696
38369722
38373096
38373974
38374806
38374892
38375209
38376603
38379798
38382243
38385817
38385957
38386341
38387144
38387408
38388244
38391676
38392494
38392920
38395262
38395922
38398260
38398732
38401154
38406487
38407192
38407235
38409117
38410672
38412328
38413154
38413664
38416466
38416924
38420944
38421453
38421632
38422247
38424310
38425508
38426700
38432274
38432692
38433494
38433527
38435482
38439562
38441326
38442144
38445053
38445186
38449029
38449249
38449378
38449907
38451158
38451635
38451741
38452777
38455675
38456535
38456543
38457191
38458120
38460064
38460877
38461227
38461403
38462422
38462628
38463436
38463571
38465774
38467570
38468298
38468682
38468887
38469377
38470063
38470165
38471762
38472787
38473857
38474186
38476334
38477438
38478350
38478684
38481962
38482063
38482814
38487769
38488047
38488577
38489493
38489633
38493069
38493103
38493835
38494274
38495745
38496283
38496523
38496836
38498499
38499090
38499243
38499846
38500243
38500935
38501080
38502168
38502327
38503642
38504300
38505078
38506779
38507117
38508113
38508506
38508907
38511667
38512117
38512305
38512397
38513093
38513358
38513803
38516457
38518404
38519429
38520806
38520993
38521233
38521337
38524666
38525631
38526132
38526473
38529266
38530763
38530827
38531288
38532662
38533415
38537596
38538041
38542578
38545157
38545383
38545627
38546517
38546831
38547666
38548665
38551033
38552899
38553029
38553072
38553154
38553201
38553376
38555903
38555946
38556228
38556513
38556908
38559355
38561388
38561390
38561656
38564109
38564701
38564929
38566235
38566545
38568210
38570760
38571356
38573409
38576612
38576654
38576809
38577797
38583551
38584041
38584277
38584337
38585210
38585265
38586041
38586233
38587625
38587692
38588652
38590029
38590563
38590604
38591562
38594110
38595265
38596288
38597269
38597572
38604733
38604965
38605090
38605268
38606206
38606832
38608369
38609441
38609601
38612439
38612965
38612968
38614230
38615169
38616333
38617836
38617876
38619202
38619284
38619326
38620691
38621507
38625195
38626436
38628069
38628739
38631003
38631598
38632064
38632833
38632942
38633655
38633985
38635706
38637194
38638059
38638500
38639077
38639267
38639975
38640863
38642788
38642865
38643064
38644302
38644859
38645806
38646632
38647044
38647245
38647841
38649601
38650694
38650937
38651837
38651896
38652540
38653705
38653717
38656152
38657323
38657405
38657528
38657589
38658617
38659080
38659084
38659185
38659554
38663152
38663227
38663966
38668201
38668339
38668446
38668783
38669045
38671546
38672159
38672520
38674340
38674578
38675508
38678875
38679584
38682523
38683937
38684778
38687319
38689596
38691113
38691398
38692335
38693015
38694888
38695860
38697204
38699151
38700374
38701216
38704726
38709441
38709538
38710048
38711031
38711624
38712477
38714790
38715100
38715788
38716063
38716185
38717255
38717904
38717990
38718971
38721338
38723261
38724523
38724833
38726450
38726989
38727665
38728311
38728604
38729362
38729652
38731392
38731706
38732708
38732723
38733369
38733661
38734888
38735464
38736657
38737319
38737977
38738175
38739167
38739802
38742975
38744673
38746511
38747182
38747284
38749076
38751033
38752008
38757233
38759195
38759467
38760123
38761035
38762628
38763550
38763723
38764617
38765785
38766747
38766825
38768046
38768136
38777358
38779473
38779601
38779706
38780910
38780927
38781804
38782228
38785400
38785505
38785588
38785602
38785706
38785862
38786262
38787039
38788333
38789478
38790592
38791927
38793000
38795379
38796960
38797143
38798691
38798708
38801083
38801784
38802419
38802918
38803134
38804988
38805849
38806378
38809347
38810636
38810829
38811644
38814484
38815255
38816607
38816900
38820632
38822404
38824005
38824283
38824934
38825894
38825980
38827210
38827999
38828353
38828506
38829636
38831252
38831423
38832122
38832971
38833388
38833650
38834514
38835762
38835846
38837643
38838001
38840591
38840994
38841655
38843516
38845908
38848637
38848936
38849191
38849390
38851088
38851473
38851553
38851599
38851781
38852436
38852779
38853315
38855133
38857261
38857385
38857808
38858073
38859087
38859892
38859995
38860226
38862698
38864288
38866057
38866298
38868189
38868496
38868823
38871146
38872850
38874301
38874742
38875099
38875310
38875710
38876045
38877018
38878726
38879071
38880999
38881813
38882364
38882460
38882685
38883379
38888385
38890188
38891546
38891821
38893851
38894019
38894962
38895279
38897792
38898945
38899945
38900452
38901145
38901209
38901361
38902041
38902361
38902776
38903840
38904591
38905170
38905837
38906764
38907196
38907290
38907371
38909072
38909246
38909287
38910317
38913746
38913989
38917360
38917593
38918897
38920575
38922276
38923027
38924039
38925256
38927174
38927998
38928050
38929935
38930648
38931830
38932241
38932853
38934021
38936328
38936750
38937059
38937138
38938308
38939164
38939396
38939663
38941046
38943255
38945453
38945948
38946940
38947295
38947342
38948304
38948545
38949039
38949068
38949083
38949526
38949552
38951595
38952120
38952787
38953379
38954067
38954500
38956373
38957167
38958131
38959030
38960688
38961615
38961793
38964166
38970472
38970622
38970671
38970906
38971765
38972279
38974101
38974171
38974523
38974564
38975760
38976938
38979216
38979994
38980676
38982170
38982422
38983521
38983895
38984039
38984160
38986219
38986265
38986459
38987676
38988647
38988973
38989511
38990885
38991508
38998599
38999266
38999545
39000479
39000496
39000574
39000919
39002072
39002238
39002742
39002967
39003126
39003770
39003774
39004748
39004860
39005103
39005267
39005302
39005580
39008409
39008616
39010740
39011107
39011450
39011532
39011805
39012116
39014249
39014385
39017326
39017499
39020810
39022112
39023154
39026419
39026977
39027097
39028426
39028771
39028814
39029337
39030736
39030787
39032705
39033844
39034245
39036097
39036335
39036715
39038146
39040263
39040681
39041112
39044343
39045002
39045119
39045368
39045434
39047995
39048137
39050731
39051458
39052037
39052492
39054205
39054394
39055093
39057246
39058415
39058572
39058672
39059332
39060306
39061399
39062809
39064029
39064606
39064895
39065941
39066107
39068079
39068306
39069274
39070604
39071522
39071526
39071710
39072946
39073016
39073486
39075155
39075648
39075808
39080100
39080194
39081432
39082928
39084913
39085582
39085719
39086001
39086658
39086854
39088770
39089390
39092160
39092203
39093288
39093360
39093494
39093864
39098525
39098892
39101812
39102287
39104072
39104517
39105187
39107858
39108468
39110556
39113647
39113784
39114136
39114862
39115199
39115599
39116685
39117508
39119248
39119879
39120460
39121639
39122163
39122760
39123810
39124616
39124853
39124904
39126185
39126722
39127599
39133487
39134560
39134657
39136878
39137230
39138017
39141287
39141947
39142849
39142872
39143401
39143456
39146431
39146492
39148093
39149188
39149456
39150077
39153348
39153450
39154093
39155276
39155428
39158335
39158370
39158452
39159857
39161178
39161713
39163912
39165484
39166114
39166271
39166758
39167440
39167825
39169939
39170012
39170544
39171088
39171946
39172995
39173807
39174282
39174862
39176757
39177990
39179108
39181178
39183084
39185349
39186351
39186577
39188633
39188865
39189017
39189370
39189691
39190153
39193501
39193927
39194152
39196532
39198213
39199159
39199591
39201841
39203644
39205269
39206329
39206585
39206677
39207134
39208083
39209244
39209916
39210089
39212411
39212788
39213035
39214164
39214683
39215457
39216335
39218882
39219254
39221387
39222974
39224257
39225280
39227057
39228199
39228733
39228857
39231298
39232399
39232470
39233740
39234073
39234189
39236250
39236254
39236726
39237816
39238480
39239176
39239259
39240458
39241948
39242392
39244170
39245349
39246370
39246660
39246701
39246971
39250815
39251762
39251912
39253247
39254693
39257265
39258091
39259013
39261929
39262869
39263424
39263456
39263700
39265523
39266149
39268139
39272770
39272910
39273246
39274257
39276764
39276900
39281259
39281958
39282050
39283302
39286087
39286375
39286440
39286523
39288049
39288342
39288941
39292923
39293937
39296782
39297826
39299567
39301292
39302635
39303341
39303639
39303646
39303932
39305644
39308760
39309860
39310861
39311181
39311937
39311987
39312528
39314303
39315407
39320205
39320286
39320311
39320837
39321404
39323096
39323367
39325550
39327309
39327336
39329526
39330435
39330568
39330684
39332443
39333481
39334559
39335656
39336286
39337146
39341935
39342650
39344015
39345327
39346274
39346304
39346656
39347299
39348536
39348837
39349722
39351840
39353426
39357151
39357654
39357964
39357981
39360048
39360603
39363124
39363741
39363766
39365145
39365162
39365810
39367965
39368389
39368951
39370768
39371043
39371151
39371830
39371856
39373003
39375156
39375887
39377906
39378068
39378163
39378393
39378681
39378747
39379055
39379107
39380886
39381687
39381796
39382420
39383370
39383646
39383671
39384624
39385195
39385448
39386369
39386435
39387508
39388853
39389352
39391979
39392920
39393140
39393597
39394700
39395203
39397554
39397784
39397986
39398948
39399106
39401349
39402883
39405701
39406327
39406609
39407469
39407965
39411036
39412227
39412278
39412831
39413034
39413474
39414927
39415833
39416780
39417556
39417749
39417903
39420164
39420899
39420903
39423056
39423577
39424344
39425152
39425206
39425917
39426776
39427000
39427396
39427487
39428563
39428661
39429329
39429976
39431028
39431282
39432235
39432921
39433488
39434089
39435019
39437611
39440197
39441620
39443181
39444065
39444647
39446911
39448007
39448235
39448319
39448996
39449291
39449705
39452747
39452788
39453084
39453440
39457501
39457917
39460803
39462227
39463487
39464849
39466873
39467543
39467728
39467794
39468102
39468472
39474257
39474697
39475088
39475426
39475498
39479427
39479509
39481528
39482007
39482578
39482988
39483304
39483865
39484539
39484579
39484797
39485474
39486861
39487002
39488658
39489280
39489898
39490030
39490719
39491631
39492948
39493645
39493811
39493829
39496600
39498384
39499997
39500612
39500723
39501114
39503079
39503706
39503930
39505314
39513603
39514706
39514786
39516346
39516889
39517409
39517659
39517947
39519115
39520343
39526156
39528740
39529438
39529473
39529512
39530770
39530818
39530879
39532925
39533233
39533248
39533451
39533668
39533757
39535040
39535714
39535719
39536330
39537855
39538981
39540169
39541181
39541343
39542951
39543793
39544213
39548066
39548234
39548494
39552275
39552670
39553600
39555923
39557552
39559749
39561211
39561600
39565649
39566500
39566968
39568600
39569133
39570224
39571601
39572662
39574469
39574632
39578072
39580165
39580182
39580505
39580850
39580948
39581964
39582281
39582461
39582495
39583058
39584387
39585077
39585094
39585149
39585509
39585688
39586388
39588314
39588376
39588818
39588876
39589196
39590509
39591339
39592252
39593469
39594145
39594225
39596283
39596461
39596682
39597485
39599276
39600291
39600674
39602383
39602482
39606889
39607302
39608085
39608166
39608344
39609054
39613096
39613119
39613214
39614511
39615907
39618001
39620002
39620038
39621513
39621558
39621899
39625201
39625783
39626185
39626654
39628063
39630282
39631198
39631241
39633430
39633449
39637080
39637541
39638030
39640718
39641367
39641527
39641773
39642117
39643081
39643339
39645162
39645688
39647408
39648294
39648841
39650049
39650228
39650344
39651627
39652241
39652510
39654111
39657541
39657594
39658873
39659642
39660049
39660101
39660543
39663715
39664236
39665637
39665931
39665936
39666982
39667183
39667716
39668971
39669442
39669931
39671851
39674981
39675382
39675858
39677387
39678304
39678699
39679565
39680122
39681172
39682169
39684340
39684512
39684700
39685122
39686546
39686953
39687721
39688588
39689300
39689985
39690619
39691260
39691460
39693496
39693916
39694970
39696365
39698017
39698186
39699466
39699912
39700319
39700543
39700583
39701147
39703633
39704168
39704948
39706680
39707710
39707848
39707978
39708240
39708520
39708789
39711319
39714236
39716072
39716661
39716826
39717091
39719438
39724506
39724535
39725521
39726089
39726725
39727861
39729133
39730498
39730869
39730928
39731424
39732300
39732961
39733158
39733764
39734257
39735550
39738181
39738908
39742322
39742688
39743503
39745261
39747835
39751649
39752096
39753812
39754518
39754525
39755366
39755786
39757264
39759236
39759879
39761155
39761527
39764133
39764258
39765631
39768402
39773100
39773791
39777260
39778775
39780231
39783700
39786693
39787303
39787737
39788339
39789085
39793710
39794255
39795077
39795905
39796456
39796475
39799701
39800622
39801381
39801437
39803930
39805325
39807633
39808052
39808824
39810367
39810657
39810955
39812119
39814303
39814810
39815520
39816692
39816893
39817392
39818642
39818848
39819178
39820562
39822519
39822568
39823450
39824417
39824577
39825016
39826179
39827566
39829218
39829248
39830123
39830164
39830233
39831072
39831784
39834068
39834588
39834900
39835139
39835534
39835820
39838982
39839709
39840192
39842729
39843418
39843453
39848537
39848608
39849714
39849912
39851000
39851437
39852149
39852254
39852264
39853891
39855029
39856139
39856452
39856856
39857870
39861261
39864692
39865086
39865345
39867888
39870806
39871655
39871896
39872333
39873024
39874490
39875451
39875741
39875852
39876662
39877303
39878306
39878686
39879131
39879782
39880409
39882385
39883361
39884173
39885623
39885797
39886271
39888019
39890367
39898569
39902259
39904419
39904730
39905391
39905532
39905650
39905846
39906935
39907513
39908564
39909444
39910061
39911991
39912731
39915770
39916439
39917828
39919052
39919426
39920898
39922208
39922369
39922892
39925737
39926537
39927139
39927758
39928545
39928611
39929252
39930651
39931273
39932753
39933235
39934203
39934451
39934591
39934912
39935250
39935956
39936462
39936806
39937484
39938244
39941414
39942012
39942639
39942852
39944808
39945150
39947069
39947375
39948854
39949169
39949573
39950093
39950725
39951434
39951830
39954382
39957816
39959062
39960978
39961442
39962506
39964035
39965018
39965575
39967346
39967372
39970740
39971412
39971921
39972222
39974692
39975447
39975603
39975804
39976778
39977178
39978296
39979722
39980592
39981559
39985512
39989709
39990044
39990742
39991663
39992670
39993799
39994087
39995672
40000149
40000379
40001891
40002104
40002590
40003269
40004437
40004466
40005675
40005833
40006642
40007828
40008556
40010704
40012072
40012416
40012596
40015306
40015518
40017304
40018778
40019645
40019735
40020641
40022422
40022624
40023634
40024028
40025496
40027348
40029698
40030636
40031322
40031674
40032071
40033119
40033747
40037019
40041149
40041940
40042087
40042326
40043028
40043139
40043902
40043946
40044553
40044631
40045602
40045650
40046248
40046269
40046751
40047301
40049524
40050393
40050708
40052026
40052149
40053357
40054302
40055321
40055973
40056146
40056231
40056255
40056450
40056530
40056581
40058376
40059312
40060560
40060760
40061405
40061648
40063879
40065416
40065765
40067550
40067637
40068214
40068971
40069088
40070254
40070341
40070912
40071267
40071487
40072529
40073227
40073497
40074450
40078726
40079111
40081515
40084147
40085929
40091766
40092630
40094607
40095902
40098215
40098801
40099125
40101876
40102873
40103064
40103612
40104152
40105049
40105286
40105629
40106013
40107238
40107493
40109721
40109750
40111251
40111723
40111953
40112826
40113166
40113698
40115596
40117129
40118515
40118830
40119015
40119360
40119394
40119441
40122352
40122421
40122958
40123125
40126369
40128100
40130906
40132888
40134687
40135086
40139394
40141026
40142446
40142677
40143289
40143529
40144760
40150259
40150860
40150882
40150918
40151464
40151738
40151803
40151852
40151920
40153735
40154684
40154990
40156839
40157303
40157434
40158160
40158345
40160553
40161689
40161712
40162067
40162276
40162553
40163276
40164480
40165370
40168264
40169033
40169234
40169346
40170436
40170607
40170625
40171196
40171869
40174547
40176152
40176313
40176369
40177237
40180002
40180682
40180960
40181935
40182718
40182747
40183834
40183849
40184383
40184735
40184752
40185344
40186080
40186679
40188921
40190001
40193656
40194740
40199242
40199426
40199836
40199913
40200620
40201014
40204179
40204551
40205681
40205791
40205857
40207357
40208372
40209384
40210777
40213043
40213388
40215871
40216625
40216633
40218240
40218311
40218573
40219005
40219484
40220360
40221064
40221217
40223399
40224473
40226291
40226350
40226871
40228853
40229795
40232066
40232428
40234379
40235754
40235847
40236363
40236633
40237208
40238221
40238512
40239060
40239872
40241177
40241725
40242392
40244106
40244616
40245439
40246214
40246536
40248639
40250352
40250703
40250808
40251543
40251854
40252825
40252966
40253107
40253188
40253247
40253825
40255085
40258354
40259503
40260078
40260707
40261914
40262298
40262775
40264407
40264926
40265133
40266942
40268178
40268466
40268684
40269674
40269906
40271097
40272598
40273561
40273914
40275573
40276314
40276393
40276848
40276986
40278371
40278816
40279000
40279349
40279806
40279869
40279989
40280958
40282708
40284955
40285056
40286246
40286384
40287650
40288055
40288298
40288578
40290217
40291467
40292372
40292620
40292848
40293063
40294239
40296396
40296404
40296924
40297070
40298493
40299077
40299345
40299522
40299863
40300763
40302318
40302933
40303235
40303435
40305575
40305910
40307411
40308304
40308369
40308549
40308572
40310141
40311286
40311369
40311520
40312109
40313972
40316208
40318040
40318100
40320166
40320729
40321295
40323229
40323741
40323824
40324934
40325497
40326991
40327053
40327575
40327945
40329657
40329802
40332555
40332842
40333457
40334048
40334977
40335593
40336089
40336423
40338032
40338231
40340412
40341681
40341740
40342521
40342624
40343535
40343569
40345032
40345846
40347465
40347727
40348400
40348921
40350996
40351368
40353004
40353310
40354266
40356223
40357936
40358524
40358836
40358916
40359076
40359213
40362608
40364158
40364739
40366306
40366599
40368134
40369409
40371444
40372821
40372913
40373159
40374399
40374441
40376226
40378907
40379612
40380007
40380816
40381636
40381960
40383896
40384524
40385068
40385134
40385542
40385722
40387219
40387449
40388512
40392808
40393690
40399190
40399304
40401025
40401421
40402685
40405049
40406351
40407144
40407893
40409241
40410619
40412455
40413766
40414015
40414051
40414876
40415166
40416168
40416426
40417154
40417354
40417525
40417759
40419098
40419441
40419829
40420315
40421249
40422818
40423135
40423511
40425346
40425690
40426348
40427096
40427301
40428167
40429312
40433509
40434140
40434588
40435523
40437200
40437424
40437430
40437758
40438993
40440641
40442440
40443634
40444791
40446284
40446607
40446864
40447664
40448101
40448811
40450560
40451459
40451976
40454816
40455198
40455821
40456060
40456082
40456249
40456520
40456534
40456950
40460356
40461969
40462140
40462762
40463479
40464134
40464166
40468797
40468810
40469146
40469625
40469653
40470393
40470861
40471120
40471241
40471259
40472455
40474667
40475203
40476999
40477742
40478875
40479544
40484137
40484380
40486214
40486249
40486688
40488275
40488852
40489392
40489494
40492729
40492955
40494936
40495382
40496236
40496445
40497022
40498040
40498263
40501058
40502136
40502233
40502639
40503050
40506044
40508178
40511614
40512501
40513220
40515702
40518712
40519099
40521628
40523043
40523810
40524139
40525421
40526300
40526484
40527270
40529830
40530014
40530217
40530826
40530903
40531052
40531531
40531871
40532231
40532530
40532800
40532818
40536189
40536246
40536399
40536794
40538516
40539225
40539380
40540480
40543196
40543936
40545437
40545587
40546385
40546917
40547649
40547706
40548623
40549608
40550084
40551438
40552928
40553227
40554420
40559278
40559882
40562898
40563223
40563566
40566030
40568604
40569669
40569855
40570534
40570882
40571322
40574135
40576475
40577537
40578535
40579039
40579071
40580948
40581094
40582530
40582568
40583073
40585284
40586096
40588388
40592467
40593556
40593660
40594384
40597989
40598357
40599083
40599103
40600554
40600855
40601849
40602354
40603163
40605773
40606845
40607036
40607891
40607997
40608690
40610637
40611207
40612277
40612856
40614898
40618137
40618180
40618728
40618948
40620176
40620504
40620877
40621672
40621889
40625464
40625466
40626311
40626827
40627426
40628233
40629111
40629701
40629797
40629889
40630244
40631151
40631203
40632651
40633806
40633896
40634767
40635874
40635970
40636375
40637004
40638659
40639874
40641125
40643870
40644430
40644896
40645509
40645552
40647686
40648543
40648859
40650574
40653862
40655931
40656800
40658510
40658560
40658707
40660269
40660309
40660436
40660713
40661498
40661866
40661973
40662142
40662181
40664631
40666826
40666948
40669440
40670131
40672846
40673081
40673953
40674177
40675347
40676330
40677934
40678597
40681370
40681488
40689224
40689312
40689313
40691746
40691933
40693207
40693222
40694236
40694371
40694620
40695005
40695666
40695877
40696489
40697697
40698994
40700101
40700248
40701727
40702879
40703194
40703679
40705750
40706640
40708336
40709319
40709953
40711660
40712450
40713454
40714161
40714693
40715093
40715640
40715728
40716621
40717713
40720289
40721152
40723023
40723409
40724121
40725725
40725845
40725933
40726836
40727906
40728138
40729055
40729804
40729909
40730353
40731130
40734662
40735176
40737873
40738050
40738837
40744867
40745011
40745090
40745258
40746966
40750934
40753834
40753862
40754622
40755467
40756345
40756659
40756686
40757248
40757925
40760958
40761464
40762175
40762836
40762892
40764409
40764930
40765749
40766875
40768280
40768531
40770819
40770833
40771829
40772000
40772538
40773548
40773757
40777653
40779352
40780112
40780348
40782107
40783910
40785405
40788709
40789378
40790016
40790697
40792644
40793082
40793088
40794416
40794875
40799789
40800908
40803020
40803418
40804570
40804903
40805943
40806582
40807396
40808173
40808289
40810571
40811697
40812122
40812834
40813240
40814428
40815334
40817352
40817500
40817526
40818905
40819910
40823438
40823753
40824418
40824964
40825027
40825346
40826367
40826532
40827124
40828255
40828538
40829944
40831043
40831866
40833796
40835763
40836843
40838667
40839673
40840618
40841032
40841111
40841125
40841578
40842424
40842543
40844761
40845062
40845403
40845544
40850064
40851122
40854087
40856059
40856743
40857458
40857582
40858014
40858588
40859780
40859859
40860764
40861910
40865061
40866763
40871016
40872602
40873211
40873986
40874896
40875760
40876026
40876216
40876565
40877473
40878249
40880085
40880270
40880997
40881385
40882445
40883024
40883521
40884443
40885421
40888220
40888611
40888822
40890504
40890916
40891661
40893447
40893999
40894029
40894536
40894954
40895689
40895868
40896516
40899457
40899556
40900605
40901693
40902313
40905264
40907071
40907084
40907334
40912093
40912213
40912220
40913032
40913229
40914476
40918884
40919835
40920425
40920893
40921707
40924657
40925072
40925836
40926285
40926679
40927633
40928246
40928433
40929849
40930993
40932378
40935883
40936416
40937767
40938136
40939153
40940307
40942728
40942997
40945382
40945828
40946121
40946544
40947777
40948257
40948608
40952251
40952382
40952683
40953684
40954042
40955675
40956281
40957518
40958085
40958413
40961251
40961563
40961718
40962024
40962324
40963858
40967020
40967482
40967625
40968214
40973161
40973433
40975321
40977967
40978736
40979212
40979918
40981193
40983721
40983865
40983912
40986450
40987410
40987442
40987922
40988439
40988480
40990965
40993550
40993688
40994840
40996827
40998106
40998203
40998348
40999704
40999730
41000665
41001566
41002864
41003929
41004065
41004073
41004756
41006277
41007384
41009388
41009896
41010015
41010058
41010582
41013170
41013767
41014748
41016226
41017149
41017729
41018545
41018867
41020952
41022074
41024567
41024652
41025192
41025856
41026081
41027069
41027455
41029775
41030729
41031655
41031827
41032402
41032588
41033065
41034327
41035568
41036951
41036990
41037113
41039289
41040438
41040520
41040696
41040790
41041277
41042592
41044078
41044643
41044970
41045554
41046667
41047117
41048501
41050127
41051008
41051169
41052630
41054453
41056009
41056878
41057715
41058186
41058368
41058401
41059320
41059566
41060691
41062213
41063094
41063557
41064636
41065295
41070495
41073411
41074256
41075050
41075182
41076814
41077760
41078819
41079014
41079324
41080280
41080697
41081121
41081915
41083228
41086072
41086615
41086994
41087924
41088605
41088896
41092671
41092755
41093266
41093383
41093489
41093900
41094090
41095092
41095890
41097333
41098021
41098277
41099205
41100087
41101764
41101815
41101958
41105057
41106043
41107619
41110112
41112891
41115997
41117283
41117308
41117533
41117789
41120649
41123406
41124145
41124979
41126010
41127483
41129922
41130478
41134424
41135416
41136542
41137063
41137177
41140263
41142480
41144384
41145240
41146068
41147664
41148878
41151905
41152696
41153335
41153750
41154241
41155823
41156003
41158280
41159252
41159574
41160294
41161009
41162347
41162730
41166753
41166874
41167664
41170924
41172195
41175302
41176123
41176238
41177222
41178850
41179195
41180542
41181116
41181628
41183338
41183538
41184586
41185118
41187738
41188626
41189400
41190741
41190770
41190832
41191284
41193039
41193532
41194165
41194655
41195409
41197481
41198679
41199036
41200201
41200819
41203973
41208923
41210371
41211272
41211454
41216287
41216409
41217322
41218029
41220924
41220925
41221970
41223173
41223774
41224542
41226745
41227645
41227883
41229599
41231731
41232684
41233484
41234719
41234862
41236861
41238955
41239244
41239871
41242696
41243654
41244915
41245534
41246696
41249306
41250118
41250768
41252304
41254710
41255009
41256515
41256541
41257244
41257373
41257395
41257796
41257824
41257996
41258084
41258857
41262331
41262624
41262689
41263745
41264554
41266162
41268329
41268659
41269401
41271494
41272264
41273379
41273847
41274199
41275542
41275753
41277156
41280251
41280598
41280790
41281428
41281758
41282675
41282753
41283221
41283560
41284130
41285310
41286202
41286958
41288793
41292129
41292413
41292907
41294087
41295819
41297732
41300844
41302750
41302897
41302939
41304562
41304948
41305577
41308532
41309843
41312788
41313669
41314124
41314590
41319164
41321212
41321368
41322135
41326142
41326387
41328431
41328763
41332114
41333111
41333387
41333822
41335611
41336223
41340055
41340090
41341326
41341543
41341994
41343636
41343854
41344390
41345488
41346986
41347303
41347409
41347842
41350093
41350514
41352528
41355888
41358100
41359549
41361818
41361996
41362065
41362392
41362456
41362859
41364717
41365257
41366279
41371591
41373090
41373213
41373735
41373866
41374539
41374658
41374957
41376042
41376510
41376831
41379419
41379456
41380361
41380534
41380776
41381212
41381423
41382580
41382948
41383995
41384303
41384518
41386139
41386263
41386492
41388702
41390045
41390430
41390751
41395350
41395437
41395738
41396067
41398207
41398319
41401403
41403689
41403708
41405395
41407243
41407257
41407598
41407755
41408024
41409041
41411266
41411338
41411599
41411602
41411691
41415212
41415399
41416432
41417633
41417763
41419095
41419377
41419865
41420243
41420621
41422604
41424982
41429578
41430031
41430641
41431495
41432616
41432920
41433286
41435026
41437429
41439028
41440833
41441410
41441964
41442057
41445206
41445537
41445945
41446973
41452887
41452961
41453381
41455302
41455688
41456118
41458705
41459829
41460612
41460853
41460908
41462177
41463789
41464269
41464343
41464940
41464973
41464993
41466066
41470676
41470866
41471222
41471936
41473062
41473258
41474869
41476044
41476699
41477329
41479435
41479441
41480401
41482161
41482169
41483913
41484355
41485173
41487284
41487540
41488074
41489399
41490410
41490896
41491256
41492186
41495842
41496023
41496756
41498353
41498614
41502325
41503886
41504428
41505175
41509315
41509991
41510467
41511484
41511784
41512209
41512297
41512466
41513109
41514064
41514655
41516670
41517045
41517465
41517572
41518739
41519492
41521477
41521487
41523026
41523627
41523717
41525356
41526411
41526888
41527681
41530273
41530698
41530995
41531182
41531940
41535377
41536077
41536803
41539369
41539861
41540154
41540622
41541660
41541933
41542843
41542870
41543321
41544140
41545232
41545995
41546065
41548212
41549296
41549661
41550707
41551104
41551377
41551423
41551799
41552121
41552467
41552908
41552962
41553395
41555012
41555860
41556505
41561050
41561372
41561701
41562039
41564356
41567482
41568151
41568507
41569267
41569610
41570260
41570595
41572498
41572916
41574746
41574904
41575476
41575679
41576275
41576773
41577026
41581031
41582474
41582927
41584044
41584632
41588217
41588462
41589540
41591370
41592229
41592392
41593967
41594284
41594998
41599287
41599753
41599943
41600083
41601830
41601879
41603896
41605042
41605434
41606927
41608017
41610427
41611169
41611540
41611777
41612629
41613298
41615599
41616755
41617680
41618247
41620084
41620340
41621092
41621195
41622458
41623014
41623157
41624456
41626316
41629000
41629273
41629508
41630181
41630244
41631635
41635538
41636376
41636644
41637850
41638598
41641128
41643113
41643379
41644346
41644856
41645213
41645333
41646904
41646995
41647174
41647193
41648978
41649604
41652412
41653312
41653367
41653456
41655233
41655596
41655640
41658222
41658452
41659749
41659934
41660060
41660066
41661505
41662071
41662236
41662785
41663590
41663795
41663806
41665692
41669155
41670665
41670885
41671327
41672061
41672802
41672868
41673970
41674287
41674479
41675192
41675798
41678306
41679917
41680049
41684044
41685101
41688198
41689344
41689626
41690209
41690537
41691402
41693114
41693551
41696327
41698066
41698831
41701149
41701966
41702277
41702711
41702971
41703184
41703431
41705731
41705779
41706253
41706698
41707096
41707179
41708177
41708342
41710127
41713791
41713824
41714299
41714724
41714811
41715067
41715656
41715879
41716752
41717070
41718331
41719202
41721729
41722201
41723183
41723818
41727060
41728270
41728737
41729434
41732847
41733227
41733564
41734301
41734908
41735323
41735721
41737737
41738753
41739205
41739277
41740604
41740766
41740797
41741993
41744156
41745645
41746937
41747335
41747837
41747896
41748287
41748561
41749519
41751565
41752856
41754071
41754692
41755146
41755254
41756971
41757376
41758234
41759819
41762103
41763267
41763795
41763846
41764951
41765823
41766095
41766978
41767062
41767937
41768204
41768682
41772295
41772367
41776775
41778820
41779531
41780111
41784847
41785474
41787337
41787466
41790477
41790494
41791137
41792388
41793765
41793841
41794517
41795025
41795833
41797572
41799545
41802776
41802792
41803852
41804209
41805133
41806457
41807281
41808121
41808607
41808750
41809384
41814719
41815514
41815603
41818089
41818625
41818682
41819114
41819281
41820248
41821567
41821764
41822022
41822838
41822962
41823028
41824005
41824047
41824362
41826058
41826187
41826268
41826446
41827259
41827508
41829207
41829811
41830081
41831014
41831217
41833088
41833635
41835453
41837852
41838078
41839740
41840188
41840510
41840744
41841692
41842904
41843281
41843482
41843964
41844232
41844275
41850571
41850732
41850765
41851655
41852500
41854524
41857968
41858291
41858482
41859649
41860223
41860712
41860882
41860966
41861076
41861174
41861213
41861461
41861799
41862283
41862710
41870192
41870422
41870557
41870770
41871082
41872965
41874039
41874616
41875269
41876625
41876858
41877379
41877637
41878323
41878595
41878669
41880742
41882705
41883085
41883268
41883522
41883739
41884253
41886422
41888314
41889289
41890609
41890862
41894096
41895110
41895392
41896904
41898647
41898908
41899078
41899546
41899943
41900890
41900966
41901392
41901754
41901979
41902341
41902605
41902799
41904128
41905386
41907043
41908052
41908213
41908814
41909809
41910185
41910609
41910705
41910748
41911307
41912488
41915131
41915246
41915528
41917206
41917429
41918874
41922716
41922948
41925371
41927253
41927304
41928027
41928769
41930051
41930378
41930862
41932341
41933645
41934006
41935074
41935568
41935758
41936181
41937454
41937627
41937863
41940463
41943002
41946203
41948011
41948384
41949099
41949529
41954112
41956607
41957623
41958630
41960195
41960882
41963706
41964629
41965117
41965869
41966025
41969393
41970837
41971760
41971886
41974837
41975849
41977398
41981391
41981477
41981711
41983557
41984383
41988974
41989214
41991295
41991638
41992206
41992881
41995247
41996241
41996390
41999682
41999994
42000149
42001565
42001792
42002448
42003082
42003746
42004856
42007032
42007570
42008603
42011449
42011533
42012081
42012203
42012319
42013010
42015035
42016122
42016498
42017078
42017777
42017788
42018286
42019760
42020192
42020300
42021016
42022541
42024054
42024344
42027658
42028231
42029205
42029731
42029959
42031583
42031854
42032665
42033591
42034305
42034331
42035079
42035604
42035628
42035869
42035910
42036150
42036808
42037932
42038631
42038976
42039919
42040025
42040771
42042823
42045107
42045139
42046335
42046364
42047653
42049294
42049592
42051510
42051708
42052448
42055123
42057060
42057323
42057523
42057772
42058336
42059707
42060116
42061050
42061481
42061564
42061878
42063640
42063743
42064387
42064633
42065222
42065724
42068029
42070181
42070223
42071895
42072014
42073858
42073870
42074850
42075215
42076728
42077916
42079076
42079288
42080163
42082552
42082683
42084025
42084729
42085575
42086291
42086931
42088285
42088357
42088474
42088657
42091325
42091721
42092935
42096254
42096774
42097153
42097877
42098378
42101056
42101199
42102153
42103092
42103387
42103461
42104425
42106301
42106611
42107027
42107965
42108009
42110410
42111160
42112003
42113293
42113684
42114351
42115106
42116525
42116897
42118748
42119677
42121679
42123474
42125035
42127236
42127291
42127527
42128097
42130643
42131585
42132300
42132393
42133044
42137166
42137826
42138595
42139024
42139163
42139442
42139632
42140332
42140430
42145798
42146167
42146187
42146428
42147927
42148593
42148632
42148834
42150172
42152280
42152750
42153829
42154143
42154274
42155837
42156045
42156354
42156701
42159618
42159812
42161262
42163391
42163979
42166952
42168259
42168966
42169044
42171230
42172791
42174665
42174709
42176116
42176303
42176311
42178686
42180686
42181984
42184106
42184126
42185830
42190808
42191957
42192439
42192512
42193516
42193677
42196099
42196444
42196926
42197020
42197356
42200544
42202583
42204061
42205153
42205688
42205917
42206614
42207500
42207776
42207890
42208544
42209103
42209421
42209923
42210274
42211394
42211754
42211967
42212440
42212661
42213778
42217539
42217608
42219287
42219420
42220091
42220497
42222214
42222252
42222691
42224123
42229719
42230991
42232183
42233469
42233684
42234872
42235050
42235350
42236254
42236825
42237620
42238652
42240254
42242651
42242852
42242979
42244708
42246492
42248617
42250180
42250575
42251486
42252354
42253072
42253938
42254501
42254553
42256731
42257818
42258423
42260040
42260176
42262618
42264803
42265294
42265353
42265790
42266854
42268319
42268686
42272287
42272326
42276352
42277787
42279780
42283563
42284567
42284612
42284679
42284889
42286400
42286773
42286809
42288490
42291860
42292168
42292266
42292630
42293683
42293982
42294327
42295635
42296588
42296734
42298394
42298598
42299387
42301424
42302682
42303911
42304621
42305442
42305753
42307204
42308622
42311711
42312851
42313639
42314549
42314652
42316723
42318556
42319234
42319309
42322243
42322663
42323714
42323961
42325110
42327629
42327973
42328575
42328756
42329887
42330705
42331086
42332948
42332953
42334353
42334396
42334540
42335406
42335410
42335811
42338338
42338668
42338730
42339082
42339391
42339783
42339954
42342760
42343514
42345697
42346074
42349359
42351193
42351453
42351832
42352128
42352182
42353280
42353547
42354648
42355612
42358308
42358553
42359390
42362188
42363709
42364458
42365923
42365995
42366285
42368238
42369784
42371009
42373772
42375106
42375735
42376193
42376590
42376656
42376759
42379051
42386580
42386800
42388162
42390096
42390291
42392285
42392689
42398499
42399610
42400515
42400889
42402423
42402760
42402900
42403334
42403564
42404351
42405116
42407306
42407825
42408734
42409912
42411254
42413505
42413506
42415011
42417035
42417283
42417781
42421019
42421060
42421244
42421679
42421927
42422573
42423589
42424129
42424626
42425150
42425629
42426064
42428950
42429629
42431185
42431444
42432328
42433237
42436584
42436641
42437340
42439116
42439212
42439662
42440533
42440768
42441045
42441437
42441605
42442355
42444556
42445044
42445278
42447141
42447325
42448479
42453462
42457517
42458867
42459428
42460451
42460906
42461165
42461787
42462441
42464268
42465147
42465445
42465525
42467059
42467541
42468363
42470177
42471285
42474410
42474893
42475082
42476240
42477264
42478375
42478561
42478661
42479563
42481834
42481963
42482171
42483939
42483991
42484260
42484493
42487859
42493026
42493177
42494868
42496800
42497285
42499171
42500820
42500868
42501103
42501540
42501664
42502178
42503832
42506828
42506990
42507070
42509142
42509908
42510825
42511066
42511436
42512063
42512601
42518752
42519153
42519774
42522212
42523431
42524395
42526089
42527329
42528787
42530677
42530857
42533526
42533981
42536435
42536994
42537935
42538880
42539471
42539472
42539606
42542124
42542424
42543251
42544938
42545479
42546260
42548353
42549710
42549761
42550453
42550733
42551193
42552488
42555576
42556000
42556849
42556931
42558257
42558801
42559106
42560929
42561127
42562292
42567035
42568429
42569424
42570341
42570606
42571160
42571763
42572475
42572841
42573592
42575319
42578225
42578303
42580365
42581825
42582456
42585056
42585253
42586197
42586371
42587010
42589618
42590001
42590946
42591879
42591907
42592259
42592376
42592557
42592996
42593012
42593286
42597608
42597635
42597791
42598189
42598349
42602681
42604474
42605087
42605611
42608828
42609475
42610231
42611328
42613620
42614301
42614720
42615260
42615577
42616477
42616927
42617779
42619317
42621317
42623801
42626462
42627143
42627226
42627683
42628326
42629929
42630014
42630939
42631554
42633826
42633942
42635336
42636107
42639365
42642255
42642504
42643200
42646165
42647161
42647646
42648480
42648731
42649180
42650793
42651051
42651808
42652151
42652506
42653730
42653860
42654121
42658039
42658553
42661126
42661147
42661256
42662313
42665624
42667947
42670431
42670498
42670676
42672495
42674149
42674367
42674742
42675448
42676369
42676804
42679582
42679982
42680043
42680752
42681357
42681489
42681823
42682146
42686567
42687552
42687971
42688905
42688984
42689553
42690255
42692028
42694510
42695082
42697086
42698007
42698172
42698324
42699279
42701876
42702125
42702631
42703793
42704903
42708260
42709947
42710350
42714131
42715309
42718225
42718471
42718779
42718847
42719028
42720394
42720637
42721179
42722031
42722315
42723076
42724097
42725048
42726287
42726394
42726741
42726795
42726974
42727619
42727864
42728587
42729112
42730001
42732384
42732454
42734662
42735333
42735587
42737194
42737668
42737757
42740512
42741825
42744749
42746321
42748604
42749202
42750159
42752377
42753307
42755754
42756249
42756327
42756551
42757382
42757412
42758855
42760310
42762055
42763636
42765931
42767741
42768905
42769270
42772938
42773072
42773098
42773159
42773504
42776318
42777459
42777522
42779053
42779814
42781697
42781724
42784602
42786683
42791118
42791853
42795042
42796149
42796441
42796523
42799022
42799635
42801648
42801767
42802529
42802832
42802943
42803305
42803559
42805286
42806362
42806491
42806931
42808737
42810146
42813547
42813641
42814254
42815231
42818348
42818511
42818915
42818952
42820746
42823860
42824042
42826881
42828222
42828992
42829391
42830923
42831009
42832536
42833932
42834261
42835395
42835559
42836853
42838356
42839960
42841296
42843211
42843311
42844352
42847571
42849061
42849209
42849615
42849647
42850999
42851114
42852846
42855452
42857838
42857920
42857940
42857948
42858123
42858856
42859035
42860106
42860548
42861174
42861230
42861263
42861321
42861515
42861908
42865688
42866696
42869025
42869611
42870052
42871839
42872965
42873169
42873862
42875790
42877063
42877205
42877373
42877828
42879199
42880921
42881365
42881821
42882358
42883169
42883576
42884727
42885071
42885916
42886267
42886482
42887660
42889263
42890176
42891197
42892574
42892856
42894071
42894344
42894610
42896371
42897013
42897398
42897941
42898193
42899951
42900260
42901120
42901731
42901755
42904578
42905265
42905306
42905617
42906872
42907220
42907949
42908559
42910691
42911592
42911928
42912379
42913287
42914348
42915563
42916049
42916613
42917259
42918077
42918356
42918397
42918647
42918791
42919880
42920489
42921300
42922557
42926346
42927063
42928178
42928316
42928422
42928684
42930699
42931346
42932757
42933409
42933672
42934943
42936392
42937596
42938800
42939075
42939342
42939958
42940967
42940975
42943014
42944385
42947512
42949673
42951801
42953108
42953597
42953919
42954119
42954460
42954810
42955238
42955521
42956481
42957363
42957791
42960880
42961023
42961211
42962929
42965279
42965968
42967503
42967810
42967841
42968377
42969254
42970439
42970715
42970787
42971623
42972160
42972326
42973239
42973285
42973352
42973996
42974720
42976267
42976518
42976532
42977013
42978637
42978923
42979487
42979992
42980007
42980628
42980983
42982787
42982976
42984033
42985540
42985676
42985729
42986242
42986540
42987382
42991351
42991650
42992057
42992142
42993120
42995027
42995941
42996943
42999440
43000435
43001007
43001358
43004024
43004111
43005127
43005652
43005853
43006386
43007542
43008309
43008918
43009156
43011086
43011390
43011925
43012551
43012958
43013101
43013368
43014413
43014471
43015114
43015182
43015526
43015945
43016590
43017146
43021328
43021856
43023560
43023903
43025024
43029517
43032386
43032827
43033192
43034150
43034742
43035397
43035439
43035707
43035795
43036072
43037622
43037863
43038943
43038948
43041146
43041821
43042719
43042832
43043124
43043435
43044802
43045133
43045913
43047104
43047353
43048207
43048774
43049008
43049249
43051701
43052404
43053216
43053931
43058007
43059914
43061237
43063432
43063605
43063783
43065760
43065889
43066216
43066848
43067540
43067834
43067903
43068050
43069021
43069160
43072211
43074957
43075398
43075436
43075509
43077396
43077569
43077912
43078365
43078457
43078648
43081518
43081879
43082466
43083170
43083446
43087020
43087794
43088140
43089333
43091709
43091868
43091943
43093653
43094912
43095749
43096805
43097109
43099315
43100975
43103015
43103092
43103312
43104315
43105260
43106399
43106673
43107401
43107448
43107574
43107940
43107981
43112268
43113090
43114614
43114723
43117431
43117599
43119744
43119878
43121109
43122268
43122422
43122962
43123628
43125861
43126314
43128998
43130287
43131238
43135797
43136609
43137197
43137811
43138308
43140363
43141564
43141882
43143346
43143704
43143944
43150061
43151374
43151943
43152357
43152945
43154591
43155873
43156536
43156554
43157286
43158639
43158881
43159218
43161430
43163063
43163522
43164458
43165014
43165738
43165961
43166196
43166435
43166747
43168319
43169386
43169555
43169737
43169846
43170446
43171175
43171352
43171794
43171972
43172816
43173686
43175256
43176515
43176937
43177299
43177467
43178224
43180946
43182011
43182086
43183141
43184932
43185111
43185509
43186631
43187985
43188224
43191297
43191535
43192809
43194369
43195660
43195741
43196359
43196957
43197138
43197186
43197190
43197411
43197628
43198316
43198521
43200401
43200855
43201913
43202021
43202156
43204926
43205720
43205954
43206211
43207543
43208682
43208806
43209887
43210669
43211696
43213576
43215109
43218310
43219615
43221337
43221568
43225813
43228290
43228491
43228848
43229002
43229445
43231088
43232402
43233116
43233313
43234102
43235309
43238340
43238807
43239132
43239383
43239585
43241940
43242747
43244554
43246230
43246714
43246831
43248120
43248576
43249067
43249771
43250159
43250595
43250730
43250882
43251559
43253408
43254231
43254525
43256950
43258168
43258571
43258848
43258988
43259586
43260996
43261270
43262966
43265147
43265342
43266435
43267758
43268043
43268406
43268737
43269298
43269588
43269689
43269935
43270968
43272417
43274663
43277974
43281687
43282349
43282519
43284762
43287862
43288621
43289563
43289678
43294210
43294673
43295517
43295997
43298009
43298644
43299069
43299559
43299863
43300415
43300586
43302072
43302669
43304757
43305554
43305637
43305731
43305767
43306792
43308149
43308203
43309122
43309319
43309532
43309767
43310223
43311474
43312532
43312608
43313486
43313930
43313955
43314199
43314217
43314971
43315309
43317940
43320084
43325492
43325720
43325981
43328415
43330239
43332930
43333288
43333406
43333539
43334226
43335214
43335744
43338251
43339075
43339522
43340517
43341836
43342841
43344354
43345649
43346833
43347060
43347098
43347216
43348519
43351112
43351495
43352227
43352344
43355032
43355368
43356480
43356706
43357953
43357978
43359494
43360807
43362354
43362410
43362563
43362818
43364617
43365278
43365496
43366907
43368257
43369376
43370084
43370212
43370970
43372139
43374188
43374270
43375256
43375811
43376122
43376423
43377992
43378098
43380275
43380330
43380355
43381395
43383268
43384486
43384710
43385340
43386990
43388409
43388690
43389073
43389587
43390242
43390531
43390570
43392536
43394568
43395338
43396592
43396713
43397203
43397675
43399168
43401050
43401695
43402003
43402842
43403768
43406228
43406567
43407575
43408507
43411204
43412476
43412847
43413911
43414191
43414693
43415140
43415617
43424267
43424580
43425075
43426428
43429874
43429967
43430116
43431355
43433080
43433833
43433857
43434323
43434689
43435173
43435937
43435965
43436774
43436953
43438653
43439134
43439486
43440052
43440615
43440826
43442056
43442203
43442625
43443711
43444580
43446826
43447248
43449457
43449784
43449866
43450546
43450650
43452484
43452532
43453317
43455060
43455571
43455870
43456136
43460345
43461386
43464571
43465341
43466957
43466958
43471005
43474974
43476321
43476543
43477284
43478750
43479533
43480195
43481023
43481962
43482264
43483379
43483402
43484070
43484326
43486662
43487804
43488444
43489568
43492445
43492732
43496088
43496580
43496826
43502090
43506740
43507489
43508227
43508602
43510560
43510890
43510956
43512751
43512939
43513564
43514076
43514748
43515775
43517319
43518077
43520803
43521847
43522270
43524373
43524491
43526197
43526463
43526658
43526721
43528399
43529174
43529740
43530526
43534095
43535312
43535905
43536536
43536830
43537057
43537171
43537934
43539466
43539675
43541102
43542825
43543706
43544301
43544464
43546572
43547380
43547635
43547939
43553980
43554074
43554139
43555317
43555409
43555463
43559277
43559761
43559843
43560106
43560692
43561957
43562684
43563380
43566335
43566725
43568260
43569057
43569866
43570272
43570965
43571402
43571443
43571790
43573382
43574336
43575125
43579429
43579879
43581286
43582517
43583719
43586269
43587444
43588695
43588773
43589647
43592298
43596771
43598759
43599837
43601088
43601671
43602595
43604277
43604979
43605467
43605688
43606752
43606941
43608081
43608572
43609415
43609687
43611062
43614153
43619394
43619520
43620722
43622284
43622663
43623487
43623780
43625385
43626546
43627409
43627471
43632879
43633661
43633699
43634347
43634492
43634520
43634616
43635509
43635741
43636733
43638688
43639158
43639349
43641084
43643792
43645651
43645781
43647781
43647949
43648413
43648604
43649791
43649822
43651494
43653208
43653777
43654901
43656024
43657128
43659599
43659605
43659778
43660167
43665510
43665992
43666078
43666420
43666860
43668412
43668935
43669997
43671508
43672703
43673369
43673370
43674052
43675478
43677829
43678681
43679044
43679307
43681667
43682313
43684898
43685593
43685675
43686165
43687552
43688248
43689880
43691252
43692745
43694582
43694820
43696255
43696517
43696587
43697017
43697972
43698045
43698864
43699584
43701235
43701458
43702158
43703517
43704248
43706335
43708911
43709082
43712070
43712198
43712470
43712695
43712718
43713685
43714169
43715243
43716254
43718261
43719148
43719761
43720160
43721647
43723220
43723253
43723668
43725194
43725247
43726665
43727112
43727176
43727499
43727750
43728143
43731170
43732271
43735046
43735066
43736624
43737494
43737780
43738852
43739710
43741022
43741989
43743227
43744878
43745984
43748126
43750364
43750872
43751263
43751845
43752119
43752406
43752954
43752963
43753858
43754074
43756101
43756453
43756742
43758806
43759724
43760090
43760176
43762011
43762094
43763511
43764065
43764429
43765365
43765651
43768272
43768865
43770661
43771998
43772726
43774258
43774517
43774650
43775151
43775922
43777609
43778534
43779528
43781905
43782353
43784964
43785440
43786854
43788150
43788396
43788744
43789552
43791305
43791344
43791408
43792607
43794708
43794993
43795195
43795576
43796105
43796643
43800558
43802185
43803022
43803070
43804142
43804166
43804537
43805532
43806449
43806657
43808298
43808684
43814159
43815113
43817362
43817972
43822194
43824193
43824703
43825027
43825865
43826526
43826571
43827193
43827529
43828083
43830447
43830786
43831241
43832232
43833963
43835947
43836805
43836914
43837721
43837815
43838097
43839745
43840022
43840537
43840736
43840780
43841141
43842673
43842699
43843780
43843980
43844504
43849327
43850908
43851162
43851194
43851498
43852542
43853017
43853229
43853417
43853458
43854589
43855682
43856872
43857055
43858035
43858104
43858604
43859928
43864484
43865505
43866169
43866507
43866598
43867043
43867649
43868501
43870361
43871762
43872350
43872387
43872530
43872657
43874668
43875793
43876873
43879526
43880552
43882319
43883117
43883276
43886413
43887144
43887994
43891982
43893350
43894090
43896468
43896992
43897356
43898593
43900976
43901191
43901264
43901322
43901552
43904009
43904207
43904728
43908184
43908376
43908553
43909016
43909202
43909383
43913260
43914897
43916074
43916148
43917235
43917780
43917970
43919394
43919906
43921119
43923567
43924329
43925042
43926914
43928023
43928419
43928918
43929002
43929586
43930317
43931390
43932169
43933035
43934108
43934556
43934752
43935671
43936531
43936902
43937353
43938049
43938899
43938941
43939017
43939110
43939374
43939753
43940007
43940642
43941883
43942135
43942593
43943396
43943711
43943990
43945141
43945212
43947691
43947932
43948395
43951077
43952205
43952804
43957064
43957739
43959403
43960295
43961638
43962566
43962735
43963059
43966998
43967101
43969051
43970118
43971038
43973256
43973507
43975814
43975950
43976954
43977460
43978063
43978615
43979536
43979820
43980379
43980546
43982040
43982048
43982065
43982721
43983693
43986248
43986957
43988555
43988832
43989340
43990376
43990574
43991570
43991674
43992027
43992848
43993654
43993782
43994182
43994376
43995164
43995720
43995738
43996954
44002223
44002874
44003619
44003867
44004149
44004355
44005745
44006022
44007126
44007398
44008305
44008731
44009714
44010480
44011245
44012389
44012664
44013571
44015753
44015900
44018830
44019895
44020460
44024238
44024257
44025748
44027381
44035507
44035727
44036615
44037362
44037843
44038904
44039203
44039823
44039837
44041845
44042299
44044033
44044951
44045721
44046668
44047373
44048648
44048946
44049408
44049724
44050958
44051462
44051536
44054142
44057731
44058152
44058331
44058573
44062321
44062774
44062963
44063502
44064126
44064164
44068856
44069691
44069864
44071522
44071706
44074654
44077539
44077927
44079983
44081916
44084020
44084785
44087187
44087376
44087406
44088419
44089760
44091392
44092759
44093693
44095081
44096618
44097476
44098516
44098683
44099012
44099326
44099593
44099946
44102252
44103061
44105176
44105213
44105278
44106383
44106502
44106903
44107285
44107402
44108853
44109233
44109598
44109910
44110827
44111562
44111700
44112109
44114390
44115287
44115338
44116005
44117415
44120137
44120811
44121590
44122624
44124348
44124481
44127410
44127937
44130655
44131165
44131612
44132351
44132892
44134644
44134771
44136340
44137966
44140102
44141530
44143064
44148958
44149079
44149522
44149676
44150213
44150928
44151097
44152565
44160706
44161644
44162264
44163422
44166657
44169621
44170628
44173075
44174627
44176654
44178613
44183583
44184184
44185620
44187782
44188355
44189192
44190018
44190534
44191329
44192096
44193479
44193817
44194002
44195849
44196006
44196074
44196320
44198312
44199192
44201076
44201786
44202034
44202922
44203617
44205480
44205616
44208322
44209592
44209899
44209953
44214182
44214396
44214537
44214545
44214932
44215127
44218045
44218086
44220000
44220430
44221545
44223450
44225082
44225272
44225468
44225616
44225842
44226765
44226782
44226861
44226970
44227963
44229072
44230340
44230687
44231976
44234067
44239393
44239781
44240344
44241559
44242051
44242207
44244154
44244334
44246409
44249461
44250344
44251646
44251904
44253000
44253684
44253738
44254027
44255086
44255132
44255493
44255903
44256334
44256849
44258452
44258702
44260004
44260904
44262575
44263461
44265200
44265498
44268735
44268910
44269107
44269149
44271443
44272694
44272794
44273769
44273820
44275746
44276449
44277370
44277918
44278278
44278577
44281221
44282473
44284913
44286365
44286428
44286863
44287719
44288714
44291158
44292729
44292840
44294849
44295297
44295922
44298465
44298648
44301417
44303812
44304433
44304598
44304754
44304966
44306565
44307617
44310874
44311862
44312259
44313350
44314842
44315034
44315281
44315453
44315629
44317225
44317316
44318442
44318698
44319129
44319629
44322017
44323220
44324033
44325223
44325475
44325522
44326109
44326480
44327148
44329591
44330835
44331052
44331259
44331375
44332968
44334436
44334643
44335867
44336376
44336694
44336695
44337276
44338695
44339337
44340018
44345479
44346554
44348094
44348953
44349361
44349489
44350692
44351530
44353315
44353502
44353813
44353873
44355231
44356545
44356575
44358187
44359242
44360459
44360883
44360949
44361087
44362852
44362975
44363421
44363784
44364861
44366590
44367338
44367386
44367650
44370493
44371261
44371525
44371884
44372362
44372866
44372878
44373957
44375853
44377293
44377638
44378136
44378299
44380596
44381572
44382005
44383668
44385939
44386555
44388161
44388430
44391342
44391723
44392561
44392606
44394844
44395754
44396042
44398056
44398746
44398801
44402396
44402470
44402565
44402602
44405540
44405710
44406060
44406189
44410148
44410181
44411736
44411822
44411844
44411953
44412731
44413415
44414116
44415010
44415303
44416740
44417200
44420400
44420569
44422159
44424679
44425264
44428021
44429299
44430091
44430783
44431738
44432621
44432699
44432701
44433042
44434217
44434998
44435111
44435348
44435793
44435796
44438382
44438762
44440318
44440795
44440977
44442000
44443205
44443931
44444184
44445587
44446164
44446182
44447728
44448673
44449713
44450585
44452330
44452916
44454486
44454674
44454724
44455671
44455821
44456350
44456594
44457665
44457981
44458225
44460861
44462343
44462389
44462850
44463178
44463735
44464700
44465082
44467180
44467352
44468633
44468774
44470247
44471003
44473936
44474154
44474221
44474612
44476709
44477224
44477708
44479677
44479974
44480754
44481533
44481849
44481986
44483342
44486674
44486784
44488227
44489250
44490871
44492207
44492381
44492673
44492725
44492862
44493460
44493493
44494335
44495054
44495204
44496417
44499160
44499309
44499410
44499815
44499873
44500052
44500348
44501157
44501625
44504189
44506155
44506388
44509525
44510569
44514736
44517781
44518322
44519142
44519864
44522084
44522609
44523868
44524025
44524582
44524660
44525550
44526683
44527406
44527579
44527653
44529574
44531458
44532115
44533750
44535058
44535275
44535755
44536775
44538908
44541910
44542152
44543739
44543767
44544483
44544651
44545172
44547072
44548472
44550177
44551385
44553625
44554655
44556611
44558415
44558562
44559574
44560348
44562374
44562556
44563442
44564789
44565710
44566533
44567165
44567406
44570467
44572063
44572846
44575066
44575565
44576867
44577907
44578081
44578981
44581131
44583576
44583805
44584415
44585178
44585582
44589439
44592113
44592323
44593635
44594461
44595868
44596393
44596514
44598799
44598843
44599228
44599719
44599850
44602664
44603109
44604173
44604683
44604858
44605939
44610381
44612538
44613443
44613944
44614565
44616133
44616284
44618734
44618828
44619335
44620660
44620779
44623627
44623888
44625017
44626867
44629491
44629799
44629841
44629892
44630576
44630791
44631536
44636298
44638710
44641542
44642073
44643650
44643669
44644060
44644466
44644768
44646354
44648162
44649538
44653615
44654228
44656200
44657219
44658024
44662015
44663117
44663800
44664159
44665585
44667809
44668206
44669122
44671170
44671468
44671725
44672766
44672955
44673083
44674041
44676053
44676563
44676586
44677235
44677388
44678387
44678451
44678748
44680292
44680584
44680668
44681179
44681905
44682192
44682532
44682616
44683274
44683276
44683613
44685285
44686317
44686408
44686784
44686811
44686948
44687759
44688897
44689713
44690084
44690269
44695066
44696127
44696776
44697340
44697367
44697978
44698618
44699686
44699966
44701874
44703713
44704247
44706902
44706925
44706953
44708669
44711892
44713904
44714192
44714248
44714291
44714840
44715413
44718872
44721327
44722088
44724986
44725929
44726224
44727687
44728939
44729319
44730279
44732472
44733168
44733393
44734679
44734846
44735640
44735696
44735895
44736145
44737245
44738376
44738928
44740105
44740542
44743095
44744169
44744190
44748586
44751230
44751623
44752107
44753520
44754083
44756717
44756934
44759391
44760311
44760722
44762274
44762841
44763940
44765012
44765093
44765932
44766759
44767455
44768158
44768394
44769200
44770076
44770958
44771268
44772984
44773484
44774913
44776626
44777065
44779565
44780881
44780924
44780981
44780993
44783423
44784210
44784262
44784817
44785374
44787645
44788296
44789719
44791430
44791783
44792475
44793672
44793758
44793775
44794195
44794603
44794858
44795481
44795511
44796084
44796219
44796872
44796874
44796947
44799619
44799885
44799978
44800719
44800838
44801666
44802082
44802258
44803688
44805339
44807825
44808589
44808596
44808851
44810387
44819596
44821162
44821499
44823092
44823974
44826370
44827714
44829000
44829778
44831144
44832374
44834214
44834875
44835278
44835291
44835989
44836082
44837154
44838301
44838683
44839267
44839860
44842190
44842745
44844252
44844846
44850787
44852112
44853520
44853761
44853899
44855279
44858411
44858669
44859590
44859687
44860003
44860885
44861853
44864614
44865589
44866146
44866590
44866609
44866916
44868265
44869045
44869326
44870630
44870634
44872078
44872707
44872746
44872912
44873591
44875913
44876804
44876883
44877047
44878689
44878903
44880269
44881018
44883494
44884413
44884903
44886176
44888996
44891281
44891624
44893528
44893916
44894880
44897404
44898716
44898857
44899994
44901365
44902994
44903382
44905887
44905960
44906555
44907705
44908519
44909582
44910261
44910371
44910445
44911162
44912829
44913261
44914501
44914543
44915315
44915875
44916737
44916840
44918084
44918988
44919291
44919602
44921179
44922061
44923454
44924044
44924348
44925754
44926188
44926634
44926844
44927309
44927535
44927998
44931009
44931923
44932549
44933242
44934216
44936958
44941574
44941595
44942009
44942577
44943489
44943636
44944588
44945647
44946095
44947734
44949481
44949943
44950831
44953500
44954891
44955754
44955777
44955799
44956105
44956755
44957494
44958564
44958718
44959809
44960011
44961030
44961327
44961462
44962735
44964222
44964418
44964468
44965270
44967510
44968591
44969786
44970155
44970233
44970734
44970801
44971462
44974011
44975010
44976751
44977061
44977656
44979249
44979393
44979545
44981354
44982975
44983217
44983289
44983498
44983649
44985902
44986376
44988206
44988610
44988861
44991176
44991992
44992623
44993070
44993604
44994826
44995235
44995300
44997564
44998937
44999380
45000628
45001293
45001304
45001576
45001677
45001909
45003155
45005348
45006918
45007485
45007832
45008192
45009662
45014479
45014786
45015319
45016517
45018869
45018873
45019828
45020048
45020780
45021537
45024899
45025143
45025224
45025369
45025538
45026244
45028530
45030109
45030524
45030548
45032119
45034135
45034753
45038576
45039197
45039518
45039843
45040923
45041703
45043374
45044069
45044129
45044318
45045402
45046975
45047826
45048155
45049216
45049590
45049791
45050260
45051587
45053446
45053851
45054649
45055113
45056176
45058925
45062677
45063127
45063413
45063530
45063823
45065320
45066356
45067101
45069741
45070639
45071160
45072595
45073885
45076693
45077232
45078068
45079377
45080697
45082208
45082572
45083480
45083938
45084032
45084205
45086729
45090315
45092418
45092578
45092789
45093417
45094143
45095578
45096698
45098584
45100797
45102920
45103697
45105646
45107304
45109106
45109548
45111251
45112093
45113703
45114078
45114543
45117017
45117496
45119729
45121027
45121564
45122143
45124482
45124830
45125593
45126318
45126455
45126713
45127018
45127078
45127778
45128661
45131030
45131042
45132434
45132604
45134229
45134525
45135227
45135491
45135607
45135718
45136492
45137395
45140671
45140982
45141683
45143341
45143517
45144993
45145632
45145882
45146299
45147280
45147351
45149499
45149770
45150390
45152111
45154267
45154721
45154995
45158076
45161836
45162202
45165249
45166528
45169442
45170101
45171003
45171932
45172120
45172233
45172462
45174424
45175231
45176908
45176955
45177240
45181012
45181572
45181999
45182067
45182432
45183120
45183585
45183971
45183986
45184673
45184732
45184991
45185815
45186361
45186579
45187097
45187329
45188172
45194108
45194229
45195986
45197604
45197764
45197905
45199748
45199984
45200030
45200793
45201053
45202165
45202555
45203038
45205643
45205971
45206442
45206796
45207719
45208399
45209036
45209042
45209639
45209685
45211405
45211447
45211575
45215425
45215684
45216006
45216707
45217218
45218107
45218249
45221370
45225924
45226010
45230811
45231541
45231639
45233421
45233869
45235396
45238218
45239487
45241475
45242772
45246115
45246430
45246901
45246912
45246974
45247029
45248958
45249515
45252261
45252462
45252674
45253814
45254864
45255012
45255123
45255509
45256485
45260386
45260429
45260610
45263450
45264038
45265544
45266227
45266351
45269224
45269670
45270022
45271240
45271493
45271755
45271967
45272843
45273409
45273682
45274806
45274881
45276604
45277425
45278000
45278020
45278396
45278459
45280118
45281312
45282621
45282739
45282905
45283492
45283701
45283771
45284404
45284617
45285828
45285947
45286295
45286423
45287817
45289621
45289753
45289919
45293048
45293092
45293238
45293348
45293552
45294184
45294554
45297384
45298556
45299368
45299771
45300210
45300876
45302488
45302825
45303025
45305375
45305628
45306327
45306742
45306853
45307111
45309017
45311134
45311289
45311536
45312479
45312695
45312922
45313552
45314450
45314533
45315433
45317894
45317976
45320630
45321958
45322842
45323065
45324418
45324613
45324942
45327823
45328139
45329991
45332192
45332729
45335089
45338927
45341868
45342937
45343466
45344236
45344780
45345045
45345143
45345476
45345640
45345909
45347617
45347939
45349245
45349252
45350551
45350898
45354912
45355413
45355718
45356359
45356673
45356973
45357116
45357151
45357539
45358363
45358959
45359403
45360034
45360560
45360805
45361260
45361276
45366249
45366754
45367996
45368524
45369513
45370500
45371136
45371664
45372379
45374164
45375220
45375246
45375402
45376919
45377076
45378089
45378921
45378983
45382694
45385422
45385972
45386805
45387787
45392209
45395215
45399286
45399360
45399463
45400127
45401023
45405248
45405943
45406264
45406344
45408437
45409300
45409476
45409615
45410063
45411287
45411755
45414869
45415535
45416300
45416440
45417034
45417925
45418453
45419618
45419793
45420487
45421749
45422244
45423511
45423514
45423845
45424358
45425436
45425692
45426028
45427108
45428214
45428845
45429395
45430797
45433146
45433151
45434040
45434240
45436212
45437962
45438931
45439043
45440919
45441473
45443506
45443998
45444584
45445713
45447330
45448910
45450370
45453854
45457454
45458537
45458769
45458929
45460417
45460754
45461156
45461591
45462016
45462382
45462982
45463793
45463883
45464273
45464373
45464764
45465290
45466894
45467306
45467847
45469699
45470218
45474012
45476809
45477716
45477727
45478113
45479140
45479408
45481326
45482501
45483001
45483577
45486864
45488317
45488835
45490631
45492758
45493733
45494237
45494683
45494998
45495302
45495372
45497164
45497773
45498560
45499525
45499934
45499968
45500049
45502589
45502779
45503573
45504725
45506952
45509586
45510142
45511068
45511258
45513650
45514836
45515474
45515767
45519118
45520240
45520266
45520344
45522443
45523530
45526505
45527502
45528591
45529152
45535842
45538076
45538471
45538693
45538740
45538877
45540424
45541542
45547257
45548020
45548057
45548514
45552930
45553766
45556058
45558092
45560245
45560291
45561612
45561730
45562054
45564019
45564126
45564851
45566825
45567581
45568701
45571477
45571777
45572210
45572594
45572644
45572790
45573552
45575212
45576563
45577932
45578219
45578412
45578549
45580382
45580923
45582551
45583431
45586036
45587114
45587975
45588495
45589649
45589651
45590511
45590812
45594483
45594874
45596469
45597188
45598060
45599465
45600149
45600819
45601414
45601499
45601680
45602597
45602714
45604049
45605075
45605194
45606280
45608488
45609531
45609614
45609668
45610169
45610493
45611831
45612761
45614022
45615554
45616164
45616471
45617225
45617282
45618085
45618660
45618691
45619988
45622377
45622787
45622852
45624499
45624601
45624694
45624728
45624776
45625492
45626134
45628196
45629449
45631152
45631522
45632834
45635936
45637492
45640153
45640969
45641023
45642455
45643005
45643095
45643477
45646191
45646198
45648211
45648706
45648735
45649583
45649927
45650375
45652454
45652489
45656032
45657579
45658290
45658304
45658442
45658545
45658737
45659001
45659873
45660172
45660452
45661243
45661621
45663504
45663952
45665287
45665951
45667651
45669408
45669623
45670381
45670960
45671297
45672189
45672278
45672395
45673394
45673949
45675525
45676049
45676146
45677542
45678006
45678510
45678549
45678725
45679506
45680391
45682983
45683490
45685117
45685523
45685726
45685959
45688461
45688972
45690294
45693298
45694444
45695129
45695257
45696552
45696789
45698083
45698489
45699300
45702751
45703159
45703282
45703940
45705619
45705835
45707055
45707857
45710733
45710787
45710795
45713584
45713914
45714018
45716058
45718128
45718183
45719517
45720290
45721618
45722553
45722671
45724641
45724682
45726012
45727362
45728427
45728776
45729151
45729171
45729281
45729498
45729880
45731485
45732425
45732603
45735675
45735904
45736075
45739426
45741665
45743318
45745053
45747258
45747466
45748676
45750997
45752308
45752482
45753342
45754284
45755518
45757391
45758595
45760301
45760780
45761724
45764539
45765782
45765962
45767137
45767158
45768263
45769312
45769457
45770510
45771402
45771765
45774890
45777021
45778442
45779038
45781296
45781555
45783977
45784113
45784379
45784799
45785032
45785039
45786338
45787342
45790970
45791258
45794129
45794858
45798510
45799273
45799693
45800887
45802675
45804105
45805059
45805391
45805486
45806246
45807059
45808008
45809524
45811204
45812644
45813124
45813843
45814884
45816159
45816176
45816776
45817390
45818870
45818885
45820790
45821040
45821057
45821717
45821856
45822116
45823741
45823984
45824683
45826245
45826915
45827665
45827828
45828977
45829321
45830158
45831480
45831667
45833023
45833553
45833897
45835191
45835623
45840809
45841074
45841180
45841918
45842323
45843221
45844309
45844895
45844991
45845652
45846438
45847650
45848506
45848792
45849267
45849576
45850640
45851877
45852776
45853005
45853489
45855470
45855668
45855680
45856072
45857156
45859862
45860921
45861184
45861542
45864749
45864791
45865685
45866092
45866538
45868216
45868421
45873760
45876427
45876720
45880257
45880555
45883951
45884951
45888007
45888253
45888749
45890766
45892209
45893039
45896619
45901507
45903269
45903538
45905032
45905289
45905492
45905540
45905919
45907958
45908520
45911276
45911599
45915416
45916044
45916088
45916755
45918988
45919735
45921387
45921633
45922639
45922853
45924574
45925347
45925432
45926106
45926778
45927019
45929418
45930192
45932113
45932193
45934774
45934951
45937783
45938685
45939770
45940142
45940873
45941216
45941320
45943211
45944313
45945576
45945965
45946354
45950194
45951720
45952797
45953395
45954451
45954851
45957495
45959309
45960360
45960407
45960627
45961908
45961943
45963265
45965734
45968050
45968577
45969372
45969427
45971125
45972382
45975718
45976801
45982726
45983437
45984047
45984174
45984183
45984239
45984637
45984644
45985309
45986334
45986623
45987219
45987725
45988149
45988531
45988845
45989660
45990212
45992141
45992373
45992559
45994637
45995226
45995332
45997104
45998771
45998964
45999465
45999784
46000229
46000822
46001399
46001476
46001656
46003616
46004651
46004727
46007679
46008072
46008784
46008827
46009159
46009396
46011239
46013806
46014402
46016278
46016286
46016483
46016753
46017101
46017121
46017729
46018011
46019573
46020613
46022986
46023301
46024631
46028484
46029177
46029222
46029251
46029718
46029957
46030008
46030066
46030452
46031713
46032007
46039686
46043169
46045630
46047075
46047142
46049222
46049627
46051083
46052172
46053199
46053543
46053591
46053670
46055222
46056483
46057576
46059101
46059442
46060649
46062057
46064822
46066587
46066984
46067202
46068375
46069176
46070372
46071248
46071537
46071748
46072417
46072878
46073103
46073515
46073599
46073636
46073776
46075524
46076297
46076320
46076501
46077864
46078510
46080307
46080521
46083747
46084974
46085239
46085359
46086149
46086866
46089546
46090972
46091075
46092741
46093284
46094205
46094498
46094604
46095437
46097583
46101329
46103344
46104466
46104604
46106504
46106831
46107200
46108212
46109921
46109942
46109986
46110994
46113600
46113741
46113991
46114141
46115831
46117111
46117588
46117598
46119311
46120632
46120690
46121847
46124957
46124970
46125088
46125422
46126741
46126985
46127539
46132261
46134283
46135950
46135978
46138336
46140061
46141360
46142690
46142700
46142898
46144542
46145337
46146205
46146216
46146613
46147118
46147922
46149695
46149880
46150365
46150415
46150987
46153339
46155452
46155870
46157714
46159422
46161964
46162622
46163652
46164955
46164995
46166791
46167883
46168592
46169151
46169734
46172299
46173586
46175274
46175464
46175477
46175890
46177572
46177939
46177977
46179442
46179520
46180254
46180341
46182401
46182776
46184665
46186621
46187078
46187605
46188173
46189300
46189726
46191876
46192019
46192261
46194040
46195679
46196801
46197798
46199447
46199559
46200729
46200862
46203689
46204319
46204754
46206051
46206338
46206415
46206466
46206851
46206933
46207800
46208481
46208828
46212929
46213660
46213697
46215826
46217844
46218051
46218260
46218720
46221638
46222322
46222906
46223367
46223620
46223778
46224058
46225264
46226575
46229195
46229746
46230062
46231053
46232399
46233365
46234339
46234397
46234566
46235405
46235839
46239294
46239441
46239991
46240068
46240074
46240715
46241281
46241350
46241420
46241881
46242562
46243719
46244761
46244783
46245164
46246137
46247356
46247722
46248692
46249158
46251543
46253163
46253278
46254397
46255395
46255550
46256084
46256721
46259591
46260195
46261694
46261832
46262553
46263442
46264215
46264922
46266443
46266539
46266777
46267189
46268308
46270176
46270299
46270369
46271914
46272775
46274315
46278428
46278607
46280604
46281415
46284345
46285580
46288328
46288555
46290206
46291379
46293495
46294407
46295469
46295993
46297382
46297922
46298388
46298907
46299255
46299404
46299483
46299841
46300448
46300738
46301632
46302514
46305332
46305654
46306069
46309454
46309968
46309985
46311869
46311955
46313253
46315279
46316611
46317131
46318076
46318544
46321751
46323191
46324312
46324745
46326746
46326837
46328316
46328320
46329832
46331305
46332924
46333485
46333674
46335527
46335986
46336311
46336722
46336804
46337164
46338397
46338752
46339922
46340372
46340400
46341063
46343358
46344116
46344378
46344519
46345273
46345379
46346849
46347162
46347814
46349568
46350800
46352153
46352382
46352804
46353381
46353916
46353923
46354774
46354851
46355497
46355585
46355704
46356961
46357477
46358332
46358761
46359602
46362322
46364889
46365615
46371170
46371941
46372777
46373287
46375778
46377245
46379398
46380698
46381032
46381062
46383454
46383741
46385469
46387341
46387867
46388935
46389904
46394005
46394080
46396295
46397221
46397338
46398291
46401620
46401649
46402546
46405210
46405234
46405710
46408124
46409030
46409359
46411474
46411493
46411827
46412617
46415774
46415810
46416071
46416118
46417655
46418606
46420476
46420767
46420959
46420975
46422147
46424185
46425712
46428671
46428884
46431089
46431396
46432833
46434542
46438200
46439261
46440312
46440902
46442431
46445508
46446975
46447154
46450555
46451260
46452751
46452909
46453084
46453576
46453852
46457932
46458323
46460773
46461531
46461877
46462225
46463619
46465093
46465613
46468103
46468357
46468876
46471027
46471424
46472114
46473092
46473789
46473840
46474951
46476289
46476511
46477836
46481651
46481844
46482605
46483535
46483540
46485792
46486431
46486964
46487009
46487012
46488123
46488366
46488499
46490192
46491855
46492260
46492532
46492875
46494257
46494573
46495331
46496201
46496785
46497879
46498672
46499638
46501127
46501383
46504710
46506859
46507120
46508662
46509823
46509909
46512501
46512963
46512970
46515388
46515537
46516063
46516912
46518542
46519153
46521400
46524207
46524622
46524884
46525619
46525825
46526560
46526658
46527328
46528642
46529227
46529869
46530441
46530527
46533319
46533974
46535485
46535547
46535615
46535988
46537168
46540324
46541288
46541891
46542534
46543939
46544010
46544270
46544336
46544523
46545063
46547161
46548066
46549341
46549462
46550393
46552177
46553313
46553839
46554640
46554895
46555725
46558447
46563019
46563585
46565555
46566973
46568012
46568112
46570076
46571530
46571558
46571587
46571722
46573258
46574135
46574888
46576703
46576842
46577480
46577620
46577673
46579671
46580297
46581092
46581133
46581929
46586506
46586852
46588756
46589213
46589968
46592409
46594543
46594910
46595198
46595865
46596140
46596314
46596496
46599225
46600900
46601516
46602127
46602483
46602704
46602746
46603072
46608006
46608760
46610736
46612335
46612671
46613678
46614414
46616029
46616057
46616197
46616903
46618138
46618840
46619122
46619939
46623676
46623800
46626718
46629163
46630457
46630633
46631974
46632220
46633691
46635310
46635546
46637316
46638324
46640159
46641264
46641580
46644169
46644531
46646402
46646650
46647252
46647779
46648420
46648543
46651206
46653374
46654278
46654498
46655850
46656612
46656783
46657336
46658509
46658526
46659544
46659682
46659686
46662282
46662763
46664121
46665214
46665326
46666498
46667256
46668382
46670189
46672844
46672974
46673900
46675957
46676884
46677907
46678322
46678696
46679148
46680008
46681534
46682659
46685693
46685753
46685830
46686694
46688115
46689082
46689416
46689829
46690065
46691095
46691780
46696130
46697654
46698401
46698858
46698992
46699250
46699561
46700424
46702542
46704719
46705194
46705573
46705847
46706111
46709851
46709860
46709905
46710059
46711310
46712081
46715435
46715690
46715796
46715956
46716047
46717465
46718903
46719222
46719252
46720549
46720553
46727046
46728045
46728486
46728659
46731604
46731994
46734234
46735929
46735943
46736705
46738646
46739420
46739546
46739994
46740305
46740994
46741448
46742109
46743315
46745913
46747767
46748074
46748947
46748995
46749089
46750216
46751880
46752592
46753658
46753777
46754707
46754892
46757695
46759010
46759493
46759534
46759741
46761054
46762474
46765119
46766312
46766543
46768083
46768533
46769246
46771297
46774119
46774328
46776651
46777235
46777508
46778834
46780131
46780269
46782042
46782055
46783145
46784401
46785209
46785439
46786080
46787308
46787483
46788930
46790372
46790969
46792399
46794869
46794884
46795492
46796047
46797176
46797212
46798897
46798985
46799147
46799163
46799461
46800634
46802228
46802956
46803247
46809313
46812216
46812495
46813817
46814976
46815569
46816177
46816891
46817408
46819717
46821190
46821899
46822059
46823088
46824602
46824996
46825183
46825449
46825671
46827127
46828593
46829525
46830312
46832109
46833070
46833358
46833660
46834100
46835358
46836074
46836354
46836458
46837430
46838481
46840564
46841447
46843172
46844649
46845230
46847338
46849230
46849237
46849992
46852049
46855073
46856138
46856297
46856607
46857284
46857367
46858360
46861561
46861812
46866275
46868926
46871772
46872413
46877123
46877952
46879065
46880867
46881296
46881785
46882181
46882764
46883986
46885958
46886056
46886451
46886995
46887820
46888632
46890406
46890422
46890862
46892354
46892525
46893180
46893195
46895356
46896070
46898727
46900381
46900948
46901191
46902010
46905263
46905425
46906175
46907749
46908576
46910960
46911526
46913477
46914255
46914840
46915311
46915616
46917382
46918621
46918723
46919123
46919936
46920514
46923095
46924109
46924234
46928981
46929234
46930070
46930359
46931572
46932399
46935086
46935908
46937829
46938140
46938851
46938936
46939919
46941599
46943979
46944606
46948436
46948562
46949542
46949663
46950805
46950933
46951359
46952151
46952923
46954248
46954925
46957925
46958354
46962250
46963366
46965181
46965832
46967722
46967820
46968623
46968743
46970882
46972541
46972893
46975151
46975704
46977115
46977287
46978269
46979557
46981326
46982946
46982987
46983195
46984008
46984601
46984688
46985532
46985753
46986237
46987143
46987976
46988543
46989012
46989269
46989712
46991068
46991504
46991937
46992113
46993293
46995391
46995632
46996003
46996204
46996713
46998829
46998942
47000902
47002279
47003971
47005064
47005495
47007391
47010790
47011184
47013073
47013526
47013536
47014608
47016900
47018493
47018904
47020057
47021454
47021908
47023772
47024934
47027166
47027948
47028059
47028681
47029564
47030277
47030624
47030876
47034308
47036157
47036738
47036977
47037608
47038194
47040785
47043979
47045642
47045704
47046038
47046464
47048513
47050710
47055782
47055917
47057352
47057406
47058212
47058571
47059402
47060874
47061319
47062904
47063469
47065854
47067469
47068114
47070580
47071307
47072296
47074488
47075687
47076011
47076053
47076823
47076838
47077616
47078054
47079843
47080846
47081034
47082768
47085656
47087711
47089952
47092217
47092823
47094266
47097016
47097957
47098642
47099533
47099837
47100223
47104081
47105377
47108093
47109795
47110554
47110948
47111340
47111504
47112940
47113566
47113712
47115103
47115426
47117793
47117876
47118679
47119069
47120828
47121480
47122567
47122944
47123077
47123428
47123444
47123808
47124319
47124706
47126374
47126782
47128455
47130035
47130147
47130211
47130264
47132050
47132448
47133823
47134648
47135617
47136186
47136592
47137357
47139077
47139748
47141123
47141449
47142306
47142552
47143574
47145459
47146553
47146562
47147284
47148000
47151296
47153554
47157019
47157466
47158074
47158624
47158907
47161772
47162770
47164264
47164472
47165100
47166514
47168440
47169588
47169717
47175405
47175479
47177057
47177123
47179735
47180732
47182050
47182314
47182481
47183391
47183837
47184646
47187231
47187591
47190467
47193218
47194179
47194302
47194493
47194894
47195816
47196820
47197152
47200024
47200821
47201053
47201978
47202059
47203434
47203710
47205032
47205157
47205665
47206844
47208264
47210060
47210837
47212267
47212529
47213180
47216333
47216709
47217126
47217902
47218427
47219209
47222424
47223553
47225359
47225438
47226789
47229041
47229183
47230948
47231005
47231543
47232974
47233011
47235322
47236885
47237034
47237330
47238845
47239635
47240867
47240995
47242574
47242616
47242776
47243838
47244013
47247944
47251186
47252720
47253373
47253664
47258874
47259934
47260360
47261097
47263919
47263956
47268285
47270850
47271140
47271923
47272989
47274797
47276557
47278045
47278097
47278642
47278935
47280021
47281846
47281975
47282459
47283877
47284472
47284777
47285415
47286830
47286850
47287718
47288136
47290089
47290715
47291703
47292535
47293696
47295434
47297914
47298006
47298206
47299880
47300289
47300592
47303591
47304458
47306137
47306816
47307677
47309011
47309391
47311796
47312800
47314672
47315402
47316875
47317264
47318239
47319709
47320034
47320481
47320895
47321364
47321801
47324209
47326346
47327826
47328422
47328450
47328710
47328711
47329732
47329749
47330758
47334398
47338504
47338677
47338747
47340158
47344278
47344466
47345362
47347151
47347429
47350072
47350485
47352968
47354167
47356259
47358228
47358541
47359608
47361445
47362947
47364760
47364777
47365168
47365466
47365969
47366308
47367005
47367387
47367517
47370530
47370883
47370989
47372482
47377724
47377808
47378150
47379304
47380159
47380788
47381532
47383923
47386072
47389495
47391778
47392175
47395084
47395265
47395843
47395992
47397903
47398049
47399804
47402173
47402221
47402774
47403658
47403988
47404655
47404830
47405958
47406888
47407891
47408330
47408537
47408620
47409708
47410229
47411092
47412713
47413429
47413518
47414455
47414491
47417986
47418643
47419763
47420453
47420908
47421735
47423826
47424065
47424874
47428064
47428314
47428438
47428888
47435084
47435606
47435946
47437651
47439688
47443611
47443876
47444596
47445789
47451057
47452078
47452284
47452870
47456960
47457136
47457803
47458790
47459130
47459331
47460921
47460993
47463440
47464211
47464677
47464991
47465504
47467007
47468325
47469070
47469942
47470916
47471125
47473757
47475077
47475650
47475913
47476619
47477880
47478039
47479417
47482773
47484464
47485103
47485758
47486185
47488440
47488651
47489023
47490002
47490644
47492367
47492687
47492876
47493391
47494219
47495033
47495176
47495330
47495379
47497146
47497697
47498536
47498680
47498827
47499299
47499723
47499904
47501571
47502301
47504159
47504416
47504462
47504552
47504652
47504684
47505459
47506330
47506572
47507128
47508073
47508354
47510825
47511543
47512472
47513265
47514069
47515456
47515672
47518285
47518328
47518791
47519657
47523485
47524779
47526337
47526460
47526653
47527118
47527398
47528945
47529310
47532080
47535503
47535513
47536203
47537494
47539093
47541951
47542705
47542719
47542933
47543646
47546674
47548712
47551594
47552019
47553014
47553566
47554476
47555117
47555690
47555956
47556484
47558261
47558551
47559274
47559697
47560131
47562437
47563461
47565053
47568410
47568885
47569331
47569828
47570364
47572279
47573080
47576084
47576607
47578121
47584389
47584523
47584767
47587342
47588005
47592324
47593471
47594407
47594442
47594954
47597060
47597541
47597557
47597933
47598103
47599142
47599687
47601034
47601184
47601987
47602700
47603817
47604491
47605237
47605885
47606004
47608618
47609843
47610634
47613415
47615106
47617011
47617121
47617569
47617777
47620746
47621071
47623448
47623800
47624587
47625252
47626986
47628477
47629193
47630526
47632141
47633184
47635093
47636644
47637571
47638271
47639677
47640750
47640904
47641606
47641877
47646170
47647238
47647743
47648348
47648477
47649154
47649160
47652099
47652235
47654926
47655811
47656317
47657637
47658917
47659036
47659312
47661050
47661928
47662793
47664508
47664789
47664965
47665338
47665466
47665946
47666937
47667842
47668359
47671437
47673392
47676501
47677538
47679636
47679697
47683626
47684613
47684954
47685330
47685701
47686700
47688529
47691735
47692057
47693128
47693567
47693713
47694326
47696029
47696684
47696868
47698045
47699801
47700908
47701144
47701178
47701358
47703861
47706019
47706261
47706896
47708716
47708729
47709705
47710644
47711604
47711646
47711948
47712141
47712356
47713436
47713851
47713891
47715975
47716774
47716970
47717742
47719772
47720580
47723081
47723980
47725656
47726505
47726845
47727084
47728178
47730234
47731087
47734052
47735307
47736091
47736211
47737121
47740226
47741329
47743023
47744354
47744794
47745132
47746041
47746984
47747160
47749836
47750842
47752389
47752548
47754042
47754546
47755049
47756170
47757551
47759387
47759672
47759988
47761876
47762576
47765160
47766876
47767596
47767782
47771037
47773723
47774108
47774283
47777275
47777697
47778592
47778960
47779407
47779970
47783527
47785185
47785434
47785681
47786589
47787663
47788285
47788337
47789869
47789948
47791003
47791833
47791926
47794440
47794571
47794863
47795908
47797801
47798047
47799246
47799697
47804163
47804260
47805752
47805774
47805961
47807098
47808637
47809882
47811450
47813594
47813595
47813783
47813944
47814619
47814776
47816281
47816297
47817462
47817472
47818717
47818844
47819136
47820213
47820958
47821469
47825619
47825905
47829623
47830152
47831723
47832229
47835086
47835087
47836153
47837567
47840211
47842189
47842293
47842971
47843436
47844012
47845082
47845119
47846632
47847913
47848816
47849581
47849601
47850111
47851319
47851403
47853401
47853595
47853708
47854288
47854631
47858864
47863282
47864995
47865055
47865345
47865607
47867162
47868085
47868637
47870268
47871750
47872910
47874253
47874974
47875659
47876025
47880373
47884766
47885668
47886503
47886986
47889564
47890830
47892314
47892935
47893146
47894141
47894420
47899710
47900342
47900630
47901974
47902053
47902263
47904616
47905434
47905587
47906991
47907068
47907222
47907389
47909221
47910133
47911145
47911159
47911413
47912262
47912509
47921617
47924901
47924903
47925684
47926533
47926605
47927047
47928328
47930481
47930492
47932324
47932891
47934299
47935045
47937270
47937615
47939516
47940371
47941821
47942394
47946109
47946297
47946589
47948542
47948850
47949350
47950242
47952384
47953155
47953300
47953659
47954460
47955687
47957055
47957984
47959758
47961340
47961458
47961952
47962541
47964620
47964863
47965463
47966380
47967465
47968550
47969943
47971203
47971323
47971671
47973830
47974300
47975240
47978862
47979670
47980037
47981171
47981370
47984755
47984921
47985641
47985750
47986515
47987541
47990755
47991660
47993371
47994970
47996006
47996213
47996867
47997753
47998621
48001975
48003671
48003784
48004777
48006483
48007254
48008794
48009699
48010717
48011023
48011578
48011607
48012707
48012833
48013215
48015538
48015656
48016004
48016078
48016392
48016754
48019035
48021410
48024342
48025083
48025924
48029168
48033090
48033540
48033697
48034735
48035383
48036014
48037222
48038653
48039455
48039720
48041618
48042204
48042434
48043009
48045029
48045293
48045348
48045710
48045883
48047080
48050555
48050953
48054090
48056785
48060781
48061143
48061434
48061622
48062483
48062830
48063636
48063777
48064168
48064845
48065049
48066119
48066234
48066313
48066735
48067198
48067365
48068003
48069260
48070282
48070969
48071070
48071544
48071936
48072141
48072427
48075380
48075507
48078997
48079840
48080573
48080622
48081688
48082464
48085269
48086611
48087165
48088526
48089112
48091020
48092522
48092664
48092949
48093085
48093846
48093912
48096265
48096857
48096956
48098925
48100262
48102338
48104033
48104396
48104578
48107368
48108075
48111940
48112135
48112889
48113555
48113968
48116597
48116670
48116969
48117953
48118466
48118532
48119803
48120072
48120389
48126351
48126969
48128721
48128991
48129159
48130331
48132110
48136112
48139173
48139474
48139696
48140388
48140922
48141541
48142064
48142922
48144301
48145873
48146877
48147073
48149482
48149856
48150867
48151702
48153240
48154632
48155056
48155323
48155542
48156040
48156318
48156722
48156918
48158913
48162197
48164867
48168437
48168614
48169137
48169932
48172379
48172545
48172834
48173202
48173282
48174912
48175106
48175495
48176692
48176868
48178682
48179562
48180764
48180863
48181396
48182132
48183579
48183742
48184430
48184565
48185789
48186321
48187231
48188783
48189421
48189716
48190104
48192910
48195802
48196283
48196637
48198052
48199211
48200659
48203248
48203522
48204331
48207482
48207541
48207686
48208672
48211013
48214537
48215939
48216998
48217837
48219001
48219211
48219240
48221378
48221693
48222564
48224956
48225405
48225799
48229521
48230049
48231212
48232485
48232932
48233570
48234387
48234595
48235731
48236833
48236901
48237991
48238024
48238406
48239569
48240486
48240526
48240848
48241304
48244287
48245304
48245443
48245982
48246503
48248026
48248518
48249394
48249526
48254034
48255204
48255231
48256585
48258264
48259122
48259460
48260067
48261020
48262270
48262926
48269850
48270683
48272272
48273974
48276118
48277491
48278366
48278939
48279365
48282648
48283485
48284174
48286271
48290049
48295177
48297231
48297666
48299387
48301816
48302092
48302370
48304572
48304983
48305167
48305245
48305998
48306140
48306186
48306200
48306215
48307308
48307599
48309541
48309820
48310598
48310738
48311305
48312017
48315061
48315547
48315768
48316587
48318394
48319528
48321292
48322426
48324739
48324859
48327557
48329159
48329577
48329826
48330429
48332620
48335011
48335092
48336314
48336521
48337355
48338942
48340052
48343308
48343701
48344299
48344436
48345978
48347193
48347686
48347794
48348794
48350177
48352054
48352683
48354708
48356207
48356895
48357021
48357238
48357858
48359530
48359569
48360819
48360842
48360919
48361497
48362519
48366333
48366530
48368724
48368776
48369406
48370857
48371054
48372382
48373447
48375646
48376818
48378359
48378863
48378939
48380316
48380608
48382919
48384498
48384619
48384982
48385021
48385331
48388604
48389622
48389938
48391134
48391653
48393142
48393887
48394712
48394743
48395181
48395853
48396198
48397003
48397866
48397949
48398123
48398175
48399417
48401384
48401492
48403796
48404738
48407826
48408827
48410698
48412055
48412365
48412445
48413127
48413288
48413856
48413863
48413972
48414556
48415033
48416029
48416149
48416197
48416221
48416794
48418292
48419630
48420509
48421378
48421852
48422433
48422504
48422861
48425464
48427914
48429547
48429638
48431842
48432777
48433612
48435180
48436498
48436637
48438711
48442674
48443297
48444321
48445346
48447502
48447730
48447788
48450800
48451442
48453396
48453476
48453553
48453615
48454479
48455143
48456178
48458715
48458723
48460784
48461306
48464382
48465780
48467615
48468322
48468339
48468857
48469365
48469806
48471823
48473870
48474537
48476510
48478396
48479068
48479638
48480371
48480869
48482562
48482724
48483068
48483417
48485572
48485624
48485987
48486215
48486337
48486458
48488507
48488991
48489403
48490390
48492148
48493738
48493778
48494795
48495022
48495831
48497553
48499037
48499748
48499904
48501699
48503103
48504268
48505926
48506018
48507425
48508204
48510263
48510264
48510985
48512142
48513642
48514771
48515244
48515929
48516995
48517955
48518573
48518659
48518736
48518869
48519790
48520544
48521206
48523882
48524020
48525160
48526106
48526535
48526836
48528155
48530754
48532725
48532759
48533442
48533538
48533885
48535244
48535261
48536068
48536445
48536525
48537393
48537831
48538289
48538915
48539136
48540351
48541273
48541458
48542075
48542302
48542593
48542943
48544559
48544843
48545771
48545863
48546163
48546204
48547040
48547818
48549573
48554539
48556533
48557203
48557943
48558251
48560204
48560924
48561569
48561828
48562037
48562233
48562258
48562631
48563004
48563745
48566117
48566617
48567046
48570867
48571652
48571728
48572443
48573570
48573820
48573870
48574301
48574991
48578380
48578622
48579244
48579440
48579923
48582114
48582191
48582968
48583100
48583942
48585987
48586340
48587342
48588461
48589096
48589119
48589189
48590548
48590733
48591606
48592048
48592135
48593157
48593435
48593635
48594512
48595773
48596015
48598596
48599937
48601581
48601728
48601846
48602368
48603012
48603644
48606701
48607023
48607028
48609538
48610772
48612055
48612533
48612756
48613325
48614170
48614596
48616548
48616650
48616740
48617120
48622355
48623028
48624457
48624477
48625303
48626152
48626258
48626679
48627236
48628139
48630046
48631006
48631981
48632701
48635466
48636780
48637294
48637833
48637865
48638387
48640109
48640295
48640337
48641444
48642195
48643164
48643806
48646304
48650776
48651851
48654286
48656813
48656970
48657036
48657117
48658243
48659226
48659822
48660554
48660908
48660985
48662663
48663129
48663294
48663883
48664280
48664468
48665951
48667035
48667440
48667774
48671587
48672478
48674884
48675339
48676893
48678820
48678896
48680988
48683276
48683852
48684022
48684436
48686370
48687226
48687943
48690636
48692457
48692921
48694273
48694412
48694889
48695821
48696493
48696806
48696871
48696977
48698638
48701528
48701586
48707183
48707284
48707760
48711476
48712990
48713437
48718453
48720083
48720768
48720925
48721761
48723452
48723563
48723900
48725771
48726232
48728782
48730067
48730400
48730705
48731853
48732264
48732571
48735101
48735279
48737349
48738154
48743159
48743864
48744480
48746010
48746103
48746187
48748830
48749952
48751410
48752121
48753362
48753601
48754131
48755574
48755757
48757651
48757886
48758409
48759172
48760568
48761580
48762794
48763851
48763910
48764129
48765052
48765094
48765710
48765904
48766793
48767001
48769147
48770050
48770511
48771134
48771232
48771844
48773102
48773151
48775198
48776722
48778638
48779040
48779318
48780335
48781345
48781560
48782294
48784103
48784138
48784400
48785107
48785465
48785603
48786580
48787477
48789023
48789640
48792241
48794012
48796148
48796232
48796241
48797265
48798364
48798594
48798639
48799048
48799177
48800300
48803337
48803874
48804539
48805644
48807442
48809221
48809909
48810133
48812941
48813953
48816297
48816328
48818687
48819941
48820841
48822608
48824009
48825550
48826054
48826428
48827147
48827665
48828387
48829253
48830077
48830166
48830554
48831180
48832094
48832330
48832895
48833445
48834294
48834397
48836457
48837208
48838377
48838709
48838822
48838903
48839274
48839475
48839945
48841557
48843914
48844345
48844907
48847965
48848989
48849284
48849800
48851081
48851487
48851674
48852098
48852391
48853523
48853935
48853980
48854007
48855153
48857090
48859348
48859474
48859923
48860094
48860657
48862231
48862535
48863529
48864449
48865252
48865345
48866576
48867631
48869996
48873024
48873515
48874511
48875981
48876968
48878084
48879023
48880421
48880498
48881166
48881412
48881961
48882805
48882884
48883240
48883349
48884010
48884978
48885059
48885275
48886373
48887964
48890270
48891623
48892118
48894086
48894202
48894747
48895058
48895439
48896215
48896494
48898211
48898265
48899498
48902102
48908198
48909245
48910682
48911837
48913068
48913280
48913920
48914484
48915727
48916542
48917187
48917646
48917715
48918923
48919620
48921104
48921480
48921737
48921784
48924153
48924311
48926292
48927331
48928382
48928532
48929055
48931261
48932004
48932860
48934098
48934322
48934924
48934975
48935206
48935542
48942485
48942697
48943645
48943866
48944907
48945246
48946134
48946218
48946508
48947043
48948880
48951460
48953018
48954686
48955383
48956495
48956912
48957836
48957873
48958314
48960065
48961812
48962238
48962840
48963000
48963387
48964739
48966946
48967244
48967520
48967820
48967923
48968585
48970845
48970920
48971640
48974409
48974686
48974767
48974793
48978544
48981508
48982159
48986173
48986272
48986793
48987133
48987658
48990326
48991556
48991569
48992670
48992789
48995330
48996225
48996963
48998395
48998545
48998598
48999937
49001054
49006878
49007242
49010273
49010465
49011418
49011649
49011741
49012697
49014146
49014929
49016327
49017793
49018458
49018576
49019460
49022249
49024534
49025393
49027111
49027375
49028567
49029303
49029688
49029778
49031639
49033221
49033829
49035141
49035725
49036084
49036101
49036930
49037166
49037300
49038391
49038710
49039768
49039804
49042191
49042691
49044830
49046105
49046143
49046577
49047374
49048480
49048923
49050058
49050807
49052141
49053049
49053656
49055924
49056409
49056607
49057227
49059716
49061599
49066095
49066128
49067682
49068774
49069008
49070856
49072728
49074360
49074470
49075036
49075413
49075819
49075919
49078202
49079312
49079506
49080045
49080539
49081701
49081992
49082487
49082552
49083042
49084080
49084263
49084772
49085448
49086654
49087126
49089518
49089728
49090177
49093155
49093496
49093843
49094606
49095328
49095909
49097411
49097424
49097741
49098675
49098767
49099345
49102212
49102759
49102796
49104343
49104566
49109230
49111385
49111458
49112037
49113508
49115280
49116613
49116717
49117104
49119307
49119852
49119994
49120375
49121423
49125302
49127153
49127355
49129124
49129335
49130598
49130694
49131039
49132081
49137176
49137409
49138081
49138468
49139993
49142523
49144824
49145235
49147281
49147913
49148640
49149962
49151133
49151960
49152278
49152909
49153057
49153335
49153916
49155421
49156422
49156621
49157095
49158124
49159578
49159629
49159944
49160991
49161322
49163162
49167775
49168308
49168839
49171204
49171474
49173641
49175618
49175761
49178597
49178730
49181393
49181804
49181946
49182453
49182457
49182925
49184207
49185834
49186033
49186621
49187878
49191340
49193931
49200732
49201955
49202651
49203071
49203514
49205921
49209625
49209911
49210325
49213358
49213486
49214371
49215553
49215665
49215766
49215862
49216380
49216962
49218509
49220063
49220130
49220868
49221290
49221473
49221971
49222062
49223437
49226631
49229659
49230243
49230264
49234268
49235061
49235889
49236216
49239353
49240346
49242803
49243110
49243476
49247000
49248998
49251188
49252313
49252977
49253550
49253883
49254308
49256735
49259374
49260465
49261176
49262134
49264496
49264742
49266095
49266436
49269031
49269072
49269648
49271881
49273033
49275390
49275684
49275937
49276962
49278502
49278976
49280338
49280571
49282795
49283011
49283441
49283521
49285251
49285876
49286636
49286860
49286995
49287710
49287805
49287907
49294789
49295849
49296057
49297789
49301266
49302863
49302897
49303460
49304469
49305181
49308651
49309276
49310003
49312960
49313187
49315248
49316885
49317149
49318619
49318865
49319220
49321581
49322141
49323079
49323356
49324759
49325184
49325557
49326617
49327697
49327749
49328546
49330907
49331962
49333062
49333209
49333294
49335658
49336469
49338378
49338938
49339530
49340207
49343037
49343613
49344253
49344407
49344483
49344768
49345025
49345215
49348082
49348819
49349471
49350218
49350616
49350939
49351905
49353022
49354974
49356828
49357131
49357377
49357629
49358152
49359478
49360536
49363347
49364076
49364779
49367740
49369046
49370777
49371260
49372757
49373927
49375996
49376000
49377655
49379352
49380026
49381407
49383717
49384436
49385540
49386065
49386293
49387766
49388927
49389481
49391819
49392282
49393042
49393726
49394059
49394462
49394697
49397401
49398803
49398923
49399772
49399803
49402605
49403047
49403097
49403149
49404322
49405006
49406605
49407992
49409421
49410319
49411511
49411699
49412598
49413585
49416342
49416355
49419358
49420855
49421164
49421885
49423803
49424218
49424714
49424791
49425988
49426006
49426552
49427843
49427999
49428272
49428849
49430096
49430703
49430818
49430880
49432517
49432646
49432993
49434407
49436200
49439358
49440148
49440487
49440584
49442025
49442200
49442660
49444446
49445129
49447161
49447401
49449217
49449491
49449823
49454698
49458666
49459554
49460066
49462975
49465107
49465357
49465590
49466458
49467567
49468104
49468550
49469218
49469399
49469782
49470496
49470729
49470871
49471023
49472852
49472893
49472907
49473772
49473989
49475037
49476902
49477949
49478024
49478593
49479669
49480527
49482210
49483225
49483515
49486031
49487281
49488546
49490380
49491122
49491982
49493703
49495138
49495348
49498486
49499531
49502450
49503523
49504107
49504999
49507565
49508547
49508881
49509001
49509360
49510172
49510965
49511624
49512272
49514418
49515518
49515955
49517025
49519428
49519453
49521314
49521727
49522558
49523212
49523652
49524021
49525410
49528818
49529086
49532326
49532732
49533584
49534974
49535555
49535894
49536082
49536806
49537112
49537204
49538958
49539649
49540012
49541127
49541176
49541440
49542970
49543751
49544134
49546108
49546211
49546745
49546832
49546861
49546957
49548927
49550123
49550291
49550818
49551926
49552038
49552113
49555330
49555890
49556257
49556534
49556998
49557403
49557546
49559121
49560756
49564012
49565830
49566126
49566249
49566878
49570071
49570909
49570984
49571765
49574325
49574763
49576939
49577145
49577347
49580252
49583256
49584228
49584751
49585220
49585960
49586058
49586582
49586954
49587404
49587635
49589586
49589949
49591484
49591938
49594818
49596091
49596286
49596879
49597086
49597354
49597432
49597995
49598894
49601296
49601627
49602348
49602515
49603472
49603886
49604988
49605688
49605740
49605793
49606051
49607563
49609009
49609223
49610894
49611175
49611242
49611763
49611937
49612328
49616284
49616555
49617089
49617744
49619066
49619278
49619291
49620685
49621760
49621887
49622552
49623397
49624581
49625009
49626844
49627949
49629263
49631085
49631122
49631247
49631688
49632627
49632915
49633035
49635288
49636618
49638381
49640234
49642867
49643306
49643635
49643702
49644885
49646372
49647650
49649529
49650054
49650807
49652144
49652384
49652518
49656286
49656409
49657261
49657375
49657750
49659854
49661702
49662306
49663454
49664794
49665363
49666464
49666873
49667523
49667685
49668050
49668381
49668791
49670305
49671012
49672955
49673059
49675102
49679621
49679891
49680785
49683156
49684848
49686746
49687625
49687697
49689143
49691228
49691975
49692599
49694974
49696885
49699449
49700276
49704219
49709474
49710339
49710508
49711219
49711575
49713386
49714418
49715122
49715486
49716992
49718520
49719362
49720070
49721143
49721400
49721750
49722588
49723427
49723863
49725069
49727108
49727306
49727946
49728926
49729857
49730521
49731689
49732658
49733063
49733577
49734660
49735290
49735453
49736100
49737181
49737790
49738823
49738825
49740862
49741426
49743329
49743957
49745741
49746033
49746694
49746896
49748834
49754121
49755172
49755406
49756143
49757038
49758668
49759281
49759664
49763890
49765317
49765757
49765936
49766229
49766743
49771144
49772507
49772640
49772648
49774794
49775121
49776322
49777340
49778266
49779745
49780795
49781518
49781610
49783285
49783420
49784886
49784981
49786086
49787624
49787936
49789130
49789640
49790013
49790022
49790517
49790543
49791464
49791875
49792980
49793666
49794029
49794053
49794063
49794206
49796322
49797531
49798380
49798459
49803545
49803992
49804167
49805178
49806244
49807975
49808990
49810804
49811727
49814020
49815865
49818238
49818487
49819194
49821155
49822262
49823245
49823728
49823902
49825426
49825836
49827743
49828067
49828367
49828775
49828955
49830537
49831321
49832439
49836271
49836975
49839839
49841715
49843009
49847583
49848072
49848284
49848952
49850841
49852273
49853070
49853452
49855194
49857029
49857437
49857504
49857532
49858348
49858883
49858951
49859166
49859860
49864799
49865434
49865857
49865975
49866003
49867187
49870482
49870846
49870894
49871485
49873103
49873371
49874049
49874272
49874480
49877159
49878852
49879577
49881776
49883400
49883574
49886371
49886613
49886651
49888046
49888093
49888721
49889271
49890653
49890730
49890912
49891348
49893153
49894443
49895000
49897432
49899441
49899973
49900679
49902352
49902413
49902895
49905491
49907517
49908025
49910011
49910108
49911470
49912011
49912569
49912972
49913387
49915883
49917647
49918190
49918884
49919017
49921586
49922138
49922823
49924201
49924941
49925665
49926172
49928214
49930790
49931321
49933052
49933733
49934281
49939511
49939933
49942533
49942937
49943747
49944187
49944565
49944615
49946845
49948088
49948990
49949345
49950074
49951669
49953550
49953878
49954883
49955614
49958929
49959060
49959209
49959637
49961172
49963258
49964097
49965553
49965946
49966619
49966944
49967612
49967883
49968515
49969465
49970552
49973540
49974046
49976005
49977478
49978040
49979518
49979600
49981121
49981337
49983690
49987316
49987561
49987638
49987814
49988144
49988419
49989693
49989697
49991151
49991642
49991718
49993132
49994691
49995026
49996586
49997347
49997735
50001122
50005861
50006068
50009613
50011197
50011849
50012498
50015183
50015814
50017373
50019101
50019954
50020452
50023458
50024479
50024770
50025368
50025881
50028002
50029367
50030798
50031940
50035742
50037289
50037465
50038218
50038872
50039183
50039663
50039766
50040550
50040745
50040826
50042235
50042850
50042866
50043345
50043482
50044865
50044951
50045178
50046723
50047011
50048429
50050608
50051795
50053192
50053912
50054515
50057264
50057343
50057869
50057985
50058247
50060376
50061882
50063873
50064794
50065117
50065675
50066419
50066663
50070135
50070858
50072627
50073579
50074035
50076287
50076647
50076822
50078131
50079089
50079518
50080124
50080729
50080998
50081804
50081812
50082221
50082660
50082940
50084520
50084669
50084701
50086907
50087924
50089087
50089292
50089832
50090149
50090353
50091399
50091442
50092039
50092419
50094372
50095126
50095733
50096709
50096819
50097720
50098801
50099110
50099438
50100199
50100839
50100864
50101289
50101486
50103462
50103798
50103980
50104145
50104178
50104292
50105198
50105741
50106447
50109016
50110818
50115328
50115867
50116673
50116703
50119110
50119541
50119651
50123891
50125170
50125961
50126880
50126991
50127664
50127847
50128319
50130459
50130757
50132517
50132551
50133229
50133309
50133318
50134200
50135366
50135395
50138147
50138703
50141100
50142505
50145259
50146426
50146546
50146886
50147077
50148407
50149632
50149936
50151686
50152461
50152980
50153380
50153935
50154111
50154723
50154780
50154896
50155055
50157190
50157791
50158150
50158970
50159053
50161156
50162303
50162748
50165578
50165713
50166323
50168687
50169182
50169427
50170490
50170562
50171194
50172721
50172777
50173377
50175130
50177002
50178842
50178914
50179130
50181152
50181317
50182044
50182404
50182714
50184824
50185378
50185491
50185867
50186509
50187647
50188348
50188705
50191981
50192126
50192261
50193443
50194200
50198579
50200866
50202071
50202214
50203335
50203797
50204073
50204969
50205096
50206313
50206663
50209853
50210732
50211839
50212465
50213478
50215002
50216846
50216928
50220019
50220136
50222192
50223068
50223138
50224330
50225060
50225527
50225948
50226379
50227354
50227662
50228268
50228941
50229157
50229569
50229580
50231696
50231698
50232033
50232443
50232496
50233038
50233144
50235417
50237773
50237832
50238044
50238229
50238796
50238966
50240663
50241229
50241690
50241702
50241877
50242229
50242890
50245981
50246095
50246656
50247355
50247583
50250991
50251887
50252469
50259012
50259138
50259293
50260797
50261344
50262289
50263066
50263183
50263578
50265538
50267710
50267859
50267929
50268472
50268506
50269323
50271491
50273168
50275377
50275978
50276408
50277056
50277625
50281544
50283839
50283906
50283960
50284858
50285177
50285516
50285636
50285730
50291405
50291798
50292051
50292368
50293477
50293649
50295134
50297789
50299379
50300500
50300871
50302450
50302748
50304388
50304680
50305381
50307037
50309362
50309638
50310319
50313181
50313190
50314165
50314741
50314997
50316822
50317913
50318996
50319927
50320365
50321442
50321883
50324737
50325776
50326016
50327438
50328256
50328392
50328813
50331463
50331733
50333835
50334193
50335546
50335658
50335858
50337643
50338642
50339944
50340113
50341031
50341085
50341665
50346159
50346941
50347225
50350701
50351296
50351362
50351614
50353480
50353745
50354118
50354777
50355335
50356911
50357342
50357475
50359316
50359473
50363964
50365788
50365864
50366236
50369810
50371504
50371558
50372217
50372847
50374962
50375036
50375248
50375339
50375629
50376647
50378012
50378022
50378298
50380169
50381528
50382136
50383048
50383426
50384620
50388931
50388958
50389687
50389714
50390396
50390869
50393104
50394460
50394876
50395249
50398832
50398843
50400063
50400522
50402263
50403103
50403665
50408631
50408723
50409083
50412729
50413294
50416083
50416214
50416255
50418290
50420820
50421010
50422980
50423032
50423728
50426701
50427834
50431089
50431518
50432035
50432382
50432703
50433050
50433993
50435319
50436888
50438069
50439067
50440163
50441630
50441933
50442020
50442406
50442729
50442967
50443265
50443793
50445291
50445832
50446599
50448148
50448946
50451391
50451460
50452387
50454028
50454492
50455173
50455290
50455763
50456057
50458379
50459566
50460287
50460632
50460924
50461027
50461294
50462544
50463330
50464693
50466288
50467061
50469046
50469084
50471653
50472286
50472885
50473288
50473833
50474195
50475340
50475633
50476888
50478809
50479270
50481407
50481546
50481733
50483455
50485797
50486476
50487942
50490027
50491958
50492469
50493774
50493921
50493924
50494367
50495141
50499019
50499221
50501401
50502167
50502752
50503237
50505000
50506924
50507167
50507170
50508091
50509747
50509993
50510897
50511038
50515843
50515910
50516391
50516941
50518445
50518488
50519061
50519330
50519612
50520526
50523107
50524611
50524625
50526112
50527631
50529679
50530246
50535131
50536025
50537237
50538990
50540462
50541298
50542762
50543809
50545685
50546655
50546738
50546925
50546962
50547291
50548329
50549256
50553027
50553766
50554391
50555867
50557040
50560759
50560976
50561023
50562200
50562450
50562485
50562841
50563048
50563748
50564531
50565655
50565706
50566523
50570940
50571501
50571870
50573602
50575635
50576240
50576565
50577236
50578899
50579208
50579634
50582687
50583560
50584537
50585874
50586737
50586755
50587113
50587354
50590392
50590529
50593236
50594089
50596899
50596989
50597830
50598239
50598541
50598783
50598851
50599610
50600566
50601040
50601087
50601468
50601524
50601922
50601986
50602379
50602853
50603699
50604064
50605018
50605064
50607407
50607732
50609069
50609171
50610858
50611218
50614535
50615059
50616239
50617616
50617745
50617768
50617967
50618869
50619011
50619769
50619837
50620822
50621018
50621065
50622451
50622628
50622842
50625447
50626103
50626689
50628276
50629134
50630659
50633228
50633819
50635121
50635273
50636474
50638164
50638442
50639157
50639183
50641104
50641630
50642472
50643036
50643612
50644002
50644341
50645623
50650080
50651325
50652004
50653117
50653170
50654325
50654368
50656174
50656661
50657129
50657139
50657550
50658162
50659429
50661928
50662998
50663857
50666082
50666291
50666702
50668069
50669871
50670300
50671655
50672033
50672881
50673574
50673912
50674386
50674429
50674785
50675282
50676241
50677900
50677930
50679555
50682062
50682649
50683282
50683363
50683991
50684249
50684327
50684499
50686092
50687215
50688019
50688574
50688710
50689240
50689435
50689865
50693006
50693240
50695510
50695709
50696383
50696877
50697866
50699081
50699756
50702758
50703288
50703814
50703850
50704539
50704870
50704954
50705939
50707149
50707743
50710412
50711458
50711682
50711968
50712033
50713033
50713614
50714472
50714565
50715072
50715792
50716325
50717541
50718837
50720307
50721410
50722054
50722242
50722452
50723650
50724162
50724233
50724570
50728925
50729345
50730347
50731424
50731447
50734152
50734981
50736087
50736900
50737308
50737877
50738755
50741052
50743885
50744027
50744107
50745502
50745821
50745863
50746098
50746101
50746971
50748656
50750421
50752545
50753938
50754372
50756308
50758201
50759568
50760544
50761920
50762046
50762529
50762668
50762981
50763517
50766347
50774044
50779664
50780203
50782232
50782359
50782697
50782951
50783301
50785855
50788195
50788484
50790227
50791205
50791624
50791799
50791859
50792779
50794102
50794986
50796271
50796280
50796896
50798580
50799688
50800081
50800226
50801453
50801563
50801709
50803895
50803925
50805186
50805301
50806024
50806209
50806922
50807678
50808227
50810189
50810279
50810942
50811116
50812768
50813647
50814392
50814846
50816325
50817165
50819173
50819753
50819877
50823577
50825385
50826430
50827903
50829941
50830809
50831560
50832503
50832956
50836259
50836488
50837295
50837910
50839633
50841764
50842106
50844847
50844865
50846028
50847002
50849013
50849738
50850060
50850210
50852078
50854176
50854656
50855083
50855790
50855991
50856386
50856575
50857200
50857535
50858151
50858769
50860378
50860721
50861919
50862538
50862626
50864911
50865177
50866227
50867083
50871034
50874227
50874366
50874566
50874740
50878299
50878394
50878418
50879060
50879771
50879957
50880926
50881238
50882459
50883906
50884047
50884897
50885459
50887332
50888017
50890416
50892785
50893769
50893940
50899598
50900106
50901352
50901396
50903955
50904793
50905490
50905625
50906217
50907624
50909737
50910187
50911535
50912405
50913451
50916224
50918068
50918146
50918794
50920521
50920647
50920799
50922178
50922531
50924415
50925964
50926778
50927140
50928119
50928280
50929647
50930242
50933338
50936563
50936800
50939407
50940235
50940941
50941759
50943206
50945557
50946187
50946520
50948962
50949319
50950398
50950884
50951070
50952479
50955165
50958116
50959752
50960349
50961074
50961250
50961690
50965755
50966208
50966433
50967151
50968569
50968846
50969286
50969693
50970288
50971733
50972517
50972519
50972706
50973751
50974468
50975999
50978001
50978879
50979859
50980034
50980053
50980676
50980839
50981142
50981231
50981713
50981894
50982086
50982753
50984196
50985357
50985606
50986270
50987459
50987765
50987966
50987991
50988398
50989790
50992147
50992202
50992979
50995022
50998192
50998347
50999937
51001316
51002447
51002735
51003997
51004534
51005009
51006646
51007346
51008032
51009759
51010147
51010245
51012496
51012903
51015999
51016607
51017988
51019678
51021584
51023133
51023340
51023799
51024565
51024616
51025475
51026924
51027154
51028283
51028711
51028923
51030579
51033013
51035736
51036278
51036796
51037503
51038130
51038473
51039867
51040801
51040965
51041690
51041742
51041778
51043450
51043561
51044603
51044627
51046056
51048256
51049364
51050068
51051011
51051418
51052956
51053150
51053474
51053877
51053921
51055431
51055832
51057119
51058589
51058647
51058994
51060371
51060807
51061660
51061730
51062905
51062982
51063166
51065827
51069257
51070501
51072574
51073789
51074092
51074449
51074556
51074594
51075173
51076274
51076793
51078294
51078488
51079694
51083366
51084208
51086917
51087617
51087870
51088863
51089121
51089768
51089930
51090978
51091531
51091554
51092812
51093299
51094091
51094305
51094713
51096850
51098980
51100273
51100987
51101117
51104878
51107394
51107527
51109406
51111619
51112422
51112881
51113289
51116052
51117318
51118270
51119548
51120267
51121302
51121631
51122198
51122255
51123323
51124122
51125809
51128509
51128589
51128792
51130128
51130431
51130859
51133053
51133143
51134436
51134987
51135550
51137762
51139932
51140376
51140399
51140664
51140825
51141183
51144320
51146483
51147669
51148988
51150012
51150027
51152164
51154488
51154803
51154893
51154914
51154961
51156068
51156104
51156320
51157708
51157834
51158360
51158753
51159757
51162260
51162535
51163473
51164770
51165027
51165595
51165637
51167251
51167372
51167738
51167745
51167978
51168696
51169542
51170366
51171904
51172286
51172926
51174167
51175454
51175520
51175972
51176016
51179711
51180656
51180807
51180814
51181649
51182036
51182388
51184741
51185849
51186964
51188108
51189221
51189424
51189592
51192463
51192844
51193233
51193370
51193448
51194546
51195094
51195727
51196558
51196706
51198088
51198338
51198497
51198789
51199229
51200602
51201714
51202023
51202075
51202173
51202550
51202708
51204257
51204292
51206200
51206846
51207235
51207564
51210029
51210252
51211262
51212562
51212783
51212793
51213512
51213887
51214343
51214452
51215153
51215367
51216147
51216369
51218112
51219817
51220073
51222220
51224263
51225944
51226775
51228594
51231280
51231332
51233557
51237889
51239068
51240239
51241954
51243011
51243231
51244531
51245597
51246837
51247641
51248326
51248917
51249115
51250609
51252112
51252299
51254050
51254963
51256544
51257392
51259494
51262574
51263520
51264624
51265173
51266573
51268618
51269135
51269406
51270541
51271419
51271711
51271721
51272646
51273721
51273783
51275122
51277416
51277491
51281039
51281541
51283834
51284717
51285210
51286168
51286692
51287828
51289497
51291537
51292322
51294750
51296749
51297687
51298527
51298971
51300867
51302183
51302208
51302901
51303604
51305362
51306730
51312479
51313789
51314322
51315452
51316966
51319004
51320957
51321020
51323859
51324520
51325510
51325709
51325758
51325978
51326574
51326806
51328279
51328440
51329407
51330664
51330934
51331534
51332565
51335545
51336531
51336855
51338023
51338299
51341304
51343139
51343672
51343880
51344096
51344226
51344561
51344947
51345428
51347932
51347982
51348214
51349294
51349988
51350116
51353651
51353675
51354247
51354282
51355068
51355121
51355330
51356129
51358173
51358379
51359023
51359444
51361533
51361650
51362281
51362770
51363891
51364489
51364639
51367949
51368346
51369075
51372134
51374196
51376074
51377017
51377152
51378412
51378431
51378678
51379744
51380436
51381143
51384197
51385847
51386002
51386266
51386814
51387450
51387768
51388703
51390542
51391260
51392760
51393845
51395031
51396315
51397551
51398100
51398211
51399349
51401330
51401477
51401677
51402634
51407440
51407783
51408730
51408743
51409478
51410126
51411224
51411313
51411543
51413427
51414361
51414457
51414775
51414988
51415291
51415639
51415792
51417573
51418122
51418159
51418688
51418720
51418945
51422471
51423984
51427497
51427803
51429917
51430193
51430248
51430690
51431032
51431167
51433538
51434502
51434597
51436901
51437243
51439264
51440401
51441320
51441896
51443234
51443258
51445893
51447859
51448173
51448256
51448694
51448991
51449796
51452109
51452592
51452687
51452825
51455426
51456750
51459064
51459678
51460042
51461538
51465683
51466264
51468527
51468716
51469967
51470906
51471131
51471888
51472256
51476077
51478837
51479193
51479273
51481615
51482483
51482947
51484043
51484985
51485853
51485872
51489039
51489930
51491181
51492407
51493377
51494021
51500349
51500505
51500679
51501427
51501475
51501896
51502478
51503382
51503459
51504761
51505306
51505711
51506760
51508376
51511246
51514515
51514973
51516496
51517012
51517329
51517476
51517501
51518966
51523230
51524226
51524781
51525016
51525540
51526329
51528873
51529691
51529903
51530044
51530317
51530528
51531052
51532114
51532773
51532911
51534044
51534222
51536249
51536717
51537142
51538068
51538303
51538339
51538929
51539357
51539454
51542588
51542860
51543109
51543890
51544296
51544630
51545284
51546232
51547258
51548537
51548700
51550809
51551334
51552098
51552649
51552836
51552873
51556281
51557473
51558846
51559337
51559717
51559796
51561575
51562678
51562789
51562837
51562938
51563318
51563851
51564119
51565254
51566086
51567040
51568705
51568943
51569499
51570031
51572981
51575068
51576393
51576479
51578597
51579960
51583363
51584555
51584839
51586279
51586294
51586351
51587851
51588477
51588906
51590666
51593818
51594165
51595935
51596498
51596916
51597821
51598472
51598767
51598902
51599700
51600243
51601247
51602800
51602986
51603116
51603147
51603280
51603430
51603883
51604364
51604447
51605243
51605335
51606933
51607457
51607984
51608757
51610637
51614984
51616675
51617590
51617675
51617979
51618388
51618794
51619059
51619094
51619474
51620036
51623796
51626091
51626882
51628545
51628627
51628861
51630074
51632246
51632653
51635535
51637158
51637605
51639439
51639804
51640573
51640743
51642540
51642594
51643194
51644447
51644512
51644555
51645477
51646589
51646699
51646980
51647033
51647453
51647782
51647977
51649756
51650472
51650815
51651007
51651493
51652038
51653627
51654839
51655727
51655770
51655909
51655958
51657265
51657366
51657510
51657620
51657895
51659693
51660590
51660649
51661379
51661577
51661729
51663241
51664056
51664057
51665474
51666583
51667458
51667483
51668735
51670311
51670750
51673108
51673279
51673999
51675284
51675533
51676160
51677853
51678533
51678540
51679484
51679724
51680358
51680611
51681244
51681533
51681710
51681908
51683321
51685932
51686786
51690832
51696348
51697458
51697915
51698488
51698636
51698942
51700055
51701608
51701894
51702742
51702813
51705455
51705758
51706059
51706703
51708837
51709537
51710231
51711055
51713091
51715208
51716183
51716930
51718263
51718540
51719505
51719617
51720072
51720348
51721722
51722494
51722751
51722970
51723054
51723891
51724193
51724632
51724842
51725238
51725818
51729163
51729362
51734706
51735818
51737376
51737402
51737560
51738093
51739804
51740576
51741869
51741901
51742505
51744408
51744677
51744941
51745942
51746772
51747394
51748416
51749546
51749943
51751100
51752356
51753132
51754540
51756938
51758879
51759306
51760045
51760093
51761259
51761995
51762834
51763061
51765186
51765544
51767398
51768729
51768872
51769856
51769923
51770098
51772428
51773731
51773993
51775493
51775882
51777402
51782687
51783989
51784641
51785761
51785804
51786412
51786985
51790520
51790908
51791095
51791391
51791524
51792685
51793831
51795004
51796879
51797180
51799273
51799347
51799392
51799600
51799965
51804106
51805299
51807582
51808983
51812041
51815391
51816909
51818194
51818612
51820639
51821324
51822188
51823078
51823158
51823259
51823655
51824273
51827613
51828701
51829701
51829865
51830280
51830338
51830969
51830999
51831087
51834063
51834221
51835328
51835748
51839427
51839718
51840367
51840784
51842438
51845268
51845501
51845608
51845773
51846177
51846838
51849384
51850636
51851449
51851507
51852237
51853027
51853517
51854861
51856982
51857193
51858451
51859315
51860648
51860700
51861831
51863080
51863193
51863719
51864300
51866272
51867968
51870271
51878045
51878096
51878269
51879460
51880135
51882368
51882781
51883769
51883966
51885171
51886591
51886938
51888097
51888236
51888758
51889106
51889216
51890318
51890458
51891599
51892410
51892950
51894485
51894582
51896026
51896522
51897317
51901085
51902437
51903356
51903399
51904287
51905041
51905894
51906771
51907374
51908845
51908944
51909143
51911006
51914077
51916238
51917499
51918178
51918559
51920550
51920852
51921338
51923115
51923119
51924279
51925466
51926331
51926405
51926784
51927461
51927606
51928215
51928966
51929058
51929252
51929332
51929340
51935044
51935763
51935886
51936075
51937436
51937771
51940566
51940666
51943118
51944504
51945598
51946640
51947267
51947290
51948235
51950919
51951154
51952261
51954740
51955598
51956191
51956285
51956500
51958297
51958720
51959009
51959155
51965156
51966322
51967417
51968105
51968344
51968830
51969589
51969663
51969848
51970072
51970490
51970557
51973818
51974799
51974812
51975277
51976342
51979251
51979681
51979734
51980019
51981352
51983019
51983909
51986168
51986593
51987708
51990014
51990796
51991753
51992603
51993382
51995300
51995659
51996102
51996292
51996696
51998170
51998700
51999551
51999595
52001975
52002811
52002828
52002935
52004039
52004389
52006364
52007451
52007481
52007482
52008140
52008884
52009259
52010235
52010618
52011477
52011959
52012019
52012760
52013009
52013029
52013157
52013608
52014645
52016704
52017716
52019290
52021209
52022422
52022595
52023375
52023469
52025032
52025775
52027391
52027669
52028219
52029308
52030263
52030584
52033611
52034833
52035882
52035978
52036138
52036767
52037060
52037532
52038466
52039343
52041356
52042563
52042756
52046108
52046428
52048592
52049575
52051034
52052210
52054028
52054365
52056495
52057357
52059020
52059050
52059096
52060463
52061217
52062562
52063088
52063146
52063620
52064902
52066045
52066056
52067012
52067464
52067880
52069313
52070271
52071719
52072142
52076839
52077671
52077771
52079201
52079695
52080402
52080854
52085048
52085592
52087817
52088494
52088975
52089786
52091317
52091796
52092026
52092147
52093145
52093474
52094564
52095363
52096010
52098293
52098698
52098907
52099344
52100383
52101869
52101937
52102936
52103937
52104433
52106234
52106408
52106693
52107433
52109351
52109759
52111008
52111591
52112332
52112416
52113373
52113377
52114253
52115368
52116334
52116494
52117276
52117623
52118570
52120473
52120729
52122376
52122549
52123773
52124792
52124997
52125828
52125840
52127500
52127652
52129520
52129781
52130911
52131030
52132081
52132722
52132821
52133188
52135687
52135917
52137114
52138215
52138657
52139697
52142685
52143240
52143976
52144567
52144644
52144715
52144942
52148427
52150268
52151831
52152370
52153213
52154482
52155724
52156850
52157064
52157137
52158546
52159818
52161583
52162278
52163068
52163160
52164109
52164584
52165042
52165332
52165498
52167683
52167903
52170206
52173273
52175696
52178733
52179495
52180303
52180659
52180682
52182891
52183535
52183668
52184230
52184259
52185014
52187878
52188655
52189103
52189217
52189329
52190005
52190033
52190363
52190891
52191530
52192108
52192839
52193136
52193231
52193650
52193731
52194039
52194401
52195484
52196017
52198842
52200114
52201134
52201776
52202191
52202645
52205029
52205690
52206651
52207779
52208982
52209498
52209631
52209742
52211236
52213041
52214255
52215065
52215999
52217558
52218027
52218316
52218855
52218908
52218930
52218934
52219432
52220558
52220968
52221017
52221499
52222696
52222770
52224611
52226408
52227199
52229213
52229654
52231715
52231718
52233161
52235749
52236048
52237400
52238018
52239020
52242110
52242988
52245119
52245296
52245891
52246492
52247781
52248036
52249121
52249572
52250075
52251334
52253532
52256247
52256420
52258051
52258608
52258905
52260517
52261175
52261379
52262124
52262529
52262983
52263332
52264845
52267053
52268329
52268428
52269576
52270113
52272894
52273245
52274120
52274214
52274692
52275341
52275719
52275832
52275935
52278055
52278943
52279136
52282117
52282473
52284317
52285733
52286079
52286197
52286305
52286700
52287775
52287975
52288069
52289760
52290043
52292747
52292810
52294176
52295174
52295775
52302462
52302797
52305779
52306833
52307771
52307777
52308070
52308423
52308735
52310070
52310316
52310853
52311515
52312187
52314365
52314659
52315866
52316192
52317386
52317751
52318470
52319114
52321674
52322352
52322360
52323514
52324272
52324453
52325104
52326080
52326451
52327411
52328115
52328736
52328876
52328922
52329198
52331405
52333608
52335091
52335652
52335802
52336062
52336123
52336313
52336574
52336822
52337148
52337867
52338292
52338563
52339589
52342586
52343121
52343340
52343397
52344046
52345548
52347832
52348398
52350620
52350736
52351383
52352009
52353135
52353371
52354090
52354374
52356553
52358969
52360117
52364176
52364230
52364936
52365641
52367678
52368002
52368199
52368332
52368350
52369622
52370639
52370955
52371027
52371294
52375381
52375741
52378052
52380105
52380683
52382091
52382269
52385285
52385593
52390577
52390820
52391012
52391383
52391493
52393373
52394388
52394739
52395160
52395415
52395558
52398764
52398803
52399178
52400142
52400170
52400732
52401521
52402145
52402189
52402501
52403388
52404345
52405728
52405812
52408380
52408680
52408835
52409195
52409366
52409851
52409862
52411510
52414294
52414485
52414726
52414915
52415421
52416641
52418887
52421573
52421588
52422607
52423804
52424067
52424760
52425387
52426325
52427912
52428709
52428865
52430296
52430390
52430988
52435239
52436517
52436997
52437549
52437808
52439278
52439689
52440176
52440731
52443094
52443742
52443962
52443998
52444122
52444214
52444653
52445004
52445055
52446135
52446166
52447647
52449097
52449730
52450460
52450843
52451159
52451520
52452316
52453306
52454278
52455850
52457202
52457569
52457729
52458119
52458736
52458932
52460899
52463815
52464180
52466791
52467111
52467116
52468705
52468894
52471809
52472632
52473258
52473335
52474076
52474261
52474976
52475664
52476756
52477183
52477786
52478133
52479024
52479086
52479606
52479633
52480173
52481157
52482651
52482924
52483644
52484975
52486615
52487600
52489897
52489904
52490143
52491110
52491260
52491448
52491677
52491866
52493261
52493989
52495636
52495761
52496358
52497139
52499010
52499542
52499769
52499770
52501008
52503681
52504528
52505473
52506916
52507347
52508472
52508567
52508709
52510829
52511111
52511584
52514007
52514232
52518269
52518275
52519077
52519713
52520332
52520989
52523240
52523472
52523870
52524375
52526204
52527026
52527771
52527814
52529918
52530781
52530853
52533835
52534832
52535773
52536177
52536179
52537369
52537781
52539857
52540215
52543403
52543522
52546360
52546836
52547554
52548059
52548420
52549676
52551119
52554706
52558020
52558707
52559164
52559853
52560511
52563413
52563720
52564457
52564632
52565531
52568244
52569938
52570183
52572538
52574229
52576813
52576952
52577566
52578474
52578740
52579931
52579971
52580031
52580810
52581326
52581602
52584867
52585179
52586052
52587561
52587653
52588435
52592989
52594409
52596701
52597322
52597519
52597544
52598233
52599547
52601013
52601689
52602177
52603677
52604769
52605393
52607658
52607710
52608499
52610696
52611284
52614983
52615437
52615831
52616456
52616582
52617016
52617417
52618600
52622174
52622836
52623673
52624055
52627006
52627379
52628267
52628297
52631060
52631260
52632484
52633171
52634879
52635739
52636027
52636575
52636618
52637098
52638715
52640824
52641542
52641718
52643935
52644474
52647157
52647572
52647788
52650956
52651319
52651678
52652401
52652772
52653075
52653861
52654484
52654955
52655906
52656898
52657439
52657892
52659166
52659723
52660529
52661782
52662382
52663428
52667118
52668504
52668823
52669508
52669959
52670111
52670144
52672150
52675190
52675444
52676442
52677239
52678062
52678885
52679863
52680025
52680236
52686364
52686778
52687851
52687979
52688118
52688974
52689453
52691474
52692263
52697974
52698234
52698503
52698695
52700505
52701842
52703331
52704135
52705426
52706682
52707402
52707754
52713087
52714953
52715690
52716066
52719526
52720160
52720687
52722384
52723273
52723649
52724203
52724691
52725224
52726815
52726977
52728812
52730254
52731058
52731823
52732189
52732302
52732347
52732451
52733451
52733674
52733960
52734442
52735979
52736654
52736741
52737972
52738391
52738860
52740167
52740982
52741214
52741471
52741841
52741905
52744287
52745476
52745503
52745872
52747671
52751253
52751288
52751378
52751410
52752468
52752683
52755319
52755436
52756380
52756521
52758434
52758510
52758546
52764444
52767017
52767226
52768618
52770807
52770835
52771060
52771767
52772318
52773857
52774253
52774608
52779104
52780072
52780310
52780352
52780673
52780947
52781957
52783304
52783449
52783551
52783841
52785317
52785762
52786045
52787346
52788191
52788622
52789827
52789874
52790213
52791055
52791522
52792444
52793793
52794020
52794229
52794422
52795451
52795616
52797325
52799150
52800378
52800537
52801229
52801383
52805153
52807935
52808558
52808668
52809504
52810773
52811125
52812300
52813894
52815052
52815737
52817398
52818492
52820340
52820575
52820887
52821563
52822526
52823933
52824822
52825914
52830211
52830980
52831328
52834161
52834999
52835135
52835646
52836483
52839225
52840139
52842605
52843444
52843719
52843790
52846649
52847086
52847572
52848248
52848595
52849311
52849317
52850260
52851060
52851244
52852261
52854477
52855703
52855838
52856504
52856999
52857040
52860739
52861700
52862467
52863745
52863960
52864878
52865282
52867069
52867734
52868567
52868860
52868861
52869451
52870006
52870475
52871125
52872219
52874708
52880140
52881948
52884503
52886682
52887571
52888132
52888348
52890778
52891462
52892181
52892750
52894626
52897118
52898301
52899324
52899438
52900345
52900471
52901528
52901560
52902012
52902765
52904575
52906603
52908270
52909020
52914143
52914246
52917340
52917798
52919451
52920955
52921286
52923987
52924755
52925057
52925815
52928192
52928934
52929471
52929779
52930625
52931974
52932299
52933653
52935392
52935936
52937301
52938021
52938641
52939127
52939445
52943896
52944949
52945854
52946827
52947179
52948689
52951530
52953021
52953249
52953371
52953728
52955068
52957459
52957949
52958045
52958901
52958959
52960019
52962477
52963261
52963758
52964841
52966186
52966595
52968985
52969681
52969797
52970101
52970656
52971145
52971438
52973564
52974395
52974836
52975309
52976745
52978256
52978421
52980104
52982698
52982727
52983835
52986806
52986889
52986971
52987154
52989126
52989744
52990451
52990697
52990847
52993120
52997246
53000670
53001598
53002941
53003418
53006139
53006691
53007123
53007448
53007487
53009975
53010703
53011652
53012172
53013046
53015631
53015826
53016030
53018273
53019640
53019962
53021563
53021643
53024090
53024581
53025581
53025757
53026794
53027777
53027800
53028163
53028461
53029194
53029666
53031090
53031203
53031529
53032071
53033749
53033833
53034012
53034260
53034664
53035211
53037683
53038144
53038447
53039291
53041305
53041559
53044465
53045568
53045827
53046972
53048394
53050538
53050675
53051082
53051354
53051946
53052213
53052685
53053503
53053546
53055148
53056925
53057930
53058791
53064163
53067163
53067531
53068963
53069304
53071247
53072911
53072931
53073432
53074069
53076788
53077115
53078200
53078526
53078880
53079040
53082648
53085188
53086054
53086227
53086639
53088171
53088433
53088866
53091156
53094168
53094995
53095937
53096404
53097294
53097447
53098035
53098323
53099432
53100814
53101260
53102334
53104283
53104624
53105535
53108415
53108878
53113887
53116625
53117423
53118769
53118906
53121189
53121477
53122402
53124147
53124178
53124490
53124525
53124555
53124629
53124684
53125089
53127076
53127177
53127944
53130838
53133159
53134557
53135188
53136530
53136795
53139958
53139985
53140250
53141670
53142814
53143336
53143700
53148619
53148900
53149397
53149514
53149823
53150177
53150482
53150566
53152169
53152451
53152639
53154202
53155467
53156840
53157055
53157438
53161086
53161787
53162693
53164331
53166671
53167381
53167400
53167996
53172340
53172405
53173514
53174284
53177575
53179019
53179088
53180637
53181904
53182430
53182758
53182841
53182855
53183031
53183111
53183240
53186019
53191556
53191967
53192069
53192552
53193099
53194290
53194565
53195723
53196064
53196234
53196481
53197220
53198173
53198276
53198642
53199848
53201123
53201789
53202657
53203210
53203274
53207360
53207566
53208173
53208527
53210317
53210541
53210593
53211049
53211150
53214873
53216038
53216172
53217173
53218259
53218974
53220529
53220644
53220893
53220909
53221345
53222560
53223875
53223998
53225039
53225922
53226396
53227723
53229559
53229862
53230861
53234201
53235053
53236763
53237361
53238057
53240727
53244581
53245195
53245529
53245660
53246783
53247955
53248830
53249404
53249739
53251788
53252304
53252708
53253295
53253760
53254814
53255195
53255602
53256948
53258955
53260244
53261056
53261954
53262545
53262557
53263740
53264631
53265725
53265752
53266458
53269224
53269327
53270351
53270354
53270536
53271125
53271337
53271647
53272608
53273710
53274774
53276690
53277039
53278715
53279205
53279797
53281344
53281741
53281778
53283208
53283709
53284476
53284724
53286118
53286737
53286803
53290222
53290304
53290556
53293282
53293732
53293740
53293861
53293990
53294489
53294812
53295450
53296593
53296865
53297325
53298670
53299716
53302094
53302112
53303079
53304058
53304911
53307664
53308031
53308339
53308797
53311538
53312746
53313041
53314406
53314561
53316671
53317182
53318377
53319168
53319462
53320996
53321871
53323778
53324328
53324810
53325210
53325724
53326235
53326893
53329851
53331228
53332084
53334404
53335632
53339089
53339265
53339667
53340366
53341963
53342304
53342582
53345392
53345542
53347164
53349122
53349308
53350155
53350270
53350718
53352256
53352338
53354321
53354936
53355943
53355970
53356715
53356772
53358890
53359331
53359344
53359795
53360110
53360594
53362652
53363684
53365675
53367409
53369699
53370240
53371598
53373687
53373950
53377272
53377591
53378193
53379605
53379882
53380520
53381021
53381646
53384259
53386119
53386615
53387741
53389592
53392039
53392351
53392853
53393716
53394315
53394430
53394721
53395587
53395880
53396121
53396577
53396744
53396769
53399815
53400396
53400889
53401001
53401206
53401529
53401976
53402482
53403040
53404642
53404755
53405043
53407849
53408287
53409319
53410013
53410254
53411802
53413763
53413934
53414658
53414794
53415051
53415093
53415303
53417728
53417821
53417953
53418120
53418652
53420415
53420935
53423225
53424009
53424797
53426682
53429285
53429311
53430642
53432510
53433094
53435899
53436070
53436653
53436961
53437031
53437398
53437908
53437980
53438674
53439478
53439886
53440075
53440127
53442916
53446108
53447665
53447798
53448243
53448727
53449230
53449779
53450208
53450403
53450811
53451271
53451468
53458116
53458386
53458891
53459816
53460926
53461642
53462637
53465476
53465753
53466649
53466799
53466917
53467481
53468541
53468955
53471904
53472598
53472897
53473790
53475800
53476100
53476425
53476495
53481086
53481198
53481505
53481919
53481951
53482064
53482768
53483546
53483692
53484586
53486022
53486656
53487395
53489393
53490927
53493483
53494344
53497293
53498334
53498338
53498387
53498812
53500237
53502363
53504332
53504799
53505120
53508312
53508647
53508666
53509310
53509768
53509858
53511584
53511633
53514837
53515504
53516569
53516659
53518621
53520789
53523596
53524319
53524513
53527492
53529014
53529154
53529606
53533139
53533555
53533881
53537178
53537509
53538936
53539496
53540735
53540758
53541768
53543254
53543563
53544234
53544468
53545818
53546009
53548272
53549773
53550215
53550233
53551839
53553095
53555221
53556412
53558890
53560464
53562697
53563256
53563725
53565027
53566423
53566592
53567083
53567431
53567525
53567717
53568120
53568546
53568688
53569273
53569894
53570579
53571581
53572753
53573878
53575423
53576791
53577935
53578549
53582355
53582893
53583459
53584059
53584671
53584896
53584976
53586934
53588254
53588413
53590510
53591574
53592573
53592654
53592665
53592869
53592929
53594514
53597191
53597632
53598533
53598601
53598753
53600694
53601195
53602031
53602194
53603995
53604794
53605819
53606628
53606786
53607320
53609010
53610121
53610511
53611078
53611082
53611988
53613914
53619269
53619787
53619815
53620158
53626772
53635092
53635419
53635635
53635663
53635785
53638216
53640499
53640812
53642615
53642721
53643924
53644191
53647995
53648445
53648754
53650205
53650558
53650832
53650974
53651620
53653415
53653782
53655030
53655167
53655557
53656283
53657248
53657999
53660012
53660271
53660910
53661335
53662562
53667053
53668790
53670451
53670923
53671462
53671712
53671813
53673036
53673242
53675874
53675938
53678197
53679326
53679416
53681551
53682318
53682591
53683635
53684540
53687401
53687857
53689859
53689924
53690013
53690535
53693625
53694382
53694387
53695060
53695427
53695915
53697444
53698183
53699959
53701561
53703403
53704612
53705619
53708250
53709134
53709262
53710878
53711215
53712506
53714074
53714593
53715388
53715459
53715764
53715916
53716109
53717874
53718401
53718703
53719991
53720043
53720221
53720332
53720675
53721182
53721448
53721952
53724381
53724544
53728027
53728348
53728476
53728888
53729043
53730410
53730676
53731567
53731869
53733032
53733308
53733803
53734014
53735590
53737727
53738475
53738922
53739296
53741103
53742264
53746280
53747109
53747464
53747791
53748388
53748842
53748955
53751321
53752009
53754757
53760792
53760927
53761226
53762236
53762280
53762374
53763410
53765155
53765180
53765189
53766628
53767131
53768384
53768735
53769608
53769921
53770294
53770881
53773543
53773579
53773642
53774344
53775923
53775960
53776690
53777234
53778194
53781664
53781826
53782042
53782253
53782563
53784754
53786125
53786357
53787771
53787880
53790137
53791255
53791447
53792086
53792364
53793392
53794151
53795149
53796351
53796442
53796676
53798927
53799538
53801036
53801743
53802028
53802997
53803762
53803955
53804242
53805725
53806099
53806106
53806725
53806952
53807671
53808966
53809725
53811222
53812640
53813150
53813163
53813689
53814070
53814990
53817759
53823678
53825117
53825487
53825994
53826716
53827241
53828517
53831412
53833750
53833929
53835402
53836617
53836662
53836946
53839504
53841648
53841858
53842604
53843426
53844170
53844312
53844378
53852145
53852476
53852997
53853746
53856873
53857307
53857905
53858626
53859314
53859392
53859530
53860348
53860585
53860725
53861860
53863225
53864375
53865025
53865194
53865433
53866396
53866926
53868500
53868567
53870443
53871622
53871679
53871859
53871990
53872285
53872325
53873262
53877390
53877586
53877702
53878721
53880369
53880436
53880917
53881516
53882171
53883262
53883504
53883831
53883863
53884756
53885207
53886874
53887544
53888440
53890670
53890850
53891165
53892324
53893696
53894453
53895831
53896091
53897082
53898807
53900394
53903554
53903644
53904155
53905772
53905855
53908666
53908718
53908997
53910218
53912988
53913744
53913910
53915716
53916091
53917932
53918377
53918617
53918832
53925890
53927336
53927746
53928057
53928396
53929252
53929804
53929902
53931151
53932674
53932978
53933059
53933262
53934190
53934737
53935119
53935391
53935610
53935728
53937534
53937850
53937995
53938948
53940074
53940820
53941303
53942184
53942479
53945179
53947088
53949308
53949988
53950577
53950849
53954303
53955034
53955602
53955904
53956682
53956982
53957036
53957948
53958587
53959067
53959197
53963175
53963968
53964125
53964216
53964665
53967665
53969089
53970081
53970447
53971244
53972770
53973235
53973416
53974248
53975220
53976170
53978436
53979769
53981512
53983101
53983945
53984424
53984612
53984939
53985483
53986524
53987604
53989064
53989283
53989428
53991141
53992760
53994084
53994788
53995297
53995301
53995555
53995920
53998106
53998141
53998305
54000767
54001631
54003319
54004006
54006123
54008708
54009219
54009265
54011718
54012161
54012371
54012399
54012846
54013039
54013875
54014743
54016050
54016186
54016726
54017185
54020921
54021354
54022294
54023212
54023778
54024116
54026991
54027629
54028412
54028935
54032455
54033353
54033922
54035208
54035616
54038913
54040872
54041291
54041715
54042937
54043528
54044021
54044075
54047304
54047337
54048046
54048419
54048729
54048981
54050272
54052692
54053569
54054811
54056184
54056687
54060403
54064021
54064349
54064636
54064894
54066476
54068961
54069715
54070119
54070291
54070299
54070952
54072891
54073405
54075085
54076376
54076401
54077384
54078145
54078924
54078961
54080098
54080785
54081453
54081976
54082427
54082502
54082778
54083803
54085226
54086249
54086804
54087544
54087642
54088669
54089853
54093377
54094834
54096868
54100881
54103456
54104256
54105718
54106023
54108227
54108983
54110043
54112173
54112975
54115926
54117511
54119051
54119168
54119306
54120548
54120743
54120903
54122182
54122217
54122704
54123171
54123845
54124001
54125698
54125762
54126308
54126880
54126921
54127041
54127215
54127552
54128162
54129615
54130352
54130831
54131872
54132141
54132288
54133590
54135292
54137958
54139112
54139232
54140124
54141437
54141445
54142310
54142556
54144961
54145049
54145722
54146628
54147695
54148754
54148782
54150132
54151667
54152948
54153203
54153456
54155199
54156562
54158384
54158939
54161372
54161408
54162221
54164155
54164273
54164841
54168439
54169453
54170999
54171337
54176956
54177174
54177562
54177944
54178854
54178925
54181318
54183568
54183721
54184143
54185284
54185675
54185820
54189484
54190989
54192422
54193609
54193837
54194035
54194513
54196147
54197839
54198613
54199109
54200901
54202047
54202290
54204836
54205741
54207212
54207810
54210040
54210333
54212054
54212251
54213766
54215650
54215919
54216352
54218119
54218886
54219394
54219661
54220223
54220728
54223156
54224809
54225586
54226155
54227365
54227531
54227754
54229961
54231161
54231470
54234848
54236157
54237172
54239540
54241700
54243573
54243868
54245326
54246221
54247457
54247608
54247866
54248213
54250458
54250582
54250594
54251790
54252439
54252448
54253283
54253550
54255917
54256762
54257469
54258765
54259289
54261234
54261526
54262105
54262173
54262734
54262755
54266464
54266882
54268870
54269287
54269381
54269700
54274455
54275240
54275438
54276605
54276918
54277800
54278008
54278261
54280598
54280720
54281244
54282556
54283500
54284094
54284789
54286033
54286177
54287520
54289660
54290781
54291333
54291836
54293820
54293834
54294032
54294421
54294783
54295203
54296700
54297985
54298487
54298766
54299043
54299304
54299436
54302599
54302648
54302933
54303404
54304344
54304458
54304612
54304950
54306604
54309470
54312766
54313106
54313362
54313762
54316832
54316855
54318314
54318477
54319134
54321288
54321491
54323256
54325643
54326112
54326162
54326753
54327674
54329495
54330590
54331127
54333783
54333873
54334037
54334314
54336432
54339067
54339565
54340297
54340604
54341068
54341443
54341940
54342573
54342712
54344900
54346815
54347747
54348396
54349413
54351228
54356439
54357442
54358801
54358942
54359652
54360142
54361585
54361854
54362516
54362971
54364546
54366290
54367319
54367371
54367447
54369546
54370473
54370744
54371584
54371908
54371912
54373954
54374802
54376227
54378528
54378553
54381639
54381967
54382674
54382788
54383490
54384837
54386291
54386957
54387848
54387862
54388397
54388464
54389081
54391205
54391752
54392595
54393229
54393234
54395532
54395717
54396768
54400820
54402540
54403562
54406548
54407372
54408318
54409640
54410410
54411846
54414096
54414716
54418004
54418390
54418707
54419425
54419575
54419851
54421457
54421487
54422974
54423996
54424725
54425247
54426343
54427645
54430126
54430519
54430657
54431323
54436512
54437048
54439556
54441452
54442482
54442947
54442987
54446341
54446969
54447074
54447687
54447809
54450250
54450784
54450884
54450900
54451100
54452182
54452866
54454112
54454230
54456830
54459350
54459588
54459981
54461207
54462779
54464311
54464528
54464708
54467002
54467219
54467710
54467723
54467889
54471123
54471218
54471448
54471544
54473983
54474404
54474448
54474871
54475620
54477927
54478604
54481255
54482291
54483235
54484109
54484376
54485001
54486779
54488066
54488780
54490175
54490712
54490879
54491282
54494252
54495287
54496076
54496780
54497800
54498076
54498623
54499917
54500533
54501157
54501425
54502486
54503164
54504816
54504899
54505900
54506267
54506392
54506494
54508165
54508486
54508531
54508893
54510224
54510831
54510880
54511783
54511793
54515686
54515780
54516413
54518407
54520569
54520614
54521433
54522034
54522336
54522557
54523392
54523874
54524124
54526122
54527181
54528354
54530198
54530213
54530300
54530698
54530866
54530952
54531069
54531161
54531164
54531314
54532784
54534304
54536660
54536785
54536887
54538417
54538931
54539646
54542263
54543049
54543706
54544194
54544234
54544291
54544411
54544434
54544939
54546380
54546398
54547971
54548752
54549859
54550003
54550373
54551046
54551201
54552059
54552292
54554819
54555728
54556270
54558481
54561191
54561490
54561970
54562184
54563778
54564107
54564323
54565700
54567575
54568559
54569208
54569904
54570141
54572829
54574223
54575354
54577083
54577800
54577819
54579226
54581744
54582718
54583262
54586336
54587161
54587643
54588986
54590632
54591401
54592513
54595096
54595662
54596715
54597014
54597257
54599235
54599521
54604273
54605505
54606840
54608714
54609285
54609682
54609754
54609958
54612684
54614193
54616541
54618112
54620841
54621853
54622800
54623978
54624669
54626045
54626097
54626836
54627111
54627175
54627534
54628459
54631351
54633018
54633763
54634663
54634979
54635459
54635982
54636823
54636878
54637575
54637585
54639795
54641736
54642413
54643010
54643199
54644684
54644729
54645674
54646168
54647366
54647700
54647821
54648134
54648873
54649280
54649480
54651149
54651828
54652792
54653122
54653767
54653981
54655712
54656395
54657165
54657758
54659370
54659891
54660050
54662098
54662464
54662975
54663717
54664065
54664494
54665076
54666503
54667195
54669019
54670416
54671199
54671752
54673617
54676079
54677550
54678147
54679246
54679723
54680466
54680784
54681948
54682441
54683921
54686366
54687986
54689300
54689982
54689989
54691115
54692890
54694810
54694937
54694997
54695425
54696305
54698390
54700049
54700575
54700635
54701384
54702212
54702301
54703681
54704189
54705566
54707061
54708566
54708663
54709401
54709486
54710973
54711410
54711507
54711545
54712081
54712388
54712498
54712677
54713029
54714435
54716293
54716474
54717654
54721272
54722032
54723538
54723737
54724159
54725864
54726521
54727631
54728524
54729660
54731709
54732787
54733776
54733982
54734018
54736344
54736553
54736922
54737413
54737449
54739517
54739920
54740331
54741383
54742774
54743441
54745091
54745378
54746059
54747242
54748819
54752059
54752989
54753508
54757591
54758479
54759583
54760147
54760439
54760624
54760864
54761738
54763549
54764506
54765439
54765807
54765985
54766670
54766762
54769109
54769228
54770806
54772502
54772783
54774501
54776386
54777345
54779294
54779503
54779896
54781914
54783112
54784195
54785183
54785270
54786586
54786956
54788762
54788919
54788966
54791659
54792305
54793270
54794796
54794874
54795619
54799244
54799954
54800542
54801588
54802865
54804543
54806181
54806853
54807551
54807553
54808061
54808145
54808261
54809510
54811239
54812923
54813017
54813568
54813718
54814320
54814507
54814630
54817178
54817721
54817898
54824146
54824178
54824544
54826758
54826861
54828269
54828316
54828718
54829712
54830114
54830300
54831176
54831765
54831842
54832587
54833497
54834475
54834968
54837232
54839082
54839596
54839756
54839908
54840518
54842108
54842825
54844029
54844178
54845385
54847632
54848745
54849509
54850495
54852840
54853689
54855245
54860958
54860983
54861465
54862045
54862961
54863092
54863403
54863915
54863972
54864099
54864149
54864887
54864895
54866081
54866540
54866559
54866566
54867187
54867296
54868237
54871233
54873493
54874257
54874638
54875431
54875568
54875839
54875946
54877191
54877536
54878236
54879062
54881400
54881564
54886627
54888712
54889783
54891734
54893678
54894686
54895832
54896226
54899510
54900054
54900439
54900578
54903053
54903122
54904534
54907955
54908412
54909646
54909746
54913082
54913597
54914054
54914197
54917268
54917470
54918951
54920799
54922019
54922351
54922827
54923338
54923674
54924440
54925616
54925681
54926763
54928808
54929253
54930706
54931310
54932527
54932613
54932869
54933188
54934428
54935222
54936566
54937582
54939279
54941207
54941859
54942990
54943231
54944172
54946194
54947756
54949523
54952084
54952272
54953237
54954270
54955980
54956364
54956627
54956876
54957378
54962068
54962688
54962725
54963119
54963125
54964040
54966819
54967730
54972840
54974173
54974875
54975413
54977620
54979383
54980634
54983559
54986304
54987632
54990693
54991901
54993351
54994510
54995492
54995923
54996550
54996637
54997294
54997405
54998006
55000947
55002643
55003032
55003534
55003799
55003974
55004419
55005289
55006761
55007178
55008578
55009042
55010316
55010346
55010375
55011424
55011443
55013238
55014398
55015092
55017100
55018243
55019090
55019151
55019311
55021313
55021554
55022396
55026370
55026398
55027980
55029002
55029330
55030442
55034115
55035217
55038927
55039280
55040061
55040907
55042162
55042953
55043729
55044235
55044458
55049129
55049584
55051176
55051235
55051685
55053446
55053892
55055720
55057429
55057578
55057731
55058585
55062021
55063980
55064200
55065698
55067681
55068702
55069195
55070989
55071226
55071708
55072076
55072766
55074087
55077381
55078472
55079123
55079671
55079923
55081185
55082683
55083008
55085450
55087630
55088101
55091049
55092843
55093650
55098084
55098261
55098703
55099159
55100031
55101088
55101545
55102031
55102361
55102366
55103103
55105128
55106866
55106991
55108345
55110751
55112422
55117029
55117946
55118303
55119183
55124165
55125453
55125778
55126041
55126177
55127108
55127609
55127958
55128847
55130817
55132193
55132577
55133300
55133402
55133817
55134573
55135245
55135274
55135987
55137382
55137801
55137949
55139132
55139902
55141186
55141717
55142208
55142594
55143545
55144509
55144861
55147054
55148305
55148347
55148727
55149958
55151310
55151578
55153035
55153197
55154377
55154850
55157243
55158740
55158849
55160292
55160876
55162610
55163300
55163746
55165017
55166830
55167096
55168159
55169879
55169968
55171529
55173320
55173346
55173504
55173663
55175143
55175694
55176483
55177213
55177341
55177982
55178770
55179030
55179104
55180142
55180510
55180948
55181235
55181600
55184637
55185265
55186005
55187126
55188874
55189205
55189596
55189810
55189957
55190671
55191972
55192060
55193808
55194074
55194233
55194831
55195921
55196875
55197052
55197277
55197863
55198638
55200007
55200819
55201022
55201639
55202373
55202886
55206861
55207272
55208920
55210830
55211598
55211852
55212818
55213235
55213717
55215711
55221047
55221804
55225856
55226257
55227412
55228664
55229135
55229224
55229774
55230180
55231855
55233612
55235862
55236368
55239160
55241287
55242115
55242926
55243509
55245190
55245223
55246410
55247109
55250068
55250204
55251338
55251547
55252909
55254373
55256328
55256621
55256920
55258473
55258766
55259205
55260181
55261046
55262142
55262252
55262582
55265613
55265685
55266445
55267877
55268742
55270148
55271020
55272067
55276371
55277579
55278723
55278789
55279350
55280738
55283939
55284136
55285931
55286296
55287008
55287289
55287749
55288255
55288510
55288944
55289687
55291454
55292979
55294333
55296219
55296657
55296966
55298095
55298473
55299543
55300175
55301707
55301908
55302565
55303620
55303799
55304231
55304399
55304649
55304811
55306850
55306962
55312224
55312991
55313521
55314483
55315105
55315587
55317019
55320330
55322939
55325058
55325710
55326443
55327385
55327654
55327684
55330810
55331611
55333251
55333444
55333846
55335261
55335551
55335804
55337219
55338168
55338281
55340518
55341132
55343143
55343491
55343779
55343852
55346005
55346040
55347941
55348591
55349088
55349802
55350347
55352538
55353136
55353456
55353960
55354646
55354876
55356542
55358496
55358948
55359240
55359471
55365410
55366215
55371899
55373268
55374574
55375607
55376984
55377078
55377624
55378558
55380076
55383843
55384277
55384844
55385548
55388634
55389186
55390574
55391407
55391419
55391477
55392453
55395437
55395730
55396292
55396780
55396937
55397759
55401690
55401870
55401934
55402520
55402833
55404883
55407459
55408139
55409128
55409278
55411113
55411280
55411905
55413189
55414406
55414868
55415031
55416446
55416522
55417567
55419020
55422622
55423162
55423294
55424925
55426389
55426567
55426729
55428217
55428338
55432675
55433904
55434526
55435742
55435931
55437830
55438388
55439545
55439603
55440548
55440622
55440710
55441233
55442283
55442497
55443611
55446317
55446415
55446571
55448912
55448913
55452283
55452589
55453104
55453803
55454417
55456043
55457138
55457991
55458165
55459262
55459350
55459856
55459928
55460077
55460471
55461496
55461567
55461615
55462526
55462544
55462740
55462976
55465150
55466250
55466469
55468002
55468928
55469429
55471370
55471492
55471544
55472370
55473617
55473837
55474248
55474556
55474960
55475710
55478923
55478943
55479667
55479681
55484975
55486192
55486690
55486872
55487225
55488239
55491233
55493661
55495074
55495867
55500187
55500946
55502448
55502621
55504245
55506209
55506620
55506836
55506990
55507111
55508428
55509402
55509749
55510043
55510726
55512689
55513178
55513988
55515109
55515326
55515657
55515966
55517458
55517801
55519957
55520396
55520823
55521425
55522348
55522547
55522671
55525803
55526925
55527054
55527069
55527409
55530095
55531931
55533646
55534289
55534389
55534692
55534969
55536259
55536605
55537003
55540647
55541117
55541793
55542271
55542411
55542934
55544349
55546861
55547743
55548633
55548895
55552368
55553402
55554190
55555398
55556767
55556869
55556944
55558669
55559093
55559839
55562234
55563827
55564347
55564367
55564543
55564671
55565599
55565939
55566748
55568711
55570011
55570036
55571528
55571661
55572363
55572517
55572620
55573272
55573350
55573433
55573459
55574561
55575602
55575714
55576865
55576999
55577557
55577874
55578052
55578734
55580175
55580224
55581553
55584858
55585707
55586290
55586819
55588616
55588777
55588835
55590611
55590800
55591434
55592149
55593942
55594083
55594754
55594969
55596056
55596350
55597155
55599477
55599538
55599802
55600982
55601698
55602912
55604429
55606305
55608317
55608831
55609016
55609613
55609738
55613169
55616403
55616876
55619277
55620359
55621394
55622207
55622246
55623595
55624704
55624726
55625330
55625517
55625918
55626320
55629268
55629799
55632733
55632768
55633923
55634541
55635119
55635129
55636063
55636716
55638876
55639036
55640081
55640710
55640764
55640853
55641040
55641791
55642914
55643484
55644387
55647128
55648201
55648320
55648506
55649232
55650977
55650985
55652271
55652559
55652632
55653116
55654818
55659256
55660855
55661383
55661439
55662309
55662575
55663203
55664316
55665748
55667895
55668310
55670607
55671188
55671747
55674053
55674532
55678029
55679035
55679570
55680314
55680609
55682626
55683336
55683763
55684858
55684999
55686049
55686520
55687743
55690277
55691824
55692131
55692422
55692507
55692629
55694045
55694169
55694684
55695171
55697225
55698096
55701512
55701718
55702103
55703252
55703311
55703402
55703840
55704031
55704373
55704535
55707194
55707393
55707438
55707449
55708123
55709534
55710670
55710847
55710942
55711169
55714846
55714968
55715738
55716292
55717462
55717519
55717755
55720880
55721070
55722876
55725133
55725304
55725393
55727047
55727155
55728340
55729326
55729695
55734747
55734792
55737090
55737690
55737871
55738013
55738565
55740132
55741930
55742302
55742594
55742620
55743422
55743743
55743973
55744126
55745443
55745736
55747703
55749749
55751363
55751880
55752880
55753103
55753112
55753298
55753484
55755098
55757342
55758338
55759211
55761575
55762844
55763499
55764257
55765838
55766169
55767703
55767719
55767881
55768027
55768929
55769166
55770626
55771986
55773216
55775814
55776637
55776732
55777619
55778794
55778869
55779418
55780035
55781202
55782199
55783031
55783051
55783806
55784101
55784365
55784972
55785959
55787719
55788698
55788797
55790245
55791626
55792062
55792084
55792325
55792417
55794623
55795728
55796147
55796563
55796963
55798756
55800118
55800998
55802437
55802725
55804273
55806165
55807734
55807870
55808852
55809173
55809222
55810150
55810437
55813853
55815175
55815491
55817169
55818452
55818993
55819457
55820156
55820179
55824971
55824999
55825346
55827709
55828293
55828839
55830065
55830504
55831276
55832266
55832409
55832475
55832892
55833185
55833774
55834646
55835414
55836016
55836568
55838294
55839404
55839647
55840066
55840632
55841018
55841913
55843346
55844787
55845729
55846121
55846585
55847022
55847042
55847453
55848455
55854454
55854520
55854690
55857490
55857931
55859751
55860056
55860938
55861374
55863687
55863868
55864403
55864887
55866810
55868338
55868920
55869014
55869436
55870993
55871754
55872719
55873121
55874347
55874490
55874730
55875235
55875906
55876327
55876491
55876602
55876711
55878146
55878493
55880092
55880522
55880935
55881942
55881973
55885406
55887036
55888148
55888275
55890031
55890810
55894720
55897491
55898626
55899773
55900222
55900464
55900846
55900995
55902739
55902808
55904597
55904618
55905087
55905499
55905881
55906603
55907088
55908326
55909157
55910573
55910756
55911641
55911814
55912420
55913331
55913465
55914200
55917717
55920436
55921449
55921495
55922803
55924861
55925062
55925081
55925560
55927247
55927615
55929703
55933425
55933933
55935485
55935917
55938288
55938669
55939934
55945823
55946279
55947629
55948131
55950146
55950318
55952266
55954812
55954896
55956600
55957373
55958065
55958370
55961535
55962468
55962882
55963010
55963504
55965577
55967954
55968870
55970270
55970337
55972448
55973329
55974426
55975485
55976237
55976877
55977126
55978513
55979265
55979497
55979746
55980592
55980819
55984755
55984977
55985387
55987241
55987483
55989780
55989834
55990141
55992782
55993064
55993142
55995065
55999543
55999743
56000303
56000400
56001353
56001691
56002753
56003192
56008290
56009164
56010563
56011264
56013532
56015261
56015266
56016513
56016616
56019147
56021490
56022914
56024961
56025173
56025331
56026757
56027260
56029033
56029982
56030711
56031639
56032725
56032939
56033448
56033776
56034160
56035423
56036632
56037099
56037797
56038745
56039079
56039888
56042272
56042635
56042762
56043832
56045156
56045185
56045988
56046380
56046808
56047853
56049029
56049215
56049898
56049918
56051934
56052158
56055457
56057858
56058440
56060162
56060428
56060603
56061116
56061370
56061838
56061934
56063235
56063465
56066184
56066688
56067933
56071167
56072388
56072973
56073498
56074629
56075001
56075397
56079129
56079149
56079693
56081471
56081482
56083725
56084347
56085588
56086286
56086773
56087572
56088329
56088358
56088679
56089993
56091188
56092412
56093439
56093594
56096043
56098533
56098929
56101038
56101245
56105168
56105652
56105911
56111339
56111752
56112969
56113763
56115154
56115256
56115983
56116418
56119122
56119220
56119504
56121011
56121095
56122786
56123259
56124397
56124851
56125192
56126719
56127020
56127168
56129446
56131539
56132595
56133052
56133851
56133962
56135102
56135725
56135824
56137195
56138326
56138561
56139011
56139112
56139192
56139847
56143204
56143368
56144019
56146560
56146977
56147435
56148857
56148977
56149681
56151444
56152645
56153459
56155184
56155232
56156622
56156773
56156933
56157110
56157785
56158469
56159376
56161227
56161867
56163303
56164220
56165333
56165413
56165676
56166745
56166893
56167887
56171331
56172795
56175091
56175717
56176399
56176846
56177153
56177563
56178694
56178935
56179571
56180554
56182346
56182516
56184000
56186781
56186841
56186977
56187845
56188021
56190928
56191544
56191704
56192230
56193324
56193537
56194219
56196246
56196330
56196405
56198830
56198890
56200489
56201142
56201522
56201753
56201803
56202020
56203368
56205240
56205839
56206761
56207218
56207740
56207876
56208193
56208259
56208488
56208717
56210265
56210748
56211276
56212146
56213840
56214403
56214589
56214824
56215620
56217126
56221870
56224901
56225136
56225465
56227868
56230298
56230544
56230644
56232116
56233517
56234015
56236011
56236096
56237127
56237786
56238473
56238705
56240084
56240691
56242071
56243095
56245148
56246123
56248001
56248801
56248802
56249390
56249702
56250312
56250794
56250899
56254240
56254829
56256527
56257000
56258700
56260306
56261978
56264559
56264614
56264979
56266221
56267415
56267470
56268745
56269326
56269520
56270290
56270907
56271214
56272254
56272400
56273689
56273874
56274290
56276292
56276356
56277774
56278204
56278367
56278660
56283521
56284339
56285103
56285459
56285517
56286795
56287124
56287139
56287324
56288043
56290683
56291766
56292202
56293647
56296684
56299666
56300891
56302151
56305264
56306004
56306216
56306947
56306997
56308923
56310988
56311713
56313136
56313698
56314078
56314154
56314974
56314977
56315301
56316430
56316853
56316931
56316956
56317377
56318731
56318770
56321573
56323020
56323846
56324635
56324902
56329207
56329361
56329364
56329894
56330081
56330969
56334114
56334691
56337170
56337342
56338808
56339403
56340040
56341306
56341471
56342092
56342115
56343204
56343773
56343932
56344543
56344563
56345831
56346728
56348030
56348257
56348359
56348425
56348524
56348963
56353692
56354096
56354268
56355359
56355725
56356601
56356892
56357793
56358979
56359299
56360847
56363505
56363858
56367730
56367745
56367772
56368085
56368134
56368332
56370103
56371308
56371321
56373318
56374602
56375057
56375305
56377409
56377756
56378982
56379329
56379658
56379776
56380241
56381522
56385000
56386019
56386502
56388658
56388890
56390287
56390708
56394418
56395082
56397093
56398137
56401411
56401535
56402140
56402848
56403530
56404064
56404731
56409648
56411157
56411714
56413822
56413980
56415704
56419307
56419315
56420024
56420981
56421306
56422263
56426269
56426931
56429525
56431017
56431351
56433162
56433222
56433510
56433733
56433843
56434148
56434872
56435345
56435409
56437641
56437853
56439314
56439385
56441100
56441829
56442189
56442238
56442575
56444601
56444667
56448144
56448995
56452768
56452795
56453468
56454099
56455296
56455962
56457460
56457952
56460869
56462162
56462292
56463253
56464387
56465242
56465899
56466287
56467130
56467743
56467862
56467984
56468105
56468502
56470487
56474093
56476390
56479971
56480105
56482582
56482920
56486362
56487030
56487347
56487529
56488286
56488410
56489677
56490660
56492929
56494741
56495584
56495642
56496752
56499512
56500369
56501165
56501883
56502445
56502886
56503394
56503782
56503837
56505154
56506182
56506211
56506603
56506705
56507791
56507825
56508695
56509667
56510840
56513148
56513631
56514753
56515994
56517022
56517961
56518457
56518812
56519399
56519645
56524475
56524541
56525228
56526786
56527071
56527468
56528833
56530351
56532561
56534243
56535801
56537506
56538578
56539060
56539275
56540768
56541115
56541611
56543141
56543954
56546065
56549389
56550416
56553211
56555055
56555424
56556542
56556889
56557799
56558922
56560115
56560180
56560392
56561395
56562358
56562468
56563174
56563329
56567427
56572531
56574013
56574070
56575546
56578065
56578701
56580181
56581216
56581473
56583678
56583955
56585079
56586109
56590557
56593939
56595344
56595963
56596142
56596415
56596788
56597298
56599806
56600116
56600975
56601434
56601919
56602596
56604567
56604960
56605517
56605764
56606345
56606976
56607262
56609483
56611409
56613331
56613904
56614387
56615007
56615250
56616286
56616973
56617121
56617773
56618508
56618712
56620520
56621300
56623671
56623995
56624745
56625181
56625415
56626400
56627916
56628811
56629203
56629388
56629445
56630797
56630973
56631756
56633094
56634012
56634199
56635132
56635499
56637408
56637467
56637805
56638517
56638838
56640083
56640491
56641896
56642448
56642693
56643291
56643487
56643742
56646837
56647323
56648087
56648104
56649955
56650860
56651016
56651959
56653716
56656310
56656565
56661082
56661351
56662106
56663277
56664725
56665481
56665722
56668307
56668586
56669500
56671476
56671963
56672010
56672203
56673212
56674138
56674905
56676320
56676387
56676860
56676879
56678771
56680533
56682016
56684311
56684607
56686642
56687798
56688023
56689004
56689317
56689550
56689563
56690547
56690864
56691738
56692915
56693845
56694280
56696472
56697368
56697797
56698497
56698597
56701227
56701381
56701593
56701893
56701914
56702752
56702920
56703371
56703633
56704595
56705907
56706156
56706417
56706653
56709648
56711004
56711501
56711726
56711868
56713684
56715392
56715484
56715640
56716313
56718559
56718704
56718726
56718851
56722344
56723502
56726361
56727320
56727364
56728023
56729328
56731963
56732775
56733465
56734057
56736039
56736123
56736822
56737754
56738249
56739991
56740021
56741018
56742184
56742673
56744388
56748428
56749009
56750039
56750565
56750907
56752122
56752704
56754167
56755255
56755697
56756516
56757196
56759152
56761343
56763408
56764586
56765292
56765623
56766698
56768420
56768523
56771729
56772175
56772934
56773510
56775103
56776913
56776956
56779304
56780441
56780987
56780992
56781775
56783572
56783754
56783807
56783943
56785504
56786713
56786869
56787600
56788918
56789076
56789289
56790400
56790757
56791272
56791673
56792612
56792623
56793504
56794283
56794885
56795633
56795735
56796333
56797703
56798044
56799483
56800324
56800527
56801019
56801692
56803883
56804504
56804545
56806393
56806940
56807216
56807959
56808292
56808785
56809428
56809516
56809533
56810333
56810647
56811657
56812031
56812324
56813149
56816274
56817791
56821448
56822104
56823841
56824387
56824417
56824661
56825742
56827709
56828640
56830391
56830764
56830777
56831347
56831998
56832862
56833639
56835096
56835720
56837075
56837787
56837790
56838280
56840903
56843546
56843764
56843801
56844267
56844655
56845597
56846463
56846657
56848203
56848213
56848954
56849273
56849336
56849468
56851305
56851377
56851760
56852483
56853378
56853743
56855482
56855679
56856278
56857063
56857416
56858737
56859154
56862582
56863904
56864059
56864161
56864805
56866439
56867700
56867849
56868047
56868668
56870100
56870202
56873060
56874587
56875091
56876816
56878259
56878965
56881066
56881934
56882181
56882385
56883374
56884191
56884334
56884597
56885714
56885777
56885794
56886173
56887147
56887676
56887930
56889351
56889810
56891719
56892333
56892740
56894016
56894416
56894727
56895154
56896487
56897224
56897260
56899305
56900650
56901361
56902635
56903306
56903502
56905557
56906118
56907156
56909730
56909919
56910299
56910429
56910568
56913519
56913730
56915424
56917057
56917964
56918776
56920243
56920644
56921978
56922379
56923429
56924432
56925051
56925332
56925500
56925573
56926086
56926731
56926814
56926981
56928533
56929639
56931900
56932706
56932774
56934872
56936428
56937033
56937686
56937913
56937939
56938098
56941236
56941990
56943008
56943473
56943605
56945454
56946385
56947358
56947648
56947676
56948020
56948190
56948362
56948837
56949388
56949781
56950100
56950588
56952433
56954398
56954946
56955169
56957588
56960271
56960561
56962109
56962560
56962588
56963842
56964001
56964115
56964702
56970892
56971876
56973584
56975380
56975494
56977334
56977920
56978854
56979484
56982227
56983373
56984581
56987832
56988785
56988894
56990273
56990439
56991306
56994196
56995399
56997919
56999801
57000670
57001569
57001939
57002833
57003442
57004585
57004600
57005667
57007723
57008343
57009139
57009298
57011913
57014671
57016371
57016466
57017714
57018138
57019615
57019774
57019882
57020114
57021580
57022224
57022682
57023177
57023400
57024453
57027276
57027331
57030254
57030927
57031028
57031050
57032244
57032586
57035705
57038475
57038855
57039307
57039522
57039703
57040011
57040474
57040531
57040732
57040947
57041358
57042394
57042625
57045601
57045609
57049274
57049485
57050039
57054128
57056346
57057864
57057945
57061186
57061787
57062040
57062156
57062863
57063030
57063296
57064276
57065365
57069281
57072792
57073716
57075357
57075725
57075728
57077082
57080495
57081714
57081726
57082519
57084343
57085807
57086231
57086905
57088619
57090187
57090949
57093353
57094824
57096487
57096991
57099258
57100086
57103313
57103476
57104174
57104319
57105228
57105568
57105644
57108220
57109058
57110154
57114327
57115061
57115803
57117615
57118172
57118609
57118764
57119588
57121045
57122888
57124503
57124864
57126761
57128205
57128515
57128927
57129494
57130689
57130722
57130920
57131125
57134182
57134463
57134647
57134914
57135430
57136020
57136170
57136313
57136576
57136758
57136827
57137046
57137436
57138006
57139083
57139633
57140165
57140312
57141081
57142506
57145597
57145825
57146381
57147996
57148245
57148527
57149463
57149990
57151463
57154471
57154551
57156511
57157274
57158027
57162555
57163632
57164456
57164749
57165857
57166499
57166869
57168130
57170315
57170552
57170637
57174868
57176108
57177425
57178585
57179047
57179200
57179503
57179539
57180677
57182554
57185737
57186360
57186590
57186933
57187367
57188096
57188252
57189038
57189553
57190488
57190677
57192331
57197191
57197585
57198985
57199381
57201459
57201809
57202281
57202323
57203420
57203444
57205134
57205300
57206963
57206971
57207403
57208939
57209590
57210295
57210297
57210317
57211857
57212446
57213325
57213476
57214177
57217417
57217953
57219211
57219594
57222186
57222343
57223476
57223954
57224545
57225399
57226329
57226620
57226784
57227618
57227960
57228456
57228867
57228909
57229387
57229772
57234951
57235383
57236768
57237068
57239162
57239263
57239714
57239907
57240549
57241086
57242472
57243697
57244204
57245809
57246006
57246852
57246989
57247265
57247771
57248865
57249982
57252696
57252780
57253426
57255531
57256197
57258120
57260039
57260591
57260792
57260887
57260946
57261364
57261621
57262776
57263128
57265473
57265561
57265875
57269299
57269701
57270305
57273365
57273878
57274194
57274784
57274857
57274946
57276174
57277680
57278051
57278338
57278646
57279295
57279821
57279907
57280441
57280548
57281784
57284455
57287009
57288633
57293274
57293719
57294449
57297823
57298119
57299090
57300232
57300690
57304551
57308741
57309562
57309847
57311368
57313183
57314467
57316498
57318164
57320019
57320432
57320744
57321034
57322256
57323280
57323574
57324325
57324398
57325158
57325182
57325773
57325876
57326334
57326566
57327320
57327614
57329147
57329492
57329583
57329867
57331055
57331056
57332265
57333327
57334276
57334813
57336898
57337518
57337891
57339011
57339920
57340525
57343314
57343730
57344434
57346784
57347605
57347757
57353357
57354434
57355386
57356745
57357203
57358443
57359384
57360464
57360475
57361937
57364292
57364553
57364971
57365150
57365550
57366342
57367571
57367934
57369293
57369773
57371791
57373194
57373404
57374828
57376628
57377740
57377856
57377877
57378105
57379655
57380624
57381014
57381214
57381806
57383548
57384680
57385552
57386809
57387731
57388548
57390662
57392300
57392668
57394251
57396933
57397237
57400784
57400859
57401654
57402675
57403024
57403166
57405358
57405901
57407701
57408518
57409130
57409191
57409579
57410976
57411199
57412571
57412973
57413657
57413674
57414769
57415160
57416478
57418250
57418757
57419317
57420189
57420357
57421112
57421694
57422035
57422715
57424179
57426004
57426061
57426887
57427104
57427624
57427682
57429020
57429121
57430092
57430693
57430990
57430995
57432418
57432865
57433950
57434792
57436610
57437930
57439319
57439802
57440042
57441199
57443937
57444127
57445457
57446213
57446653
57446677
57447188
57447556
57448226
57448759
57448896
57448939
57452166
57459244
57459379
57459510
57459568
57459585
57460000
57461167
57461593
57465077
57465557
57466371
57467610
57469283
57469612
57471486
57471600
57471859
57471895
57472603
57473172
57476781
57480783
57481376
57486445
57488952
57489072
57491018
57491577
57493639
57494251
57495923
57496370
57496675
57497150
57498522
57498825
57498960
57499502
57499783
57499981
57500307
57500316
57500657
57501665
57503414
57503744
57506426
57507151
57508347
57508694
57510824
57511752
57512010
57512758
57513345
57514147
57515281
57515501
57516013
57516393
57516899
57517981
57518016
57520586
57520637
57521152
57521272
57521898
57522355
57523832
57523999
57524179
57525093
57525183
57527109
57527165
57527432
57528839
57529530
57529712
57532295
57534206
57535049
57535984
57537690
57539581
57539664
57543868
57544536
57544693
57546430
57546525
57549779
57551416
57551532
57551618
57552421
57552584
57553040
57555098
57555342
57555628
57556566
57556614
57557861
57561766
57562740
57564383
57565893
57566435
57567281
57568362
57568505
57569334
57570049
57570655
57572954
57573057
57573535
57573972
57574548
57579060
57582820
57583825
57583926
57584035
57584884
57586916
57588035
57589001
57590483
57591398
57592694
57593155
57594000
57594162
57594492
57597843
57599357
57599647
57600736
57601447
57601672
57602714
57605045
57605349
57606771
57606865
57608008
57608193
57610401
57611249
57611344
57611394
57611469
57612115
57612764
57613440
57614634
57615231
57615305
57615977
57616237
57616991
57617561
57620777
57621412
57621630
57622578
57622968
57623191
57624595
57625909
57626003
57627228
57628113
57629607
57630270
57630840
57631320
57631581
57632927
57633055
57633633
57634397
57635088
57635345
57635937
57637077
57639002
57640289
57644489
57644577
57644942
57646282
57646579
57646926
57650394
57651154
57651158
57651904
57652499
57653606
57656137
57658058
57659492
57661093
57661993
57662846
57663084
57664523
57664854
57665653
57665720
57665803
57666735
57667535
57668666
57671370
57671956
57673288
57673347
57675860
57676460
57680826
57683606
57684105
57684996
57685899
57687134
57687772
57688530
57690164
57691785
57692938
57694474
57695778
57695990
57696791
57697780
57698224
57698610
57699732
57702031
57703613
57707810
57708398
57709231
57710061
57710197
57710226
57713148
57713287
57713405
57715067
57715183
57716265
57718032
57720123
57721491
57722252
57722445
57723010
57724859
57725168
57725856
57726344
57726693
57727800
57728351
57728553
57732461
57733505
57735664
57735672
57735701
57736029
57736318
57736609
57737174
57738851
57740376
57740709
57741029
57741265
57742815
57746152
57746387
57747693
57750858
57752132
57754837
57755039
57755581
57756952
57762060
57764322
57765028
57767878
57768169
57768586
57768955
57769234
57770141
57770480
57772049
57773629
57774412
57774765
57775504
57775715
57777350
57778421
57784036
57784773
57785785
57787378
57788626
57790557
57790593
57791251
57791909
57792552
57793525
57793617
57794991
57795113
57795956
57796330
57796900
57797316
57798439
57798884
57801244
57801537
57804592
57804791
57805041
57805802
57810328
57811278
57811563
57813174
57813680
57814145
57815238
57816207
57816416
57817288
57819252
57819841
57821298
57821509
57821554
57821683
57821726
57824109
57825027
57825059
57827496
57827672
57829936
57832484
57832898
57832948
57834613
57835429
57835480
57835495
57835974
57837879
57838146
57840003
57840508
57840690
57841075
57841585
57844270
57845091
57847185
57848622
57852958
57853091
57853318
57853936
57854710
57855328
57857247
57858050
57858370
57858606
57858924
57859244
57859742
57860255
57860520
57860728
57861335
57862078
57862245
57862427
57863214
57863466
57864579
57864668
57865475
57867771
57869281
57869329
57871241
57871443
57872489
57872960
57876008
57877622
57879290
57879700
57881056
57881300
57881652
57881875
57884075
57884912
57885778
57886867
57887270
57887757
57889258
57890079
57890573
57890753
57891237
57891758
57893475
57894146
57895682
57896256
57896611
57898938
57899095
57900035
57903564
57904194
57904488
57905500
57908044
57908115
57908811
57910178
57911411
57912137
57912960
57913253
57914063
57914523
57915145
57917038
57918417
57918629
57919059
57919082
57919357
57919457
57920434
57923673
57925782
57925806
57927040
57927049
57928247
57929988
57930109
57930132
57930276
57931211
57931277
57933551
57935291
57937221
57938338
57940915
57943314
57943873
57946703
57946787
57948800
57949129
57950709
57951257
57953043
57953319
57953597
57953679
57953922
57954180
57954310
57954483
57954859
57957234
57958085
57958238
57959337
57960448
57960609
57961650
57962766
57964749
57965149
57965485
57966121
57966437
57967365
57969895
57970727
57972622
57973424
57974099
57974332
57975205
57976641
57977016
57978831
57978903
57980012
57980791
57980848
57981146
57982400
57982918
57984060
57984620
57984664
57985571
57985905
57987910
57988491
57988874
57992341
57995882
57996754
57997755
57998596
57998720
58000104
58000193
58000317
58000618
58003387
58003789
58004158
58004174
58004202
58004568
58004821
58005773
58008304
58008368
58008418
58008680
58008686
58008992
58010091
58010682
58011418
58011786
58012969
58014632
58016337
58017032
58017647
58017753
58018185
58018636
58019225
58020373
58023698
58025539
58028820
58029314
58029440
58029531
58030062
58030164
58033112
58035365
58035569
58035954
58036462
58038375
58041409
58042581
58042832
58043562
58045967
58046122
58046813
58047375
58047492
58047890
58048625
58048742
58049927
58050419
58051569
58052153
58052224
58052407
58053139
58053270
58053830
58054986
58055632
58055936
58056322
58057084
58059269
58060832
58061350
58061607
58065043
58065670
58066760
58067478
58068893
58069352
58069508
58071791
58073398
58074117
58077044
58077776
58077795
58078891
58080775
58081584
58082081
58083898
58084777
58086830
58087047
58088262
58088962
58090825
58092604
58094439
58094483
58095862
58096255
58096981
58097419
58097544
58098551
58101392
58102637
58104261
58105476
58106835
58108970
58109521
58111075
58112164
58113228
58115874
58117133
58117404
58117735
58119076
58119444
58119636
58124842
58129629
58130665
58131630
58132948
58134282
58135602
58136342
58136525
58137092
58137264
58143195
58145420
58145429
58145643
58145889
58147182
58147312
58148636
58149447
58150794
58150952
58152649
58155333
58155654
58156922
58157897
58158474
58158754
58161987
58162241
58163839
58164097
58166019
58166312
58166614
58166873
58166960
58167592
58169067
58170338
58170457
58171060
58171174
58173329
58173867
58174055
58174698
58176544
58177314
58177485
58177965
58178311
58178707
58179173
58179582
58180609
58182073
58182481
58183331
58186525
58187641
58188974
58190331
58190973
58191380
58191570
58192155
58192673
58193174
58194257
58195578
58198190
58199281
58200448
58201008
58201322
58201944
58202542
58203606
58204319
58204387
58205561
58207943
58207973
58208254
58208857
58210154
58210444
58211726
58211760
58212652
58213061
58213514
58213892
58214906
58217815
58219225
58220691
58223505
58224195
58224271
58226172
58226527
58227303
58227454
58228128
58228228
58229002
58230817
58231282
58232237
58233482
58233497
58233507
58234321
58235323
58235710
58236755
58237550
58237738
58238367
58239476
58239787
58241151
58242380
58243617
58244020
58245146
58246537
58246664
58246831
58247317
58248876
58248912
58249969
58250982
58252389
58252505
58253029
58254326
58256333
58257666
58258950
58259359
58259483
58260195
58260695
58262385
58263103
58264426
58264710
58264870
58265612
58268094
58269312
58270032
58270386
58270476
58272017
58272078
58272190
58272802
58273344
58273637
58274194
58275307
58277389
58278616
58279023
58283144
58283310
58283799
58283876
58284389
58285339
58286705
58287384
58288208
58291059
58291349
58293280
58294398
58294586
58294629
58295588
58296600
58299936
58300566
58301666
58302323
58302872
58303249
58304387
58304442
58305346
58306505
58306519
58307680
58307918
58311745
58312495
58314316
58315354
58315400
58316409
58317707
58317937
58319000
58320056
58323556
58323698
58324003
58324110
58325416
58325499
58325929
58325999
58326160
58327873
58330593
58331462
58333502
58334054
58334317
58334827
58335522
58336875
58337175
58338774
58338822
58340342
58340640
58341179
58341261
58341393
58342370
58343093
58344317
58344499
58345741
58346598
58347863
58348074
58348100
58348574
58349054
58349264
58349682
58350056
58351230
58352176
58352560
58352639
58353204
58353566
58354125
58355014
58355026
58355386
58355828
58356861
58357188
58360087
58362139
58362972
58364034
58364452
58366703
58366716
58367809
58369685
58370404
58372362
58372365
58376300
58376344
58376726
58379596
58379908
58379988
58380480
58381674
58382207
58382413
58384762
58385552
58385856
58393286
58394941
58395899
58397609
58399149
58400503
58400628
58401251
58402385
58403344
58403596
58403702
58404599
58404773
58405557
58406016
58406300
58407118
58408717
58410219
58410653
58410754
58410842
58412066
58412302
58412518
58413847
58414135
58415071
58415370
58416205
58416623
58417164
58417570
58419398
58420893
58421330
58422551
58427901
58428877
58429076
58429652
58430937
58430949
58432185
58432333
58432517
58433456
58434539
58435370
58435712
58436553
58436893
58437492
58437753
58438454
58438483
58438658
58440193
58441314
58442003
58443141
58443796
58444116
58444670
58444829
58445577
58448489
58449055
58449103
58449418
58450095
58450558
58452811
58453175
58454043
58455884
58456858
58459970
58460573
58461818
58462615
58462986
58463105
58463460
58464044
58464298
58464333
58468386
58469295
58470226
58470639
58472166
58473382
58473937
58475513
58476310
58477341
58477471
58479698
58480301
58480515
58482913
58483128
58484362
58486943
58488779
58490538
58490788
58492621
58493703
58494269
58494557
58495502
58495655
58496151
58496914
58497039
58497067
58497427
58498545
58500818
58501018
58502176
58502308
58502641
58503492
58504096
58504386
58504671
58504692
58504716
58506613
58507072
58507103
58509056
58509729
58512034
58512435
58517739
58518015
58518187
58518592
58519640
58523662
58526649
58526669
58527249
58528124
58528488
58533693
58534862
58535379
58535581
58535809
58536319
58536768
58537694
58538757
58540387
58540931
58540955
58541098
58543087
58543659
58544156
58544460
58544787
58545769
58547200
58548403
58549097
58549800
58551203
58553693
58554546
58558003
58558100
58558643
58558918
58559493
58561243
58561527
58563783
58564743
58566767
58567509
58568611
58568980
58569514
58571795
58574966
58575336
58575790
58576625
58581283
58582003
58583191
58583931
58585158
58585780
58587112
58588535
58589370
58590128
58592132
58592599
58593855
58597599
58598223
58602595
58603046
58604953
58606209
58606452
58606568
58606757
58607363
58607910
58608056
58608519
58608555
58609622
58610285
58611038
58612959
58614366
58614462
58614591
58616351
58616867
58617594
58617724
58618675
58620106
58620174
58620564
58623923
58624154
58624474
58624906
58626417
58627491
58628561
58628838
58630448
58633488
58633694
58635179
58635431
58635481
58638761
58638880
58639350
58640402
58642876
58643668
58643840
58644742
58645553
58645850
58646016
58646621
58646826
58647203
58648080
58648841
58649626
58650387
58651625
58652291
58655485
58655511
58656013
58656109
58656971
58658512
58658956
58659357
58660728
58662346
58662999
58664720
58664992
58665225
58665866
58667231
58667423
58668553
58670156
58671965
58672300
58674942
58676263
58676639
58677199
58677738
58680918
58681727
58682668
58684887
58685721
58685777
58685794
58688769
58692593
58696669
58697353
58699416
58699523
58700627
58700864
58701780
58701881
58703973
58707047
58709308
58709658
58712168
58713655
58714012
58715330
58715559
58716573
58716883
58718382
58719406
58720256
58722249
58722361
58723377
58724299
58724904
58724936
58725569
58726543
58726901
58729793
58730620
58731988
58732528
58733605
58733670
58733846
58734125
58735195
58737908
58738639
58739855
58740776
58741281
58742024
58742783
58743205
58743530
58743671
58743898
58744804
58745393
58747539
58748931
58748976
58749047
58749531
58750274
58752116
58752214
58752317
58753131
58754920
58755000
58755927
58755967
58756373
58756586
58758262
58758525
58760891
58761171
58763009
58764105
58765293
58765794
58766922
58767112
58767285
58767682
58767792
58768724
58770044
58770286
58770544
58771408
58774773
58775363
58776629
58777099
58778104
58778823
58780031
58780297
58781037
58781045
58781243
58781932
58784221
58784629
58785183
58786147
58789246
58790343
58791043
58791956
58792790
58795196
58795644
58797845
58800040
58800423
58800797
58801935
58802124
58802221
58802334
58802946
58804057
58804271
58804717
58807518
58808057
58808094
58808628
58809216
58809636
58810561
58812137
58812306
58814902
58816911
58817904
58818404
58819296
58821449
58821582
58822422
58823870
58824263
58826692
58827857
58828339
58829924
58830582
58831220
58831581
58833120
58835232
58835737
58837018
58838370
58838371
58839489
58840127
58840762
58841475
58842319
58843284
58848427
58853038
58855317
58856180
58857308
58858268
58858430
58859813
58859940
58860762
58861313
58861731
58861974
58862402
58864146
58866156
58866317
58866328
58868135
58871996
58872401
58872877
58873168
58876111
58877011
58877449
58877510
58878740
58879004
58879508
58882871
58883853
58886037
58889362
58891658
58892083
58893279
58894202
58896592
58896645
58896775
58897926
58898417
58898462
58898994
58900477
58900892
58901922
58903290
58904138
58904348
58904563
58904995
58905216
58905597
58906312
58907563
58909058
58910408
58911394
58912846
58913234
58913274
58913288
58914522
58914857
58916214
58916591
58916617
58917054
58917812
58917831
58918324
58918645
58918771
58920059
58920549
58922171
58922329
58922751
58923910
58925077
58925994
58927339
58928640
58930964
58931828
58932126
58932304
58932818
58933117
58935603
58936139
58937833
58938004
58938586
58939010
58940169
58940344
58941113
58942178
58944579
58944600
58944755
58945458
58946043
58946977
58947191
58947405
58947411
58947533
58947927
58949629
58950170
58950875
58952302
58952745
58952764
58954438
58957783
58958287
58958485
58959861
58960108
58960261
58961318
58964116
58964701
58965657
58967523
58968103
58969458
58970194
58972193
58974121
58975448
58976931
58977875
58978194
58978535
58981830
58983355
58984208
58984237
58984551
58985391
58985501
58987671
58988140
58992211
58993538
58993592
58995922
58999002
58999537
59000028
59001888
59002170
59002851
59002986
59003304
59004183
59004940
59004961
59006020
59006206
59006332
59007608
59007642
59008820
59009321
59010948
59014061
59014228
59019781
59020451
59020769
59020960
59021497
59023966
59027842
59029762
59030519
59030771
59031898
59032685
59032699
59034959
59035074
59035140
59037205
59037256
59037325
59037412
59038459
59038700
59039082
59040790
59041161
59041765
59042204
59043624
59046838
59046840
59050468
59050527
59051822
59052417
59052886
59054037
59054404
59054737
59054810
59056761
59057803
59057999
59058111
59058283
59060043
59060861
59061679
59061948
59061995
59062943
59066531
59068945
59069144
59069644
59071749
59074819
59076543
59078199
59078776
59078998
59080631
59080695
59084673
59084699
59085048
59085720
59088694
59090438
59092647
59093033
59096116
59096899
59097138
59097257
59098042
59098537
59100935
59102324
59102969
59103258
59103568
59104147
59104648
59105033
59105155
59107132
59108933
59110577
59111612
59112330
59113227
59114124
59114791
59115129
59116284
59118000
59118005
59118335
59118542
59118721
59120217
59121219
59121697
59122398
59122877
59123613
59127002
59127014
59127088
59128491
59132249
59132953
59134843
59135081
59135982
59136292
59136342
59137470
59138923
59140683
59142018
59142981
59143357
59143472
59144114
59144556
59145290
59146262
59146790
59147802
59148126
59149428
59150591
59150727
59151023
59151525
59152222
59152414
59153839
59156492
59157880
59158496
59163891
59164310
59164819
59164829
59165422
59166287
59166889
59167835
59168009
59168024
59169839
59173136
59175047
59175071
59175880
59180122
59180235
59180503
59181497
59182733
59183451
59185750
59186422
59186698
59186807
59187084
59188932
59191549
59192355
59192391
59193036
59193052
59193766
59195194
59195782
59198584
59202123
59202385
59204430
59205296
59205536
59209151
59210027
59211077
59211131
59212474
59212749
59213377
59214999
59215408
59215610
59216356
59217565
59219422
59219591
59220157
59221407
59221668
59227756
59228261
59228397
59228514
59229760
59230086
59231305
59232872
59235732
59236768
59239219
59239337
59239936
59240367
59240493
59240585
59240944
59241061
59241121
59243351
59243713
59243865
59244451
59245891
59248615
59248631
59249507
59253306
59253990
59255321
59255859
59256708
59259530
59259655
59259769
59260945
59261347
59262483
59262891
59264920
59265215
59265527
59265638
59268093
59268805
59269419
59271134
59272211
59272776
59272797
59273204
59273622
59274499
59276156
59276832
59277654
59278774
59282426
59283523
59284015
59286198
59286286
59286590
59287967
59288086
59290206
59292743
59292856
59295515
59296056
59297263
59300758
59302102
59302158
59302835
59303080
59303202
59305486
59306246
59307507
59308631
59309795
59310555
59310992
59311335
59313284
59313302
59314391
59314812
59314946
59315901
59317732
59317927
59317988
59319593
59321574
59322805
59323945
59327130
59327432
59327567
59328532
59329520
59329732
59330166
59330327
59332039
59332348
59333754
59334361
59334532
59335049
59337432
59338176
59338400
59342241
59343538
59344625
59345636
59345683
59347140
59347339
59348876
59349051
59349666
59350748
59350751
59351279
59352161
59352435
59353484
59354686
59355025
59355355
59356485
59357007
59358545
59359023
59359381
59359583
59359799
59360294
59363501
59364567
59364655
59365908
59366655
59367715
59369552
59369959
59370312
59370896
59371178
59371666
59372424
59372673
59372702
59373245
59374716
59375757
59378298
59379544
59380375
59380768
59381074
59383541
59383740
59383878
59384309
59385274
59389107
59389198
59389567
59391620
59391930
59392487
59392707
59392979
59393218
59393536
59394167
59394658
59395043
59395077
59396183
59397065
59397749
59398880
59400145
59401015
59401199
59401906
59402803
59403392
59406943
59407278
59407700
59408270
59409069
59409407
59410378
59411958
59415979
59416285
59416965
59417259
59417375
59417509
59417636
59418831
59419166
59419629
59420662
59421007
59422014
59427400
59428285
59429051
59429182
59429890
59431275
59433192
59433256
59434108
59434188
59437376
59437473
59438450
59439230
59439485
59439569
59440435
59441626
59441728
59444048
59444804
59446810
59447164
59447237
59447763
59448514
59449405
59450517
59450701
59451721
59452369
59453211
59454106
59455080
59455805
59455815
59457952
59459055
59460086
59462324
59463339
59464552
59465735
59466854
59467023
59467193
59467403
59468763
59469196
59471346
59471365
59472032
59472984
59473277
59473299
59473616
59473695
59473831
59474598
59474886
59475712
59475914
59476001
59477569
59478521
59479985
59480516
59483614
59484485
59485073
59488322
59488672
59490388
59494529
59495614
59496506
59497247
59497896
59497897
59498908
59500546
59505755
59506413
59507748
59509188
59509638
59509870
59509996
59511989
59512466
59512807
59513720
59516344
59517329
59518126
59519196
59520866
59521496
59523081
59523298
59523345
59527479
59529353
59531177
59531427
59533625
59533928
59534568
59534705
59536044
59536531
59538057
59538907
59538978
59539153
59540696
59540981
59541630
59542471
59542582
59543245
59543482
59544431
59545378
59546123
59548262
59549527
59550837
59551116
59552653
59552656
59554698
59555782
59555922
59558995
59560041
59560834
59560955
59562350
59563782
59564466
59564893
59565113
59565595
59565923
59566721
59566959
59566993
59567530
59567588
59567958
59568885
59569631
59572772
59572971
59573887
59577715
59577801
59577952
59578294
59579304
59579993
59580374
59580659
59580724
59581638
59582073
59583464
59583471
59583637
59584335
59584522
59584619
59585481
59585756
59586290
59586748
59587011
59588589
59589132
59589889
59590884
59592805
59595320
59595430
59597939
59597985
59599673
59600484
59601581
59602309
59604527
59606543
59607958
59609128
59610531
59611267
59611364
59612966
59613912
59614060
59618021
59619341
59619737
59620458
59620685
59621375
59621640
59622247
59622269
59623470
59623480
59624828
59625397
59625575
59627284
59627953
59629685
59629753
59629908
59633763
59634854
59636452
59637099
59637432
59637989
59641280
59641460
59643077
59644085
59646971
59647037
59648000
59650381
59650609
59652731
59653046
59653983
59655946
59656154
59656638
59657013
59658335
59659268
59660493
59660662
59661898
59663042
59664207
59666141
59667720
59668196
59669548
59670030
59670203
59671635
59672487
59673772
59674021
59675299
59675451
59676465
59677176
59677601
59677980
59678235
59679156
59679254
59680628
59682115
59682874
59683052
59683408
59683559
59685300
59685669
59686067
59686425
59686509
59687554
59687613
59687908
59689820
59691437
59696559
59701604
59701754
59702198
59702849
59703117
59703221
59703357
59706076
59709736
59710898
59711078
59711873
59712621
59713250
59713554
59713989
59714066
59714552
59715139
59715277
59715793
59715838
59716072
59716139
59716190
59718067
59718303
59718572
59718794
59719008
59719603
59720986
59721691
59725224
59726008
59727893
59729673
59732169
59733842
59734090
59734780
59735019
59735024
59735865
59737061
59737073
59737587
59739816
59741054
59741176
59741812
59742517
59742764
59743521
59744547
59745642
59745975
59747311
59749366
59749655
59749709
59749751
59750285
59750614
59751747
59751889
59753742
59755253
59755911
59756704
59758324
59760759
59761289
59761934
59762583
59762729
59765162
59766468
59766661
59766956
59767803
59767807
59768903
59769778
59770024
59770852
59771555
59771607
59772630
59774595
59774935
59778756
59778879
59779580
59780652
59781353
59783612
59784727
59785168
59786268
59787261
59788371
59788727
59791280
59791674
59792558
59794162
59796155
59797109
59798742
59799777
59799828
59801634
59803753
59804203
59808943
59809087
59809382
59809445
59809598
59813891
59816445
59816708
59817982
59820526
59820547
59821191
59821324
59825080
59827196
59827712
59828232
59828302
59828533
59829814
59830209
59830354
59830615
59830937
59830944
59831384
59831485
59834448
59835743
59839130
59839681
59841236
59842877
59843840
59844182
59845276
59846915
59847857
59848398
59849511
59849800
59849811
59851981
59852264
59853349
59853645
59853736
59853773
59857174
59857441
59857926
59858421
59858725
59859815
59860185
59862044
59862640
59863016
59865280
59866120
59868610
59869968
59870096
59870230
59871522
59871545
59873328
59873575
59874812
59874989
59875567
59875752
59876591
59876930
59877900
59878058
59878357
59879895
59880867
59882277
59883130
59883280
59886480
59889027
59890186
59890694
59891593
59893254
59894418
59895766
59896880
59897763
59898026
59899271
59899586
59901954
59902417
59905822
59906546
59907960
59908086
59909888
59910355
59911205
59915762
59915959
59916247
59919494
59920305
59922182
59922335
59922552
59922848
59923265
59924036
59924042
59925222
59927008
59928296
59930028
59930717
59933144
59934576
59935006
59939084
59939395
59940383
59940949
59941498
59942158
59943298
59943922
59944262
59945416
59945655
59945681
59946046
59946219
59946563
59948193
59948773
59949857
59951153
59951563
59952950
59953058
59954314
59954440
59954826
59957986
59959823
59959826
59959881
59960207
59961144
59961247
59961498
59961577
59961970
59962528
59962682
59964474
59965419
59965761
59965768
59970143
59971142
59972067
59972380
59972426
59973391
59975757
59975994
59976056
59976098
59978126
59981701
59983591
59985944
59986114
59989341
59990687
59993255
59993328
59994192
59996845
59997652
59997737
59998135
59998690
59999099
60000056
60002897
60004467
60004839
60005249
60005324
60005818
60005821
60006771
60010936
60012727
60015849
60016368
60016768
60018532
60019796
60020451
60022936
60024384
60024904
60025138
60025831
60026201
60026580
60027232
60028486
60029158
60030521
60030582
60032106
60033171
60033217
60034069
60036941
60037802
60038716
60039194
60040074
60040694
60041824
60043156
60043250
60043470
60045552
60045975
60046150
60047877
60049005
60050178
60050605
60051158
60051332
60052719
60052793
60052849
60053039
60053217
60053637
60053932
60054012
60055642
60057648
60058440
60059776
60061004
60061838
60062387
60062404
60062953
60063491
60063654
60067979
60068638
60068642
60069691
60070401
60071563
60073059
60074543
60075755
60077945
60080733
60081888
60083672
60083821
60086907
60087745
60088812
60089410
60089721
60091423
60094499
60094560
60094965
60095488
60095645
60097492
60098447
60098686
60100809
60101246
60102014
60102337
60102402
60103043
60103210
60103304
60103323
60104934
60104994
60105652
60106198
60106858
60107253
60108789
60110808
60111368
60113508
60116087
60116733
60119596
60119724
60120473
60120895
60128082
60128900
60131128
60131526
60131841
60132360
60133687
60134699
60135537
60136290
60137366
60139403
60142774
60143399
60147754
60147892
60151314
60152969
60154848
60155720
60156330
60158229
60158717
60158806
60159098
60161332
60163745
60165940
60166480
60168124
60168341
60168641
60169043
60169561
60169888
60171070
60173089
60173215
60173994
60174250
60176416
60177669
60177680
60178749
60179889
60183340
60186498
60186787
60187134
60187833
60188814
60190702
60191145
60192392
60192727
60192839
60192963
60194064
60194264
60195131
60195738
60196402
60197249
60201634
60203756
60203892
60204171
60205541
60205894
60206033
60207423
60207901
60209579
60210270
60211891
60212023
60213476
60213653
60214278
60214706
60214805
60215318
60215958
60216892
60217057
60219988
60220447
60222807
60225404
60226735
60228445
60229576
60232336
60232661
60233917
60234588
60236338
60236569
60236759
60238919
60239202
60239684
60239769
60239777
60240079
60240313
60240339
60240345
60241479
60241722
60242232
60242778
60244877
60245170
60247013
60247394
60248187
60249712
60250657
60251043
60251644
60251890
60253048
60254091
60254507
60255839
60255885
60256759
60257187
60257632
60259175
60259467
60260178
60261832
60264249
60264344
60264769
60266549
60267126
60269093
60269142
60269905
60270117
60270315
60271621
60271838
60272497
60272714
60273791
60274010
60274292
60274604
60278887
60280967
60281349
60281541
60282444
60283534
60286467
60289142
60291054
60291817
60292341
60295562
60296408
60297305
60297819
60299910
60300178
60300616
60301220
60301444
60302483
60302971
60305001
60306417
60306604
60307294
60307484
60307870
60309806
60311494
60311515
60312070
60313693
60314807
60315193
60315326
60317234
60317489
60317844
60317901
60319344
60320098
60322866
60324953
60326288
60326441
60328845
60330473
60331684
60331825
60332161
60332302
60333053
60334007
60334616
60334957
60335130
60339806
60339827
60340868
60340934
60340936
60341346
60342011
60342521
60342691
60343755
60344041
60344473
60345934
60345969
60346785
60347624
60349814
60350097
60351294
60353847
60354107
60355119
60358769
60359526
60361926
60362053
60362222
60362235
60364220
60364921
60366677
60368125
60368405
60368483
60369365
60369630
60370420
60370538
60371130
60371521
60374937
60376084
60377107
60377907
60378043
60378084
60378491
60379296
60380282
60380893
60381095
60381794
60383793
60383872
60384869
60386008
60387062
60387116
60387538
60387584
60388500
60389982
60390771
60390985
60391566
60392736
60393048
60394210
60394471
60394554
60400210
60400385
60404120
60406241
60407340
60408329
60410362
60410483
60411843
60411961
60412306
60413482
60414021
60415806
60416623
60417443
60417500
60420361
60421544
60421814
60421871
60422355
60422743
60422800
60425259
60425681
60426196
60427249
60427903
60428122
60429095
60430161
60431696
60434208
60435749
60436720
60437744
60438539
60439581
60439900
60442481
60442839
60443135
60445541
60446666
60448464
60451743
60451806
60452086
60454232
60454924
60455694
60456489
60456961
60459050
60459090
60460614
60460640
60460703
60460919
60461037
60461447
60461725
60463786
60464129
60465583
60465703
60467027
60467488
60468188
60469400
60470486
60471823
60471936
60473000
60475414
60476308
60477351
60477706
60481364
60482342
60484679
60486666
60487823
60489549
60489775
60492912
60494583
60495804
60495821
60496402
60496703
60497813
60497928
60498017
60498656
60500284
60501156
60503600
60505620
60505750
60508662
60510083
60510345
60510394
60513308
60514507
60514512
60515891
60516875
60517081
60517485
60517856
60518349
60521495
60521942
60523603
60524116
60525062
60526612
60527596
60527980
60529066
60529707
60531521
60532325
60532420
60533728
60533813
60534540
60535116
60536044
60538837
60539079
60540902
60541218
60545867
60546101
60547194
60549061
60549218
60549373
60552007
60552489
60552806
60553023
60553759
60554124
60557530
60558473
60558903
60561842
60563375
60563827
60564197
60570772
60570928
60571298
60571332
60571378
60572729
60573130
60573386
60573906
60574453
60579061
60579505
60580139
60580360
60580480
60581206
60581790
60582159
60583091
60588023
60588258
60588281
60588691
60588710
60588980
60589493
60590681
60590931
60591117
60591477
60595014
60595302
60595412
60595763
60597233
60597444
60597948
60599012
60599194
60599967
60602795
60603852
60604045
60605921
60605998
60606217
60606674
60611393
60611696
60612666
60613787
60614013
60614081
60615926
60616475
60619406
60620579
60620705
60621106
60621130
60621195
60622139
60623929
60624300
60625891
60626161
60626673
60629628
60629837
60631334
60631785
60632855
60633949
60634052
60635467
60637123
60638980
60639140
60640557
60640795
60643220
60643409
60646296
60646564
60646711
60648113
60649423
60650671
60651881
60652376
60652921
60653158
60653840
60654583
60654852
60654935
60655283
60655392
60655417
60655552
60656268
60656290
60656527
60657666
60660458
60663511
60663822
60664852
60665302
60665647
60666248
60666429
60666481
60667140
60667274
60668770
60669453
60669901
60671294
60671875
60672142
60673557
60674149
60675031
60675054
60675850
60676751
60677159
60677670
60677720
60678573
60680126
60680386
60681192
60681408
60681739
60682004
60682460
60682782
60690000
60690053
60690090
60690357
60692607
60692728
60693413
60693831
60694138
60697931
60699404
60700759
60701954
60702699
60704548
60706030
60708263
60709172
60709307
60709337
60710395
60711724
60711979
60712191
60712265
60713000
60713460
60714168
60716224
60716627
60716667
60718988
60719544
60719605
60720566
60721529
60722769
60723900
60724380
60724532
60725399
60725652
60725838
60726434
60727759
60730044
60730176
60734643
60734656
60737849
60737878
60738960
60739673
60741910
60742222
60742950
60743114
60743272
60745479
60745662
60746206
60746857
60747469
60747956
60748353
60749118
60749138
60749554
60750160
60751681
60752435
60752790
60752835
60754811
60755739
60757039
60758125
60762792
60763872
60764573
60768130
60768668
60769004
60769092
60769389
60770718
60771579
60771788
60772842
60773772
60774482
60774562
60775314
60775326
60776514
60776641
60777455
60779921
60783063
60785196
60785421
60785815
60787329
60788212
60788473
60789372
60791381
60791638
60791870
60795682
60796114
60797197
60797570
60799211
60800027
60800865
60801166
60801438
60801480
60802201
60802362
60807149
60807488
60808034
60808652
60809112
60809589
60811757
60811907
60814164
60814320
60815117
60815276
60816507
60817272
60817881
60818211
60819005
60819987
60820382
60820445
60820905
60821524
60821675
60821990
60822689
60822899
60824254
60826614
60827518
60829395
60831313
60832175
60832218
60835762
60838563
60838623
60839237
60840496
60845390
60848954
60850538
60851009
60851213
60851317
60851542
60855700
60855827
60858127
60858300
60858653
60859288
60859520
60860103
60860191
60861312
60862915
60863732
60863986
60864315
60865408
60867592
60868962
60869451
60869603
60870360
60871384
60871468
60871955
60872342
60873663
60873849
60874412
60875238
60877196
60877575
60877634
60878110
60881409
60881578
60882730
60883220
60883480
60885441
60886528
60887034
60887254
60887307
60888271
60888421
60891160
60891460
60891688
60891997
60893128
60893145
60894388
60894763
60895240
60895257
60895423
60895638
60896570
60896652
60897765
60899191
60899748
60900400
60900658
60901220
60902028
60902672
60903036
60903621
60905581
60905716
60907440
60910295
60912003
60912151
60912236
60914632
60915814
60916608
60916922
60917200
60918229
60919059
60919327
60919679
60921858
60924554
60924933
60927185
60927960
60928223
60928840
60929450
60931333
60933337
60936639
60937796
60938874
60939053
60939316
60939515
60940058
60941167
60942299
60942454
60943462
60944025
60944129
60944300
60945151
60945449
60947199
60947503
60948126
60948966
60949346
60951144
60952253
60952599
60953552
60953842
60954188
60954505
60960265
60961231
60961703
60963566
60964226
60964539
60964805
60968295
60969959
60971798
60972165
60974192
60974645
60975232
60975394
60975567
60976042
60976063
60976401
60977951
60979572
60980046
60980810
60980882
60981119
60981700
60981857
60983168
60984164
60984401
60987778
60989006
60989234
60990320
60990495
60990839
60991067
60991492
60992435
60992556
60992620
60993072
60995860
60996586
60998022
60999369
61000361
61003845
61004086
61004646
61004877
61007704
61008495
61008917
61008953
61010067
61010335
61011530
61011586
61012489
61012513
61012928
61014082
61014877
61015095
61015389
61016791
61018090
61018243
61018478
61019389
61020042
61021210
61023809
61023927
61024383
61025085
61025700
61026330
61026547
61026948
61027736
61028078
61028216
61028710
61031132
61031928
61034694
61035039
61036395
61036720
61036929
61038707
61038841
61038931
61040347
61040634
61043277
61045153
61045275
61045700
61046426
61047698
61048056
61049395
61049491
61052396
61053371
61054495
61055011
61057327
61058248
61060629
61061361
61061571
61062690
61063859
61066203
61066486
61066956
61067638
61067841
61068016
61068033
61068253
61068532
61068817
61069576
61070189
61070966
61072308
61072780
61075309
61078287
61079355
61079408
61080020
61080721
61082776
61085040
61085351
61086749
61088548
61088637
61089738
61093757
61095611
61096841
61096872
61097922
61098100
61101819
61101892
61102906
61103822
61105212
61108915
61108953
61110808
61111149
61112477
61112498
61113260
61113711
61114408
61115104
61115136
61115263
61115319
61119118
61121822
61123206
61124266
61124923
61124947
61126821
61127013
61127098
61128254
61128345
61128806
61130922
61132251
61135583
61138426
61140454
61141444
61143925
61144453
61145440
61145795
61147472
61147559
61148195
61150040
61151032
61151134
61152122
61152424
61153289
61153456
61157173
61158617
61159640
61160970
61162220
61162531
61164275
61164938
61166744
61166999
61167367
61167464
61169490
61171240
61171357
61172176
61172776
61173002
61174079
61174364
61179282
61182555
61185173
61186182
61187250
61188911
61191619
61192114
61193393
61193423
61195139
61195665
61196456
61196730
61196742
61201486
61201596
61201673
61202599
61202946
61204580
61206971
61207129
61207189
61207649
61208612
61209672
61209942
61210526
61211523
61211957
61212149
61212377
61212493
61213454
61214195
61214669
61214909
61215394
61215899
61216008
61216730
61217223
61217266
61217276
61217460
61217726
61221686
61222108
61222812
61226374
61227874
61228059
61228317
61228485
61230430
61230621
61231190
61231545
61232169
61234305
61234358
61235564
61236164
61237433
61237842
61237975
61238643
61240406
61240454
61240693
61242137
61242777
61243805
61244294
61244438
61244454
61245618
61245697
61249004
61249525
61249547
61251873
61252679
61252813
61253468
61253662
61254192
61254392
61255747
61255892
61256295
61256525
61258419
61259490
61260378
61261852
61261998
61263101
61263503
61265269
61266572
61268193
61269105
61269496
61270323
61271099
61272827
61273693
61275566
61275585
61275953
61276220
61276995
61277569
61279554
61279564
61283401
61283803
61284923
61286074
61286298
61286924
61287406
61288240
61288572
61288944
61293693
61294548
61295554
61298296
61299469
61300475
61300688
61301736
61303256
61303434
61303454
61304112
61304217
61304237
61305112
61306921
61307689
61308842
61309534
61310453
61311543
61312564
61312680
61314849
61315464
61322699
61323343
61323628
61324136
61324458
61325141
61325816
61326503
61326516
61326664
61327594
61327790
61327848
61328452
61328876
61330222
61331294
61331770
61332251
61334602
61335508
61335966
61338825
61339624
61342104
61342391
61342489
61342757
61343415
61343676
61343831
61345730
61345840
61346170
61348078
61348545
61350360
61352751
61355706
61358228
61359880
61360599
61361861
61363812
61366677
61367310
61367643
61368457
61368875
61369541
61373437
61374758
61375161
61375445
61375663
61380637
61383624
61384865
61385014
61385641
61386952
61389561
61389663
61392941
61395155
61395676
61399117
61400445
61400626
61401183
61401461
61402927
61405294
61406153
61406267
61406272
61407200
61408972
61410132
61410640
61411378
61411385
61412460
61413245
61413525
61413846
61414198
61414425
61414583
61414655
61414821
61416869
61419295
61419335
61423841
61425337
61426967
61428633
61428713
61429471
61430641
61433172
61433288
61433951
61434761
61435513
61435562
61435608
61435741
61436848
61437178
61438058
61438610
61439467
61440563
61440701
61442553
61443076
61444363
61445473
61445558
61447718
61448565
61448654
61449118
61449547
61451797
61452014
61452419
61453007
61453148
61453815
61454201
61454824
61456194
61456344
61456370
61456902
61457996
61459213
61459280
61459848
61461144
61464355
61467046
61469239
61469649
61469875
61470167
61471521
61472671
61472737
61473223
61474186
61474225
61474845
61474985
61475863
61477186
61477293
61477426
61479177
61481011
61481712
61482271
61482655
61483466
61484888
61485328
61485693
61485721
61485780
61488707
61491610
61492303
61492815
61493746
61494500
61494632
61496616
61497734
61498342
61498351
61498755
61499176
61504202
61504235
61504958
61505077
61506881
61509466
61510041
61510769
61516755
61517555
61518672
61518719
61521428
61521649
61523026
61523286
61523489
61524281
61525621
61525679
61528023
61528033
61528134
61528144
61529651
61532017
61532209
61532475
61533151
61533194
61535643
61536679
61537646
61538510
61539686
61541402
61542767
61543112
61543645
61543781
61545865
61547766
61549421
61549514
61550364
61551388
61551989
61552351
61557118
61557140
61557651
61557975
61559591
61560177
61561022
61563006
61563112
61563737
61565489
61565711
61567486
61567673
61568435
61569070
61572033
61572062
61572485
61572793
61572948
61574582
61575241
61575310
61575863
61576114
61578203
61580813
61581908
61582256
61582790
61584122
61584195
61585442
61585593
61586053
61587674
61588582
61590680
61591580
61592296
61593272
61594457
61596905
61599960
61600013
61600090
61604005
61604156
61604440
61604584
61605634
61605671
61607650
61608453
61609445
61611496
61611654
61612440
61612775
61613408
61616570
61616763
61618633
61620761
61621054
61621148
61621333
61622008
61622477
61623079
61623125
61623610
61631699
61631831
61635698
61636167
61636846
61637911
61639037
61640635
61641223
61643898
61647778
61649116
61649781
61654008
61655048
61655384
61655609
61656068
61656163
61656254
61656478
61656739
61658297
61660432
61662308
61662963
61663283
61663664
61665241
61667990
61668143
61670595
61670861
61671760
61673933
61674283
61675214
61675837
61675915
61678014
61678495
61679296
61680543
61681591
61681633
61682508
61684020
61684023
61685210
61686315
61686661
61687310
61689400
61689676
61690292
61691749
61691827
61694016
61694555
61694994
61695387
61696280
61696480
61696789
61697164
61697695
61699325
61699587
61701596
61705170
61706876
61707170
61708841
61711396
61713222
61713415
61716572
61717488
61717565
61717603
61717944
61718187
61723694
61724854
61725422
61726937
61727394
61728006
61730649
61731037
61731196
61733044
61737488
61737489
61737955
61738199
61738564
61740239
61740969
61741428
61741754
61742142
61743329
61745482
61746454
61749022
61749132
61749286
61749629
61752240
61753160
61755566
61755903
61756416
61756677
61759664
61762034
61762245
61762730
61765027
61765566
61765956
61766035
61766361
61766707
61767391
61767489
61767610
61768932
61768981
61769538
61769783
61771191
61771451
61771659
61771697
61772215
61772299
61772590
61772907
61773805
61774245
61775670
61776297
61776604
61777181
61778027
61779208
61779636
61780642
61780854
61780876
61784747
61786427
61787010
61787122
61787553
61787651
61789789
61790456
61791460
61792283
61792473
61793048
61793066
61794653
61797494
61800394
61806103
61806411
61806575
61806723
61807072
61807665
61807877
61808526
61814219
61816584
61816745
61816853
61817885
61818207
61818316
61819038
61821057
61821502
61821536
61821544
61822279
61822364
61823092
61824078
61824213
61826611
61826632
61827047
61828022
61832203
61833109
61833270
61835770
61836193
61836669
61836850
61837216
61839630
61839716
61839874
61839901
61842006
61842562
61843865
61845342
61848024
61848509
61848990
61851421
61852177
61853813
61854161
61854389
61854927
61855657
61855781
61856291
61859378
61859648
61860844
61861253
61862210
61862967
61864689
61865387
61865804
61867511
61867886
61868214
61868638
61869868
61870020
61870997
61872236
61872428
61873691
61873766
61874151
61877617
61877858
61878496
61878659
61879492
61879545
61880273
61883672
61885996
61886181
61887143
61887173
61888947
61889175
61889453
61892559
61894493
61894725
61895093
61896872
61896939
61897632
61898476
61899316
61901789
61901792
61902110
61902897
61903340
61903361
61904673
61905562
61906810
61907135
61908154
61909709
61909967
61910120
61910611
61911813
61912488
61912861
61914777
61914816
61915394
61915863
61916487
61918440
61919297
61920377
61920968
61922288
61922800
61922921
61923606
61923632
61924305
61924700
61925038
61926164
61927371
61928212
61928541
61928861
61928895
61930349
61931577
61933148
61933679
61934298
61934487
61934850
61935961
61937331
61937580
61938372
61938680
61938728
61939315
61940067
61942128
61942343
61948301
61949302
61949493
61950591
61957800
61957885
61960301
61962500
61962654
61964184
61964259
61965637
61965736
61966500
61968116
61969107
61970086
61970673
61971106
61971688
61974027
61974482
61975665
61977968
61980395
61981581
61982854
61983300
61983837
61984042
61984390
61985141
61985395
61986072
61987357
61987438
61987802
61987949
61989128
61989770
61992958
61993288
61994024
61995701
61995791
61999601
62001039
62001364
62001550
62001812
62002152
62003157
62003491
62003930
62005415
62006021
62010289
62010916
62011023
62011758
62012067
62013345
62013962
62014395
62014406
62015069
62015859
62016809
62018536
62021120
62021607
62024471
62024691
62024879
62024978
62027228
62027484
62028395
62028404
62028470
62028610
62028827
62031070
62031348
62033698
62036201
62037075
62038497
62039090
62040483
62040596
62043515
62043711
62045979
62046463
62048120
62049203
62051615
62053763
62054715
62056959
62058202
62058457
62058983
62059365
62060060
62062977
62065244
62065617
62067623
62067664
62067810
62067839
62068934
62069188
62071109
62071682
62072484
62073912
62074335
62075226
62075584
62076710
62078107
62078535
62078912
62080682
62081735
62083054
62083444
62085087
62085897
62086684
62087735
62088297
62089521
62089613
62090698
62092888
62094090
62095405
62095994
62096216
62096347
62098694
62098857
62099851
62101101
62101258
62101540
62101608
62101932
62102504
62103995
62104107
62105800
62107949
62110248
62110699
62110987
62111726
62111791
62115842
62117013
62117656
62122072
62122457
62123490
62126560
62126724
62128681
62128719
62130359
62130518
62130890
62131205
62132751
62135542
62135917
62143047
62143331
62143529
62143726
62143971
62145013
62145105
62145777
62145839
62146184
62146491
62146678
62147263
62147620
62147842
62148546
62150261
62150455
62151291
62153630
62154431
62156233
62157065
62157262
62158010
62158202
62159614
62163863
62164768
62164834
62165561
62166964
62167758
62167784
62169465
62169894
62170333
62170909
62171344
62172802
62172864
62173598
62175251
62175550
62176061
62178615
62179362
62179424
62179688
62182504
62182980
62183211
62183419
62184131
62184453
62184587
62185010
62186251
62187511
62187706
62189327
62189934
62189983
62190337
62191000
62191651
62192105
62192359
62192924
62193264
62194957
62196238
62199925
62201825
62203452
62203922
62205693
62205727
62207378
62207404
62207767
62210257
62210446
62211550
62212219
62213255
62214791
62215600
62215698
62215711
62216922
62218356
62218967
62220513
62220765
62220991
62222360
62223246
62224542
62225091
62226540
62227960
62228214
62228848
62230124
62230141
62230215
62233240
62234124
62234675
62236168
62236529
62237585
62238964
62242669
62243471
62243750
62244897
62244899
62245455
62247131
62247467
62248997
62249366
62250122
62251909
62253115
62253751
62254412
62256258
62256963
62259178
62260804
62262075
62265475
62265873
62266063
62266136
62266558
62267186
62267690
62269929
62270726
62271023
62271536
62271729
62272153
62272222
62273706
62274156
62274526
62275316
62275859
62276383
62276613
62278465
62279029
62279909
62281794
62282055
62282149
62282219
62282268
62284373
62285770
62291629
62293565
62296016
62296606
62298460
62298589
62301333
62301694
62304074
62304382
62304636
62305089
62305916
62306017
62306347
62308679
62309982
62310967
62311256
62312111
62312114
62312890
62312899
62312933
62313438
62313982
62314252
62315300
62315851
62316510
62316725
62318334
62319684
62320907
62321139
62321338
62323676
62324150
62325513
62328534
62329293
62329716
62330652
62331124
62334125
62335184
62336371
62336402
62336444
62336462
62338641
62343681
62345086
62345485
62350425
62350830
62351263
62352014
62352055
62353629
62355344
62356195
62360629
62360903
62361219
62363359
62363615
62363965
62364034
62364542
62365138
62365162
62365495
62365525
62367209
62368219
62368812
62369093
62370609
62371109
62371131
62372114
62373356
62373566
62373944
62374286
62374724
62375800
62376348
62377501
62378335
62379457
62379893
62379996
62380874
62382607
62382819
62382863
62383239
62386266
62387558
62390375
62390619
62390872
62391513
62391538
62392045
62393578
62393642
62394301
62395893
62400311
62400729
62400868
62402632
62402659
62402697
62403072
62403120
62403836
62403896
62404615
62405984
62406500
62407543
62407660
62409137
62409658
62412488
62413125
62415552
62415804
62419022
62420569
62421259
62421642
62423244
62423628
62423883
62423948
62426074
62427793
62427865
62431127
62432046
62432309
62437564
62437998
62438383
62438718
62439973
62442048
62443744
62443832
62444119
62445215
62445234
62446240
62449688
62451136
62452152
62452939
62453066
62454752
62456068
62456174
62458202
62458605
62458631
62459096
62460936
62461112
62461793
62461873
62462367
62464258
62464469
62466393
62466403
62468207
62468437
62472611
62473285
62474040
62474755
62477162
62478582
62479494
62481316
62482955
62483395
62483639
62485300
62488591
62490430
62491314
62492044
62492589
62493934
62494282
62495414
62495884
62501512
62502873
62504085
62504573
62504893
62505408
62505690
62506415
62507231
62509349
62511618
62515450
62515567
62516735
62520793
62523073
62525707
62526218
62528603
62528729
62529032
62532118
62532267
62533168
62535301
62537554
62538184
62538971
62541552
62546007
62547534
62548277
62548391
62550397
62552858
62553158
62553771
62554981
62555645
62557753
62560227
62561816
62561831
62563890
62563951
62564547
62565379
62566745
62571597
62571790
62572444
62572467
62572823
62573929
62577345
62577425
62577661
62577959
62578653
62578744
62579077
62579321
62579384
62579777
62582850
62583869
62585136
62588071
62589334
62589381
62589932
62590779
62592309
62592504
62592632
62592641
62592648
62594024
62596250
62596386
62599968
62600538
62601168
62604450
62605861
62607845
62608212
62608888
62609094
62611150
62611795
62612270
62614227
62616017
62617503
62618249
62618567
62618582
62619624
62619658
62619975
62620182
62620390
62621128
62624210
62625478
62626684
62627810
62628704
62628838
62629273
62630385
62630658
62631128
62632102
62633954
62636757
62638195
62639147
62639578
62641097
62642917
62645453
62645513
62647598
62648687
62648877
62650510
62653244
62653508
62654052
62654864
62655000
62655615
62656959
62658369
62658976
62661174
62661490
62663022
62664386
62664746
62665203
62666858
62666942
62667229
62668283
62669054
62669837
62671391
62671397
62673716
62674221
62674283
62676402
62679574
62680075
62682989
62683808
62684301
62684768
62685550
62686674
62689431
62689644
62690620
62690802
62690828
62691030
62691608
62692641
62693983
62695212
62695253
62697508
62699348
62701968
62704664
62704992
62705554
62705646
62709557
62709751
62712681
62712813
62715673
62715713
62715718
62715910
62717139
62718389
62719315
62719553
62720220
62720883
62721659
62722957
62724302
62725216
62725605
62727108
62727169
62727812
62729089
62729472
62730282
62730696
62732043
62732444
62733114
62733686
62733792
62734149
62734927
62735137
62735438
62738656
62738810
62741164
62741656
62743902
62744663
62745566
62749640
62750122
62750348
62750537
62751570
62751921
62751972
62753631
62754951
62755959
62756047
62756221
62757155
62757426
62759270
62761616
62761740
62763722
62764416
62768808
62771288
62772047
62772121
62772697
62773560
62774015
62775027
62775190
62777350
62777655
62778448
62779379
62779536
62781050
62781422
62783592
62784282
62784953
62785505
62788025
62788771
62789088
62792115
62793043
62797483
62801428
62802428
62802894
62804788
62806352
62806952
62808806
62811481
62811761
62812374
62814294
62814453
62815282
62816071
62816536
62816684
62817003
62818001
62819000
62820180
62820592
62821585
62821834
62823339
62825287
62826718
62826785
62827018
62827683
62828294
62829336
62830043
62830616
62831629
62834081
62834394
62836219
62839835
62843313
62844800
62845839
62846951
62848817
62848904
62850412
62850820
62850928
62851645
62853699
62853949
62855049
62857326
62857546
62857705
62857819
62858374
62860884
62864748
62865890
62866875
62866929
62867613
62868537
62869815
62870637
62872396
62872428
62872905
62873761
62873864
62873909
62876614
62877311
62878778
62879488
62881430
62881956
62882483
62883437
62885567
62885745
62887387
62889571
62891711
62894015
62895999
62900310
62902517
62903261
62905746
62906871
62907057
62907576
62908845
62909395
62909570
62909613
62910947
62911386
62912509
62912724
62912993
62913088
62913729
62914439
62914857
62915390
62916371
62917577
62917740
62917984
62919889
62920943
62921480
62922595
62923044
62923973
62924058
62924221
62925112
62929702
62929703
62930506
62931255
62931661
62932224
62934219
62936837
62937522
62938222
62940623
62942341
62942923
62944417
62944424
62944605
62945120
62945676
62947597
62950174
62950208
62951942
62951949
62952320
62954347
62955024
62956668
62957092
62958172
62958519
62959166
62960123
62960358
62962895
62964161
62964243
62966864
62967268
62967747
62969714
62969812
62972400
62972746
62974683
62976361
62978060
62978834
62979305
62980385
62982807
62983234
62984831
62985628
62985871
62986089
62986894
62987180
62987968
62988278
62992151
62992702
62992763
62993322
62994299
62994859
62998249
62998256
62998502
63000853
63001391
63002839
63003575
63003685
63006335
63007026
63012415
63013475
63013937
63013961
63018412
63019381
63020918
63021965
63024306
63024947
63025092
63025187
63026472
63026595
63027181
63028000
63030901
63031340
63031725
63034737
63035498
63035504
63035686
63038607
63038815
63038907
63040337
63040981
63042053
63042437
63043814
63045482
63045898
63047881
63049118
63050755
63050907
63051358
63052378
63053506
63053550
63057193
63057671
63057955
63058492
63058717
63059095
63059790
63060026
63061873
63063577
63063844
63064663
63064826
63065119
63066275
63066631
63067554
63068008
63068018
63069443
63069624
63069890
63070505
63070585
63071496
63072408
63072484
63072957
63073750
63073898
63075887
63077002
63077363
63077426
63077976
63079869
63082694
63083727
63083793
63084877
63085185
63085393
63088534
63091167
63091764
63092709
63095299
63096540
63096728
63097685
63097822
63098568
63099236
63099594
63100462
63101388
63102032
63102352
63104259
63104323
63107095
63107314
63107758
63110040
63110143
63110413
63111238
63113531
63115555
63115666
63116856
63117198
63117267
63117699
63117761
63121706
63122528
63123515
63123663
63124020
63124258
63124701
63125832
63125920
63126467
63127036
63127871
63132019
63132152
63133836
63133849
63133953
63134379
63134531
63135351
63135754
63138200
63138624
63138819
63140855
63141054
63142083
63142096
63142210
63142354
63142719
63145218
63145540
63146805
63148560
63149551
63149753
63150290
63150629
63151137
63152163
63153056
63153472
63154349
63154539
63155598
63156467
63160152
63160457
63160548
63161098
63162100
63166821
63167846
63167989
63168004
63169394
63169926
63171627
63171894
63171984
63174275
63174866
63174945
63175435
63175517
63176107
63176382
63178094
63178259
63178279
63179717
63180068
63181059
63181142
63182054
63182488
63183078
63183830
63184210
63187139
63188059
63188532
63189799
63190835
63190952
63191422
63191457
63191967
63192213
63192975
63193474
63193594
63195590
63197499
63197711
63199814
63199846
63200787
63201497
63201662
63201930
63202797
63203169
63206339
63207342
63207479
63208859
63209094
63209425
63209641
63210595
63211287
63211863
63213691
63215081
63215242
63216489
63216979
63217541
63217654
63218068
63218512
63220744
63222248
63222497
63222742
63224271
63224527
63226109
63226359
63228801
63229793
63230673
63231224
63232288
63236783
63237984
63238694
63239537
63241140
63241319
63241333
63242092
63243159
63244486
63245675
63246028
63246853
63246883
63247838
63249492
63252068
63254279
63255120
63255680
63256226
63257925
63260279
63260704
63262903
63263560
63263970
63265064
63267568
63267640
63268066
63270284
63272042
63276955
63280434
63280496
63280554
63280680
63281709
63282209
63282654
63287194
63287355
63287732
63288368
63288596
63289774
63290256
63293446
63293939
63295796
63296898
63297813
63299218
63299817
63300217
63300954
63304155
63305233
63305875
63306295
63306391
63306993
63308406
63309036
63310932
63311504
63312164
63313046
63313413
63314136
63315593
63317343
63317523
63318176
63318928
63319051
63319171
63321344
63323415
63323698
63325256
63326804
63329409
63329640
63330181
63331235
63332523
63333581
63333991
63334076
63337038
63337529
63337926
63339163
63340533
63340713
63342209
63342678
63342928
63344062
63344698
63347205
63347457
63348300
63348307
63349917
63351303
63357254
63358574
63360006
63360324
63361091
63362712
63363733
63364719
63364738
63365536
63366381
63367143
63368407
63369834
63370753
63371388
63372216
63373143
63373435
63374043
63374480
63374797
63375181
63376018
63376955
63377817
63379945
63380252
63380266
63380849
63382236
63384034
63384794
63386263
63387208
63387410
63387461
63388942
63389452
63391224
63391663
63391831
63392298
63392845
63394367
63394946
63397144
63397531
63398160
63398561
63398693
63398860
63402364
63402650
63403987
63404630
63404979
63405116
63405500
63405851
63407021
63407047
63407272
63409073
63410883
63411376
63411795
63411827
63412327
63414472
63414545
63414980
63417994
63419852
63421110
63422028
63423152
63423402
63424351
63424553
63425000
63427036
63429150
63429680
63430830
63430999
63431736
63432767
63433176
63433282
63433664
63435441
63436403
63436643
63437105
63438877
63439255
63439392
63440831
63446008
63448184
63449085
63450516
63450726
63451588
63453077
63454106
63454778
63454989
63455892
63457455
63457995
63459898
63460170
63461082
63461570
63463896
63464334
63464834
63469372
63469914
63473812
63474033
63474412
63476026
63477851
63481353
63481447
63481608
63481797
63481972
63482490
63482521
63483243
63483848
63484049
63485847
63488552
63488839
63489348
63490092
63491242
63492827
63494290
63495769
63495929
63500732
63502724
63502923
63502927
63502947
63505691
63506512
63506531
63508357
63508844
63509922
63509974
63512627
63514921
63515624
63516094
63516387
63516941
63516986
63517577
63518827
63518894
63519947
63520009
63521335
63521929
63523889
63525919
63528090
63530347
63531438
63532708
63533443
63533500
63533805
63534782
63536185
63537336
63538371
63538590
63538641
63539590
63539966
63540928
63541182
63541573
63541657
63542673
63543896
63543929
63544167
63544573
63545170
63545375
63545725
63548253
63548749
63549550
63550616
63553926
63554061
63554620
63555187
63555662
63558009
63558440
63559135
63559266
63559524
63560263
63560289
63561172
63561576
63561767
63562365
63562378
63562958
63563406
63565178
63566438
63570259
63571122
63572140
63573301
63574016
63575916
63576443
63576489
63577048
63577592
63578421
63579221
63580889
63582334
63582537
63582971
63583349
63584629
63584680
63584863
63585119
63585237
63585986
63586613
63586743
63587539
63588103
63589030
63592452
63592528
63595863
63596287
63596407
63596943
63597689
63598282
63598429
63598657
63600153
63600573
63601487
63601811
63602527
63604279
63604328
63604365
63604818
63604828
63606441
63606627
63607080
63607213
63608800
63609317
63610020
63610518
63611589
63612281
63612433
63613189
63613500
63613967
63614573
63616007
63616970
63617029
63617549
63617738
63617767
63619420
63623860
63625212
63625618
63628928
63630865
63632249
63634251
63636515
63637312
63637906
63639427
63641389
63642105
63644176
63645470
63645562
63645847
63646046
63646155
63646494
63649940
63650357
63653567
63653690
63653787
63654820
63655158
63657152
63658690
63659369
63659648
63660493
63660887
63662285
63666579
63668973
63669065
63672398
63672607
63673905
63673985
63674613
63675680
63677489
63678024
63678218
63680989
63683359
63683739
63686372
63687896
63688669
63688685
63690100
63691283
63692501
63692856
63695025
63695233
63695246
63695344
63695346
63695759
63696176
63696278
63696929
63697356
63697764
63697977
63698335
63698420
63699826
63701495
63702238
63702683
63703158
63703699
63704321
63704463
63706533
63709054
63709724
63713166
63713499
63714763
63715179
63715184
63715236
63715648
63716559
63717559
63718088
63718582
63719766
63720632
63720718
63721148
63722811
63722825
63723578
63723669
63723896
63724781
63726936
63727025
63727107
63727269
63727485
63728470
63728847
63729405
63729439
63729850
63730050
63730431
63731064
63731819
63732408
63732465
63732970
63733039
63733595
63733841
63733869
63734252
63735425
63736162
63736212
63737894
63738630
63738810
63739005
63739506
63739747
63741039
63745889
63748044
63753876
63755272
63759274
63760274
63760794
63761969
63763445
63765142
63768236
63768377
63768404
63768965
63769639
63771720
63774133
63774684
63776280
63777515
63778047
63779384
63780187
63780929
63781582
63782658
63782705
63782885
63783187
63783281
63783961
63787464
63789175
63789440
63789750
63791320
63791651
63796343
63797115
63798298
63801569
63802021
63803737
63804147
63806350
63807105
63808364
63810330
63811952
63814144
63815494
63815683
63815697
63816042
63819982
63820451
63820568
63824507
63825481
63826867
63827503
63829949
63830372
63830493
63831418
63832068
63832396
63833551
63833925
63834338
63836389
63836724
63837078
63837621
63837669
63837847
63838030
63838194
63839985
63841079
63841910
63844258
63844412
63845445
63845946
63847163
63847325
63848982
63850736
63851287
63852097
63852434
63852563
63852834
63857650
63859894
63860268
63860394
63860678
63860744
63861474
63862177
63862262
63862517
63862843
63864076
63864322
63865006
63865585
63866746
63867993
63868130
63868261
63868286
63869079
63869876
63870020
63870080
63872605
63875162
63875700
63877602
63881463
63882089
63884837
63885310
63886149
63888323
63889311
63889312
63892444
63893102
63893121
63893558
63894187
63899874
63899930
63900081
63900135
63901781
63903876
63904001
63906952
63908407
63908898
63909453
63909465
63912626
63912828
63914240
63914714
63917095
63917384
63918769
63918847
63919587
63919907
63919977
63920316
63920651
63921605
63921720
63921913
63922841
63923372
63924034
63926166
63927476
63928214
63928545
63929185
63930727
63931022
63931402
63931880
63932497
63935665
63937051
63937828
63939550
63941683
63942794
63943071
63943905
63945115
63945308
63945614
63946272
63946652
63947449
63947519
63951210
63953458
63955393
63956045
63956659
63958633
63959436
63960038
63960898
63961660
63961851
63962190
63963476
63966939
63967553
63968056
63968467
63968946
63969142
63969348
63969578
63969992
63970480
63971013
63971507
63971718
63972066
63972455
63973063
63973237
63975645
63976786
63977067
63977962
63978385
63979702
63981624
63982711
63984830
63985716
63985998
63986391
63987096
63988985
63989419
63990527
63991263
63991871
63992031
63992105
63993471
63993475
63993682
63994924
63995860
63995913
63996230
63996632
63997080
63997379
63997431
63997799
63998578
63998756
63999739
64000933
64001609
64002347
64002646
64003316
64003333
64004101
64004504
64005756
64005989
64006673
64007516
64009417
64010409
64011670
64013724
64015325
64015552
64015592
64015895
64018411
64018781
64019136
64021431
64021834
64023489
64025619
64030027
64030044
64030487
64030858
64030978
64033882
64035481
64036089
64036095
64036365
64037945
64040071
64040812
64041927
64043381
64046237
64046810
64050584
64051222
64052253
64054303
64054544
64059068
64059746
64060514
64063707
64064673
64067280
64067614
64068039
64068414
64068948
64069425
64071714
64073271
64075580
64075629
64076489
64077726
64080099
64081087
64082055
64082804
64083494
64083996
64084715
64085159
64085310
64085791
64089052
64089951
64090572
64091448
64092715
64093913
64096708
64099153
64099554
64100114
64100922
64101392
64101408
64102579
64103606
64103912
64104246
64105410
64105877
64105930
64111113
64114036
64114043
64114221
64114251
64114593
64114803
64115841
64116362
64117919
64119239
64119726
64121252
64122817
64123420
64123707
64127867
64131314
64132366
64132712
64132903
64134251
64134654
64136403
64137343
64138054
64139266
64139933
64140270
64142265
64146251
64151878
64153249
64154172
64154596
64156138
64157331
64157929
64158800
64161561
64162953
64163504
64165645
64166305
64170039
64170668
64173386
64173395
64174787
64175195
64175356
64177056
64179868
64180131
64180472
64180488
64181621
64182273
64182780
64183040
64184707
64185474
64187587
64187895
64188387
64188958
64189263
64189476
64189781
64190448
64190701
64190721
64192137
64193042
64193049
64194023
64196211
64197731
64198514
64198944
64199033
64199191
64199228
64200694
64200733
64201309
64205049
64205127
64205221
64205380
64205866
64208166
64208442
64209875
64209943
64210676
64212086
64212253
64212807
64214057
64215060
64215283
64215788
64216857
64216979
64217225
64217871
64219674
64220011
64222305
64224760
64225466
64227310
64227366
64227978
64228674
64230064
64233410
64234227
64236302
64241027
64241397
64243595
64245042
64245343
64247077
64248731
64248790
64249118
64250209
64251933
64252205
64252953
64254637
64254706
64255018
64256437
64256765
64256800
64257421
64258162
64258784
64258817
64259620
64261898
64262346
64265413
64266104
64266373
64266475
64266790
64269483
64270076
64271558
64271703
64271833
64271881
64273710
64273808
64274737
64275797
64277208
64277245
64277931
64277995
64278105
64278296
64279671
64279971
64280797
64280921
64281729
64281852
64283943
64286197
64287218
64287273
64287772
64287863
64287873
64288500
64288929
64290678
64291216
64291599
64293132
64294443
64298074
64298658
64299148
64300930
64301276
64304823
64307616
64308224
64308392
64309567
64310413
64312089
64312353
64312760
64313267
64313475
64315902
64316214
64316496
64316841
64316996
64317394
64317612
64317730
64318324
64318409
64321792
64324848
64326441
64327174
64329441
64329883
64330028
64331966
64333148
64333466
64336045
64336097
64336254
64339388
64339677
64340000
64340200
64341400
64342479
64343201
64345085
64346834
64348569
64349348
64349747
64351832
64354434
64355290
64355531
64355957
64357181
64358670
64358969
64359107
64359847
64359903
64360568
64361808
64362557
64363493
64365434
64366996
64367248
64368262
64369730
64370467
64371388
64371900
64373458
64374848
64375057
64377166
64377393
64378331
64378574
64380388
64381020
64381921
64382155
64382977
64383467
64387592
64387599
64393080
64395377
64395527
64396670
64398125
64399577
64399823
64404694
64405060
64405512
64406325
64408372
64408940
64409997
64413340
64413640
64414093
64416180
64418331
64418758
64419444
64420002
64423555
64425917
64426718
64426922
64426988
64428388
64429642
64430538
64431612
64431822
64433570
64435190
64436431
64436474
64438871
64440806
64440933
64441545
64442079
64443799
64446169
64446179
64447263
64447952
64448074
64449081
64450415
64452414
64456480
64457754
64459130
64461050
64462748
64463100
64463687
64464062
64464347
64465950
64466642
64467263
64468138
64468152
64468586
64469879
64469963
64470508
64471524
64472595
64474159
64474823
64475912
64476041
64476742
64478145
64478238
64479395
64479428
64480885
64481042
64481256
64481318
64481336
64481598
64481609
64482820
64483641
64483772
64484744
64484747
64486044
64487117
64487792
64488097
64489726
64489808
64490180
64491098
64491302
64492536
64493520
64493656
64495536
64495668
64496425
64497386
64498595
64498654
64500417
64503785
64504742
64506795
64510689
64512027
64512815
64513379
64513622
64516360
64517422
64522685
64523112
64524276
64524663
64525013
64526697
64527143
64528137
64528712
64528951
64529182
64529227
64529989
64532619
64532685
64532898
64533810
64534089
64535451
64535464
64535895
64537558
64537834
64538117
64538706
64539398
64539490
64540634
64541642
64542729
64543341
64543371
64545730
64546230
64547688
64548325
64549616
64552573
64553231
64553293
64553778
64555025
64555554
64561311
64562374
64562936
64563635
64564099
64565120
64565370
64566364
64566934
64568678
64570661
64572755
64573644
64574456
64575071
64575117
64578630
64578762
64579455
64581564
64581639
64582036
64582407
64582711
64585618
64586588
64586732
64587898
64589542
64589725
64590553
64591054
64591190
64591322
64591581
64594088
64595579
64596503
64597041
64597455
64598167
64598923
64601459
64602191
64602958
64603546
64606833
64608288
64609875
64610599
64611183
64612320
64612618
64612668
64612997
64613595
64613857
64614052
64615524
64615561
64616637
64619794
64620428
64621527
64621853
64622174
64622188
64622604
64623383
64625235
64627479
64628070
64628408
64628761
64630252
64632066
64635885
64636286
64637055
64638619
64638823
64639935
64641617
64641750
64642553
64642647
64642957
64646194
64647294
64648438
64648810
64649094
64650440
64653058
64653859
64654483
64655675
64657363
64657667
64657836
64659191
64660894
64663278
64666023
64668939
64670005
64670302
64670991
64672520
64672590
64672935
64673113
64673141
64676099
64680961
64682077
64682252
64682531
64682537
64683425
64683506
64685696
64688940
64689395
64689969
64692130
64692193
64693042
64696432
64696916
64697129
64698237
64699989
64700172
64701849
64702194
64702387
64702529
64702849
64702925
64707236
64707720
64707838
64709513
64710444
64710908
64712102
64712451
64712566
64713146
64713452
64714670
64715566
64715995
64716210
64716365
64717944
64718137
64718365
64718584
64719372
64720021
64721635
64722232
64722291
64723477
64725282
64727173
64730322
64731404
64731969
64732147
64732794
64738067
64739555
64739950
64740662
64742125
64743230
64743387
64744281
64744590
64744682
64744964
64745852
64746517
64747138
64749808
64751654
64752231
64755706
64755726
64756399
64756410
64756695
64757000
64757170
64759009
64759179
64759996
64762191
64763744
64764464
64764506
64767183
64767215
64767335
64767783
64769260
64769261
64770333
64771602
64771769
64771844
64772268
64773321
64777625
64777864
64778652
64779308
64779669
64781956
64782142
64783521
64783604
64783790
64784590
64787065
64787744
64789740
64790303
64791014
64791834
64793078
64796438
64797411
64797678
64799493
64800099
64802325
64803086
64803323
64804570
64806485
64806915
64807392
64811674
64812367
64814358
64817230
64817429
64817663
64818030
64818938
64819719
64819756
64822857
64824154
64825166
64826670
64828923
64829389
64829669
64830696
64830809
64832029
64833468
64836671
64837748
64837853
64838263
64839594
64840922
64842660
64842846
64842882
64843143
64843530
64843862
64843897
64844742
64844927
64847454
64849775
64850109
64851704
64853044
64854563
64855088
64855302
64858203
64863150
64863590
64863842
64864003
64864146
64864697
64865087
64867032
64867626
64867764
64867809
64869406
64870182
64870281
64871111
64874074
64876481
64877167
64877175
64879146
64879943
64880108
64880308
64880483
64881814
64882332
64882993
64883953
64884670
64888253
64888355
64889205
64889809
64890505
64890967
64893246
64893785
64893936
64894333
64894729
64894960
64894981
64896575
64898377
64898669
64902028
64902874
64903150
64904922
64905660
64911705
64913616
64913872
64914236
64914697
64914988
64916141
64916146
64916204
64919405
64922188
64922445
64922822
64923735
64925522
64926178
64926313
64927109
64927485
64928712
64929189
64929246
64929709
64930142
64930620
64931883
64932699
64933357
64935475
64935742
64939013
64940557
64940567
64943516
64944298
64944305
64945658
64945864
64948493
64948835
64949243
64949433
64949805
64953226
64954076
64954396
64954423
64954699
64958696
64960600
64961168
64964622
64964934
64965529
64966232
64966704
64967606
64968007
64969653
64970064
64970584
64974245
64974720
64974772
64975404
64976342
64977057
64979962
64982119
64983128
64983203
64984400
64985553
64987079
64987267
64988034
64989577
64990435
64992426
64992661
64993028
64993537
64994010
64994812
64995086
64995354
64995591
64997575
64998368
64998860
64999433
65003652
65004653
65007200
65007459
65007530
65007740
65008609
65009006
65011680
65011787
65012122
65014761
65015772
65016103
65018329
65018436
65018642
65019206
65019257
65023119
65023164
65024094
65024805
65025705
65029451
65030273
65032172
65032899
65033340
65033587
65033648
65035598
65035657
65035667
65035969
65036948
65038037
65039075
65040700
65041138
65041311
65041510
65042161
65042353
65043108
65047236
65050173
65050252
65051073
65051695
65052579
65052916
65052938
65053619
65053908
65054513
65054815
65055025
65055355
65056916
65057336
65059528
65060028
65061190
65063283
65063411
65063976
65064008
65065630
65067537
65068060
65068298
65069883
65075861
65077618
65077864
65079143
65080263
65080585
65081333
65082045
65082102
65082169
65082587
65082784
65084661
65084719
65085300
65086738
65087105
65088274
65089577
65089615
65090023
65090424
65091733
65092789
65094347
65096847
65098062
65098469
65100177
65100428
65101884
65102649
65103644
65103838
65104061
65109675
65109854
65110832
65110960
65113929
65114399
65115281
65116322
65117093
65117698
65120481
65121683
65122376
65124912
65125269
65126483
65126550
65128586
65128666
65130865
65131747
65131857
65132743
65135201
65136149
65137626
65139157
65140950
65141387
65141955
65142514
65145297
65145653
65146916
65147422
65148761
65149035
65151093
65151231
65152422
65152850
65154738
65154803
65155316
65157153
65158383
65159326
65159689
65162983
65163430
65163798
65163811
65164388
65165778
65166233
65166886
65166911
65169251
65171676
65174087
65175079
65175799
65179947
65181112
65181648
65181765
65181819
65182224
65183333
65184410
65184646
65186723
65187118
65188533
65189438
65189712
65192513
65194872
65196261
65197358
65197401
65199898
65200148
65200287
65202646
65204785
65205473
65205893
65208435
65208604
65208696
65208810
65209469
65210157
65210205
65211190
65211223
65214359
65214412
65214879
65216242
65216738
65217421
65218296
65218753
65219822
65219904
65220319
65220748
65221722
65224158
65225467
65225757
65225840
65225841
65226818
65227723
65228535
65229496
65229497
65232435
65234996
65235572
65235952
65236633
65238729
65240144
65241100
65242156
65243312
65243366
65244118
65248523
65248549
65249390
65249732
65251163
65251533
65252102
65252581
65252874
65255115
65255584
65256927
65257692
65258733
65259607
65260270
65263028
65264320
65264580
65264860
65265699
65266178
65268280
65268732
65268828
65268905
65269328
65269412
65270806
65271974
65272502
65273703
65273797
65274973
65275117
65275395
65275936
65275977
65277028
65277111
65277802
65278845
65282203
65283659
65285294
65286368
65289952
65290364
65290751
65292100
65293067
65294487
65294788
65296027
65297400
65298024
65298403
65299245
65299603
65300411
65301591
65302094
65302406
65302659
65304816
65305462
65305715
65308062
65310874
65311205
65311817
65311851
65313057
65314414
65314742
65315141
65315479
65317756
65318117
65319238
65319770
65319931
65320544
65321382
65321395
65321753
65322397
65323947
65325199
65326460
65326548
65326787
65332271
65333946
65335120
65335181
65335482
65336499
65337822
65338134
65338800
65340467
65340518
65342229
65342342
65343616
65344357
65345128
65345348
65345452
65345837
65346013
65347509
65347728
65348781
65349641
65349833
65350540
65351199
65352036
65354844
65355780
65356320
65358589
65359090
65359668
65360192
65361170
65363092
65363219
65365936
65369583
65371572
65371853
65374870
65376004
65377902
65379008
65379953
65383614
65384556
65384749
65386580
65387725
65387965
65389589
65389988
65390879
65391137
65391256
65392698
65393775
65394993
65396050
65396484
65400901
65400986
65402764
65403701
65404146
65404850
65407251
65407506
65407960
65408006
65409954
65410125
65410667
65411700
65413577
65415306
65415337
65415974
65416911
65418421
65419352
65419829
65419891
65420157
65421510
65424216
65424885
65425092
65427118
65427611
65429091
65429650
65430174
65430302
65430674
65431766
65432046
65432053
65432687
65433002
65433400
65435642
65437844
65438341
65441939
65441993
65443615
65443628
65445121
65445168
65445525
65445848
65449429
65449910
65450100
65450221
65450335
65450681
65451351
65453166
65453376
65453429
65453720
65454785
65457796
65463086
65463132
65463211
65466889
65467163
65467918
65469731
65470834
65470955
65471138
65471290
65471984
65475674
65476994
65477018
65477163
65478354
65478707
65479127
65479349
65479608
65479724
65483005
65485030
65488223
65491202
65493068
65493921
65494788
65496433
65496963
65497987
65498728
65499762
65500816
65503460
65504221
65507352
65508291
65511963
65512214
65512795
65513373
65513510
65513822
65514604
65514730
65515175
65515288
65516472
65517389
65518636
65519541
65521964
65523260
65523712
65524073
65524510
65525207
65525210
65526134
65526336
65526683
65526715
65527308
65527375
65528067
65528667
65529051
65530149
65530169
65531771
65531987
65533013
65534015
65534059
65534425
65534494
65535180
65535348
65535518
65535530
65536169
65538147
65538318
65539501
65539521
65539768
65540707
65542595
65542688
65543205
65543564
65545024
65546384
65547360
65547434
65549917
65555347
65555566
65557666
65557723
65558700
65559149
65559230
65560387
65564687
65565298
65565597
65566886
65567003
65568844
65569067
65569635
65570300
65571361
65572729
65573851
65573877
65574662
65575207
65575808
65575956
65576213
65577160
65578734
65579548
65580570
65580752
65581613
65581713
65582257
65585722
65586428
65592138
65592760
65593343
65593929
65594075
65595812
65596062
65598711
65603830
65603845
65604079
65604774
65605065
65605654
65606069
65606391
65608538
65609379
65609708
65610054
65610353
65613654
65613832
65614320
65614874
65616524
65617774
65618063
65618337
65620401
65620447
65620860
65624843
65625144
65627013
65627524
65629343
65630291
65630349
65630621
65631212
65632882
65633669
65635752
65636143
65636875
65637712
65639148
65639999
65641258
65641541
65641573
65644207
65645353
65645462
65645672
65645744
65646130
65646323
65646433
65647021
65647650
65648380
65648753
65651230
65654706
65655526
65655873
65656627
65657473
65658797
65658972
65659837
65661110
65661787
65663590
65663681
65663746
65664009
65666288
65666498
65666911
65669891
65670268
65670749
65673121
65675590
65676964
65678288
65679047
65679779
65680516
65682567
65682810
65682917
65684001
65684450
65684585
65687367
65690760
65692080
65693924
65694038
65694045
65695043
65695229
65695918
65697427
65699013
65699110
65702105
65704658
65705089
65705196
65706214
65706438
65707333
65707576
65709924
65712662
65713961
65714110
65714214
65715181
65715496
65715716
65715873
65716091
65717309
65718414
65718640
65722030
65722673
65723137
65727209
65728717
65729762
65729850
65732169
65736846
65737136
65738870
65740036
65740400
65741381
65744917
65746085
65746104
65751000
65751340
65751370
65752778
65754558
65755054
65756936
65757033
65757673
65759022
65760463
65760850
65761232
65762459
65765083
65766986
65767685
65767828
65768647
65769401
65769687
65769916
65770619
65770907
65774300
65775327
65776241
65776682
65776715
65776905
65777855
65778330
65778494
65779034
65779047
65779108
65779236
65779538
65780623
65780775
65781333
65782401
65786649
65790004
65790669
65791804
65792379
65792454
65792749
65793759
65796479
65797744
65798686
65799729
65800289
65802263
65802771
65803238
65804038
65807017
65808087
65809473
65810642
65811260
65811317
65811325
65811875
65811941
65812104
65812955
65813895
65814814
65815017
65815664
65816098
65817145
65817532
65817715
65818175
65818579
65818744
65819304
65819796
65821716
65821743
65822380
65824546
65825262
65826121
65826152
65827458
65828588
65829144
65829146
65832231
65833918
65834110
65834718
65834916
65836262
65837727
65838226
65838237
65838398
65838904
65839702
65840438
65840632
65840763
65841004
65842162
65842904
65842933
65844860
65845066
65845287
65846624
65847258
65847681
65848757
65848897
65850783
65851164
65852770
65852961
65853303
65855518
65857881
65858012
65858360
65859304
65859451
65859565
65860061
65863181
65865373
65865454
65866125
65867595
65867688
65867760
65868272
65869786
65869852
65870420
65870534
65870908
65874779
65875200
65875378
65875830
65876620
65876924
65878060
65878303
65879752
65880113
65880335
65881724
65882046
65884229
65884623
65885973
65886030
65887284
65887818
65889353
65889517
65890183
65890329
65891163
65892915
65893145
65893857
65893962
65894870
65895196
65895351
65895494
65895533
65896696
65897219
65900307
65901195
65901885
65902440
65904510
65905583
65905864
65906837
65906841
65909702
65910139
65910245
65910491
65911209
65912246
65912801
65913491
65914192
65914731
65915047
65915202
65915283
65916227
65916881
65916903
65919584
65921745
65923591
65926889
65927774
65927890
65928309
65928652
65929505
65932621
65933037
65934922
65937784
65937854
65938475
65939337
65939468
65941954
65942331
65942802
65942887
65944617
65945287
65945661
65945949
65946847
65952016
65952350
65952595
65952888
65953095
65953544
65953891
65954255
65954494
65955329
65957739
65958085
65959809
65960481
65960711
65961739
65961801
65961815
65963322
65964097
65964394
65965276
65967448
65970674
65972463
65973748
65974746
65975883
65977137
65978076
65978123
65978338
65978525
65978571
65981507
65981701
65982304
65983877
65984013
65984100
65984609
65987111
65987636
65987872
65987927
65989058
65990034
65990558
65991483
65992475
65992723
65993764
65994209
65994335
65994374
65995916
65997038
65997353
65997575
65997780
65997979
65998319
65998330
66001106
66003853
66004771
66005098
66005767
66006460
66010256
66010706
66010936
66011040
66011292
66013165
66015507
66016435
66017935
66019888
66021288
66021402
66022310
66025664
66025948
66026971
66027043
66027431
66029534
66029590
66033009
66033016
66034587
66034666
66034995
66035050
66036393
66037913
66038681
66038997
66039568
66040204
66041312
66042812
66042903
66043709
66045274
66045566
66046693
66046695
66047752
66052531
66053505
66053575
66054312
66055421
66055891
66060051
66060289
66060625
66061225
66061636
66065552
66065625
66065913
66065990
66068777
66069246
66070241
66072249
66072490
66074301
66077091
66080806
66080843
66080874
66081158
66081760
66084903
66085524
66086748
66087497
66090005
66091674
66091781
66093866
66094650
66094902
66095236
66096209
66096285
66098362
66098525
66099196
66099893
66101662
66102083
66102567
66102828
66103980
66104380
66107524
66111039
66111215
66112895
66113110
66113385
66115765
66115841
66116342
66116910
66117451
66118957
66119535
66119571
66120776
66121981
66122060
66122158
66122740
66122936
66124358
66126295
66127947
66129080
66130294
66130323
66130324
66130666
66130681
66132106
66135332
66136537
66137548
66139319
66140069
66141583
66141777
66142725
66143049
66144246
66145774
66145997
66147559
66147579
66147841
66148102
66149278
66149462
66152956
66154067
66154241
66155186
66156093
66157452
66158673
66161613
66161853
66162202
66162965
66164526
66164688
66165757
66166048
66166580
66166741
66167430
66167563
66167803
66168307
66168686
66168894
66169858
66170458
66170785
66170884
66171061
66171993
66172432
66173334
66175581
66175951
66176031
66176080
66177073
66178331
66178541
66179465
66180344
66181786
66182662
66183001
66184216
66184649
66185035
66185975
66188264
66189546
66189777
66190847
66191073
66192059
66192652
66194067
66196382
66199740
66199881
66200246
66202837
66203639
66203738
66208659
66208728
66211719
66212752
66214520
66215748
66216456
66217748
66220651
66220947
66221713
66223246
66224048
66224539
66225118
66225181
66225398
66225408
66225441
66226301
66226744
66229777
66229947
66231055
66231708
66231992
66234064
66234168
66234781
66235548
66235907
66238574
66240612
66240805
66242320
66243846
66244347
66245685
66247126
66247278
66248781
66249931
66251211
66252048
66252790
66253048
66253065
66253213
66254578
66258842
66261081
66261303
66262931
66264189
66264701
66265010
66266658
66267219
66268947
66269853
66270221
66271017
66274309
66275402
66276072
66276279
66277024
66277877
66278265
66279210
66280027
66280830
66281388
66282560
66283981
66286177
66286275
66291096
66291469
66291802
66293229
66293696
66294163
66294734
66298133
66302269
66302379
66302450
66304212
66305077
66305374
66306105
66306502
66308283
66309343
66310112
66313131
66313197
66313522
66315244
66315359
66316975
66317044
66317520
66317977
66318657
66319074
66319264
66321150
66323037
66323551
66323560
66326127
66327923
66330432
66330771
66331270
66332051
66332432
66334640
66335645
66336447
66338559
66339333
66342280
66343171
66344695
66345446
66345620
66345702
66346709
66347693
66347755
66348045
66349917
66350662
66351268
66352849
66353000
66353255
66353912
66354175
66354180
66356530
66359158
66359778
66360510
66360702
66362339
66362606
66363342
66364384
66364877
66366924
66367397
66369319
66369717
66372099
66372523
66372813
66373810
66374934
66375258
66375439
66379262
66381288
66384860
66386094
66387246
66388378
66389110
66389996
66391266
66392224
66393065
66395871
66396319
66399516
66400084
66403700
66403941
66404207
66405189
66408882
66409428
66409861
66411958
66413269
66413316
66413353
66413366
66415389
66416643
66416859
66418337
66418594
66421101
66421739
66422368
66422705
66423575
66423732
66423837
66424119
66424981
66424984
66425657
66425800
66428236
66428279
66428511
66428759
66429063
66429095
66430397
66430883
66431104
66431561
66433105
66433728
66433959
66434426
66434565
66436808
66436842
66438792
66439348
66440823
66441201
66441251
66443354
66443407
66445238
66448559
66451708
66452258
66455097
66456043
66457090
66458477
66458577
66459478
66460810
66460815
66461764
66462542
66463577
66465010
66465834
66469934
66470782
66470866
66473052
66473852
66473996
66474713
66475313
66476033
66476298
66476695
66477652
66477866
66478091
66478665
66479373
66479831
66480687
66480906
66481027
66481885
66482196
66482219
66483119
66483275
66483420
66485758
66485777
66486379
66486755
66487310
66489301
66489302
66491700
66492451
66492507
66492787
66495738
66495786
66496329
66497284
66498703
66498913
66498917
66498932
66500665
66500726
66501121
66501852
66501943
66501967
66505859
66505927
66505939
66506548
66506899
66511207
66513238
66513637
66513956
66514313
66514912
66515024
66515096
66515217
66515286
66515425
66516329
66517227
66519519
66520220
66520752
66521096
66524861
66526254
66528415
66528724
66529367
66532017
66532158
66532552
66533401
66534589
66535698
66535808
66537401
66537411
66537597
66538181
66539615
66540309
66541443
66541473
66542805
66543273
66543529
66544513
66545378
66545476
66546541
66547190
66547214
66547299
66547494
66549837
66550163
66550794
66550843
66554287
66558294
66558814
66558989
66559938
66561936
66561978
66562497
66562688
66562797
66563058
66564166
66565050
66566352
66566782
66567593
66568701
66569035
66569914
66570530
66570663
66571688
66572741
66573189
66573422
66573660
66575519
66575577
66575651
66576334
66576562
66576813
66577067
66579910
66588957
66589496
66589537
66590698
66591543
66591702
66591799
66592640
66595315
66595366
66595544
66595836
66596719
66596831
66597407
66597532
66598603
66598922
66599269
66600213
66601060
66601167
66601798
66603325
66603887
66604981
66605589
66605891
66609741
66609761
66614461
66616115
66616157
66616878
66617592
66617930
66619106
66619163
66619601
66620601
66621163
66621591
66622941
66623262
66623939
66625267
66625623
66626284
66626341
66627264
66627415
66627421
66627763
66628282
66629462
66630564
66631244
66632538
66632720
66634324
66634925
66637972
66638670
66638971
66639928
66640445
66641288
66643230
66643379
66644413
66644877
66645106
66646894
66647695
66648409
66648945
66651488
66652083
66652724
66656221
66657301
66657366
66657561
66659389
66659467
66659617
66659916
66660437
66660836
66661435
66662088
66662121
66662806
66663564
66663697
66666036
66668408
66669489
66669607
66669876
66670159
66676382
66676428
66676757
66676826
66678206
66680045
66681664
66682340
66684091
66684343
66684613
66685824
66688106
66689269
66690005
66690193
66690765
66692324
66692866
66693570
66694166
66694510
66694960
66697125
66698694
66698823
66699729
66700175
66700263
66703346
66703381
66706518
66706533
66710893
66711135
66711378
66711804
66712305
66712978
66713516
66713768
66714670
66716184
66718285
66719940
66720006
66722885
66723313
66724054
66724126
66724131
66725470
66728614
66732073
66732339
66734716
66735750
66736016
66736554
66738102
66738469
66739837
66740984
66742957
66743428
66743800
66745463
66747243
66749487
66749698
66749702
66750637
66751824
66753409
66753592
66755908
66756250
66756320
66756393
66757928
66763043
66766451
66766794
66768350
66768369
66770443
66772796
66773782
66773846
66775311
66776383
66776459
66778167
66779099
66779179
66779917
66780112
66780754
66782059
66788593
66788701
66789013
66790149
66790446
66791660
66793593
66795767
66797108
66798361
66800285
66800348
66801015
66801198
66801269
66801500
66802442
66802756
66803099
66803647
66805175
66805247
66805406
66805681
66806946
66808013
66809030
66814283
66815040
66815785
66816179
66817037
66817345
66817911
66818175
66820697
66821466
66822097
66822858
66823072
66824006
66824887
66826600
66826878
66830369
66832107
66832297
66833846
66834931
66836028
66837687
66837769
66840523
66841520
66842080
66842467
66842808
66842985
66844055
66844525
66845536
66846303
66847382
66847853
66848478
66849489
66853549
66853659
66854633
66854710
66854878
66855296
66856183
66857608
66858535
66860919
66861330
66861495
66861738
66862828
66863454
66864596
66867454
66869793
66869884
66871217
66876012
66876044
66876068
66877501
66878955
66879246
66880359
66881934
66885393
66889143
66889980
66890827
66890854
66891576
66892183
66892413
66892907
66893545
66894182
66895710
66895856
66896062
66896668
66897425
66900453
66901651
66901859
66902714
66904158
66906611
66909725
66911958
66916019
66919318
66919658
66919876
66922183
66925145
66926307
66926628
66926715
66927160
66927297
66927452
66927800
66928515
66929459
66929589
66930209
66930451
66932055
66932128
66934372
66935788
66936010
66936024
66937021
66937935
66939302
66939763
66940549
66942115
66942163
66942394
66942862
66943149
66943577
66943778
66944368
66946457
66946493
66947674
66950084
66950655
66951467
66951469
66951647
66952269
66952744
66954632
66955536
66957784
66959377
66960098
66960840
66961299
66961753
66962229
66962870
66962901
66964850
66967429
66968371
66970716
66971243
66972974
66972989
66974373
66974501
66974557
66977946
66978961
66979544
66979618
66980546
66980956
66984696
66986380
66987497
66988422
66989425
66991570
66992183
66992672
66993019
66993101
66993580
66993613
66997831
67001977
67002394
67002914
67003652
67004057
67004252
67004355
67004565
67005685
67007113
67008186
67008305
67009843
67009918
67011678
67015110
67015343
67015402
67016752
67017197
67018245
67019240
67022090
67022969
67024414
67025040
67025580
67027173
67030603
67030674
67030804
67032883
67033031
67034462
67036526
67037295
67037574
67038045
67039675
67039987
67042229
67042862
67042902
67043889
67044223
67044328
67046255
67048234
67050233
67050300
67050835
67051335
67051583
67051646
67051958
67052184
67052442
67052833
67053091
67053980
67054198
67054390
67054695
67054885
67056481
67056519
67057321
67057779
67058836
67058989
67059731
67060632
67061163
67062039
67063002
67064398
67066159
67066202
67066471
67066497
67066548
67067918
67068267
67068572
67069373
67071574
67071604
67072182
67074738
67076032
67076096
67078561
67078825
67082048
67082220
67083106
67083557
67084096
67085942
67086297
67086404
67086906
67088403
67089857
67090777
67091759
67091915
67092112
67093782
67096885
67098020
67098790
67101104
67102111
67104727
67106875
67108172
67108371
67108989
67110313
67114266
67114422
67115056
67115173
67116153
67118962
67119320
67119614
67121355
67122428
67122647
67123368
67123542
67123852
67124350
67125394
67125595
67126840
67131360
67131547
67134583
67135692
67137203
67137222
67137712
67137866
67138048
67138149
67138783
67139029
67139110
67139181
67140067
67141794
67142220
67144075
67149489
67151414
67152368
67152570
67153375
67154863
67157526
67159209
67161703
67162898
67163720
67166844
67166896
67167702
67168294
67169529
67171016
67171380
67172238
67172742
67172936
67173492
67174161
67174597
67175617
67176147
67176544
67176914
67179204
67180379
67182505
67183002
67183214
67185352
67185417
67186521
67186586
67187230
67187412
67187530
67188534
67189032
67189199
67189599
67189634
67190608
67190675
67191418
67192571
67194013
67194469
67194545
67195678
67195977
67196215
67196462
67196472
67197151
67200602
67202790
67203389
67204383
67206787
67207261
67209676
67213047
67215278
67215850
67216215
67216381
67218153
67218949
67220731
67221150
67222987
67223069
67223079
67224265
67224325
67227248
67227900
67230655
67230872
67231416
67234511
67236886
67236970
67237637
67238242
67239032
67239704
67240821
67241311
67241680
67242150
67242782
67243601
67245726
67246547
67249653
67249703
67252568
67252599
67253402
67254510
67254787
67255548
67255871
67257605
67259613
67259930
67261517
67265801
67266134
67266361
67266464
67267305
67268176
67270880
67273997
67274136
67274241
67274426
67275060
67276435
67276645
67276832
67278338
67279467
67279635
67280561
67281090
67282190
67284611
67284894
67286732
67291486
67292380
67293217
67293740
67294573
67296227
67297927
67298521
67298838
67300297
67300729
67302548
67303492
67303509
67304275
67308093
67310099
67310395
67310485
67310493
67313639
67313731
67314458
67315092
67315545
67317001
67317875
67318247
67318657
67321614
67322690
67322698
67323036
67323835
67325274
67326285
67326641
67332514
67333153
67335320
67336454
67336724
67336905
67337709
67338280
67339500
67340846
67340900
67343991
67345747
67346090
67347727
67348591
67349752
67350472
67350535
67350581
67351525
67351635
67353073
67353152
67353558
67355292
67355419
67358318
67358487
67359074
67360178
67364046
67364118
67365762
67367203
67369800
67369808
67372168
67372346
67373312
67375331
67376013
67376391
67377022
67377114
67377905
67378254
67381482
67381500
67382199
67382299
67382574
67382794
67383803
67385565
67386436
67387045
67388127
67388280
67388734
67390267
67390918
67391588
67392371
67392973
67393078
67393840
67394689
67396777
67397160
67397497
67397901
67399750
67400510
67401071
67402824
67402853
67403261
67404022
67404398
67404479
67404592
67404793
67405271
67405321
67406294
67406317
67406664
67407019
67407734
67407917
67408068
67410619
67412282
67413355
67415119
67416019
67416376
67417050
67417880
67418191
67418363
67419542
67420864
67420947
67421330
67421350
67422120
67422829
67422867
67423185
67425226
67426033
67426292
67428032
67428484
67428547
67428627
67430081
67431202
67431786
67432265
67433092
67434347
67435738
67436131
67437735
67438617
67438831
67440827
67441055
67441081
67441203
67443111
67444515
67446635
67447155
67447918
67448607
67448816
67451493
67454225
67454578
67456072
67456484
67459666
67459675
67460229
67461104
67463037
67463128
67463668
67465025
67465251
67465708
67466237
67466239
67468091
67469209
67469937
67472385
67474816
67474993
67476898
67478680
67479705
67480448
67481652
67481727
67482652
67482760
67483298
67483384
67483781
67484190
67484291
67484308
67489633
67489764
67491435
67492709
67493234
67493411
67495292
67497192
67498672
67498993
67500769
67503142
67503314
67503923
67504319
67505520
67506668
67507298
67510269
67511372
67511381
67515432
67516420
67517062
67519876
67519883
67522187
67522712
67524762
67526710
67526829
67527756
67529353
67529815
67529978
67529987
67531176
67531991
67531996
67533171
67534062
67534222
67534621
67536523
67537883
67539115
67540284
67541119
67541571
67543410
67543479
67543749
67544231
67544374
67545724
67547679
67550050
67551168
67552125
67552246
67552502
67553449
67553897
67554064
67554179
67555616
67555702
67556543
67556678
67556899
67559180
67559901
67560003
67560039
67560361
67561583
67561873
67562491
67562496
67562734
67562908
67563757
67567852
67567894
67568339
67568539
67571186
67571285
67571298
67571514
67572744
67572809
67572962
67573352
67573618
67574005
67575794
67575826
67576135
67576439
67576689
67578073
67579774
67581598
67582815
67587480
67589149
67589426
67590047
67593622
67594636
67598694
67599811
67600346
67600410
67605530
67606417
67606504
67607486
67607494
67608460
67610027
67611264
67611581
67611740
67614227
67614749
67615152
67615827
67615979
67616303
67616569
67617669
67618917
67619775
67620927
67621275
67622253
67622717
67624015
67624084
67624665
67625210
67625693
67626018
67626740
67628098
67628209
67629198
67631432
67631755
67632223
67632503
67634912
67636701
67636982
67638590
67638983
67639602
67640529
67641184
67641423
67641508
67643117
67643771
67645639
67646233
67646386
67647844
67648175
67648431
67654908
67659586
67660514
67661024
67662496
67663082
67666154
67668509
67668862
67669367
67669895
67670003
67671943
67672223
67672253
67672396
67673602
67674129
67674279
67674770
67675116
67677978
67678822
67678930
67680031
67680235
67681203
67684507
67685146
67686323
67688256
67689649
67689650
67690194
67691534
67691849
67692463
67693283
67693989
67695451
67695647
67697289
67697503
67698056
67698729
67699945
67702274
67702677
67704078
67704639
67705230
67705978
67707040
67710326
67714140
67714151
67714331
67714375
67716971
67718480
67719328
67719420
67720164
67722074
67722409
67724130
67725078
67725267
67726720
67727211
67727572
67730769
67730785
67731180
67731571
67731767
67735334
67737109
67737903
67738718
67738909
67742871
67743626
67745702
67746845
67748258
67750178
67752405
67753320
67755826
67757703
67758116
67761937
67762831
67762930
67764711
67764960
67765190
67765893
67767769
67767782
67770551
67771223
67772054
67777421
67778425
67778568
67778896
67780821
67781378
67781562
67782064
67783003
67783212
67783433
67783631
67787932
67788346
67789156
67789197
67790188
67790806
67791307
67791539
67793572
67795236
67795593
67796578
67796685
67796914
67798790
67799011
67800955
67804320
67804539
67804968
67805296
67808988
67809507
67811681
67814172
67816174
67816807
67817485
67818338
67819218
67819310
67821131
67822060
67823771
67824476
67826970
67827638
67827904
67833533
67834548
67834855
67837366
67838306
67838742
67838895
67839607
67840022
67842475
67843401
67844716
67845175
67845234
67845324
67845571
67846804
67849252
67849862
67850813
67851983
67852433
67853916
67854979
67855067
67855697
67856130
67857232
67858969
67859023
67859758
67859961
67862064
67863978
67864121
67865182
67866314
67866372
67866762
67868041
67868292
67868932
67869273
67869393
67869489
67870478
67872004
67876466
67876608
67878056
67878323
67879090
67879356
67883559
67884624
67885433
67885883
67887006
67887931
67888064
67889872
67891127
67892895
67893186
67893811
67894385
67895372
67897726
67898694
67899572
67900294
67901354
67901964
67902814
67903501
67905610
67906443
67907115
67907156
67907907
67907996
67908497
67908907
67909494
67911681
67912173
67912416
67913412
67913458
67913752
67916951
67917874
67918140
67918454
67919365
67920891
67921544
67922837
67924119
67925726
67926084
67929835
67930179
67932930
67934076
67934407
67934857
67936618
67938013
67938514
67939403
67942112
67942249
67942628
67945312
67946127
67946312
67946468
67946590
67947696
67947873
67948922
67949185
67949458
67949774
67949929
67951960
67953702
67953970
67954514
67959068
67959317
67959744
67961532
67963036
67968238
67970791
67971181
67971274
67971465
67973150
67973864
67973892
67974140
67976499
67976972
67978664
67978901
67984025
67986964
67988449
67988953
67989119
67990241
67990328
67990787
67992001
67992163
67993135
67993331
67993829
67995915
67996124
67996293
67996397
68000049
68002009
68002973
68004971
68005286
68005917
68006116
68006730
68006734
68007476
68008569
68010479
68010697
68011234
68012419
68013886
68015592
68019354
68019634
68020910
68021161
68025353
68026559
68027044
68027241
68027968
68027985
68028096
68030873
68033914
68035158
68035468
68035471
68036006
68036298
68036333
68038494
68038903
68040058
68040572
68042648
68042649
68043121
68043219
68044419
68045733
68045980
68047801
68049415
68049544
68050043
68050395
68052177
68054424
68054582
68056018
68056464
68056965
68057340
68057490
68058145
68058316
68060162
68060658
68061659
68061839
68062142
68062865
68063630
68064034
68064258
68064830
68066270
68067523
68067549
68067673
68071981
68072320
68072888
68075367
68075420
68076267
68077516
68077657
68079093
68079231
68081576
68082400
68082464
68082899
68083321
68084751
68085245
68085419
68086005
68086079
68087370
68087711
68088066
68089422
68090647
68090664
68092243
68092370
68092509
68093604
68093611
68095213
68096778
68096871
68097755
68098313
68098981
68099812
68102004
68102084
68102118
68102816
68103287
68103759
68104290
68105370
68107675
68107838
68108026
68109300
68110808
68111170
68111555
68113469
68113730
68113806
68114188
68114853
68115337
68115413
68116302
68116815
68116890
68116967
68117861
68120181
68120967
68122543
68123460
68123659
68124918
68125368
68125483
68126824
68127214
68127239
68127411
68127460
68128034
68128546
68128753
68128910
68128931
68129491
68131497
68131950
68133743
68134108
68134348
68134603
68134998
68136452
68137358
68139448
68139535
68139880
68140811
68140959
68142988
68143074
68146098
68146413
68147397
68149194
68149481
68150266
68152161
68154367
68157039
68158096
68158923
68159587
68163958
68164086
68164884
68168182
68171248
68171546
68172295
68172784
68172963
68174916
68175850
68176194
68176556
68177221
68178370
68179443
68180379
68183062
68183324
68185736
68188722
68189543
68190403
68191105
68194047
68194726
68194960
68196270
68197535
68198987
68199961
68201923
68203483
68203840
68204548
68205179
68207069
68207429
68209349
68209692
68210960
68211636
68211798
68212439
68213192
68214937
68215832
68216886
68216988
68217454
68218222
68218774
68220389
68221748
68222499
68222824
68223341
68223485
68224244
68225045
68227286
68227936
68228715
68228998
68230475
68230692
68231207
68231337
68232914
68234430
68235099
68238437
68241741
68244755
68244930
68247066
68248169
68248170
68251798
68252441
68255127
68258928
68259226
68259723
68261323
68262003
68262851
68264794
68264989
68265991
68269021
68271020
68271070
68272154
68272536
68273896
68274190
68276013
68276238
68276312
68278557
68278565
68278971
68279234
68279733
68280468
68281165
68281290
68281335
68281626
68282676
68283489
68283725
68284040
68285360
68285537
68286400
68286585
68286678
68288809
68291151
68291602
68293320
68293905
68294681
68296159
68297406
68298237
68299031
68299645
68300164
68301185
68302218
68303134
68305711
68306506
68306668
68306683
68307231
68308057
68308735
68310639
68311243
68311568
68312321
68312821
68312956
68313005
68313344
68313420
68317388
68318308
68320452
68321018
68322723
68324277
68324734
68325483
68326494
68326999
68328515
68330356
68331604
68332780
68333267
68335605
68336344
68336622
68336772
68338099
68340964
68341492
68343137
68343816
68344649
68348181
68349575
68350144
68350342
68352191
68352687
68352741
68354185
68354266
68354818
68356669
68359034
68359248
68360279
68361615
68361701
68362367
68364441
68366750
68367019
68368892
68370611
68371272
68372512
68374717
68375074
68375801
68375912
68375917
68377590
68380880
68381555
68383431
68384832
68385115
68386602
68386961
68387461
68390278
68390365
68390982
68391115
68393468
68393472
68396104
68396283
68396299
68398476
68399864
68400676
68401124
68405004
68406781
68408689
68410307
68410468
68412668
68412821
68416141
68417285
68420801
68424117
68424995
68425434
68428385
68428857
68430616
68432453
68432746
68433310
68435274
68436350
68437049
68441345
68442251
68442573
68442906
68443814
68444607
68444697
68444765
68449316
68450876
68451296
68451665
68453832
68456864
68456955
68458821
68460286
68461067
68461297
68462439
68463282
68463556
68464673
68464941
68465074
68469196
68469493
68470470
68471204
68472598
68473471
68475147
68476884
68477351
68477800
68477949
68479007
68479914
68481316
68481803
68483861
68484185
68484433
68485923
68486658
68487095
68487964
68488680
68488718
68490295
68492740
68493051
68495121
68495970
68497755
68499970
68500133
68500999
68501420
68502989
68505798
68506338
68507094
68507549
68507933
68508580
68509294
68509660
68510704
68511494
68514801
68515906
68517715
68520004
68520997
68521168
68521780
68522320
68522565
68522639
68523330
68524204
68524572
68525356
68528824
68529502
68530276
68535058
68535354
68536500
68537571
68538024
68538065
68538495
68539231
68539637
68541804
68542384
68542740
68542767
68543887
68544556
68548059
68548578
68548690
68548836
68550769
68550839
68552147
68553022
68553033
68555677
68555683
68555983
68556323
68557897
68559074
68559218
68559393
68559883
68561216
68561753
68564064
68566836
68567218
68567977
68569102
68571178
68571436
68571606
68571848
68572190
68572457
68572812
68572891
68572937
68574830
68575242
68575617
68575639
68577376
68578209
68579890
68579952
68584986
68585556
68588767
68588835
68589619
68589838
68590026
68591106
68591504
68591657
68592132
68593346
68595982
68598598
68600339
68601086
68601151
68601597
68601638
68603195
68604319
68605361
68606375
68606405
68607270
68607904
68608323
68608602
68608612
68608711
68608892
68609509
68609845
68612449
68613363
68613503
68613890
68614233
68614943
68616019
68616785
68617449
68618095
68618665
68618733
68618969
68619252
68621416
68621697
68621740
68622351
68624085
68626154
68626770
68628629
68628806
68629016
68630282
68630725
68633149
68633402
68633542
68633818
68636380
68636383
68636393
68636819
68637812
68640894
68641146
68642041
68642117
68642629
68643782
68643971
68644309
68644573
68644652
68644870
68645672
68645744
68646505
68646672
68649014
68651531
68651686
68652903
68654208
68654323
68654380
68654411
68654944
68655030
68658060
68659567
68659862
68660272
68660380
68662541
68662670
68663550
68663747
68663940
68665394
68665997
68668240
68669251
68669303
68669889
68672798
68673518
68674708
68675400
68676338
68676454
68676872
68679294
68679917
68679929
68680335
68681119
68681848
68682006
68682606
68682759
68683959
68684052
68684786
68684907
68685213
68685384
68688875
68690775
68690958
68692351
68693318
68694529
68698664
68700118
68700401
68702685
68703915
68704536
68705588
68706154
68708114
68712941
68714016
68715354
68717416
68717559
68717849
68718366
68718631
68718643
68719275
68719319
68719799
68722765
68723270
68724347
68728191
68728528
68729004
68731610
68731672
68733140
68734217
68735032
68737563
68738936
68739437
68739465
68743424
68746904
68747076
68747232
68749270
68749912
68750698
68752546
68754597
68754653
68757564
68758442
68758497
68758689
68759020
68761110
68764550
68765107
68765957
68767208
68768929
68769255
68769519
68769916
68770227
68771050
68771458
68774024
68775814
68778363
68778646
68779219
68780770
68783479
68783800
68785556
68785805
68786333
68786418
68786515
68786599
68787071
68787591
68787811
68790057
68790548
68790753
68790977
68791077
68791110
68793122
68793658
68794462
68794840
68795299
68796792
68797511
68797883
68797888
68799029
68799908
68800098
68801845
68803866
68803991
68804339
68805754
68806311
68806653
68806863
68807151
68807596
68807713
68808477
68808552
68809674
68812696
68812902
68816254
68816864
68818024
68818247
68820381
68822152
68824758
68825641
68825700
68826270
68826793
68828516
68828838
68829070
68830748
68831030
68832146
68832771
68832779
68834628
68836380
68837851
68839047
68839825
68843158
68847686
68849009
68850757
68850990
68851029
68852492
68855398
68859755
68861681
68863376
68865239
68865456
68866174
68868188
68869196
68870570
68872075
68873201
68877515
68878589
68880796
68882412
68883502
68884191
68884293
68884484
68885487
68885632
68885653
68886593
68886699
68886959
68889216
68889607
68890262
68891441
68892172
68893211
68894230
68896670
68897058
68898947
68899184
68899524
68901038
68901438
68902551
68903890
68905255
68905312
68905447
68906145
68906283
68909330
68910441
68910617
68910923
68911718
68913320
68915391
68915977
68918010
68918830
68919151
68919429
68920371
68920720
68920851
68920872
68921865
68922241
68922513
68922779
68923207
68927204
68927238
68927405
68929256
68929391
68929583
68933865
68933870
68934149
68936947
68938791
68940216
68942255
68943070
68943105
68944067
68945564
68945937
68946599
68946993
68947038
68953219
68953965
68955159
68957881
68960069
68960359
68960659
68961768
68964039
68965468
68966570
68967077
68967357
68969993
68970721
68973617
68973779
68974303
68974535
68976320
68976511
68977411
68977427
68978156
68978911
68980674
68981080
68981462
68981950
68983526
68983668
68984106
68989031
68990312
68990816
68991841
68992457
68993223
68995442
68996054
68997675
68998246
69001070
69003005
69003124
69003579
69004387
69004656
69006257
69007979
69008843
69008866
69008938
69009687
69012477
69013190
69013223
69014089
69014787
69016276
69018314
69019872
69020020
69021601
69022241
69023138
69023743
69024153
69024435
69024740
69028573
69029393
69030109
69030673
69031416
69032815
69033831
69036831
69037849
69039212
69039857
69041472
69043610
69044160
69044275
69045775
69046488
69049671
69052197
69053800
69054009
69060560
69067288
69067817
69067939
69068413
69073602
69074008
69077540
69077709
69077891
69078311
69079333
69079475
69079708
69080131
69081208
69082162
69082215
69082595
69084983
69085198
69086432
69086760
69087582
69088218
69089091
69089893
69090975
69091214
69091597
69092209
69092360
69094920
69097424
69098417
69101242
69101949
69102268
69103333
69105851
69107561
69108209
69108317
69108343
69108609
69109207
69109677
69110504
69110587
69111405
69112068
69112881
69113236
69114137
69116448
69116516
69117795
69117979
69118568
69119463
69120124
69120569
69123528
69123671
69124867
69125462
69126897
69127130
69127210
69127864
69128839
69129054
69130337
69135184
69135841
69136436
69136923
69139229
69139766
69141300
69144247
69149304
69149306
69149922
69150757
69151638
69154368
69155032
69155641
69156189
69158241
69158328
69158928
69159799
69159980
69162437
69163878
69164260
69164276
69165942
69168077
69168189
69169997
69171687
69172559
69173535
69173614
69174131
69174221
69174820
69175376
69175954
69178713
69180517
69180538
69180976
69181884
69182797
69183765
69185407
69188082
69190008
69190320
69192314
69193132
69195119
69197349
69197520
69198187
69198409
69198531
69198801
69200346
69202605
69203470
69204468
69204668
69204870
69204985
69206005
69207547
69208032
69211163
69211245
69211878
69212445
69212638
69212857
69213478
69215283
69217845
69218238
69218457
69218511
69218758
69218993
69219348
69219396
69220859
69222892
69224810
69225597
69226031
69226875
69227788
69230816
69231333
69232643
69232906
69234294
69234481
69236259
69238146
69238283
69240626
69241385
69241651
69241678
69241895
69242042
69244127
69244185
69246756
69247178
69247286
69249093
69249315
69250239
69250561
69252703
69255529
69257480
69257499
69258511
69262247
69267766
69269014
69272032
69273350
69274896
69275689
69275881
69276026
69276290
69277190
69277482
69277550
69280545
69282441
69283816
69283902
69284688
69285211
69285806
69286427
69287238
69291785
69291887
69292008
69292636
69292947
69293166
69293849
69293917
69295869
69296165
69296719
69296810
69297448
69298509
69299246
69300905
69301505
69302000
69302042
69302626
69303061
69303511
69303825
69305456
69306247
69308132
69309635
69311893
69316321
69316990
69318932
69320842
69321557
69322035
69322556
69322944
69323305
69323646
69324022
69324294
69325387
69326144
69326850
69327627
69327797
69331377
69331793
69333964
69334558
69334562
69335025
69336194
69337810
69338228
69340535
69342339
69344227
69345320
69345399
69345995
69346827
69350676
69351663
69353803
69355175
69356397
69358085
69358373
69358894
69358895
69358956
69360964
69361120
69361537
69362876
69363916
69365260
69365967
69366029
69366056
69366132
69367608
69370691
69372824
69372967
69373453
69375234
69376143
69376161
69377190
69377728
69382055
69383794
69386491
69386752
69386899
69387946
69390202
69390232
69390240
69391501
69391503
69392239
69393054
69393610
69393672
69393678
69394567
69395409
69395987
69396155
69396602
69398433
69399626
69399674
69399893
69400797
69401450
69401669
69405740
69407062
69408210
69411548
69413354
69414571
69414884
69416639
69418787
69419139
69419555
69420474
69423194
69423699
69425047
69425082
69425550
69426431
69426749
69427754
69429969
69430168
69431072
69432692
69435767
69437349
69437366
69437440
69438761
69438854
69438885
69441887
69443222
69444170
69445349
69447570
69447968
69452299
69453458
69453653
69454239
69454728
69455548
69457789
69461481
69461592
69461783
69462140
69463662
69465787
69467820
69467853
69468597
69469109
69470503
69472352
69472608
69473157
69478147
69478250
69478755
69479389
69479997
69480727
69481516
69481912
69485303
69485490
69485598
69487170
69488296
69488994
69490249
69490594
69491000
69491111
69491468
69491892
69492537
69494015
69496568
69497382
69498470
69498850
69498997
69500938
69502107
69505854
69507273
69507545
69508709
69508892
69509378
69509831
69510565
69511019
69514460
69518667
69518752
69519112
69519824
69523066
69523757
69523927
69524101
69525894
69529299
69530218
69531133
69531995
69533101
69533196
69535275
69535276
69537865
69538491
69540945
69542359
69544067
69544433
69545356
69546510
69547700
69550339
69551833
69552316
69552700
69553400
69553479
69553922
69554630
69554685
69555056
69557343
69559057
69560841
69561185
69562011
69562789
69564413
69566756
69569220
69569770
69570361
69571403
69572818
69573228
69573553
69574394
69577693
69580442
69582377
69582798
69583757
69584395
69584869
69586530
69586829
69587615
69587863
69588613
69590395
69594499
69595130
69595566
69596144
69596863
69599020
69599740
69600535
69600607
69601473
69601571
69602610
69603998
69604493
69605270
69607791
69608269
69608534
69609867
69611890
69612976
69613135
69615435
69616225
69616482
69617980
69618227
69618672
69619091
69625031
69625801
69626784
69627150
69628631
69630067
69631576
69631857
69633450
69633880
69634711
69634768
69634938
69635562
69636081
69636315
69636512
69637574
69638434
69641006
69641118
69641917
69642700
69643121
69643140
69643614
69644074
69644509
69644554
69645009
69645282
69645728
69647305
69649251
69650275
69651607
69651618
69654067
69654147
69654542
69654659
69656698
69657329
69657898
69658618
69661877
69665468
69665571
69666060
69666951
69667126
69667871
69668788
69670047
69671134
69671135
69672379
69672860
69676741
69677116
69678327
69678758
69679105
69679502
69680430
69682068
69682994
69683086
69691029
69692185
69693550
69696025
69698443
69699589
69700177
69700460
69701720
69702176
69703656
69704534
69706267
69707411
69707569
69707613
69708011
69708140
69708309
69709502
69709974
69710035
69711586
69711961
69712324
69713086
69713695
69714496
69715974
69716142
69718468
69718531
69718627
69718807
69721662
69721709
69723676
69724133
69728135
69732104
69732631
69733157
69735350
69738269
69738465
69738738
69741871
69742280
69742939
69744102
69744293
69745243
69746518
69747067
69748408
69748476
69748490
69749541
69749603
69750301
69751366
69751452
69752010
69752811
69752857
69753731
69754603
69756655
69757399
69757952
69759849
69759985
69760901
69761254
69761721
69761877
69762014
69762015
69762616
69763351
69763470
69766688
69766849
69767584
69767747
69768076
69768720
69769314
69769395
69769403
69771282
69772205
69772254
69774530
69776227
69779701
69779798
69781516
69782068
69782527
69782589
69782963
69783175
69785033
69786361
69786819
69786969
69789230
69791495
69792383
69793180
69795026
69796106
69797193
69798454
69799698
69800523
69801799
69803166
69803651
69804406
69804420
69806370
69808342
69812205
69814700
69814902
69815373
69816122
69817378
69818333
69820187
69821206
69821740
69822273
69822750
69823341
69824914
69827495
69827653
69828365
69831087
69831617
69831928
69833605
69833612
69834723
69835357
69837081
69837613
69837725
69838315
69839031
69839059
69843744
69845055
69846999
69847852
69850716
69850779
69851147
69853632
69855057
69855231
69856260
69860579
69861397
69861588
69862230
69867395
69867818
69869925
69869987
69870757
69871329
69871671
69871849
69873032
69873267
69874593
69876471
69876654
69877194
69878443
69878835
69879036
69879085
69879865
69880266
69880338
69881903
69882458
69882508
69885511
69886056
69886287
69888222
69888853
69889073
69889442
69889565
69889664
69889952
69890073
69891261
69891321
69892083
69892950
69894489
69896822
69897089
69898039
69898877
69901055
69901984
69904163
69905597
69907790
69907867
69907940
69909104
69910069
69910371
69910818
69912071
69913195
69913855
69914874
69916064
69916149
69916161
69916334
69917538
69918804
69919338
69921103
69922737
69923012
69924996
69926252
69926458
69926758
69927287
69928180
69928298
69928949
69930055
69930216
69931075
69932362
69932957
69934297
69934637
69934871
69935252
69936079
69936517
69936649
69937162
69937264
69939654
69939821
69941392
69941466
69942603
69942848
69944153
69945393
69945512
69945984
69946108
69949667
69949676
69949686
69951740
69953155
69953276
69953694
69955038
69955294
69955480
69955614
69956373
69959088
69959650
69960993
69961132
69962130
69962205
69963276
69964939
69966997
69967130
69967272
69967676
69969884
69969907
69972515
69972705
69973275
69974386
69977335
69977486
69977498
69978434
69981549
69983150
69983564
69984774
69987032
69987656
69987997
69989640
69989716
69990777
69991319
69994685
69995659
69996788
69999514
70000261
70003571
70004440
70004540
70016874
70017740
70019294
70019765
70021715
70021797
70021839
70024539
70025236
70026193
70026835
70027662
70027905
70027906
70028608
70029938
70030620
70031796
70032031
70032033
70033053
70035330
70035363
70035846
70037046
70037229
70041876
70044065
70045125
70045908
70047790
70048631
70049021
70050732
70051006
70051422
70051593
70052669
70052898
70052919
70053523
70053798
70054445
70055957
70057178
70058340
70058516
70059269
70059652
70059735
70062175
70064547
70065443
70067438
70067498
70067538
70067590
70070676
70070728
70073291
70074188
70081826
70082277
70082665
70082977
70084684
70087663
70087906
70089433
70089957
70090164
70090170
70091471
70092195
70093188
70094072
70095667
70095741
70097837
70100281
70101849
70102110
70102161
70102613
70103167
70104308
70106555
70106691
70107942
70108276
70111528
70112169
70113322
70113533
70114635
70115618
70120503
70120801
70121606
70121833
70122411
70123192
70126092
70126144
70127667
70128300
70128951
70130374
70130705
70131288
70134216
70135478
70135512
70136507
70137085
70138224
70138498
70138869
70139805
70140337
70140425
70140518
70141098
70145222
70145361
70146202
70147046
70147436
70148449
70150149
70150556
70151077
70151319
70152714
70153033
70153155
70153338
70157128
70157410
70157948
70158105
70158427
70159631
70160252
70160553
70160775
70162053
70164383
70164934
70166008
70166422
70166551
70166706
70166708
70166738
70168054
70174055
70174304
70175362
70175780
70176141
70176615
70179022
70180301
70180481
70180623
70184456
70185305
70188999
70189736
70192097
70192532
70195166
70195461
70196237
70196591
70197209
70197320
70197968
70199606
70200392
70201375
70201607
70202195
70203823
70204163
70205294
70205573
70206603
70207530
70207946
70208227
70209719
70211929
70212115
70212126
70215481
70218664
70219375
70220675
70220858
70221964
70222787
70222953
70225378
70225784
70227160
70227199
70228051
70228196
70229592
70230407
70230968
70231005
70231557
70231646
70232915
70233781
70234403
70237690
70238223
70238316
70238669
70238966
70241159
70243759
70244042
70245541
70245582
70245656
70247473
70248400
70248746
70249131
70250319
70252967
70254343
70254345
70256723
70257585
70259009
70259021
70260907
70262031
70262792
70263274
70263748
70264613
70265183
70266070
70269391
70270040
70270865
70272722
70273261
70273663
70274372
70274822
70275717
70276331
70277879
70280155
70281512
70286575
70287868
70289384
70291351
70292258
70292305
70292642
70292852
70295929
70298008
70298247
70298520
70299876
70301370
70302293
70303981
70305568
70309004
70310163
70310436
70310522
70310710
70312275
70312606
70313178
70313639
70313876
70314360
70314452
70314738
70314766
70315538
70319709
70321416
70322454
70322629
70325062
70326426
70327084
70327598
70327779
70328000
70330815
70331177
70331332
70331546
70332126
70332377
70332493
70332985
70333513
70335189
70335982
70336343
70337419
70339290
70339453
70341559
70344519
70345879
70345971
70348128
70350607
70351767
70352132
70352288
70353238
70354364
70355705
70357030
70359371
70359390
70361272
70362430
70363207
70363346
70367084
70367553
70367938
70368504
70371740
70372842
70373780
70377919
70380028
70380884
70381542
70381817
70382000
70383199
70386112
70388195
70388454
70388660
70389816
70390228
70391564
70391849
70392240
70393101
70393635
70393718
70394019
70394257
70394905
70394979
70395987
70396126
70396142
70396280
70397937
70398413
70398854
70399918
70400524
70400542
70403253
70405670
70406793
70407193
70408008
70409156
70410475
70411955
70412756
70413026
70414048
70415512
70415555
70415568
70416822
70418302
70418465
70418488
70418974
70419142
70420113
70421060
70421175
70421237
70421269
70422146
70425193
70425765
70428429
70428959
70429023
70430984
70431143
70432631
70433430
70434503
70434980
70435538
70435657
70436375
70437142
70438292
70439091
70439335
70439662
70439867
70440993
70441667
70441736
70445740
70447475
70449660
70449736
70449994
70450969
70453963
70454870
70456417
70457004
70458179
70458212
70459205
70460439
70460563
70461229
70462242
70466148
70466802
70469336
70469830
70470377
70471123
70471776
70474132
70474490
70477145
70477785
70480900
70482215
70483536
70484939
70484976
70485498
70487824
70488856
70490059
70490297
70491768
70492567
70492586
70493976
70495248
70495259
70496099
70496718
70498380
70498845
70499222
70499581
70499776
70500436
70500672
70500712
70500971
70501333
70502542
70502867
70504344
70504584
70504712
70506242
70508523
70509101
70509234
70509671
70509833
70510741
70510917
70512681
70512724
70516816
70517332
70518260
70521848
70522105
70522545
70522721
70525291
70527577
70528150
70528349
70529456
70529906
70530003
70531819
70532309
70533362
70533952
70534966
70535662
70536400
70536818
70538895
70539238
70539240
70541440
70541755
70542438
70542603
70543716
70544092
70544119
70546098
70546761
70547243
70549307
70550543
70551754
70551927
70555669
70556892
70557676
70558052
70559141
70559846
70560031
70560818
70561155
70563016
70565501
70565605
70568301
70573568
70573810
70574403
70574548
70574608
70574844
70574974
70575394
70576741
70577112
70577865
70579154
70579265
70579679
70579872
70580933
70582796
70583028
70583596
70586417
70591618
70591809
70591959
70592212
70592379
70593346
70593460
70593774
70594785
70595782
70596261
70598873
70599711
70600592
70601355
70605522
70606503
70608357
70609556
70610004
70610268
70610741
70615430
70616342
70617831
70618914
70620116
70621626
70621748
70623560
70624181
70624297
70624331
70626900
70627050
70627181
70628659
70629700
70631761
70631820
70632831
70634031
70634321
70634667
70636138
70636581
70637666
70638102
70638891
70639186
70639939
70641323
70641925
70642553
70643033
70643537
70645400
70646239
70646997
70647142
70648970
70649205
70649378
70650419
70650431
70651318
70651527
70651805
70653292
70655758
70655899
70656492
70656754
70657083
70657952
70658160
70658723
70659726
70661162
70662214
70662368
70664628
70665528
70669879
70670309
70671793
70673067
70673593
70674136
70674637
70674710
70675216
70676013
70680321
70682648
70684582
70685419
70687355
70688165
70688868
70690141
70693706
70694625
70696145
70696407
70698159
70698642
70699733
70703020
70703173
70703224
70703629
70704774
70705777
70707260
70707616
70711829
70712066
70713307
70713683
70713738
70713743
70716765
70717093
70717709
70720244
70722465
70722909
70723898
70723908
70725002
70725487
70728547
70730366
70730536
70732751
70733475
70736625
70738848
70739279
70739747
70739802
70739820
70739836
70740167
70742278
70745558
70747152
70748214
70753302
70753585
70755700
70757754
70757997
70760176
70760834
70760937
70763371
70766482
70767121
70767956
70768627
70770150
70771894
70772219
70773291
70774065
70775280
70778039
70783969
70784933
70785943
70786658
70792096
70792853
70792969
70793145
70793373
70794243
70794454
70798264
70799102
70799825
70800242
70801688
70802516
70802889
70805306
70806579
70807776
70808992
70811787
70815655
70819102
70819264
70821273
70822376
70822714
70823176
70824184
70825374
70825570
70825861
70827223
70827507
70828077
70828569
70828710
70829843
70830689
70831681
70832139
70834192
70834264
70836023
70836292
70837586
70837978
70839007
70840807
70841442
70841778
70841928
70842119
70843394
70843857
70844302
70844992
70846080
70846594
70847814
70847877
70849046
70849955
70850446
70850880
70851710
70852543
70853774
70854964
70855939
70856557
70859233
70860851
70863233
70865061
70866935
70867406
70868705
70870380
70871745
70873325
70877336
70878292
70879473
70879810
70881042
70881914
70883378
70885469
70887300
70887697
70888325
70888853
70888889
70889684
70890196
70890785
70890993
70891822
70895594
70898365
70898513
70899199
70899354
70899398
70901205
70902870
70905413
70906079
70906125
70906168
70908408
70908858
70909990
70910050
70910076
70910084
70910174
70910930
70910956
70912122
70912426
70913119
70913332
70914604
70915538
70915708
70915744
70919265
70920296
70923534
70923734
70923966
70924823
70929328
70931806
70931992
70934201
70934691
70934805
70934860
70935218
70936431
70938021
70938057
70940305
70941666
70944243
70945891
70947290
70947322
70948559
70949852
70950513
70951170
70951775
70953929
70956235
70956802
70957420
70957758
70959857
70960649
70962090
70962614
70963539
70963668
70963687
70965631
70966828
70966932
70969219
70969638
70971862
70973199
70974964
70976519
70979534
70979965
70980044
70982664
70983338
70983534
70984616
70986728
70986823
70988371
70989592
70991030
70991051
70992021
70992433
70993070
70993218
70994013
70994079
70995825
70996557
71000033
71001011
71001446
71001456
71001657
71003033
71003352
71003974
71004094
71004793
71004829
71005505
71006112
71007599
71011665
71012403
71012764
71012790
71012800
71013661
71014138
71014143
71015796
71016525
71017405
71017414
71018814
71018915
71019575
71019783
71020098
71020117
71022010
71024153
71025480
71025622
71025912
71026158
71026399
71028010
71028353
71029647
71030624
71030650
71030671
71031418
71031824
71032794
71035228
71035534
71038862
71039251
71040051
71041184
71042191
71042742
71044054
71044235
71045937
71047936
71050325
71051847
71053310
71053861
71055842
71056214
71056907
71056927
71057213
71057233
71058927
71059199
71060691
71062902
71062939
71063308
71063560
71064814
71066769
71067470
71068007
71070306
71076709
71080601
71080683
71080837
71081599
71082586
71083359
71083363
71083857
71084036
71085832
71085877
71086637
71086653
71087712
71088410
71088456
71089158
71090686
71091231
71095101
71097342
71098507
71100622
71100844
71101087
71104223
71104791
71105437
71105876
71107087
71107239
71110496
71110769
71112044
71112215
71112337
71113532
71113720
71115416
71115946
71117200
71118358
71118609
71120433
71121581
71121817
71122130
71124093
71124566
71125001
71125624
71126909
71127293
71127300
71127307
71128398
71129661
71130078
71131069
71134297
71139216
71139955
71140066
71140123
71145634
71145942
71146587
71147161
71147646
71150044
71150374
71150845
71155439
71157192
71157706
71161503
71161840
71162107
71166292
71166652
71167013
71169409
71171981
71174983
71176505
71177751
71181605
71182754
71182864
71183035
71183879
71184297
71184682
71184974
71185991
71186905
71189018
71189172
71189250
71189253
71189728
71191483
71192277
71193486
71194737
71195280
71195335
71195382
71197288
71197944
71199906
71200181
71202202
71202261
71202356
71202765
71203008
71203615
71203865
71205095
71205117
71205258
71209329
71210133
71210764
71214067
71214330
71214939
71215433
71215705
71216573
71216853
71217618
71219864
71220071
71220975
71221269
71221755
71221766
71222187
71222211
71222343
71224796
71227072
71227403
71227559
71227635
71228560
71228662
71230352
71231443
71232268
71234581
71234789
71235095
71236597
71236704
71237165
71238793
71239839
71242964
71243474
71243727
71245386
71246370
71246829
71247458
71247910
71248558
71249799
71249899
71250258
71251601
71252044
71252175
71253299
71254130
71254233
71254303
71256437
71256600
71256685
71257274
71258319
71258920
71259135
71260169
71260339
71261098
71261228
71262542
71263504
71264557
71265283
71266230
71266652
71266768
71271728
71273301
71273514
71274148
71274611
71275182
71275948
71276715
71276933
71277357
71278003
71278157
71281123
71281128
71281539
71283228
71284323
71285557
71285951
71286543
71286959
71287183
71287314
71288059
71288315
71291458
71291592
71291936
71292773
71295976
71297036
71298554
71299646
71302471
71302567
71303598
71303949
71305655
71306019
71308318
71308766
71308986
71309530
71312233
71318173
71321141
71321159
71322035
71326759
71327137
71327320
71329568
71331363
71332718
71333490
71333850
71337227
71337231
71339017
71339972
71340006
71340076
71344592
71344862
71345416
71346472
71350495
71354003
71354722
71355347
71355354
71356398
71358338
71361168
71362450
71362827
71363574
71363893
71364647
71364674
71365126
71368528
71371946
71373910
71374982
71375549
71380018
71382845
71383635
71384856
71384965
71385612
71386830
71387209
71388494
71388944
71389275
71389374
71389771
71390006
71390079
71391010
71392770
71393856
71394776
71394920
71394989
71395438
71396350
71400569
71401187
71402731
71403243
71404599
71405397
71406369
71408187
71411562
71413596
71413985
71416669
71416682
71419313
71419537
71421430
71421511
71422711
71429336
71430313
71430821
71432350
71432585
71432879
71433456
71436092
71436260
71438028
71438433
71439530
71440849
71440997
71441519
71442747
71443530
71443936
71444377
71444791
71447247
71449442
71451022
71452723
71457663
71458772
71458898
71459689
71460650
71464289
71466893
71467508
71468290
71468508
71469059
71469858
71470064
71472067
71472700
71473736
71474255
71474611
71475920
71476044
71476708
71477159
71477265
71478283
71480622
71481992
71483072
71483531
71486463
71488818
71489107
71489497
71492166
71493180
71495098
71498200
71498245
71498611
71499334
71500378
71503033
71503272
71503856
71503899
71507770
71508362
71509657
71509891
71510524
71510935
71512368
71514416
71514930
71517618
71518649
71519129
71519271
71520534
71521518
71524417
71524917
71526237
71530199
71531133
71531241
71531263
71532277
71532525
71532887
71533086
71533209
71533615
71535792
71536474
71539870
71542030
71542220
71543241
71543451
71543466
71543670
71544236
71546420
71546589
71548855
71553729
71555083
71555103
71555488
71555890
71556040
71557346
71557970
71558412
71559021
71560520
71561851
71562020
71563076
71564006
71565068
71565416
71565674
71566703
71567304
71567310
71567782
71569091
71569760
71569887
71570396
71572966
71575088
71576118
71576791
71577264
71578869
71580988
71582244
71586696
71586825
71588402
71590540
71591590
71592042
71592347
71592930
71594665
71594695
71597251
71597787
71597931
71598167
71600729
71600765
71600831
71601127
71601336
71602209
71602259
71602352
71603135
71604686
71606836
71608988
71609579
71609993
71610180
71610914
71611045
71612882
71613988
71614472
71614983
71615128
71619028
71620955
71621296
71621574
71622676
71624345
71624855
71625307
71625830
71626275
71626676
71627632
71629042
71629587
71630600
71632564
71633065
71634077
71634753
71634761
71639128
71641483
71642266
71642846
71643088
71643293
71644025
71644346
71645401
71645549
71647438
71647492
71648058
71649701
71650568
71653148
71654359
71656537
71656783
71657967
71658908
71659221
71663787
71664003
71664219
71664341
71665302
71666002
71667846
71667869
71668294
71669376
71669833
71669929
71670142
71672642
71673532
71673763
71673766
71673837
71676025
71677305
71679044
71680595
71682235
71683204
71684250
71684347
71684558
71686010
71686996
71687404
71687725
71688860
71689927
71690032
71690398
71691040
71691097
71691261
71692141
71692201
71692871
71693460
71693543
71694209
71694563
71695192
71696184
71696670
71697108
71697212
71700044
71703174
71703422
71707096
71707137
71707195
71707308
71707442
71708931
71709011
71709126
71710632
71711273
71711476
71711841
71711972
71714625
71715406
71715863
71721578
71722733
71722941
71723698
71724027
71727381
71728681
71729149
71729237
71730341
71731382
71735856
71735941
71735969
71738111
71738482
71739506
71740949
71741623
71744362
71744448
71745187
71745429
71746547
71746562
71746594
71749372
71749735
71751708
71752116
71752996
71753603
71755558
71755760
71756326
71757471
71757508
71758338
71758455
71760022
71760722
71762744
71763739
71765125
71766468
71767551
71770152
71770706
71771078
71771743
71773449
71774011
71774457
71774964
71775428
71778448
71778807
71779122
71779869
71780109
71780879
71781925
71784254
71785421
71786067
71787784
71788169
71789674
71789730
71793735
71794055
71794136
71794231
71794497
71795409
71796939
71798518
71798741
71799490
71799939
71801391
71802559
71803531
71803895
71804498
71804878
71805084
71807074
71808026
71809727
71810500
71810948
71811526
71811723
71814452
71816237
71816593
71817128
71817250
71818356
71819679
71819757
71820436
71821888
71822020
71825933
71826156
71826922
71827578
71829418
71830352
71831636
71831927
71833630
71835206
71836016
71836366
71839244
71841063
71841782
71841998
71842223
71845535
71845875
71847296
71848450
71848779
71848989
71851494
71854555
71854791
71856498
71857212
71857570
71857760
71860081
71861944
71862114
71862479
71862482
71863601
71863759
71864134
71864296
71865534
71866578
71866592
71868311
71868928
71869344
71869924
71870081
71871634
71871771
71872042
71872177
71874437
71875278
71875527
71877114
71877447
71877693
71879932
71881946
71881950
71883251
71886899
71887423
71887831
71889391
71890645
71891508
71891784
71893982
71894634
71895460
71897187
71899233
71899926
71900277
71900644
71903532
71904491
71905550
71906385
71906564
71907704
71910487
71911375
71911652
71911727
71911907
71916114
71918425
71919345
71921995
71922443
71922965
71925331
71926860
71927860
71929099
71929192
71930575
71930841
71932194
71933142
71934552
71934590
71938590
71938623
71939853
71942460
71942653
71945281
71946008
71946170
71947418
71947921
71948183
71949589
71950173
71950326
71950515
71951865
71954780
71954799
71954864
71957438
71957738
71959943
71960628
71962094
71962567
71965066
71968855
71969231
71969657
71969904
71971316
71971570
71973450
71973483
71973561
71973828
71974570
71975610
71976665
71979055
71979929
71980784
71981346
71981701
71982274
71982332
71982346
71984867
71985574
71986705
71987448
71988124
71989336
71991176
71993070
71993205
71994238
71994924
71995285
71996214
71996642
71997874
71998064
71999061
72000660
72001505
72001727
72002332
72003712
72004262
72005146
72008855
72010649
72010674
72011749
72012742
72013200
72013982
72015813
72015940
72016051
72016067
72016510
72017516
72018689
72020484
72020881
72021245
72025376
72028558
72029002
72029307
72032003
72033413
72033461
72037685
72038305
72039049
72041503
72044602
72044961
72045486
72047037
72051154
72053491
72054847
72055203
72055709
72056106
72057265
72059052
72059413
72060023
72060301
72060922
72061007
72061080
72062301
72062563
72063781
72065520
72065988
72066013
72066827
72067400
72070563
72070877
72070937
72075603
72076248
72076657
72077175
72077282
72078150
72078519
72079745
72079796
72080753
72080932
72081225
72082682
72082891
72085589
72085863
72089297
72089621
72089727
72090080
72090202
72091897
72091997
72095327
72097400
72099745
72100638
72101452
72101523
72104040
72104404
72106291
72106986
72107286
72107317
72108583
72109613
72109744
72110743
72111034
72111233
72113350
72114183
72114521
72115051
72116488
72118673
72119580
72120270
72120748
72122616
72122671
72122731
72123170
72123324
72123662
72124712
72125824
72127089
72127924
72129095
72129432
72129763
72130134
72130601
72131979
72132414
72132796
72133102
72133576
72134453
72135189
72138140
72139297
72139812
72139970
72141553
72142272
72142525
72143514
72144402
72144438
72145078
72146810
72147956
72148284
72148285
72149862
72149896
72150950
72153050
72153079
72153520
72154087
72154472
72155970
72155988
72156607
72157584
72159798
72160068
72160493
72162880
72166957
72167860
72171853
72172258
72172475
72172776
72173099
72173911
72174641
72174992
72175893
72176148
72177418
72177731
72177752
72178116
72178668
72178869
72178913
72179030
72181799
72184638
72185025
72185866
72187923
72189108
72190341
72191219
72191574
72192225
72194560
72195140
72196170
72197852
72197854
72199509
72199912
72200772
72202022
72202263
72204012
72204352
72205759
72205790
72207079
72209870
72211463
72211782
72212984
72214095
72215395
72215428
72217442
72218607
72219195
72219803
72221637
72221951
72223398
72225100
72226781
72229688
72230665
72230944
72232344
72233668
72235120
72237115
72237254
72237712
72238741
72239027
72239506
72239634
72239849
72240647
72241049
72241369
72242484
72243277
72244005
72244794
72246104
72248455
72248964
72249517
72249792
72250714
72252947
72253547
72255032
72255435
72258236
72258593
72259385
72260050
72260168
72262247
72262812
72263328
72264474
72265081
72265483
72265884
72266709
72267959
72269803
72269832
72270877
72271017
72271230
72271945
72275179
72275843
72278527
72279183
72282948
72283083
72283744
72285113
72286705
72287061
72287324
72287628
72288074
72288338
72290772
72292089
72293601
72296087
72296289
72300095
72300993
72303626
72304421
72306586
72306697
72307513
72307608
72308903
72309430
72311958
72312290
72312564
72312784
72313207
72313451
72315471
72315877
72316237
72317772
72318023
72318164
72318275
72318972
72319084
72320688
72322445
72322656
72325460
72326242
72326441
72327952
72328337
72329115
72329391
72330938
72331085
72331159
72331933
72332254
72332351
72334439
72336095
72337519
72338355
72338892
72338977
72339770
72340307
72340910
72342161
72343569
72343742
72345360
72345677
72346197
72346653
72346760
72347008
72347561
72349515
72351312
72352664
72353357
72353403
72353670
72354182
72356744
72357425
72359263
72359410
72363632
72363716
72364331
72364511
72364636
72365245
72366861
72368339
72369824
72371781
72372062
72373911
72374135
72374339
72374753
72375751
72378625
72379607
72381739
72381952
72383095
72383656
72383743
72385198
72388053
72388638
72389275
72390291
72390649
72391660
72392114
72393214
72394227
72394272
72394727
72394996
72396020
72397519
72397561
72398083
72399599
72399892
72400512
72400775
72402001
72402858
72403363
72404720
72405215
72407098
72409988
72410397
72410540
72410749
72414281
72418770
72419632
72420697
72420995
72422044
72423090
72424824
72425578
72426852
72427103
72427159
72427597
72428426
72429146
72429164
72430880
72432275
72432863
72433029
72433847
72434236
72434910
72435023
72436054
72437391
72439009
72439596
72440359
72440371
72443465
72445335
72446342
72446804
72447153
72454714
72454722
72454988
72455076
72455682
72456345
72456702
72457606
72457828
72459652
72459667
72459953
72460791
72460795
72460973
72461545
72461876
72461877
72462354
72463440
72465040
72465871
72468005
72468141
72468344
72468532
72468717
72468931
72469555
72469824
72470269
72470537
72475098
72475706
72476795
72477349
72479365
72480037
72480309
72481128
72483315
72483854
72484270
72484833
72485859
72486439
72486739
72486770
72487807
72489065
72490321
72494408
72494849
72496689
72496804
72497194
72498004
72499525
72500891
72501291
72502237
72502557
72503359
72503409
72505461
72505898
72506398
72506491
72508757
72509424
72509856
72510506
72511820
72512113
72512371
72514117
72516135
72517098
72517130
72517466
72518184
72518668
72518931
72519487
72521003
72522192
72522603
72522621
72525054
72526304
72527114
72527294
72529082
72530459
72530469
72532202
72534072
72534995
72535772
72536595
72536810
72537571
72537690
72537851
72537891
72538784
72542014
72542655
72543688
72546344
72546496
72546737
72548572
72549495
72549785
72550282
72551437
72551511
72551667
72552378
72553061
72553306
72553924
72555030
72555357
72555977
72556484
72558971
72559253
72559719
72560875
72561333
72562419
72565925
72567218
72568322
72569049
72570966
72573392
72576161
72576508
72577731
72580520
72580645
72580806
72582660
72583190
72583635
72587841
72588295
72588707
72590063
72590229
72590604
72591060
72591844
72592239
72592611
72594426
72594879
72595012
72595570
72596002
72596032
72596795
72597478
72598543
72598720
72600803
72602318
72602954
72604124
72605852
72606072
72606687
72606983
72608807
72608930
72611046
72612215
72612653
72612878
72613651
72613940
72614071
72614177
72614526
72617403
72619028
72619259
72621826
72621876
72621970
72622819
72624617
72626611
72627272
72627333
72627678
72629713
72630931
72631078
72633735
72634250
72634888
72636297
72636467
72637829
72639400
72639943
72640278
72641526
72642604
72643181
72646617
72647307
72647704
72648796
72649868
72652905
72655645
72656408
72657410
72658694
72659280
72659385
72660418
72661932
72662398
72665652
72665857
72666817
72668051
72668121
72668383
72670144
72670166
72670169
72671846
72672055
72672212
72673198
72673252
72674616
72674732
72675371
72675403
72677003
72678238
72678279
72678586
72678701
72678777
72679170
72679492
72684966
72685498
72687499
72688015
72688845
72689185
72689441
72693120
72695541
72695586
72697318
72698101
72699332
72699548
72701326
72702197
72703520
72704073
72705465
72705468
72706043
72706099
72706100
72706217
72707256
72707266
72710414
72711014
72711594
72712656
72712887
72713551
72713899
72714596
72714939
72715151
72715628
72716080
72716383
72718118
72720176
72720596
72720610
72722091
72722660
72723098
72723772
72724512
72726901
72731014
72731834
72732852
72736442
72736681
72737472
72737855
72738226
72738441
72741113
72741232
72741563
72742034
72742675
72742892
72742951
72743587
72745798
72745812
72746008
72746285
72746904
72747009
72748700
72750471
72751344
72751701
72751830
72754180
72755708
72755828
72758588
72758669
72761567
72762732
72763265
72764376
72764766
72766521
72767011
72767654
72768446
72769008
72770371
72771246
72772208
72772367
72774096
72774717
72777174
72777382
72778413
72778537
72778882
72781353
72781571
72782058
72783901
72788896
72789000
72790437
72790574
72791916
72794055
72795512
72795691
72797090
72798796
72799639
72800866
72804407
72804811
72808093
72808690
72811158
72811363
72811526
72811973
72816971
72817814
72825679
72827764
72828034
72829070
72829177
72831217
72834723
72838996
72839723
72840606
72841153
72841497
72844194
72844534
72844920
72845036
72846116
72846470
72846490
72846503
72846692
72846734
72848157
72848400
72849482
72850150
72851266
72851642
72852191
72853151
72853850
72853994
72856005
72857235
72857995
72859156
72859442
72860484
72866358
72867033
72867071
72870005
72870353
72870562
72871716
72875453
72879332
72879494
72879693
72879901
72880662
72883547
72884100
72884303
72884346
72884545
72885469
72885657
72886864
72890938
72890984
72891042
72892074
72894477
72895623
72897088
72898620
72899597
72900931
72902754
72903355
72903467
72904305
72905845
72905989
72906443
72907058
72909230
72909317
72909480
72909523
72909569
72910006
72911259
72913468
72915643
72916404
72916714
72917628
72919647
72920205
72920556
72920601
72921170
72923013
72923432
72924070
72925007
72926289
72928246
72928574
72929177
72931758
72933308
72933587
72933966
72935310
72935700
72936603
72936904
72937007
72937948
72939264
72940101
72940894
72941326
72941465
72941480
72942380
72943202
72943217
72943287
72943722
72943774
72945272
72947125
72947490
72948912
72950883
72952229
72953400
72955492
72955740
72955931
72956480
72956541
72956551
72960192
72961609
72962489
72962548
72963514
72964180
72966824
72966957
72968364
72970220
72970428
72970485
72971173
72974361
72975258
72975834
72977041
72978165
72978342
72978586
72978870
72979983
72980870
72981578
72982115
72987126
72987291
72987634
72988680
72989783
72991956
72995201
72998067
72999324
72999864
73001251
73001397
73003165
73005516
73005924
73006353
73010270
73010662
73010869
73012363
73012538
73012583
73012855
73013306
73014006
73016039
73018096
73018930
73019361
73019778
73020667
73021172
73023616
73025444
73025550
73025649
73026258
73027011
73027072
73028906
73029297
73030490
73031262
73031359
73032104
73032302
73035190
73038263
73038421
73039367
73040337
73043684
73043949
73045082
73049677
73050903
73051775
73053533
73054486
73054944
73058802
73061083
73061428
73062286
73063168
73063326
73063903
73064458
73064515
73064767
73065167
73067221
73068652
73070087
73070826
73071525
73071775
73072295
73073896
73074005
73074216
73075582
73076416
73076631
73076798
73076970
73077270
73077607
73078295
73080234
73081315
73081609
73082960
73083769
73083849
73083942
73085160
73085684
73086704
73087310
73088622
73089925
73090896
73091377
73093732
73094456
73094754
73095684
73096187
73096763
73097247
73098225
73098304
73099179
73100608
73100625
73101157
73106438
73107943
73108701
73110964
73111496
73112591
73112925
73113250
73114697
73115848
73116295
73116783
73117092
73117599
73117704
73117789
73118676
73123775
73124514
73124637
73125734
73128313
73132930
73137443
73140807
73141716
73142099
73143789
73147007
73147659
73147933
73149724
73151166
73151729
73153456
73156772
73157140
73157151
73157391
73158474
73159563
73161896
73163118
73163611
73164605
73165207
73167460
73168996
73169150
73174001
73175374
73177071
73178910
73180126
73180388
73182080
73183047
73186059
73186496
73187697
73189524
73191073
73191432
73192493
73193868
73194339
73194749
73195283
73196740
73197857
73197932
73204174
73204910
73205041
73206688
73207375
73208168
73208251
73210252
73210316
73210641
73211876
73212334
73214705
73215138
73216276
73216296
73217535
73218261
73219431
73221181
73221519
73221810
73225650
73226170
73226213
73226848
73227492
73227680
73227889
73229212
73229298
73232423
73232714
73233096
73234600
73238143
73238590
73239538
73240384
73241127
73241340
73241592
73242279
73243704
73244637
73245363
73245898
73246061
73248020
73248658
73249011
73250114
73251886
73252007
73252711
73253030
73255051
73255838
73258366
73259880
73260153
73261146
73263098
73264284
73266696
73267137
73267417
73269627
73269677
73271473
73271725
73271993
73272628
73273693
73273712
73275043
73276582
73280457
73281482
73284041
73284724
73285674
73286096
73286377
73287085
73287368
73287419
73287740
73290305
73291553
73291885
73292056
73292639
73293374
73294452
73295509
73296061
73296885
73298017
73299666
73300539
73300637
73301442
73302088
73302419
73302858
73303635
73303729
73304723
73304954
73305194
73306252
73307318
73307962
73309052
73309452
73310676
73317398
73317720
73319050
73319550
73320600
73321166
73321179
73322941
73323279
73323458
73324964
73325243
73326051
73327293
73327306
73327378
73327400
73328070
73330295
73330690
73331913
73332162
73333286
73333747
73334032
73334155
73334481
73335618
73335704
73337448
73337520
73339588
73339816
73345228
73345915
73347676
73348151
73349929
73350798
73353038
73356152
73356206
73356755
73357266
73357669
73357939
73360594
73360838
73360915
73360971
73361416
73362808
73363160
73365441
73365847
73366099
73366106
73366250
73367910
73369582
73369977
73370374
73370864
73371941
73373659
73374285
73377097
73377419
73378429
73379415
73380336
73380359
73381520
73381572
73384891
73387315
73388153
73388194
73388864
73389652
73390044
73392616
73393315
73394111
73394423
73394823
73394856
73395461
73396464
73398701
73398940
73402075
73404334
73407060
73408772
73408858
73409743
73410432
73416662
73417599
73418153
73418863
73421108
73421474
73423305
73423557
73423790
73424114
73424609
73427472
73427796
73428512
73428820
73429776
73432644
73432718
73433438
73433630
73433653
73435357
73436108
73436356
73437456
73438064
73438256
73438740
73438903
73439659
73441106
73441529
73442569
73447272
73447493
73448910
73449368
73450705
73454371
73454998
73455043
73458659
73458776
73461408
73462947
73464295
73465365
73470479
73470801
73472632
73473357
73474164
73475696
73476150
73478162
73481208
73482324
73482715
73483941
73484486
73485000
73485277
73485470
73486156
73487391
73487621
73489212
73489813
73490011
73490552
73491050
73491434
73491901
73492271
73492593
73492765
73493995
73494016
73495074
73495888
73497491
73497812
73498096
73499313
73499395
73500120
73502402
73502837
73502838
73503442
73504237
73504651
73508869
73509785
73512697
73513599
73514512
73514771
73515297
73516556
73517562
73518838
73525025
73525272
73528946
73530097
73531963
73532711
73533532
73534128
73540030
73541296
73541790
73542653
73542887
73543067
73543652
73543702
73544472
73545099
73546925
73547534
73548560
73548688
73548823
73549321
73549599
73549938
73550461
73550771
73552057
73552661
73553398
73554537
73557129
73558381
73558429
73558467
73558866
73559233
73559266
73559482
73562612
73563806
73564403
73566672
73567764
73568190
73569939
73571770
73572616
73573004
73573500
73575237
73577275
73577394
73577652
73577739
73578898
73579176
73579784
73579795
73582591
73582824
73584618
73585135
73587240
73589513
73589897
73592307
73592439
73592694
73595278
73598596
73599154
73600812
73601876
73602292
73603879
73604835
73605032
73605264
73608713
73608832
73609531
73611807
73613673
73614224
73615758
73617061
73617175
73618142
73618284
73618787
73618872
73619337
73622284
73624294
73624500
73626846
73626933
73627558
73628086
73630711
73631622
73633726
73634051
73635162
73636235
73636703
73638524
73639265
73640844
73642672
73644004
73645906
73647351
73647545
73649706
73651529
73653235
73654316
73655063
73656035
73657703
73657831
73658483
73658696
73659258
73659261
73660543
73660838
73661220
73665010
73665549
73666659
73666820
73668652
73670115
73670555
73671772
73671867
73672216
73673108
73674105
73675199
73675766
73676377
73677009
73677191
73679097
73681745
73681919
73683223
73683899
73686217
73688558
73688700
73689502
73691032
73691516
73691521
73698011
73698792
73699264
73699964
73700965
73703327
73704929
73705464
73707007
73707594
73710434
73714620
73715012
73717007
73717677
73719381
73719889
73720984
73721970
73722347
73722452
73723200
73724294
73727650
73728106
73729354
73729641
73730538
73731067
73733529
73734495
73734610
73734832
73735740
73737791
73738030
73739130
73741256
73743822
73745651
73745996
73747346
73747352
73751604
73753201
73754775
73758671
73758707
73759636
73759721
73762654
73763349
73763371
73764113
73765077
73765130
73765878
73767037
73767460
73769322
73770660
73771560
73774469
73774735
73774939
73776431
73778810
73780240
73780651
73781089
73781883
73782677
73782861
73782999
73784120
73784912
73786380
73787492
73787957
73790366
73790613
73792172
73792447
73793389
73794669
73796808
73797377
73797924
73798260
73799046
73799431
73800393
73800569
73800844
73801008
73801510
73802396
73805378
73806406
73809434
73810099
73812356
73812814
73813063
73813122
73815115
73818436
73818891
73818977
73819367
73819509
73821444
73823922
73825346
73826394
73828623
73829193
73830667
73831208
73832231
73832717
73833059
73833690
73833919
73834823
73834957
73835976
73836349
73836456
73836812
73837157
73838054
73838156
73838204
73838626
73839408
73839650
73839844
73840258
73841249
73843003
73846845
73847719
73849894
73851704
73851788
73852744
73854573
73854958
73855692
73858433
73858860
73859604
73859615
73860588
73861994
73862129
73862879
73863413
73864238
73865474
73866174
73867070
73870396
73871663
73871890
73873832
73874729
73875169
73875207
73875509
73876934
73877630
73879955
73880004
73882130
73882978
73884008
73884042
73885024
73886058
73886264
73886279
73888307
73890773
73891526
73891751
73893835
73895111
73896036
73897088
73897673
73899128
73900430
73900467
73900640
73901796
73902153
73903008
73903056
73904042
73905989
73906064
73906211
73906799
73907211
73907604
73908190
73908711
73909342
73911477
73912181
73914229
73914523
73917076
73917738
73917832
73918061
73918540
73919680
73920528
73921306
73921592
73922801
73924061
73925914
73926899
73927501
73928378
73930599
73931216
73932265
73932360
73932538
73932683
73937567
73941612
73942372
73942455
73943712
73944762
73947232
73948151
73948598
73950656
73951333
73951337
73951622
73953207
73953529
73953686
73955621
73957197
73958578
73959761
73961505
73962111
73962723
73966994
73969111
73969286
73973509
73974497
73980790
73981681
73983011
73983072
73984145
73984321
73984445
73984989
73985243
73987406
73988638
73988948
73989546
73989967
73990759
73993530
73994695
73994801
73996468
73996748
73996877
73998521
73998759
73998961
74002253
74002375
74002748
74003335
74007687
74008439
74008513
74008597
74009120
74009433
74010703
74011044
74011120
74011350
74012494
74012933
74013597
74014080
74014107
74016756
74017392
74019202
74020689
74021128
74022776
74024948
74026266
74026745
74027581
74028638
74029726
74029998
74031281
74031628
74032876
74033304
74033370
74033693
74034055
74034981
74035112
74035401
74036002
74037463
74038554
74038808
74038899
74040294
74040345
74040798
74041922
74042052
74042397
74042614
74043097
74043855
74044121
74044139
74044835
74044876
74045292
74046610
74046763
74046858
74046990
74047949
74048974
74049430
74051712
74053441
74054169
74056415
74057077
74057275
74058308
74059055
74059354
74059443
74061255
74062621
74062642
74062798
74062872
74064654
74064926
74064979
74066316
74067785
74069218
74070461
74073057
74073296
74075787
74076145
74077101
74077895
74078153
74078735
74081712
74082005
74082682
74084918
74085712
74087145
74087633
74088339
74088426
74092285
74092834
74093639
74094441
74094574
74094900
74095459
74095884
74096160
74097665
74098587
74098828
74099045
74102271
74102410
74103662
74104323
74104909
74108167
74108315
74108442
74109583
74110101
74110122
74110196
74110536
74110814
74110857
74111484
74112513
74113583
74114323
74115123
74115226
74115658
74116580
74116934
74117097
74118208
74121929
74123896
74124191
74124237
74125405
74125493
74129056
74129978
74131006
74131297
74132299
74134475
74136404
74137090
74137409
74138047
74139544
74142308
74142649
74143186
74144299
74146093
74147907
74148525
74148880
74149936
74150276
74150322
74151353
74151411
74153263
74153574
74153965
74154672
74154752
74154783
74158624
74158663
74160740
74161109
74161951
74161981
74162069
74164235
74165377
74166566
74170763
74170836
74170981
74171486
74172174
74172359
74172879
74174912
74175803
74176587
74178346
74178460
74178712
74180486
74181689
74181946
74182331
74185883
74187504
74188311
74188433
74189328
74189605
74189684
74192397
74194306
74194995
74195414
74196777
74197806
74198767
74198784
74199430
74201737
74202557
74203129
74203213
74203309
74204128
74204255
74204443
74205887
74207900
74208202
74209410
74209721
74209891
74210060
74211606
74215849
74216409
74217020
74217674
74217795
74219322
74219885
74221865
74225015
74226768
74226771
74226773
74227173
74227391
74227466
74228356
74231510
74232291
74234670
74237116
74238655
74239289
74240094
74240710
74242633
74248525
74250565
74250773
74252324
74252420
74252722
74252780
74252887
74253772
74253908
74255393
74256721
74259884
74260585
74260621
74261885
74262134
74262295
74262386
74262472
74262727
74264220
74264439
74264921
74266046
74266059
74266992
74267172
74267990
74270583
74272584
74274712
74274715
74275638
74276934
74277127
74277128
74277180
74279339
74281278
74281776
74282265
74282681
74283162
74284004
74285882
74286228
74291824
74292690
74292758
74294434
74294692
74294997
74295529
74295580
74296059
74296506
74296539
74298458
74300459
74300929
74302530
74303190
74303927
74304128
74304333
74305052
74305889
74306405
74307374
74311410
74312945
74314452
74314748
74314767
74317320
74317635
74317731
74319828
74319944
74320245
74320493
74322289
74326116
74326331
74327616
74329508
74329746
74330223
74334891
74335596
74338760
74339493
74340011
74341916
74342276
74343016
74343096
74343603
74345302
74345332
74346088
74348135
74350616
74351399
74352009
74353367
74356696
74357588
74357589
74358037
74359161
74359376
74359498
74360079
74366395
74366722
74367308
74367496
74368586
74369359
74370524
74371067
74371081
74371273
74371711
74373039
74373814
74373936
74375928
74376063
74376874
74376907
74377016
74377548
74378065
74381342
74384510
74384809
74385280
74385976
74386123
74386373
74386699
74386873
74388220
74389476
74392590
74394708
74397493
74398985
74399083
74400326
74404312
74405920
74406446
74406675
74407803
74408160
74408215
74411183
74411652
74411983
74413448
74413472
74415638
74417119
74418609
74419362
74420003
74420438
74420818
74421726
74424395
74426456
74427853
74428270
74429198
74430642
74431894
74434219
74434303
74435263
74437458
74437747
74438668
74441848
74442447
74442727
74447163
74447462
74448282
74449447
74451573
74453495
74455942
74456050
74457282
74457377
74457444
74457740
74459774
74460057
74460758
74462545
74463328
74463560
74464701
74464967
74465261
74465973
74468954
74470967
74471877
74472396
74473056
74475144
74475169
74478941
74479105
74480176
74481064
74481478
74482698
74482974
74484336
74484550
74484746
74486589
74487014
74488568
74490268
74490480
74490910
74491343
74492729
74500200
74501656
74502609
74502610
74502763
74503905
74506012
74506787
74509607
74511273
74512121
74512376
74514489
74514623
74515996
74518625
74519756
74521756
74521817
74522564
74522873
74522968
74523599
74525023
74525122
74526094
74526321
74526560
74526722
74527631
74528503
74530562
74531181
74531532
74533028
74533976
74534128
74534322
74535522
74536479
74537577
74540900
74541470
74541703
74543280
74543354
74544238
74545337
74547316
74547422
74549241
74550600
74550610
74551091
74551122
74551867
74553181
74553321
74556193
74556312
74558024
74560540
74560711
74561170
74562348
74563517
74563921
74564128
74564363
74564805
74565527
74565912
74567327
74568088
74568200
74570966
74572513
74572844
74575233
74575626
74576894
74577463
74580788
74580942
74581396
74582694
74582785
74582978
74586097
74590103
74591044
74591120
74591702
74592486
74592492
74593961
74595712
74595839
74596315
74596958
74597009
74597332
74599555
74599704
74600071
74604719
74605013
74605293
74610106
74610694
74613348
74615889
74615922
74617558
74618850
74619451
74621165
74621602
74622089
74623447
74623456
74624334
74624890
74625405
74626744
74626797
74630582
74632228
74632841
74632946
74633131
74633968
74634613
74637179
74637495
74638799
74639070
74640328
74641862
74642078
74642318
74642441
74643766
74644818
74645170
74645277
74645360
74645764
74646194
74646397
74646408
74647131
74647192
74649979
74651356
74653674
74653864
74654507
74660318
74660688
74661566
74662068
74662900
74663298
74663558
74663795
74664486
74666074
74666671
74666874
74667493
74668321
74668420
74669543
74669791
74670251
74670499
74673191
74673939
74674300
74674816
74674996
74675496
74680005
74682742
74684043
74685481
74686557
74687900
74689357
74689750
74689957
74690545
74692313
74693405
74695013
74695459
74697484
74697804
74698064
74699468
74700450
74700897
74704399
74704673
74704832
74705402
74705995
74706226
74706669
74706716
74707360
74708958
74711545
74712280
74713134
74713348
74713976
74714519
74715248
74715452
74715577
74715586
74716684
74720067
74721440
74722976
74724345
74725177
74725325
74725427
74726038
74728817
74729334
74731000
74731348
74732090
74733013
74733879
74733958
74734631
74736526
74737376
74739562
74740530
74742206
74742338
74747735
74751326
74752529
74752564
74756776
74757265
74757474
74758190
74758440
74759271
74759999
74760461
74761345
74762274
74762633
74765139
74765427
74765448
74767905
74770388
74771312
74771859
74772464
74772521
74773899
74774380
74775375
74776005
74776506
74776832
74776858
74777007
74779822
74781401
74783439
74783773
74783988
74784959
74787394
74789426
74791051
74794468
74795262
74797064
74797762
74797889
74798496
74799231
74800911
74801233
74803602
74803804
74804869
74804948
74806586
74807622
74808012
74808730
74809148
74813739
74813845
74815065
74815145
74816737
74817289
74818054
74818976
74819349
74819507
74819541
74820644
74820714
74822264
74825073
74825240
74825320
74826632
74826959
74829595
74829928
74830195
74830557
74830804
74831723
74832912
74833535
74833941
74834386
74834795
74835132
74836134
74839893
74841091
74842554
74843081
74845996
74846712
74847472
74847995
74851157
74853166
74853354
74853887
74853914
74854623
74855348
74855360
74855794
74855999
74856558
74858214
74859048
74862442
74863313
74867294
74867870
74868690
74868877
74869611
74870185
74870708
74870921
74872162
74878450
74880752
74881217
74882431
74883001
74883028
74883048
74884890
74887875
74888554
74889410
74890137
74890807
74892608
74892729
74893109
74894241
74895700
74896161
74896302
74896670
74897527
74898175
74899260
74899495
74900236
74900812
74902641
74903294
74903574
74904794
74905122
74905422
74906709
74907298
74907616
74908042
74908485
74911165
74912396
74912498
74913865
74916347
74918674
74918996
74920299
74926185
74926415
74926784
74928476
74928707
74929162
74930512
74932404
74932501
74933716
74933782
74935254
74935324
74935401
74936176
74937636
74938356
74939694
74939715
74940527
74940593
74940609
74941168
74941257
74942046
74943158
74943752
74945299
74945381
74945723
74946680
74947242
74949116
74950330
74950694
74951440
74953463
74953791
74954671
74954801
74956887
74957616
74958851
74959720
74960551
74960818
74961510
74962170
74962645
74963156
74964625
74964698
74966465
74967276
74969440
74969806
74970356
74971286
74972183
74972655
74974841
74976112
74976636
74977524
74978145
74979617
74979762
74981169
74981433
74985082
74985134
74985173
74985418
74986453
74987083
74987103
74987279
74987352
74990607
74991830
74992851
74994765
74996123
74999585
75000490
75001568
75002357
75004808
75007001
75007641
75007742
75008117
75008484
75009456
75011678
75013003
75013013
75015010
75015510
75016912
75017250
75017254
75017682
75019197
75019865
75020246
75020711
75023475
75027178
75027630
75027830
75031037
75031292
75031414
75031723
75031958
75031984
75032591
75034124
75036810
75036915
75038976
75039056
75040303
75040406
75042631
75042734
75042992
75043066
75043985
75045497
75047790
75047838
75047946
75048321
75048570
75048659
75048942
75049736
75050693
75052781
75053779
75055974
75056573
75057990
75058196
75059982
75060646
75062345
75063585
75065432
75066320
75067208
75067462
75068279
75068634
75069002
75069337
75073253
75075031
75075065
75078289
75082995
75084357
75085726
75085833
75086395
75087085
75087539
75088096
75091911
75093801
75093866
75094282
75096683
75097306
75099723
75100644
75102612
75102704
75102909
75102915
75102924
75103508
75103699
75103926
75106679
75107047
75107929
75108634
75111698
75111736
75112678
75114036
75116051
75116266
75117177
75118187
75118701
75120173
75122416
75122924
75123057
75124972
75127595
75127896
75133683
75134281
75134702
75135930
75137439
75137464
75137680
75138440
75138972
75139291
75140878
75141628
75141654
75146055
75146293
75151359
75152905
75153004
75155304
75155917
75156388
75158204
75160586
75161863
75163764
75165321
75165988
75169096
75169899
75170631
75171040
75173901
75174142
75174673
75175120
75177493
75177965
75179486
75180553
75180751
75180810
75181407
75182045
75182161
75182173
75183066
75185498
75186414
75186443
75186749
75187117
75188624
75188891
75190528
75190987
75191544
75193604
75194486
75196066
75196697
75196735
75197111
75197680
75198253
75198705
75198859
75200310
75201148
75202644
75202936
75204135
75204210
75204539
75208373
75208890
75208908
75209178
75209599
75210503
75210959
75211270
75213055
75215613
75215620
75215789
75216211
75217695
75221769
75222388
75223282
75223447
75223845
75226816
75227062
75227139
75227370
75227790
75228788
75229643
75230324
75231220
75232398
75233627
75234156
75234472
75235216
75235230
75235499
75236245
75236332
75237007
75241371
75242260
75242790
75244714
75246298
75247394
75247653
75250561
75251955
75251989
75252307
75253501
75253566
75254207
75257186
75258542
75258597
75259110
75259456
75260791
75262472
75263223
75263692
75265952
75268425
75268458
75268530
75269235
75269356
75271125
75272184
75273310
75273750
75273923
75276371
75276617
75276619
75277976
75279427
75279552
75279665
75280767
75280948
75282221
75283645
75283856
75284624
75284772
75287870
75288081
75288425
75289177
75289508
75290602
75290822
75291541
75291602
75293513
75294759
75294813
75295070
75295643
75296707
75296892
75297738
75299324
75300576
75300766
75301263
75301514
75302098
75302350
75303902
75304172
75306558
75311217
75311312
75313428
75316719
75316790
75317878
75318641
75320054
75320125
75321208
75321709
75322051
75326292
75327737
75329037
75330101
75330755
75331364
75331621
75332458
75334855
75335799
75337274
75337373
75338609
75339864
75341065
75342038
75344093
75344195
75344427
75344702
75344724
75345555
75345921
75347664
75348869
75350823
75351333
75351481
75353945
75354053
75354139
75356036
75357038
75357146
75357498
75358236
75359937
75360082
75360615
75361321
75362499
75365143
75366409
75368322
75369117
75369753
75370376
75370985
75371889
75374270
75374852
75375049
75375348
75378045
75379690
75380078
75381652
75381939
75382123
75382698
75383550
75384682
75385275
75385439
75386435
75387867
75388033
75388309
75389807
75391278
75392415
75392975
75397533
75397737
75400080
75401150
75402721
75402722
75403118
75405074
75405680
75405783
75406370
75408385
75408403
75408922
75409053
75409976
75410537
75411164
75413975
75414925
75415271
75415532
75416572
75416798
75416933
75417756
75419724
75420555
75420667
75420780
75421175
75424941
75426099
75426728
75427317
75427873
75431466
75431973
75432029
75432781
75433047
75434930
75435447
75435906
75435990
75436973
75437626
75438637
75439116
75441484
75442355
75443709
75447267
75447414
75447701
75448945
75448989
75449435
75449461
75451050
75454146
75454686
75454788
75456541
75458871
75459425
75460982
75464293
75464643
75464898
75465244
75466170
75467972
75469454
75469603
75474249
75475000
75477330
75477483
75479078
75480965
75482020
75482164
75482625
75484449
75484499
75485236
75485324
75486953
75487077
75487318
75488785
75488864
75491123
75491359
75491870
75493335
75493715
75493830
75495736
75495759
75496963
75497282
75497773
75498391
75499166
75500790
75502517
75503366
75507244
75507745
75509858
75511951
75513487
75513846
75513912
75514956
75515502
75517285
75518225
75518533
75522135
75522251
75525880
75525959
75526204
75527073
75527424
75527644
75533391
75533812
75534947
75535778
75536023
75537487
75537508
75538332
75538523
75539670
75540642
75543051
75543582
75544613
75544690
75545586
75548770
75548801
75548877
75551536
75552067
75553901
75553948
75554415
75555285
75555337
75557998
75559285
75561241
75563727
75564059
75564109
75564137
75564783
75564893
75565719
75568469
75569997
75571444
75572241
75575530
75576096
75576326
75577947
75579195
75579536
75579783
75581549
75583975
75584002
75584044
75584161
75584413
75585152
75586822
75587150
75587210
75588791
75589391
75589440
75589668
75590911
75591416
75591614
75592153
75593030
75593067
75594147
75595273
75595538
75597784
75598472
75603021
75603667
75604484
75604580
75606069
75606923
75607921
75609378
75611792
75612068
75612600
75613084
75613339
75613436
75613530
75613946
75614305
75615542
75617480
75618104
75620939
75621910
75622173
75622613
75623623
75624099
75625875
75626989
75629018
75630553
75632893
75633013
75634558
75635834
75636562
75636922
75636982
75637167
75638484
75638866
75640452
75642022
75643131
75643715
75644911
75645219
75645271
75645742
75645982
75647408
75647532
75648872
75650313
75650456
75650461
75650769
75652363
75653133
75653426
75654005
75654287
75654679
75654855
75655250
75655486
75657106
75657216
75657396
75657607
75659071
75659375
75660611
75661010
75661156
75661574
75663295
75663810
75663847
75665738
75666029
75667851
75668837
75669275
75672235
75672859
75673348
75675955
75677075
75678396
75678734
75679349
75679497
75679598
75680278
75685104
75685993
75686398
75686878
75687408
75687572
75688253
75688265
75688462
75688787
75688875
75692578
75693188
75694013
75694715
75695361
75695649
75696454
75696716
75698732
75699979
75701752
75701885
75702610
75702617
75703480
75708054
75709573
75711913
75715151
75715869
75716426
75721444
75722289
75724175
75726861
75729920
75730175
75730401
75731046
75731895
75732526
75736415
75738883
75739453
75741435
75741859
75742423
75743176
75743248
75747233
75748711
75750483
75751060
75751409
75752409
75755055
75756281
75756815
75759351
75760648
75760777
75763872
75763939
75764162
75764410
75764554
75764804
75765148
75769270
75770079
75770896
75771821
75773046
75773305
75773321
75773348
75773927
75774429
75775443
75776373
75776544
75777907
75779126
75779237
75779559
75783209
75783615
75783798
75785319
75786140
75787297
75788291
75788756
75792741
75793804
75795037
75797704
75799294
75799304
75804208
75804579
75805745
75812116
75812225
75816281
75816916
75818579
75818580
75819912
75821252
75821325
75823775
75824274
75824617
75825317
75825889
75827865
75828332
75829223
75829234
75833080
75833125
75833309
75833770
75834657
75836526
75838379
75838664
75839021
75839065
75839231
75839721
75840480
75841389
75842079
75842996
75846127
75846504
75846712
75847323
75850627
75851838
75853367
75853749
75853776
75854351
75859238
75859424
75861963
75863151
75863473
75864089
75864191
75864214
75864954
75867937
75869214
75869843
75870511
75872298
75874195
75874940
75876997
75877745
75878078
75878633
75878688
75879462
75879488
75883139
75883560
75885225
75886368
75886408
75887023
75887403
75889071
75889571
75891085
75891673
75892528
75896671
75896729
75898170
75898994
75899159
75899286
75899625
75900715
75901032
75902034
75903132
75903655
75905949
75906869
75907105
75908736
75908867
75908907
75909651
75910136
75910137
75910969
75912695
75913174
75913624
75914700
75914853
75915813
75916242
75916448
75916943
75918291
75920319
75920407
75921992
75923366
75924206
75924383
75924981
75927914
75928428
75928628
75928927
75930260
75933165
75933655
75934044
75934342
75935555
75937347
75937903
75939035
75942072
75943024
75945000
75947039
75947990
75948447
75948482
75949228
75949908
75951026
75951323
75952511
75954353
75957578
75957706
75958106
75958181
75962313
75963057
75963545
75963912
75964485
75964820
75967070
75967587
75969237
75970079
75970785
75972484
75975982
75976468
75977102
75978916
75979712
75979758
75980240
75982644
75982862
75986307
75986581
75986806
75987734
75988361
75990691
75990720
75992639
75992943
75994104
75994325
75995124
75995470
75996726
75997625
76001597
76002077
76002314
76003182
76004166
76004622
76006452
76006785
76007755
76008735
76010158
76010330
76010793
76013187
76014287
76014902
76015178
76015183
76015354
76017113
76018909
76019552
76020055
76020208
76020468
76022430
76023172
76024718
76024751
76026118
76031434
76036076
76036793
76037043
76037214
76037645
76037768
76038216
76038301
76040941
76041716
76042898
76043270
76043381
76043568
76043888
76043905
76044123
76044212
76044409
76045247
76045851
76046949
76048097
76049839
76051620
76053026
76054522
76055569
76056143
76056500
76057239
76057492
76057525
76057718
76059172
76059375
76060638
76060951
76061419
76061476
76061981
76063472
76063544
76065331
76066599
76071767
76072327
76072480
76072670
76075415
76075474
76075641
76077119
76077348
76077521
76080861
76082915
76082940
76084203
76084622
76085656
76086168
76088145
76092056
76094420
76094472
76094813
76095382
76095984
76097967
76099387
76099638
76101553
76102730
76104367
76107235
76107746
76108728
76109929
76111173
76111222
76112485
76112910
76113349
76113817
76115865
76116067
76117605
76118767
76120515
76120854
76122371
76122518
76123950
76124869
76125617
76128309
76129797
76130890
76131167
76131954
76132626
76133355
76133493
76133723
76134053
76134185
76134287
76134657
76135229
76135513
76135982
76137251
76138371
76140729
76140861
76140891
76141392
76141678
76145015
76148569
76149359
76149672
76150979
76151367
76152984
76153263
76153758
76154186
76154569
76154619
76157795
76158678
76159368
76162089
76162338
76164272
76164433
76166228
76166246
76166812
76167096
76167409
76167412
76167516
76168135
76169677
76171554
76174856
76175658
76176717
76178126
76178241
76178803
76178952
76181117
76181705
76183158
76183458
76183546
76183837
76185224
76185885
76187341
76188876
76189683
76189770
76189855
76191440
76193536
76193589
76194300
76194951
76197359
76197740
76197956
76198842
76199205
76204237
76205323
76205634
76205794
76206305
76207390
76207426
76208124
76208598
76208614
76211506
76211598
76211608
76213459
76213857
76214162
76217000
76217823
76217978
76218125
76218490
76219010
76219084
76222051
76222084
76222461
76224224
76224438
76225604
76229101
76229768
76230551
76233824
76234095
76235681
76237437
76239493
76241718
76242194
76242300
76244007
76246226
76246246
76247172
76249067
76250555
76251793
76252594
76252866
76254307
76255616
76255745
76256281
76258818
76258924
76259548
76260244
76260745
76261088
76261289
76263097
76263395
76264614
76266699
76268059
76268281
76268457
76268638
76270465
76271265
76272823
76273803
76274647
76275267
76275940
76276328
76276344
76279500
76281910
76282104
76282637
76282908
76285359
76285681
76286616
76286724
76287347
76287557
76288100
76288124
76288552
76288772
76292537
76292602
76294739
76294869
76295191
76296223
76296626
76297749
76299030
76299139
76299338
76299853
76300194
76300394
76301323
76301385
76304177
76306013
76306516
76306755
76307568
76310538
76314132
76315836
76317319
76318249
76320155
76321420
76323262
76324777
76325036
76325904
76326167
76326531
76327090
76327430
76327741
76328553
76329609
76330033
76331139
76331178
76331921
76333367
76334111
76335023
76335028
76336362
76337836
76338714
76343225
76343675
76343790
76345742
76347875
76348400
76348673
76350455
76352108
76352450
76353346
76353427
76353968
76355280
76356688
76359325
76359356
76360986
76361595
76362294
76364920
76366538
76366816
76367457
76367587
76368232
76368949
76370881
76371369
76371930
76374806
76378602
76379051
76380018
76380740
76381758
76383608
76384014
76384302
76387049
76389662
76390345
76391152
76391678
76392065
76393328
76394469
76395310
76395473
76395856
76396187
76396588
76396882
76397410
76397676
76399278
76400632
76403553
76406352
76406533
76406702
76409465
76410384
76410977
76411462
76412598
76414081
76415823
76416822
76417828
76419399
76420234
76421261
76421624
76422772
76422833
76422978
76423618
76423914
76424055
76424646
76425116
76427662
76427842
76432948
76434234
76434517
76434610
76435122
76435527
76435528
76436707
76437408
76437444
76437888
76438116
76438590
76438765
76439010
76439410
76442071
76442843
76443749
76447121
76447335
76451003
76452009
76452557
76456040
76458200
76459518
76460539
76460936
76462896
76464363
76465922
76467486
76468081
76468723
76471037
76475853
76476937
76477332
76478552
76483314
76483623
76483924
76484960
76487458
76487490
76488058
76491124
76491866
76492934
76493167
76493226
76493298
76493396
76493620
76498139
76500268
76501283
76501320
76501898
76502138
76502371
76503390
76503747
76506195
76506421
76506951
76507139
76507818
76508846
76509791
76511741
76512063
76512099
76513519
76514083
76514596
76515426
76517486
76518020
76518436
76518645
76518856
76520583
76520791
76520840
76522053
76522141
76525600
76527022
76529917
76531316
76531884
76532704
76534666
76535615
76535694
76536905
76540693
76540810
76540868
76541148
76541203
76541467
76541906
76544529
76546634
76547283
76547855
76548120
76548496
76549547
76551083
76551556
76552166
76553029
76553214
76553774
76554615
76555214
76555240
76555437
76556525
76559466
76560394
76560560
76561674
76563179
76565177
76566917
76568606
76569490
76573030
76573377
76573538
76573913
76576546
76576584
76576765
76577050
76578064
76578131
76579135
76581651
76582515
76582582
76582679
76586115
76586930
76587087
76587111
76587303
76588301
76589015
76589761
76589871
76591135
76591334
76592800
76593187
76593214
76593769
76593789
76595278
76595432
76596285
76598529
76598929
76600553
76600814
76602349
76602417
76602473
76602844
76603499
76604099
76604151
76609022
76609843
76610933
76611158
76612190
76616333
76617006
76620081
76620217
76621601
76623160
76624045
76624246
76625483
76626319
76626397
76629448
76630175
76631249
76632440
76633382
76634749
76634982
76635017
76635447
76635858
76638551
76639255
76639453
76639957
76640291
76640436
76640725
76640968
76640998
76643389
76644106
76644122
76644190
76646053
76646143
76647503
76647548
76648532
76649314
76649413
76649762
76650083
76650519
76651541
76652180
76652331
76653137
76654142
76654858
76656472
76657828
76658561
76658763
76660490
76664221
76664775
76664869
76666528
76667691
76667744
76667841
76668481
76670472
76670571
76670701
76671523
76671900
76672330
76673679
76675220
76675556
76675984
76676742
76678834
76680207
76680371
76680961
76681252
76682706
76684221
76684568
76684845
76685884
76686210
76687453
76687558
76687590
76688035
76688810
76689169
76690234
76690343
76690917
76692166
76693202
76693314
76694751
76695110
76695213
76695567
76696438
76697457
76697910
76698495
76699698
76700001
76700721
76701139
76703472
76703788
76704340
76704838
76705243
76706373
76708409
76710258
76711020
76713815
76714178
76715313
76715884
76716676
76718505
76720441
76720483
76721626
76721992
76723896
76724177
76725451
76725539
76725912
76726036
76726223
76726438
76726461
76726526
76727267
76727686
76728802
76732842
76733806
76734346
76737279
76737291
76738306
76739153
76740514
76740966
76741644
76741851
76742766
76743191
76743630
76744869
76745380
76747072
76747424
76748329
76748461
76749973
76751195
76753466
76755111
76755219
76756950
76757382
76757931
76758128
76758803
76758847
76759874
76759909
76760300
76760494
76760633
76762164
76762936
76763742
76764444
76766291
76767229
76771841
76771877
76772172
76772731
76775659
76778111
76778235
76781282
76783086
76783494
76784181
76785154
76786068
76787117
76790148
76790955
76791385
76793020
76793756
76794695
76794835
76795238
76795683
76795741
76795973
76796156
76796822
76797379
76797698
76797895
76798036
76798597
76800757
76804146
76804278
76805332
76805418
76807176
76808611
76808685
76809444
76809773
76809774
76810005
76810468
76810476
76811437
76812126
76812248
76812577
76813030
76813060
76813368
76813578
76815877
76815882
76817627
76818783
76819219
76820857
76821268
76824598
76825671
76825841
76826207
76828416
76829222
76829631
76829711
76830303
76830962
76831986
76833621
76840413
76842305
76842955
76844475
76844752
76844836
76844928
76845099
76845199
76846869
76848591
76848845
76849080
76851275
76851570
76851987
76852328
76853003
76853073
76853413
76854285
76854640
76857104
76857173
76858591
76860763
76860780
76861515
76861917
76862400
76863404
76864099
76864684
76864710
76864823
76865743
76866001
76866717
76867112
76868379
76868410
76868540
76868659
76868988
76869522
76870944
76871268
76874676
76875315
76877042
76878220
76881510
76882816
76884584
76884840
76885150
76886412
76886722
76887786
76887967
76888624
76890296
76892816
76893142
76893830
76895118
76897894
76898062
76899906
76901486
76902763
76903572
76903869
76904329
76905460
76908070
76908094
76908551
76911446
76911711
76911749
76914689
76916252
76918079
76918194
76918530
76921606
76922671
76923540
76923860
76924129
76924796
76925521
76926315
76934576
76934791
76935089
76935230
76937043
76937135
76938012
76938242
76943061
76944386
76948111
76951198
76951199
76951230
76951857
76952730
76952993
76953052
76953807
76953917
76954465
76954653
76955662
76956727
76956839
76957835
76958510
76958521
76960133
76960402
76960904
76961085
76961745
76961935
76962544
76964296
76965229
76966061
76966320
76966480
76970753
76971056
76972056
76972600
76974476
76974494
76974571
76975897
76976160
76976644
76977621
76978213
76978840
76984297
76985508
76986290
76986647
76987792
76988602
76988681
76989557
76990436
76993753
76993807
76994349
76994578
76995890
76995914
76996592
76997569
76998238
76998996
76999716
77000416
77000815
77001793
77002404
77004412
77004876
77005329
77005456
77005538
77005743
77006454
77007847
77008862
77009530
77011219
77011402
77013414
77015244
77018031
77018477
77018675
77019613
77020275
77021154
77022789
77023282
77023413
77023573
77023798
77023811
77024699
77024940
77025433
77026417
77027018
77027101
77027196
77028916
77029205
77029372
77030477
77030941
77031272
77031282
77031403
77031592
77033235
77033634
77034049
77034202
77035368
77035437
77036318
77036650
77037211
77037380
77037469
77038322
77038361
77038964
77039380
77039524
77040211
77041310
77041363
77042194
77046164
77049595
77049773
77051112
77052108
77052284
77052719
77052803
77053505
77053633
77054398
77055458
77057084
77057351
77057749
77058690
77058874
77061479
77061619
77061630
77062082
77062323
77063639
77063904
77066247
77066647
77067592
77070198
77070268
77071907
77072286
77074096
77074737
77075674
77075758
77076044
77076637
77077043
77081624
77082086
77083309
77083341
77083473
77086107
77086143
77087174
77087899
77089421
77089446
77089738
77090410
77091587
77096497
77097872
77098674
77099024
77099818
77099880
77099930
77100880
77102735
77105145
77106442
77108752
77109563
77109607
77110685
77111120
77111463
77112395
77115184
77115304
77115770
77117290
77118114
77118971
77120547
77120563
77121838
77124734
77126347
77126909
77127136
77128000
77128131
77129275
77131954
77132010
77132447
77132540
77133440
77134232
77134844
77134856
77134885
77135766
77139319
77140007
77141121
77142195
77142428
77145866
77147665
77149161
77149698
77149951
77150426
77152326
77152651
77153915
77156792
77157269
77158392
77158862
77160597
77160950
77161350
77161543
77161840
77162674
77163248
77163353
77164444
77164566
77164591
77166610
77166763
77169073
77170097
77170132
77170380
77171497
77173982
77173986
77174040
77177603
77178979
77179992
77180500
77180611
77181063
77181239
77181563
77184447
77184473
77186069
77186842
77186925
77187458
77187597
77189255
77190704
77190991
77193004
77193691
77193711
77194344
77196924
77197424
77197710
77198706
77199068
77200361
77201502
77201917
77203186
77204212
77205008
77205227
77205297
77205978
77206131
77206285
77206788
77207455
77207907
77208846
77209324
77209399
77209531
77210299
77210585
77213046
77213048
77214205
77214802
77216003
77216593
77217700
77218436
77218976
77220298
77221427
77222050
77222302
77222636
77222958
77224493
77225688
77226248
77226579
77226711
77233454
77234743
77236247
77236512
77237550
77240111
77241350
77242120
77242425
77245078
77245127
77246064
77246783
77246939
77248441
77248798
77251169
77252538
77252876
77252911
77253952
77254618
77255554
77256555
77256690
77257426
77257533
77258340
77259150
77261025
77262864
77263201
77265240
77265558
77265763
77266743
77267518
77267850
77268086
77269303
77270347
77270408
77271115
77271371
77271741
77272259
77275890
77276356
77277019
77277029
77277086
77278282
77280056
77282128
77282881
77283661
77283822
77286803
77289464
77290137
77290551
77290804
77291103
77291175
77292569
77292779
77293208
77295013
77295245
77296542
77297675
77298758
77299150
77299232
77303792
77304362
77304740
77304983
77305664
77309094
77309897
77310662
77310988
77311859
77314639
77315107
77316551
77319841
77321236
77323431
77323498
77323806
77323948
77324220
77325627
77326905
77327028
77327229
77330256
77331828
77332687
77333569
77334591
77335158
77336330
77336413
77336646
77337818
77338673
77339559
77339840
77340050
77340546
77340611
77340671
77341866
77342561
77343932
77343967
77344674
77346623
77346846
77347488
77347820
77350082
77351959
77352053
77354147
77354996
77355675
77356703
77360609
77360963
77361086
77361531
77363316
77363548
77364623
77364953
77365941
77366028
77367064
77368164
77368519
77369348
77370376
77371670
77373206
77374142
77374841
77377452
77377571
77378080
77379637
77381309
77381687
77381907
77383120
77383138
77383381
77383608
77384329
77384352
77384890
77385064
77385982
77386217
77387135
77387181
77388161
77388337
77390294
77390548
77391113
77391840
77391983
77392091
77392345
77392597
77393304
77394574
77396393
77396519
77396877
77397073
77397631
77398691
77401993
77402122
77402240
77402810
77405259
77406630
77407425
77411036
77411217
77411508
77412084
77412924
77413053
77413513
77414302
77416904
77417180
77417359
77418475
77419270
77420166
77421674
77422596
77424000
77424243
77424245
77424312
77424535
77425465
77425619
77426850
77427371
77432467
77433088
77433173
77434736
77436900
77438875
77440242
77440649
77443494
77443936
77444441
77446237
77446468
77446637
77449461
77453221
77453973
77456003
77457151
77457542
77459041
77460336
77460714
77463961
77464714
77464756
77465250
77465721
77466057
77466401
77466875
77468115
77468921
77469076
77470671
77471017
77472932
77473129
77474297
77475654
77476147
77476588
77476701
77477887
77480448
77482486
77483835
77484527
77485535
77486054
77488011
77488773
77490324
77490893
77491046
77492199
77492742
77493202
77496616
77496999
77498010
77499021
77499715
77500130
77500742
77502343
77502610
77503036
77504301
77506963
77507357
77509126
77509575
77511302
77511871
77515307
77516824
77517348
77518631
77518768
77520413
77522039
77523534
77524461
77524633
77524851
77525357
77525372
77526539
77528038
77528776
77529276
77529382
77529759
77531025
77532372
77532861
77535841
77536974
77538991
77544447
77544561
77545140
77545284
77546587
77546952
77548737
77554156
77554445
77555897
77556314
77556403
77556408
77556758
77557393
77558199
77558683
77560220
77561262
77561404
77561671
77561798
77562374
77562721
77564128
77564605
77565308
77565391
77566066
77566910
77567029
77567826
77568436
77568641
77568940
77569592
77569865
77571609
77572659
77572964
77574377
77574875
77576121
77576696
77576969
77577941
77578524
77578542
77582745
77585294
77586461
77587787
77589094
77589905
77590205
77590290
77591997
77592020
77593317
77594146
77594236
77594255
77595648
77595788
77596783
77597302
77597850
77598331
77600317
77600565
77602153
77602817
77603163
77603784
77605491
77606799
77607161
77608344
77611125
77611845
77613593
77614175
77614950
77615164
77616267
77617696
77618227
77618586
77619624
77620375
77620704
77622366
77623721
77623736
77624546
77625178
77627415
77628449
77629064
77629709
77629845
77630954
77630956
77631318
77632976
77632980
77634700
77636397
77637851
77640642
77640799
77641510
77643527
77644188
77644494
77645282
77645665
77647116
77652255
77653536
77656343
77657634
77657839
77658064
77658662
77658711
77659710
77661636
77662596
77663680
77665387
77666066
77666600
77666881
77667139
77668208
77669504
77669750
77670307
77671284
77671698
77671828
77672417
77675137
77677027
77680196
77681888
77682486
77682709
77683131
77685241
77685354
77686096
77686636
77686886
77687000
77687266
77691564
77694017
77694485
77698494
77698748
77701200
77701308
77703201
77703269
77703734
77704028
77704334
77705279
77705551
77706490
77707540
77709140
77709535
77710695
77710967
77713290
77713329
77713623
77715605
77715614
77715642
77718413
77719053
77720615
77722026
77723491
77726778
77727463
77727518
77729002
77731187
77731247
77731293
77733590
77735343
77736262
77736979
77739240
77740212
77741469
77741494
77747081
77748149
77748344
77748507
77748952
77749589
77749608
77749832
77749999
77751638
77752617
77752718
77753029
77753104
77755522
77755523
77756567
77757367
77758465
77759654
77760874
77761337
77761531
77761825
77763631
77764508
77768742
77771867
77772948
77773189
77773481
77774748
77774890
77781432
77781486
77782484
77785165
77785641
77785829
77786253
77786600
77786608
77787726
77788422
77788611
77788812
77788831
77789079
77789531
77789671
77789716
77791234
77794070
77794526
77795602
77795790
77796412
77797626
77797637
77797891
77798164
77798642
77801235
77801254
77806517
77808888
77810053
77810564
77811261
77812909
77814308
77814640
77814810
77814824
77816352
77817329
77817765
77818289
77818623
77819711
77821046
77822315
77823224
77825976
77826631
77831614
77832640
77832778
77833530
77833796
77834043
77834984
77835998
77838256
77840078
77840684
77841872
77842253
77842257
77843126
77844239
77844844
77845932
77845983
77847034
77847515
77847711
77849177
77850646
77851575
77851729
77851734
77852542
77853469
77858940
77859399
77860620
77861127
77861780
77862305
77862664
77862790
77865625
77866070
77867465
77867908
77869116
77869937
77873622
77873678
77874708
77875106
77875353
77876113
77881130
77881220
77881429
77881596
77882357
77882674
77882838
77884515
77886355
77887686
77888306
77889321
77889556
77890494
77891085
77891503
77891717
77892707
77893007
77893140
77893509
77894965
77895123
77896426
77897123
77897778
77898263
77898470
77900131
77902618
77906092
77906861
77908245
77908312
77909110
77910333
77911634
77911748
77911801
77915376
77915846
77917307
77917351
77917388
77918067
77918501
77921068
77921473
77922039
77922128
77924168
77924257
77925434
77926229
77926745
77926851
77930094
77930625
77930971
77931150
77931390
77932592
77933054
77933549
77934624
77935179
77938424
77941557
77941905
77942616
77943552
77944340
77945127
77946266
77948087
77948554
77949346
77949714
77950994
77952181
77954885
77959511
77960463
77960773
77961878
77962259
77965363
77966442
77966489
77967438
77968057
77969256
77969595
77970151
77970429
77971078
77971118
77973170
77973301
77975319
77975411
77975659
77976031
77977109
77977122
77978240
77979158
77981202
77981603
77982373
77984321
77984620
77984645
77985029
77986452
77986532
77987635
77988176
77988765
77989327
77989718
77989923
77990837
77991358
77993653
77996541
77998754
78000732
78001609
78004977
78005556
78006858
78009158
78009784
78011850
78013335
78014901
78015495
78015533
78016797
78016807
78018430
78021078
78021787
78021881
78022965
78026694
78028056
78029629
78034525
78035222
78037516
78037663
78037790
78039848
78040110
78040224
78040816
78041551
78042954
78044498
78045031
78045335
78045721
78045796
78047901
78048143
78048259
78049285
78050455
78050960
78051037
78051323
78051688
78053176
78054460
78055069
78055366
78055564
78056420
78056422
78056581
78057358
78057592
78058720
78058777
78060201
78061689
78061980
78063329
78065661
78065767
78066782
78068296
78068345
78068457
78069593
78071161
78071195
78071993
78076270
78077127
78077298
78077882
78081032
78083477
78083792
78084025
78086462
78086760
78087134
78091781
78092192
78092454
78092493
78092576
78093609
78094160
78095009
78097507
78097521
78099210
78099509
78100019
78101741
78103477
78103795
78103997
78104428
78105918
78106922
78108751
78109651
78110116
78110887
78110995
78111625
78112812
78114875
78115343
78116504
78117158
78117709
78118449
78120126
78120534
78121087
78122067
78123666
78124517
78125790
78127820
78129206
78129673
78129878
78130892
78131905
78132101
78133051
78135616
78137379
78139438
78140907
78143521
78143553
78145345
78147469
78149963
78150391
78150568
78153931
78154594
78155382
78157636
78157656
78158177
78159793
78160443
78161548
78161731
78164250
78165369
78167389
78167457
78170831
78171134
78172138
78172831
78172993
78173211
78173748
78174504
78175156
78176558
78176784
78181455
78181822
78183110
78183243
78184991
78186162
78187053
78187911
78189131
78190339
78190445
78190562
78190778
78190946
78197427
78198006
78198069
78198258
78198725
78199718
78200200
78200353
78201440
78201668
78202508
78203965
78205217
78205503
78205594
78206488
78206824
78207466
78207548
78208534
78209664
78210326
78212291
78213435
78213528
78213929
78213973
78215320
78216040
78216942
78218402
78219260
78219316
78222167
78222933
78223377
78225298
78225895
78226751
78227315
78227316
78228114
78228614
78228686
78229990
78230615
78230673
78232126
78232723
78234526
78235087
78235177
78235393
78235926
78236343
78236411
78236455
78238815
78239864
78240769
78241090
78241634
78242360
78244250
78244475
78246501
78248208
78248308
78248665
78249073
78249308
78249598
78249753
78249892
78250003
78250699
78252116
78252454
78256664
78257733
78257998
78258134
78258458
78259397
78259521
78260119
78260480
78262348
78263223
78263481
78263562
78265544
78266692
78268756
78269632
78270025
78270257
78270529
78270797
78272203
78273836
78274599
78277785
78278699
78278744
78279855
78280734
78281396
78283995
78285706
78286443
78289539
78290095
78290126
78292466
78292881
78294032
78294709
78295005
78295121
78295968
78298255
78298796
78299985
78301137
78301374
78301601
78303546
78304361
78306842
78309134
78309763
78310524
78311373
78314257
78318891
78319168
78319351
78319964
78320463
78321078
78322404
78322805
78323693
78325053
78325414
78325417
78326059
78326118
78327265
78330410
78332706
78334497
78335942
78336154
78337428
78337534
78338313
78338772
78339168
78339686
78342332
78343039
78343175
78343200
78343319
78343701
78345103
78347188
78348837
78349529
78349860
78350617
78352187
78352612
78353801
78354657
78356174
78357247
78360154
78360878
78365465
78365729
78366323
78366804
78367287
78369591
78371304
78371834
78372465
78373656
78374884
78376399
78377463
78378083
78378721
78379862
78380036
78380426
78380820
78381281
78381581
78381665
78382801
78383111
78383612
78384663
78385651
78387434
78387447
78387626
78388417
78390358
78392196
78393811
78394188
78394636
78397585
78399260
78399481
78399776
78400641
78402053
78402772
78404125
78404350
78405961
78406318
78406887
78406914
78406989
78407149
78408752
78411782
78411795
78411901
78414664
78415642
78417452
78417702
78420719
78423827
78423925
78424329
78425066
78426937
78427071
78428644
78429219
78429608
78431573
78432467
78433683
78437033
78438503
78439507
78440014
78444347
78444494
78445646
78446018
78446292
78446428
78447306
78447471
78448538
78448668
78449326
78449352
78450154
78450404
78452159
78453254
78454227
78455134
78456512
78456823
78456889
78457076
78457155
78457847
78458327
78458610
78461803
78463726
78463986
78466030
78469294
78470973
78471974
78472331
78474696
78476541
78476684
78478184
78478843
78479996
78480063
78480462
78483630
78483924
78484532
78486054
78486557
78488055
78488194
78488268
78488907
78490628
78493421
78493777
78499467
78500604
78502113
78502768
78503456
78503971
78505869
78507253
78508415
78508900
78511477
78511877
78512703
78513501
78514495
78516139
78518976
78520352
78520871
78521113
78521426
78522325
78522371
78522560
78522562
78523104
78524702
78527518
78527910
78528019
78528134
78529753
78530951
78532495
78532627
78533361
78533572
78535435
78535666
78535871
78536501
78536540
78537126
78537259
78538647
78538733
78538853
78538959
78541092
78541908
78542409
78543135
78544364
78544699
78545261
78545322
78547299
78547547
78547740
78548401
78550579
78551698
78553358
78553858
78555784
78557831
78558548
78558599
78558825
78560144
78560931
78561612
78566318
78567056
78567993
78568861
78571270
78572358
78572643
78572932
78573391
78573445
78573718
78573772
78573974
78577085
78577462
78577972
78578499
78580630
78581388
78583215
78583267
78583752
78585506
78588889
78589332
78590173
78591987
78593150
78593456
78593591
78593968
78594257
78595333
78596081
78598201
78598588
78598977
78600182
78600648
78600742
78601965
78603053
78604129
78606097
78606361
78606838
78608288
78608290
78609496
78609605
78611088
78611866
78612976
78614521
78614842
78617150
78617271
78620792
78621217
78621429
78622613
78626235
78626341
78629473
78629743
78629928
78630186
78634827
78637846
78639415
78639452
78640613
78641443
78642156
78645798
78648797
78651131
78653825
78654643
78655491
78657548
78658520
78659013
78662295
78662348
78663706
78664139
78665826
78666938
78667093
78667527
78667822
78668146
78668903
78669190
78669894
78671608
78672894
78673120
78673989
78674767
78674866
78675126
78676876
78677406
78677656
78677715
78678155
78681207
78681607
78682261
78682392
78682915
78683611
78687089
78690681
78695038
78695322
78696058
78697675
78698368
78699165
78699490
78699665
78699872
78701173
78702933
78703005
78703145
78705158
78706625
78706896
78707822
78708635
78709104
78709162
78709744
78709772
78710068
78710263
78710290
78710632
78713694
78714010
78716058
78716610
78717477
78718420
78720022
78725243
78726359
78726417
78726945
78732769
78733350
78736156
78736930
78737711
78738651
78742725
78743710
78743726
78745075
78746990
78747091
78749853
78751425
78752277
78753507
78756091
78756497
78758242
78759023
78761749
78762521
78763056
78763687
78765209
78765336
78765739
78767453
78767475
78768256
78768688
78769634
78769733
78769907
78773027
78774100
78774905
78775038
78775927
78776235
78777447
78779778
78780552
78781672
78781881
78782824
78782831
78784895
78785902
78786294
78786439
78786661
78787469
78788368
78789267
78790652
78791839
78795817
78796992
78799407
78800061
78802121
78802221
78802305
78802545
78803431
78803982
78805037
78807337
78807414
78809362
78809974
78811236
78811783
78813775
78816407
78816559
78816856
78818041
78818874
78820337
78821203
78821687
78826137
78826238
78826760
78827718
78828361
78829544
78831407
78831486
78833428
78834594
78836674
78837038
78837549
78840225
78840228
78840252
78840353
78841465
78843944
78844260
78845892
78845927
78847117
78848693
78848869
78848962
78850216
78850510
78851835
78852673
78852864
78853513
78856030
78857757
78857859
78858543
78860998
78861111
78862267
78862539
78863127
78863503
78864147
78865847
78865889
78866745
78867317
78867745
78867841
78868244
78868735
78869268
78869512
78870241
78871018
78871038
78871970
78872698
78873663
78874216
78874411
78874493
78874730
78875839
78876266
78876432
78876916
78877489
78879758
78879891
78881206
78881524
78881680
78885917
78886552
78886725
78887402
78887625
78888932
78891300
78894659
78894973
78895245
78895533
78896855
78897503
78899426
78899993
78902387
78903040
78904612
78904778
78908503
78909615
78909809
78911183
78911853
78913244
78914869
78915659
78916782
78918373
78918579
78918638
78919132
78919145
78919775
78920017
78920236
78920763
78922990
78925422
78925621
78925919
78926926
78927122
78927546
78928406
78930579
78930879
78930899
78931606
78935070
78936224
78936552
78937138
78938629
78942114
78942330
78943068
78944150
78946010
78946302
78946941
78949050
78950996
78951094
78952163
78952166
78952257
78953537
78954932
78956536
78958411
78960861
78961202
78961430
78961459
78961498
78963137
78963799
78963818
78963975
78967294
78968371
78968417
78971442
78971457
78971743
78971775
78971902
78972473
78976743
78976828
78979095
78982256
78985716
78987309
78987906
78988909
78989050
78990348
78990506
78992670
78996038
78996121
78996698
78999206
79002110
79002900
79004075
79004738
79006498
79009893
79010042
79010822
79011188
79011369
79012683
79014096
79014190
79014370
79017236
79017790
79017900
79019640
79020619
79022412
79022539
79023139
79025208
79026423
79027681
79028730
79028889
79029155
79030193
79030395
79030540
79031028
79032945
79032950
79032992
79034153
79034390
79034501
79035184
79035763
79035895
79036966
79036987
79039303
79039650
79039884
79041639
79042306
79042391
79043135
79045858
79047551
79047966
79048335
79051877
79052696
79053312
79057775
79057869
79059993
79060695
79063681
79063693
79065554
79066088
79067193
79067663
79068111
79068872
79069644
79070526
79070577
79070916
79074084
79074362
79075105
79076170
79078472
79078901
79080339
79083928
79084334
79084880
79084975
79085410
79085617
79089080
79089901
79091461
79094966
79096412
79096676
79097226
79098076
79098795
79098923
79101664
79103611
79104690
79105321
79105576
79105780
79105905
79106133
79106553
79108459
79108513
79109091
79112811
79112926
79113330
79117156
79117647
79118291
79118466
79118492
79118626
79118793
79119532
79119854
79122379
79122851
79124666
79126826
79129152
79129551
79129560
79130379
79130447
79131271
79132971
79133014
79133240
79134873
79134995
79135942
79138026
79138429
79138861
79139152
79140869
79140910
79141563
79142276
79143084
79143988
79145547
79146046
79146958
79147232
79147389
79148262
79148902
79149363
79149683
79151743
79153979
79154666
79156787
79157156
79157655
79158875
79160218
79161074
79161204
79162732
79164920
79167181
79168861
79168961
79170637
79171169
79172637
79172700
79172756
79173318
79173618
79175123
79177059
79178103
79179067
79180045
79180359
79181986
79183626
79183946
79185430
79185858
79185867
79186604
79188435
79189605
79193333
79194111
79194164
79196483
79196559
79196789
79197209
79197336
79198338
79200432
79200654
79200771
79202198
79202730
79203413
79203510
79204954
79205032
79206277
79208997
79210454
79211025
79211057
79211679
79212676
79217610
79219503
79220363
79220762
79222343
79222599
79222640
79223752
79224116
79226395
79227245
79227448
79228298
79228584
79228847
79229738
79230112
79230720
79230801
79230849
79231027
79231068
79231776
79233275
79233755
79233826
79233891
79234132
79234500
79234573
79234941
79236172
79239831
79240761
79243428
79243560
79246161
79246165
79246969
79247062
79248292
79249992
79250636
79250658
79251552
79252562
79253930
79254563
79256398
79257196
79258668
79260148
79260379
79260394
79260680
79260909
79261158
79262440
79263249
79265368
79267352
79268452
79268540
79268548
79272018
79272750
79273380
79274816
79274842
79275381
79277434
79279578
79282514
79283715
79285964
79286521
79286718
79287426
79288400
79288695
79289109
79289163
79290925
79291824
79292610
79293253
79293279
79293564
79293774
79293994
79294612
79295660
79297380
79297534
79299984
79301060
79302151
79302505
79303061
79304665
79306711
79306762
79307366
79307951
79308405
79308914
79310317
79312100
79312122
79313305
79313659
79313901
79314327
79314895
79317124
79318677
79319330
79319341
79321286
79321544
79324145
79324314
79325488
79327189
79327576
79327948
79328179
79328380
79328563
79328732
79330049
79330095
79330676
79331123
79332236
79334010
79335784
79336448
79340557
79341174
79342612
79343175
79343747
79344365
79344481
79345641
79349010
79349508
79350053
79351137
79351429
79352785
79353203
79356649
79359303
79360217
79362594
79362602
79364140
79365865
79370781
79371251
79373824
79376527
79378026
79378566
79378806
79379016
79381293
79382969
79384583
79384932
79386142
79386833
79387274
79387645
79388622
79392842
79393027
79393857
79394391
79396676
79397645
79397755
79398174
79398528
79399096
79400280
79400305
79400335
79400640
79404040
79404142
79409621
79409962
79411860
79412216
79413716
79414224
79414336
79415010
79415412
79415644
79415669
79416324
79418971
79419461
79420590
79421300
79421354
79422104
79422115
79422235
79423157
79426041
79426243
79426284
79427788
79431184
79431668
79434545
79438729
79438978
79439120
79439387
79439447
79439581
79439799
79441626
79442503
79442904
79443352
79443831
79443836
79444680
79444972
79445871
79445899
79446124
79448064
79453898
79461946
79462991
79463263
79463428
79463963
79465353
79465501
79468122
79469712
79470029
79470167
79472028
79472775
79473298
79473328
79473355
79473610
79475621
79475703
79476517
79477464
79477947
79478790
79479708
79480231
79481529
79483803
79484162
79484515
79485128
79486506
79487318
79487366
79489495
79489729
79491358
79493849
79498105
79498261
79498519
79499651
79501960
79502034
79502833
79503557
79504741
79505910
79508146
79508345
79509269
79509628
79512420
79512490
79512838
79513044
79513946
79515107
79516192
79517758
79518366
79520075
79520411
79520435
79520597
79522630
79522643
79524487
79525475
79526622
79527554
79527623
79527918
79527979
79528133
79528254
79529360
79529542
79531389
79532873
79534103
79534224
79536302
79538863
79540293
79541102
79541250
79541539
79542677
79542843
79543965
79545329
79546475
79549028
79551741
79553297
79553828
79554114
79557206
79558315
79558393
79559080
79560193
79560229
79562077
79567575
79567720
79568937
79569937
79572046
79572412
79574740
79574873
79575745
79575878
79576137
79576409
79577584
79578096
79579793
79582678
79583095
79583788
79585155
79585279
79587432
79587625
79588557
79588830
79590512
79591271
79591729
79592016
79592266
79592307
79593852
79595595
79597592
79600725
79601320
79602555
79602636
79603125
79603392
79604276
79606147
79606379
79606631
79608199
79609131
79609668
79609762
79610342
79611948
79612126
79612839
79613003
79613742
79614038
79614758
79614817
79620350
79620906
79625763
79626949
79629316
79629793
79632245
79633754
79634193
79636235
79637876
79639062
79640794
79640873
79642327
79643430
79643778
79646079
79646473
79646815
79647361
79647594
79648284
79648700
79650979
79652706
79654972
79655735
79656203
79657131
79658633
79658749
79661954
79665373
79665561
79666478
79666872
79666963
79668254
79668285
79668389
79669410
79669913
79670961
79671199
79674927
79675979
79676862
79676957
79677961
79678144
79678350
79680169
79680504
79682088
79682313
79684093
79685593
79686990
79687101
79687722
79688374
79688622
79688746
79689161
79689261
79690342
79690750
79690930
79694801
79698363
79699265
79699345
79699557
79699989
79701163
79702804
79703171
79704535
79705240
79706422
79706929
79707395
79707590
79708841
79709660
79711480
79711636
79711823
79713946
79714295
79714405
79714522
79715103
79715138
79715350
79715904
79717834
79718573
79721183
79721394
79722688
79723307
79725276
79726022
79726391
79727494
79728236
79729429
79730659
79730930
79731181
79731929
79732368
79733241
79733579
79734272
79735314
79735635
79736043
79736214
79736584
79738190
79741086
79741240
79741572
79743351
79743930
79744306
79744512
79748303
79748650
79750628
79752231
79752697
79752745
79753792
79756118
79756942
79756994
79757132
79758513
79759588
79761514
79763928
79765380
79770539
79770583
79770683
79770922
79771429
79771817
79772506
79772629
79773948
79774433
79775979
79778067
79778219
79779542
79780522
79781530
79782008
79782793
79783556
79784125
79785102
79785859
79786327
79788150
79789738
79791905
79792619
79794196
79794211
79794318
79794795
79795010
79796198
79797909
79798773
79799865
79800065
79804098
79804932
79808139
79808601
79809367
79810354
79810391
79810596
79811209
79812083
79812200
79812369
79812409
79813660
79814817
79815860
79816245
79818521
79819497
79821437
79823845
79828294
79829473
79832779
79832858
79833283
79834428
79836952
79837128
79838913
79839001
79840335
79841041
79841379
79841792
79842205
79843334
79845027
79846877
79847709
79847929
79848903
79849407
79850343
79850547
79851109
79851568
79851895
79854240
79854290
79855385
79855534
79856515
79859954
79860137
79861240
79862482
79862496
79864260
79865081
79865458
79865944
79868447
79868582
79869172
79870500
79870724
79871063
79872231
79873140
79874673
79875834
79876792
79877290
79877458
79878579
79880913
79881131
79882045
79882685
79883050
79883430
79883454
79884158
79884868
79885300
79885910
79888738
79890370
79890520
79890579
79891077
79892158
79893537
79896025
79898336
79899102
79899485
79899841
79900424
79900619
79904984
79906811
79907129
79907355
79907854
79908964
79909432
79910383
79911506
79912829
79914782
79914999
79917633
79918506
79919759
79920257
79921429
79921627
79921825
79922138
79922698
79923159
79926049
79929117
79929930
79930322
79932574
79933222
79933721
79935336
79936836
79937042
79938289
79938318
79939646
79939690
79941241
79942132
79942779
79943229
79946310
79948092
79950868
79950895
79953062
79953100
79956438
79959344
79960703
79961073
79961648
79961933
79962075
79964091
79965549
79965973
79966028
79966719
79968369
79968674
79968853
79968863
79971883
79971987
79972192
79972230
79974753
79977755
79978266
79978790
79979598
79979778
79982429
79983794
79984645
79984825
79985585
79986323
79987356
79989341
79989525
79989755
79990695
79991301
79992496
79994643
80001038
80001444
80003060
80003444
80003898
80004656
80005562
80005721
80010054
80010183
80010433
80010790
80010983
80011900
80012371
80013011
80013597
80013979
80014570
80014633
80015279
80018004
80018084
80018334
80018700
80020978
80021211
80021813
80022258
80023800
80024065
80024887
80027890
80028295
80028838
80029835
80030269
80033700
80035624
80035643
80035829
80036039
80037153
80037318
80037824
80038028
80038049
80042177
80043415
80043503
80044318
80044457
80045664
80045747
80048179
80048665
80048927
80050918
80052364
80052851
80053392
80054740
80055976
80057223
80057445
80059115
80060588
80062327
80064319
80065352
80065600
80065964
80068637
80069881
80070338
80070380
80070438
80071728
80077252
80077658
80081052
80081663
80083793
80085502
80086608
80086846
80087946
80089693
80091105
80091267
80092958
80093046
80093137
80094777
80094981
80096323
80097491
80098829
80099897
80100604
80101485
80102255
80102746
80104772
80104974
80105064
80108005
80108427
80108882
80110065
80110364
80110935
80111922
80115287
80115522
80115852
80117512
80117857
80118482
80119779
80120675
80123805
80124068
80125938
80126854
80126954
80127943
80128181
80128487
80128603
80132527
80133190
80135604
80136436
80136767
80137906
80137990
80139636
80141248
80141612
80141753
80142265
80142849
80142911
80143600
80143816
80144713
80145249
80146982
80147573
80149472
80150827
80150847
80151113
80154282
80154379
80156261
80156892
80157144
80158913
80160248
80160480
80160664
80161060
80164365
80165167
80165468
80165869
80166601
80167147
80168162
80169259
80170970
80175835
80177879
80178016
80179314
80180577
80182853
80182997
80183178
80183659
80186422
80187796
80187864
80188419
80189161
80189606
80190173
80191410
80191828
80193305
80195408
80197611
80199288
80199569
80201542
80203261
80203348
80204554
80206393
80206794
80208167
80209259
80210905
80211229
80213329
80213358
80213415
80215042
80215956
80219921
80220652
80220717
80222197
80222589
80223665
80224792
80225481
80226319
80226938
80226958
80227105
80228565
80230057
80232885
80233301
80233330
80234648
80235727
80235982
80236101
80237479
80237609
80241009
80241782
80241789
80242117
80242618
80244313
80244451
80245204
80246671
80246882
80247756
80249075
80251151
80252579
80253253
80253323
80253572
80254004
80255641
80258091
80259807
80260177
80264448
80266375
80266376
80267122
80267569
80267863
80268079
80268788
80272292
80273248
80273307
80275738
80277560
80277853
80279816
80280678
80280878
80282015
80283262
80286041
80289710
80289763
80291052
80291375
80291419
80291459
80291952
80292054
80292116
80292120
80293348
80293626
80293670
80293939
80296988
80297539
80297666
80298801
80299260
80301439
80301625
80301630
80303824
80305616
80306501
80307392
80308726
80310669
80312157
80314075
80314481
80314752
80316812
80317461
80317906
80319262
80321827
80322129
80323172
80323465
80323506
80325548
80328131
80328885
80329537
80330313
80335414
80337084
80337085
80337899
80338434
80338595
80339185
80339853
80340200
80342460
80345629
80346078
80346328
80349859
80351910
80352183
80353461
80354946
80355717
80357721
80360192
80361394
80361803
80362099
80363084
80364540
80365722
80367654
80368212
80368504
80368575
80368752
80368898
80369200
80371508
80372030
80372034
80372883
80373373
80374368
80374553
80375636
80376344
80376522
80378849
80379710
80380354
80381832
80384555
80385705
80388981
80391455
80392970
80393580
80396559
80402724
80403123
80403816
80405385
80406698
80406762
80407082
80407654
80408940
80409119
80410190
80410541
80410932
80411058
80411964
80412028
80414219
80416028
80417043
80419261
80419795
80420039
80423140
80424316
80424369
80424729
80424826
80425989
80426416
80429634
80429777
80431276
80432055
80432789
80434607
80434851
80436654
80436791
80438613
80440034
80440472
80442291
80442305
80444404
80446659
80447099
80447693
80448089
80449025
80449200
80449296
80452198
80452547
80452565
80454158
80455234
80455596
80456428
80457402
80457943
80458662
80458810
80459031
80459517
80460856
80461541
80462115
80462263
80462702
80462901
80464207
80464278
80464283
80464636
80465362
80465529
80467112
80469693
80470126
80470634
80471344
80471494
80472481
80472677
80473708
80474782
80474851
80476289
80476326
80477022
80478491
80479954
80481940
80482789
80483705
80485297
80489037
80489932
80490408
80490546
80490633
80490654
80490920
80491339
80492219
80492220
80492280
80492563
80492828
80492899
80497195
80497815
80498733
80499630
80500929
80501536
80501614
80502742
80503553
80503644
80505645
80506654
80506717
80509268
80509888
80511200
80511561
80512805
80513198
80516640
80516945
80517043
80517444
80518543
80519326
80523345
80523708
80524080
80525682
80525899
80529679
80531046
80531418
80531581
80531692
80535052
80535106
80535246
80535981
80536930
80537047
80539516
80540732
80541689
80541748
80542263
80542459
80542503
80542611
80543284
80544341
80545150
80547146
80548035
80548682
80548980
80549751
80549825
80551305
80552456
80556003
80556426
80557330
80557801
80557939
80559564
80561864
80561936
80562685
80563516
80563579
80564046
80566532
80567003
80569084
80571364
80571742
80572336
80572667
80573304
80575751
80576371
80577383
80577593
80577960
80578161
80582915
80583309
80583348
80583948
80584175
80584827
80584870
80585678
80585882
80586972
80587398
80587725
80588472
80589106
80590672
80591992
80592049
80592803
80592995
80594945
80596127
80597132
80598986
80599108
80599649
80599864
80601298
80603634
80603922
80605482
80607170
80608327
80610769
80610949
80611355
80611748
80611976
80613631
80613810
80615241
80616304
80617938
80619291
80621827
80622846
80625642
80627170
80627301
80628178
80628740
80630307
80630907
80632613
80635631
80635939
80636015
80639000
80640416
80640484
80641516
80641581
80642791
80643207
80648127
80651558
80654516
80654618
80655037
80655868
80655994
80656304
80656763
80657059
80657252
80657707
80658068
80658233
80658619
80660222
80661320
80661952
80662128
80664006
80664728
80668480
80668540
80669773
80671563
80671897
80672625
80672745
80674817
80675244
80675554
80675715
80675884
80677034
80677784
80679342
80679552
80681007
80681980
80682039
80682154
80683906
80684112
80686827
80690755
80693772
80693921
80694042
80696029
80703795
80706480
80706579
80707984
80708087
80708753
80709734
80710835
80712387
80712405
80713152
80713506
80715400
80716776
80716870
80716907
80716968
80717660
80719546
80719704
80720996
80721220
80722659
80725443
80725652
80727321
80728461
80728890
80730565
80732465
80732507
80732818
80735056
80735381
80737596
80737984
80739206
80741284
80741671
80741926
80742112
80743345
80745350
80745413
80747123
80747404
80747416
80747551
80747752
80748819
80749674
80750760
80751332
80752682
80753445
80753748
80753757
80753812
80757837
80761296
80763816
80764241
80764593
80766043
80771151
80771986
80772485
80773970
80774733
80776162
80776943
80777690
80778931
80780731
80782535
80783964
80785335
80786882
80787050
80788531
80789186
80791303
80791349
80792798
80794318
80794548
80794922
80798118
80801586
80801793
80801809
80802230
80802233
80802804
80805937
80805956
80807597
80807852
80808054
80809333
80810071
80810494
80812511
80812766
80812831
80814633
80815605
80818451
80819114
80819459
80820300
80822188
80822842
80822940
80825907
80828536
80828833
80829458
80830432
80833452
80834986
80836296
80836721
80836821
80837681
80837837
80838200
80838495
80838547
80838861
80839556
80841675
80841979
80844251
80844955
80845239
80847706
80849362
80850278
80851238
80852623
80852772
80854179
80854879
80854908
80855661
80856302
80857878
80858593
80859364
80859431
80859912
80861208
80861459
80861790
80861860
80864756
80865604
80865780
80866578
80867545
80868097
80869358
80869462
80869961
80870850
80871325
80871433
80874328
80877722
80878365
80878513
80879572
80881534
80882006
80882505
80883259
80883928
80884211
80889429
80889770
80890057
80892942
80893133
80893760
80897097
80898067
80898150
80898773
80899806
80900715
80902071
80902672
80903668
80903918
80904160
80904666
80907857
80907871
80908131
80909562
80909762
80913186
80916921
80919385
80919572
80919608
80920728
80921786
80922066
80922827
80923515
80925291
80925878
80929605
80930823
80930889
80931259
80931542
80932140
80932817
80933458
80933658
80933663
80933723
80933880
80934056
80936129
80936925
80937930
80938760
80939386
80939475
80940302
80940943
80946099
80946850
80947751
80949736
80951807
80951928
80954046
80954388
80954568
80955493
80956358
80958813
80959157
80960465
80960611
80961227
80961485
80961645
80962635
80962948
80964194
80964469
80966708
80967191
80967812
80968403
80968817
80969675
80970512
80971604
80972685
80973889
80974136
80975711
80977513
80979601
80980319
80980452
80980505
80981300
80982133
80982662
80985229
80985600
80987767
80990532
80991106
80991602
80994675
80996246
80996371
80996996
80997797
80998272
81000851
81000949
81001384
81001528
81002225
81002703
81005547
81006265
81011590
81013703
81013957
81013993
81014231
81014793
81014816
81014992
81015804
81016087
81016154
81016927
81017256
81017646
81017691
81018006
81018177
81018229
81018650
81018658
81020593
81021933
81022002
81022047
81023619
81023692
81026089
81027259
81027489
81027620
81027831
81028177
81028224
81028434
81028510
81029073
81029582
81030373
81030505
81030736
81032887
81034844
81037151
81038337
81039410
81041439
81043555
81043907
81046688
81050025
81050580
81051682
81054174
81057016
81058148
81058382
81059579
81060013
81065283
81065376
81067373
81067387
81068419
81069490
81069563
81072076
81072220
81073255
81074604
81077021
81079800
81080336
81081816
81082568
81084098
81084829
81085104
81086501
81089649
81089799
81090807
81091297
81093279
81093723
81094790
81095288
81095825
81096407
81100755
81103186
81103559
81105461
81105618
81106214
81106361
81107497
81108640
81109856
81110324
81110901
81112472
81112704
81113368
81114757
81115559
81116100
81116835
81117090
81117376
81118850
81119963
81120550
81120624
81121400
81121888
81122599
81123666
81125155
81126594
81127117
81127305
81128261
81128849
81131643
81133340
81134206
81135186
81135473
81135680
81135828
81136076
81137003
81137087
81138852
81139445
81140721
81142579
81144449
81145880
81146225
81146290
81147508
81148201
81148205
81151067
81152709
81152975
81154493
81154743
81155978
81156098
81156129
81156554
81158019
81159552
81160751
81162973
81163038
81163313
81164146
81165232
81165467
81167742
81168485
81170805
81170992
81171410
81171554
81171914
81171931
81173721
81173788
81177526
81178885
81179203
81181333
81181379
81181404
81181840
81184060
81184381
81184526
81184909
81187175
81188491
81190343
81190968
81192063
81193369
81194302
81194716
81195046
81195906
81196518
81197385
81197624
81198356
81198924
81201287
81201698
81202508
81202896
81203275
81203321
81203522
81204214
81204508
81204662
81207477
81208011
81208321
81208563
81209297
81210044
81210302
81211357
81211421
81212170
81212652
81212691
81212919
81213300
81214453
81215263
81215406
81217011
81217712
81218460
81219190
81220369
81221640
81222606
81222619
81223137
81223852
81224076
81224373
81228073
81228670
81228848
81229215
81229370
81229567
81230269
81231063
81234500
81235551
81236074
81241436
81242132
81242422
81243219
81247233
81247298
81248927
81251236
81252861
81253119
81253395
81254289
81256248
81256453
81259008
81260195
81260434
81260613
81261211
81261538
81262595
81263173
81264086
81265426
81265470
81266758
81267783
81267910
81268171
81269223
81269233
81269754
81269897
81270313
81271137
81274601
81274963
81279039
81281040
81281353
81281938
81282269
81282384
81282687
81282728
81282861
81286864
81287012
81289232
81289802
81292721
81293269
81294213
81294547
81296702
81296838
81296981
81297709
81298449
81298573
81298760
81298909
81299557
81300843
81300905
81301278
81302246
81302255
81303161
81306888
81311077
81312182
81312857
81314107
81314538
81314709
81315976
81321540
81323134
81323650
81327713
81327959
81329718
81330778
81331355
81331926
81332591
81333763
81335299
81335364
81335378
81336105
81337266
81337386
81337933
81339346
81339562
81340943
81341234
81345022
81345867
81349704
81350029
81350322
81350587
81350811
81350817
81351301
81352565
81354508
81355359
81356341
81357341
81357521
81358455
81358784
81359046
81359965
81363169
81363583
81363974
81365059
81366836
81367068
81368588
81370420
81370909
81372722
81373700
81377462
81378577
81378795
81379026
81379483
81379635
81382042
81384718
81384788
81384816
81385372
81386119
81386202
81386748
81388675
81390183
81390501
81392939
81393213
81394236
81394530
81394731
81395297
81397212
81399222
81399503
81399865
81400849
81401629
81401808
81402258
81402818
81405321
81405981
81406527
81407521
81407573
81408044
81408752
81408918
81410291
81410460
81411889
81412223
81413200
81413687
81413784
81414105
81415077
81415657
81416462
81417004
81417978
81420187
81420209
81421648
81421925
81422869
81423225
81423836
81424009
81424363
81424562
81424737
81425021
81426000
81427314
81429275
81429734
81429935
81430313
81430545
81432137
81432247
81434066
81434606
81435258
81435334
81436242
81436799
81438353
81439883
81439982
81442206
81442915
81443262
81444950
81446672
81448493
81450675
81450768
81453035
81453620
81453658
81453721
81454630
81456926
81456987
81458948
81459721
81459929
81460345
81460472
81461049
81461201
81461995
81463656
81465153
81465696
81467062
81467752
81468439
81468625
81469018
81470109
81470757
81472805
81474725
81477100
81478884
81480362
81483182
81483288
81483776
81483852
81483974
81484909
81485381
81486500
81486514
81488185
81488404
81490276
81491568
81491981
81493489
81495501
81497634
81498287
81498722
81499215
81499471
81500192
81501566
81501980
81503378
81503563
81503627
81504181
81504474
81504812
81505983
81506018
81506831
81507383
81509842
81512791
81513680
81514114
81514253
81515342
81515784
81517881
81518447
81519577
81520192
81520297
81521360
81521794
81523121
81523189
81523729
81524118
81527086
81527526
81527632
81528148
81530308
81530481
81530963
81532029
81532833
81533050
81533503
81535859
81536470
81536672
81537602
81540617
81541051
81541438
81541675
81542031
81542980
81543479
81544074
81545313
81545976
81546157
81546908
81546931
81547054
81547913
81548742
81549020
81549765
81551265
81552544
81553176
81553392
81557861
81558768
81559670
81559741
81561957
81564168
81569064
81572010
81572233
81573331
81575137
81576892
81577025
81578288
81578435
81579904
81580498
81581531
81582318
81582537
81582608
81582658
81584154
81584877
81585045
81587856
81588972
81590450
81591077
81591371
81591543
81592462
81594140
81594291
81594909
81594977
81595999
81600575
81601759
81602221
81602472
81603629
81604268
81604458
81605547
81605807
81607781
81610980
81611490
81612860
81614624
81615182
81617990
81618861
81620278
81623020
81624353
81624673
81624905
81627233
81627819
81631010
81632183
81636610
81636793
81638551
81639259
81639621
81640064
81640102
81640859
81640944
81642407
81643498
81644298
81644753
81645992
81646939
81647477
81648957
81649257
81650533
81651740
81654210
81656535
81656767
81657586
81659860
81660278
81660317
81660331
81660550
81661431
81662882
81664049
81665930
81666915
81669221
81674162
81674485
81674775
81675383
81675816
81675959
81678422
81680769
81684020
81684641
81686348
81686625
81689097
81690443
81690471
81692326
81692490
81693646
81696371
81696589
81697883
81697955
81698404
81698732
81699111
81699198
81699341
81700107
81700119
81701304
81703526
81703555
81703604
81705083
81705256
81706040
81706445
81708236
81708881
81709271
81709974
81712078
81712256
81712332
81715751
81716102
81717739
81718358
81718494
81719144
81719986
81721371
81722503
81722595
81722914
81723080
81725874
81727019
81729035
81729694
81729700
81731591
81732965
81733397
81733516
81734449
81734598
81734809
81735825
81735914
81736458
81737041
81737749
81737913
81738839
81739525
81741763
81741916
81742470
81743716
81744220
81744327
81745321
81746978
81749533
81749555
81752736
81754677
81755523
81756179
81757079
81759024
81759699
81764582
81764926
81765645
81765803
81766475
81766838
81767677
81768171
81768943
81772015
81773219
81773256
81773328
81774124
81775750
81779452
81780371
81781029
81781731
81783244
81783574
81785637
81785816
81786040
81787475
81788943
81790125
81790169
81790554
81791329
81791370
81791507
81792282
81792318
81792371
81793056
81793575
81793674
81793881
81794012
81794133
81795187
81795916
81796254
81796786
81798827
81800317
81803550
81804256
81804602
81805966
81806609
81807088
81809287
81811291
81811609
81811867
81811896
81812781
81812972
81816828
81817667
81817970
81818380
81818427
81818981
81820094
81821482
81821686
81823275
81823674
81825038
81825540
81826622
81827511
81827614
81827925
81828859
81829802
81830476
81830947
81832364
81833362
81833854
81835402
81836571
81838269
81838449
81838954
81839237
81839877
81840281
81840515
81842929
81844187
81844569
81845111
81845614
81846696
81847506
81847649
81847869
81849287
81849299
81849579
81851272
81852173
81854015
81856140
81856728
81857225
81858303
81859575
81860033
81860743
81861257
81861299
81862211
81862254
81865233
81867600
81869007
81870902
81873043
81873755
81874372
81875553
81875694
81877039
81877605
81878418
81878836
81880896
81881325
81881902
81882291
81883092
81883348
81883571
81883846
81884091
81885596
81886620
81886893
81888876
81889353
81889939
81890584
81892931
81893354
81894307
81897634
81898083
81898315
81899686
81900633
81905450
81906395
81907495
81907952
81909431
81913332
81915661
81915723
81916907
81917032
81917334
81917640
81918996
81919950
81920005
81920569
81920869
81921476
81923337
81923357
81923368
81924787
81925144
81926643
81928900
81928972
81929722
81930381
81930638
81930639
81930786
81930884
81932058
81932582
81933316
81937985
81938786
81939357
81941937
81942689
81943167
81945021
81945241
81945976
81946119
81947761
81948851
81949659
81949683
81949970
81950066
81950516
81950973
81951313
81952730
81953140
81953493
81955403
81963833
81964794
81965774
81966264
81968126
81968499
81969102
81970126
81971952
81972671
81972935
81973665
81976545
81976681
81979277
81979982
81980987
81981404
81981777
81981793
81982796
81984133
81984273
81984997
81987136
81987797
81990543
81991922
81993652
81995230
81995629
81998766
81999767
82000153
82000458
82000924
82002217
82002485
82004373
82004417
82004563
82007923
82009944
82010427
82010594
82011499
82012822
82015838
82017413
82018735
82019001
82019078
82020513
82021157
82021749
82021866
82026012
82026675
82027185
82028106
82028150
82031834
82034166
82035598
82035634
82035760
82036182
82036648
82037083
82037350
82039293
82040192
82040231
82041003
82042622
82043803
82044472
82044858
82046026
82046710
82047147
82047400
82048427
82049734
82050405
82051962
82053054
82055138
82057677
82058189
82058841
82058877
82059030
82059307
82059797
82062617
82066486
82067132
82068284
82068463
82069244
82069403
82071195
82071729
82072799
82072899
82073508
82073994
82074103
82074794
82077389
82077910
82078898
82084161
82087751
82088288
82090561
82091154
82092132
82092334
82097523
82097999
82100357
82103427
82103599
82104213
82104813
82105579
82106739
82107084
82107937
82108738
82110921
82112624
82112746
82114934
82115925
82117065
82117144
82122019
82123123
82123738
82123746
82124494
82124765
82125234
82126467
82127030
82128314
82128329
82129512
82129970
82130559
82133938
82134318
82135339
82135571
82135579
82135601
82136146
82137500
82138779
82139466
82141673
82146730
82147710
82147935
82148163
82148463
82149410
82150325
82150841
82150984
82151195
82151642
82152010
82153479
82153565
82156357
82157897
82159418
82159585
82159937
82161748
82161908
82166272
82168823
82170282
82170846
82171382
82175245
82177195
82178088
82180715
82180923
82181084
82181618
82182875
82184286
82184856
82185211
82185579
82186036
82186805
82186957
82188970
82189298
82189839
82190565
82190728
82190882
82191342
82191476
82195862
82197560
82199318
82199612
82199711
82200507
82201431
82202295
82202870
82203497
82203715
82203835
82206099
82207105
82207221
82208524
82211615
82212635
82212640
82212681
82212866
82213783
82215383
82217107
82218293
82218367
82218448
82220752
82222559
82222921
82222979
82223102
82224404
82225032
82225975
82228802
82229430
82232236
82233671
82240163
82241666
82241997
82242860
82243262
82243450
82244251
82245683
82249659
82250177
82251573
82254634
82256280
82257967
82258413
82258607
82261717
82263217
82263926
82264212
82264436
82264795
82264900
82265540
82265987
82266282
82267340
82268595
82269619
82270938
82271585
82272628
82277755
82278415
82278420
82278469
82279159
82279737
82280042
82280717
82280734
82282050
82282111
82282678
82283077
82283187
82284610
82285130
82286480
82286747
82288469
82288936
82288982
82290017
82290681
82291206
82292115
82292720
82293489
82296403
82296657
82297618
82298647
82301184
82301928
82302170
82304487
82305357
82305627
82305628
82306099
82310089
82310365
82310750
82310958
82312126
82312475
82312572
82314272
82316265
82316961
82317765
82318350
82319814
82319961
82321214
82321426
82321503
82324101
82325772
82326231
82326549
82326687
82326917
82327874
82330679
82331842
82332317
82332960
82333304
82334102
82334603
82334886
82335103
82335158
82335651
82336235
82342582
82342710
82348560
82349233
82351218
82351274
82352411
82352803
82353546
82355208
82355334
82357034
82357045
82357168
82357224
82357282
82361291
82361799
82362000
82362416
82364557
82364868
82365137
82369031
82369468
82369566
82370625
82371735
82371910
82373772
82376774
82378050
82380239
82386462
82389443
82389507
82389614
82391596
82391939
82392854
82392971
82393249
82394780
82395148
82396702
82397790
82398978
82402869
82405066
82405160
82409365
82409660
82410193
82410355
82412935
82413089
82413164
82414513
82414746
82415327
82416075
82417628
82417639
82418608
82419295
82420455
82420626
82420770
82423989
82424037
82424378
82424462
82424625
82424842
82425589
82427437
82427491
82427773
82429788
82431165
82434304
82435286
82435995
82437241
82437710
82438053
82438106
82438650
82439044
82442861
82443026
82443394
82443669
82445680
82447104
82448474
82448597
82448605
82450006
82450997
82451073
82454575
82455201
82455683
82458176
82458362
82458452
82458705
82458809
82461026
82461184
82461906
82464008
82464277
82465154
82466364
82467167
82469330
82470366
82470962
82471304
82472027
82473495
82474074
82474365
82474715
82474982
82475327
82476296
82477368
82477427
82477803
82477940
82479197
82479425
82479493
82479912
82482618
82482716
82482768
82484300
82485055
82485434
82486328
82486793
82487685
82490371
82492013
82493631
82499100
82500020
82500147
82503804
82506154
82506873
82507376
82509986
82510102
82511459
82511786
82512975
82513920
82515295
82515458
82515765
82515948
82517485
82518294
82518345
82518722
82518837
82519969
82520800
82523143
82523831
82523968
82526070
82526538
82527384
82528158
82528621
82528662
82529680
82529913
82530580
82531374
82533429
82533595
82533661
82534363
82535615
82535681
82536017
82536894
82537548
82538551
82540166
82542998
82543545
82545028
82545662
82545856
82546596
82547528
82547978
82548201
82548470
82548559
82548875
82549527
82550099
82550490
82550617
82551005
82551184
82553587
82555542
82555715
82557389
82558242
82561023
82561138
82561148
82561841
82562530
82562620
82564759
82567462
82569236
82569402
82570673
82571893
82572018
82577001
82579351
82580658
82581210
82581312
82582915
82585240
82586963
82587043
82587565
82588934
82588958
82588991
82589947
82590353
82590645
82593597
82594049
82594502
82594562
82594994
82596020
82596445
82597413
82600750
82602298
82604294
82605671
82607861
82607991
82610020
82610445
82610909
82613013
82614210
82615050
82615071
82616532
82617088
82617353
82617998
82620334
82620439
82620697
82620854
82621946
82622134
82624794
82625597
82625957
82628262
82629218
82629508
82629511
82629613
82630684
82631141
82631441
82631573
82633612
82634772
82635780
82635787
82636112
82636608
82636744
82637178
82637213
82637421
82638245
82639155
82639694
82640373
82642499
82643453
82643616
82643949
82644948
82645285
82646665
82647878
82648891
82649447
82650976
82651221
82651500
82653885
82654322
82659260
82659445
82659926
82662200
82662979
82663040
82663590
82666190
82666356
82666451
82667094
82668595
82668799
82670664
82671221
82672229
82672438
82672562
82672769
82673451
82673460
82674873
82676824
82677226
82677557
82677695
82677946
82680090
82681879
82682686
82683174
82683808
82684135
82684436
82684709
82686518
82686780
82686915
82688042
82688322
82688574
82688946
82689851
82690637
82691963
82692432
82692727
82694983
82695662
82695724
82695802
82696535
82696695
82696958
82697998
82698414
82698927
82704915
82705650
82705670
82707781
82708627
82709205
82710136
82711001
82711050
82713066
82713120
82713862
82714079
82714261
82715650
82715946
82716272
82716588
82717934
82720444
82722783
82723328
82724080
82724106
82724918
82725479
82726446
82727332
82727823
82729773
82729866
82729945
82730475
82732173
82734671
82737619
82737633
82738032
82739430
82739686
82740848
82740956
82741255
82741609
82743681
82745294
82745618
82746886
82746890
82747827
82749391
82749584
82750215
82751260
82752215
82753361
82755499
82756039
82758578
82759256
82760305
82761517
82762623
82762957
82763872
82766793
82766838
82767884
82768413
82768561
82768926
82775654
82776015
82777433
82777487
82777798
82778089
82778735
82782739
82782998
82783158
82783895
82784261
82785273
82785604
82786146
82786513
82788091
82788466
82790229
82790730
82790924
82791848
82792162
82795474
82796892
82798083
82798281
82798868
82798994
82799947
82800066
82800188
82801911
82802973
82803389
82804241
82804244
82804565
82805158
82805377
82808428
82808445
82808874
82809273
82810851
82811164
82811913
82812522
82812734
82812910
82813354
82814795
82815569
82816097
82820305
82820409
82821658
82822069
82824112
82824988
82825222
82825661
82826522
82828931
82830038
82831140
82833614
82834681
82836627
82836863
82837679
82838528
82838591
82838775
82838802
82839540
82840799
82841619
82841642
82843766
82844097
82844702
82845962
82848396
82848703
82849406
82850903
82852868
82852880
82854148
82856483
82856601
82856735
82858314
82861016
82861908
82864048
82864576
82866241
82866918
82869225
82869403
82869735
82872788
82873290
82874006
82874168
82876094
82876762
82877501
82879304
82880515
82880952
82882398
82883552
82886833
82886941
82887892
82889402
82889425
82891069
82891860
82893840
82894609
82894635
82894680
82896635
82897394
82897536
82897594
82897843
82899315
82899883
82901038
82902014
82902136
82903638
82904734
82905166
82906016
82906190
82906564
82908877
82910238
82911100
82911191
82911944
82912825
82913787
82916171
82916480
82916784
82919916
82920192
82920445
82920642
82922160
82924298
82924441
82924837
82926267
82928746
82928942
82931320
82931982
82932979
82932986
82934499
82935461
82936252
82936770
82937486
82939173
82939671
82939751
82939975
82941828
82942354
82942568
82942870
82943469
82945169
82946094
82947099
82948505
82950779
82951028
82954945
82955825
82957679
82958143
82958783
82959929
82960269
82961108
82961145
82963151
82963368
82963660
82964619
82964958
82966566
82968225
82968949
82971287
82971324
82971716
82972295
82977729
82978349
82978451
82978636
82979370
82980655
82982639
82982885
82984217
82984566
82984638
82985330
82985414
82985645
82987255
82988381
82988418
82988965
82989654
82990227
82993446
82993759
82995648
82996496
82996652
82997646
82998231
83000272
83002706
83004498
83005212
83005306
83006072
83007146
83007770
83008294
83008473
83009162
83009769
83010254
83010605
83010827
83011005
83013263
83013579
83013580
83016315
83019717
83020423
83020794
83021539
83021596
83023930
83025237
83025429
83026670
83028281
83028632
83028831
83028933
83029219
83030063
83031143
83031286
83033107
83033115
83033289
83033402
83034235
83034604
83035050
83035472
83035510
83036853
83036858
83037088
83037999
83038086
83038562
83040008
83041052
83043210
83044549
83045054
83045107
83045325
83046553
83047275
83050253
83050274
83051607
83051731
83052838
83054727
83054797
83056431
83057174
83057486
83057632
83057875
83061227
83061499
83063113
83064126
83064164
83067471
83068205
83070162
83076699
83077045
83079615
83080126
83081731
83082165
83082440
83083524
83084398
83084550
83084770
83086620
83086647
83088152
83089652
83090797
83091442
83091540
83092603
83093134
83093667
83095376
83096530
83097001
83098685
83099297
83100528
83101517
83101806
83104469
83105866
83107246
83109450
83109503
83110081
83110723
83111440
83111718
83113065
83113415
83113767
83114754
83115371
83115778
83117917
83118097
83118330
83118661
83121196
83122888
83125218
83128876
83129489
83131441
83131712
83131979
83131998
83132928
83134088
83134272
83134347
83134632
83135800
83136839
83137576
83137786
83137998
83140425
83141148
83143612
83146674
83149118
83149759
83150000
83153138
83153148
83153396
83154172
83154667
83156209
83156815
83157881
83158506
83159513
83159763
83162177
83165529
83168085
83168826
83169072
83169248
83169840
83171169
83172511
83174259
83174279
83174603
83174968
83176117
83176232
83177753
83179370
83179518
83179531
83180597
83182100
83182506
83183589
83183615
83184269
83184327
83184469
83185412
83185576
83188304
83189631
83190352
83192710
83194239
83195478
83198164
83198217
83198410
83198445
83198888
83199234
83203248
83204293
83206084
83207701
83209926
83210994
83214292
83215258
83215364
83215486
83215525
83220526
83221320
83221979
83222252
83226538
83226902
83228243
83228552
83228956
83229155
83231066
83235223
83235590
83237804
83238446
83239970
83240143
83240636
83240786
83241474
83242630
83242657
83242970
83243271
83244104
83244618
83244633
83244809
83245718
83245732
83246092
83251648
83254992
83255162
83255820
83257223
83257485
83258457
83260858
83260889
83262564
83262610
83262773
83265522
83267541
83268473
83269096
83271615
83272140
83272543
83272898
83273594
83274119
83274201
83274386
83275373
83276088
83276947
83279154
83279478
83281909
83283340
83283748
83286733
83287007
83289175
83290380
83290836
83292248
83293187
83294657
83294744
83295151
83297363
83300132
83300870
83301116
83302012
83302209
83302571
83302663
83302863
83303777
83304578
83305188
83305974
83306443
83311575
83312172
83312959
83317657
83318446
83318712
83321027
83321634
83323819
83325179
83325826
83326883
83328144
83328329
83329195
83329497
83332082
83332110
83332410
83334410
83334601
83335054
83335181
83335490
83337169
83338599
83341780
83342668
83343947
83345305
83346861
83347064
83347196
83348523
83348528
83348828
83349536
83350593
83352876
83353954
83354314
83354494
83356597
83357007
83357867
83359286
83360580
83364164
83366096
83366112
83366885
83367727
83369614
83370583
83371431
83372014
83372196
83372541
83373189
83379472
83387174
83387447
83391160
83394260
83400026
83400493
83400769
83402670
83403051
83407203
83407761
83408434
83409286
83410225
83410805
83411355
83415436
83415614
83415939
83417910
83419051
83420414
83423606
83424048
83424146
83425345
83425844
83427480
83433985
83434765
83434777
83435798
83436006
83436326
83437116
83437124
83437682
83438630
83440297
83440810
83443168
83443712
83445247
83445313
83446015
83446218
83446356
83447742
83451534
83451717
83452683
83452915
83453652
83455674
83456546
83457527
83458233
83460501
83460620
83460671
83462271
83462304
83464229
83464930
83466217
83468824
83469202
83469706
83469751
83469995
83470166
83471091
83471752
83471826
83472118
83472202
83473769
83474829
83476643
83478965
83479777
83481251
83482121
83482918
83483529
83485270
83486215
83486723
83488692
83488889
83491436
83491867
83494012
83494515
83495185
83496702
83496799
83497069
83498681
83499311
83499539
83500889
83501427
83501853
83503923
83504533
83504849
83505513
83506946
83509227
83509936
83511037
83511739
83512388
83512668
83513122
83514805
83516972
83517460
83517915
83519648
83521293
83523502
83525402
83525991
83527331
83528488
83532006
83532396
83532607
83535134
83536548
83536989
83538060
83540199
83540488
83541727
83543379
83543910
83544060
83547209
83547821
83548101
83548775
83548795
83549027
83555091
83556913
83558632
83559014
83559083
83559171
83559480
83561661
83561987
83563134
83563463
83566347
83566964
83567771
83568503
83568775
83571001
83572661
83573568
83575856
83576040
83576934
83576948
83577845
83577920
83578562
83578798
83578880
83579731
83581298
83583837
83583876
83584003
83584161
83584597
83584792
83585892
83586638
83587401
83588541
83589707
83590502
83590525
83590642
83592219
83592889
83593636
83594938
83598524
83601076
83603480
83603906
83605083
83605410
83605420
83605619
83605694
83610257
83610941
83611124
83612431
83612610
83613691
83614156
83615432
83615819
83616696
83616818
83617503
83618532
83623038
83623280
83624519
83625419
83625448
83626897
83627866
83629323
83629867
83635734
83636667
83637652
83638503
83638774
83639390
83641697
83641843
83642093
83642336
83643286
83644995
83645168
83645475
83646063
83647651
83648740
83648866
83649730
83650068
83650413
83650470
83650995
83652153
83652460
83653898
83655357
83659891
83673042
83673913
83675181
83675389
83676297
83676743
83678289
83678374
83680829
83682683
83682936
83682955
83683740
83685004
83685072
83685931
83687002
83687141
83688317
83688800
83689067
83690835
83691789
83696724
83696762
83697650
83698131
83698993
83699114
83699313
83701086
83702322
83703711
83704701
83706754
83707299
83708333
83708413
83708861
83710220
83711116
83711774
83711907
83712696
83714312
83715119
83717431
83718025
83720583
83721739
83722553
83723119
83723608
83724040
83724365
83726413
83727028
83727540
83728466
83729407
83730015
83730965
83731339
83732998
83734848
83735815
83736973
83739102
83739701
83739795
83740325
83741127
83743561
83746679
83747482
83747900
83748245
83750090
83752957
83754551
83755805
83756036
83757012
83757175
83757290
83757881
83758691
83759127
83760136
83760622
83760951
83760970
83761486
83761575
83763240
83767761
83769112
83769170
83769447
83769469
83770437
83771012
83771055
83774355
83774633
83775094
83775341
83781726
83782883
83783542
83784251
83784846
83786700
83787014
83787448
83787514
83788326
83789728
83791322
83793965
83794171
83794410
83794475
83794491
83795838
83796495
83798063
83798998
83800137
83800183
83801562
83802706
83804267
83805299
83806250
83807204
83808429
83811386
83811795
83812015
83814327
83814972
83816177
83816810
83817998
83818096
83819096
83821737
83821894
83821996
83826262
83826277
83828260
83828673
83828732
83829645
83831724
83831783
83832483
83833838
83834759
83834973
83835391
83835745
83836675
83837486
83838334
83838498
83839512
83842238
83842298
83844091
83846569
83851247
83853635
83854031
83855267
83857201
83858663
83861148
83864429
83864611
83866672
83867651
83868099
83869742
83870294
83870442
83872594
83872717
83873376
83875519
83876605
83876917
83877562
83878124
83878871
83878905
83879044
83879098
83879393
83881049
83881231
83881692
83882175
83882424
83884075
83884190
83884463
83884706
83885180
83885343
83888349
83889081
83889669
83889776
83890601
83893865
83894510
83894726
83895086
83896242
83897696
83898287
83899820
83900072
83900419
83901180
83902185
83903412
83903804
83903841
83904359
83906197
83906615
83910341
83910426
83912444
83912944
83914843
83914928
83915749
83917080
83917830
83920717
83922374
83922594
83922781
83924534
83925029
83925634
83925863
83926371
83926409
83928021
83928933
83929434
83929707
83929735
83930001
83930438
83930900
83932840
83932889
83933108
83933251
83935292
83936480
83937754
83938382
83940301
83940940
83942023
83942961
83944295
83945873
83946711
83947812
83947919
83949256
83949472
83949738
83952534
83952535
83952665
83954520
83954976
83955206
83955302
83956490
83959005
83959277
83960183
83960365
83961787
83963712
83965127
83965629
83967184
83967309
83968775
83968840
83969764
83970022
83972506
83972706
83973190
83976791
83977718
83981183
83981258
83983445
83984529
83984686
83985709
83986371
83989082
83989262
83990503
83992429
83994747
83995408
83995615
83995709
83996332
83997069
83998553
83999287
84000747
84000764
84002313
84003009
84005350
84005516
84006924
84007155
84007943
84009435
84009764
84009791
84011824
84011899
84013254
84013415
84013952
84014298
84015019
84015259
84015904
84016755
84019376
84019584
84020860
84020981
84021213
84025036
84025838
84025900
84028091
84028236
84028831
84029135
84029541
84031142
84031700
84035773
84036086
84036173
84037259
84037416
84039233
84039968
84042431
84044392
84044402
84045156
84045854
84046237
84046668
84048378
84048411
84051119
84052643
84055669
84057543
84060174
84060492
84061862
84064316
84065033
84065177
84065834
84068095
84068201
84069839
84071070
84071105
84072891
84074257
84075785
84076348
84076413
84081078
84081936
84081951
84082607
84082879
84083599
84084060
84084542
84084814
84085288
84085593
84085852
84086116
84087394
84088444
84088862
84092385
84092422
84093976
84094834
84095234
84098110
84099499
84100723
84100852
84101071
84101535
84103363
84103913
84104175
84104500
84104688
84105033
84106245
84106479
84107072
84108104
84108285
84108331
84108722
84110848
84111189
84112495
84112856
84113197
84113736
84113864
84115154
84116630
84120268
84120751
84122098
84122766
84123242
84124436
84125497
84125851
84126261
84127561
84127596
84128249
84128390
84129142
84130079
84131537
84132688
84132724
84132759
84135858
84138676
84139980
84140638
84140870
84140945
84141421
84142246
84142699
84143668
84145276
84145533
84146588
84147542
84147728
84149004
84150830
84151089
84151519
84152234
84152971
84153110
84155184
84156410
84156648
84157522
84158514
84160250
84160442
84163315
84163423
84164209
84166087
84167380
84167865
84168038
84169016
84169488
84169763
84169885
84170418
84170608
84171058
84172039
84173034
84174205
84174880
84176528
84178351
84178443
84179053
84179072
84179683
84180238
84181119
84181342
84181424
84181500
84181529
84182224
84182687
84183188
84183676
84183695
84184877
84187049
84188755
84188783
84190390
84191586
84192774
84193033
84194049
84194414
84195153
84195212
84195455
84196828
84197247
84198164
84199359
84201161
84201426
84204530
84205311
84206105
84206540
84208414
84209263
84210471
84213304
84213861
84214382
84214739
84216001
84218004
84219725
84220233
84223122
84224219
84224928
84226031
84227868
84228847
84230088
84230892
84233088
84233190
84236784
84237070
84238694
84242570
84243375
84243566
84244568
84245755
84245961
84246198
84246774
84249878
84251843
84251937
84253102
84253345
84254420
84255385
84256011
84257504
84257872
84258614
84258811
84259904
84260499
84260732
84263003
84263610
84264437
84264444
84266398
84266849
84267786
84271251
84271587
84273332
84274703
84275442
84276534
84277127
84278378
84278455
84280319
84281692
84281857
84281988
84282500
84282757
84284505
84288202
84289287
84289329
84290265
84292753
84293030
84294201
84295455
84296566
84296601
84297800
84298106
84298156
84298323
84299475
84299900
84300148
84300224
84301757
84303862
84304617
84305879
84306105
84306133
84311639
84312684
84313248
84317906
84318036
84318115
84320873
84321596
84322033
84323045
84323222
84324385
84324458
84325542
84325586
84326128
84326656
84326768
84326819
84327027
84327199
84328498
84331064
84331525
84334607
84334639
84335805
84335996
84336613
84336667
84337676
84337897
84338531
84339131
84339738
84341360
84341720
84342983
84346003
84346370
84346382
84346710
84350591
84352991
84353403
84356947
84357046
84357074
84357216
84360028
84360589
84361980
84362976
84365330
84366747
84370425
84370897
84371680
84372026
84372778
84373545
84373613
84374018
84374094
84374605
84375039
84378401
84379805
84380335
84380849
84383577
84383757
84384133
84384419
84384831
84386080
84387076
84397189
84397566
84399027
84399594
84400837
84400976
84401551
84401763
84402421
84405237
84407627
84408230
84408232
84408740
84410590
84410812
84411001
84411845
84412523
84413093
84413342
84415276
84415442
84417754
84420078
84420186
84420670
84422390
84423779
84424046
84426338
84427432
84430557
84432265
84432519
84432934
84432954
84434861
84436777
84436892
84437041
84437310
84438452
84438474
84439139
84439241
84439916
84442620
84443038
84443397
84443886
84444996
84445788
84446325
84446429
84446701
84447138
84447474
84447782
84448166
84448949
84449512
84449730
84449992
84450591
84453907
84454839
84455026
84456143
84456570
84456685
84457909
84457912
84458947
84460028
84460467
84461020
84461886
84461909
84463186
84463223
84465187
84466056
84468305
84469965
84470661
84470863
84475355
84479981
84480095
84480104
84481185
84482060
84482371
84482398
84482772
84484575
84485214
84485841
84486125
84486312
84486548
84487435
84489414
84489914
84490004
84492003
84492211
84493959
84494521
84495057
84495485
84496400
84496524
84496641
84497483
84497928
84498056
84498656
84499213
84500376
84501710
84502173
84503452
84506735
84507348
84507811
84508540
84508548
84509328
84509364
84509825
84510918
84511992
84512148
84512413
84515079
84515906
84515978
84519537
84521185
84524999
84525678
84526221
84527978
84529490
84529590
84529839
84530413
84530605
84532179
84534851
84534998
84535600
84538649
84538675
84539000
84540383
84541197
84545187
84545592
84545602
84546065
84547252
84547819
84548314
84548776
84550220
84551648
84552507
84553175
84554626
84556647
84557520
84558840
84559148
84560158
84560415
84560859
84562069
84563238
84567044
84567684
84569859
84570714
84571454
84571826
84572573
84574152
84574336
84575266
84575982
84576571
84577206
84578152
84579246
84579812
84580589
84581285
84582912
84583783
84584399
84585203
84585393
84585900
84586329
84587187
84591893
84592338
84592986
84594045
84594084
84594167
84597065
84597104
84598956
84599602
84600705
84602466
84602558
84602930
84603878
84604525
84605497
84606102
84607042
84612181
84616456
84617266
84617850
84618779
84619065
84621319
84621886
84622117
84622522
84624286
84627132
84627636
84631534
84633007
84634650
84635437
84635607
84636420
84636700
84638929
84639988
84640612
84640648
84640912
84641030
84642185
84643032
84643566
84644215
84644676
84646134
84646559
84647376
84647699
84647773
84649276
84650461
84650751
84651342
84652013
84652269
84655593
84655706
84655719
84656366
84658379
84658420
84658540
84660344
84660831
84665098
84665987
84667848
84668837
84669760
84670484
84670720
84672527
84672838
84673310
84673941
84674420
84674464
84676162
84677537
84678589
84679663
84681467
84685039
84686715
84687154
84688822
84691104
84691154
84691533
84691777
84693176
84694276
84694525
84694682
84694927
84694930
84695784
84697764
84699404
84700735
84701395
84701730
84704459
84705205
84705607
84706642
84707791
84708451
84708592
84710212
84711056
84712676
84712997
84713199
84713208
84713882
84714232
84715069
84715249
84717794
84718240
84719308
84720028
84721874
84722539
84722589
84723640
84728082
84730340
84730853
84731113
84731359
84731443
84731492
84732063
84732636
84734606
84735220
84736292
84736341
84736386
84737304
84737459
84737809
84738725
84739020
84739447
84739630
84740493
84742266
84742934
84743076
84743656
84745694
84748723
84750585
84753864
84758735
84759650
84759763
84760327
84761786
84762123
84763590
84763944
84764033
84764758
84765913
84765944
84767925
84768182
84768520
84769226
84769451
84771464
84772931
84775473
84776255
84776320
84776351
84776987
84777249
84778817
84779244
84780344
84780901
84782211
84782608
84783786
84785512
84786974
84787118
84787810
84788782
84790000
84790150
84790719
84791790
84792207
84792346
84793740
84794224
84794707
84795164
84795600
84797689
84799157
84799245
84799304
84799875
84799928
84803643
84804472
84805919
84806492
84808891
84809105
84809528
84809946
84810197
84810860
84812766
84814966
84814983
84817178
84818933
84819371
84819556
84821085
84822714
84823526
84824080
84825242
84825727
84825998
84826578
84828438
84830279
84831910
84833534
84833750
84834336
84836532
84838594
84841384
84841477
84841711
84842464
84843358
84844321
84846976
84848377
84848743
84849658
84851039
84851513
84851591
84851724
84853379
84854101
84856640
84856901
84857827
84858086
84859916
84859928
84862181
84862329
84864070
84864485
84865270
84868390
84868610
84870367
84870682
84871146
84872018
84872855
84876753
84877532
84879479
84879557
84879572
84880211
84883182
84886032
84888219
84889256
84891561
84895005
84895802
84900387
84903891
84905506
84906670
84907197
84907623
84907813
84907945
84909357
84910129
84912757
84914383
84915983
84917104
84917258
84919213
84919350
84920415
84920960
84921584
84922397
84922909
84924448
84926841
84927134
84927162
84928570
84928765
84929036
84931084
84931295
84931806
84933959
84935156
84935364
84935617
84937322
84937629
84942254
84942673
84943303
84943711
84943883
84944132
84944203
84945584
84946344
84946730
84946766
84946782
84947603
84949087
84950925
84951883
84952013
84956292
84957287
84957547
84957747
84957963
84958755
84958868
84959143
84959363
84960511
84960805
84961599
84964061
84967012
84968559
84969193
84969755
84970119
84973393
84974154
84974316
84975906
84976274
84976602
84978148
84978875
84982908
84983880
84984077
84986999
84988229
84989716
84989976
84990767
84990800
84992096
84992144
84994569
84995505
84997392
84997682
84998103
84998393
84998837
84999461
85000213
85001070
85001425
85004924
85007120
85007767
85008029
85009732
85012325
85012849
85012901
85013047
85013669
85013818
85014117
85015904
85015986
85017478
85018569
85019446
85020975
85025258
85025332
85025488
85026771
85027005
85030306
85030737
85031405
85032438
85032473
85033398
85033765
85033882
85035265
85035725
85035920
85036295
85036366
85038842
85040154
85040563
85041007
85042804
85043049
85044078
85044591
85045591
85046764
85048563
85048646
85049442
85050484
85050977
85051128
85051306
85052107
85052118
85053367
85054226
85054536
85055990
85057820
85058581
85059580
85059591
85060193
85061717
85061720
85061828
85062950
85063153
85063441
85064149
85064857
85065651
85065902
85066047
85069961
85070590
85071652
85073209
85073357
85073501
85073580
85074507
85074558
85076782
85077007
85077934
85078618
85078826
85078886
85079890
85079958
85079986
85080292
85080736
85081383
85082171
85083531
85084307
85087125
85087196
85090989
85092418
85092706
85092922
85093724
85093837
85094024
85095346
85095735
85095796
85096413
85096555
85098422
85099927
85100169
85100395
85100737
85101621
85102663
85103328
85103759
85108432
85109767
85110541
85112080
85112330
85113478
85115640
85115997
85116643
85117301
85120667
85121229
85121244
85123938
85125416
85125977
85126041
85127645
85128134
85129892
85129985
85132217
85132503
85133201
85133330
85133372
85133532
85133725
85135030
85135048
85135998
85138411
85139516
85141564
85143217
85143291
85143591
85143614
85144216
85144301
85146899
85146978
85147289
85147938
85148713
85149726
85150175
85151238
85153932
85156202
85156305
85156556
85156874
85158087
85158315
85158390
85158534
85160766
85161010
85163618
85166003
85166204
85167712
85169036
85169101
85169781
85171884
85173021
85173192
85173551
85174635
85174804
85174825
85175374
85176896
85177444
85178684
85181877
85182020
85182702
85182735
85184862
85185516
85186799
85187186
85188032
85188406
85189224
85190598
85190669
85193419
85193592
85194660
85196538
85196903
85197333
85197744
85197752
85198826
85199362
85199533
85200126
85201958
85201959
85202397
85202538
85203223
85203276
85203579
85204633
85205708
85206855
85209019
85210492
85212904
85213155
85215627
85215820
85218175
85219204
85219696
85220519
85220908
85225343
85225538
85225553
85225865
85226879
85227961
85228222
85230710
85231261
85232551
85232580
85233316
85235179
85235819
85235844
85235919
85236926
85238445
85238838
85240437
85240472
85241303
85242092
85242488
85242946
85243171
85247049
85250332
85251058
85251763
85252280
85253681
85254174
85255405
85255730
85256662
85256711
85256887
85256899
85257731
85261238
85262200
85263846
85265713
85268109
85268296
85268483
85269402
85271612
85274112
85274489
85275696
85276090
85277233
85280411
85282470
85282699
85283260
85283836
85286200
85286615
85287876
85288336
85288777
85288990
85290099
85292428
85295586
85296662
85297622
85298418
85300621
85301122
85303152
85303282
85303697
85304463
85304807
85305783
85306788
85309140
85309294
85309314
85310421
85311448
85311681
85312302
85312753
85313518
85315100
85315318
85316737
85316971
85317472
85317597
85318289
85318314
85319195
85320121
85320264
85320504
85320623
85320770
85321466
85322774
85322945
85323519
85325945
85326446
85327009
85327015
85327540
85327566
85330116
85331468
85335171
85335496
85338709
85340309
85341306
85342494
85343826
85344425
85345915
85347435
85347635
85349293
85350476
85352002
85352109
85352841
85354065
85354668
85357243
85357629
85357804
85359444
85360153
85360770
85361227
85361397
85362380
85363471
85364563
85365071
85365934
85366281
85368153
85369341
85369388
85369825
85370837
85372116
85377369
85377710
85380264
85380301
85380713
85381661
85382564
85383273
85384800
85386382
85386415
85386640
85386667
85386753
85387542
85388938
85390990
85391715
85392172
85392283
85392984
85393642
85394210
85394378
85395354
85395394
85395644
85395947
85397039
85397096
85398202
85398838
85399182
85400258
85401061
85401447
85404439
85404832
85406065
85407648
85408582
85409189
85409427
85412308
85413123
85418427
85420311
85420677
85422160
85422636
85423462
85423898
85423995
85424250
85424369
85424475
85425274
85427135
85427614
85429521
85430630
85430740
85430781
85431439
85433781
85434927
85437748
85441352
85443500
85443567
85444170
85445405
85445536
85448667
85449737
85449749
85450010
85450230
85450709
85450791
85452121
85453300
85453540
85456010
85456101
85457544
85457740
85458671
85460732
85461939
85462007
85462880
85464025
85464793
85466375
85466762
85466939
85468857
85469147
85469933
85471470
85472663
85473930
85474336
85475169
85476210
85476495
85477263
85479589
85480242
85480351
85482292
85483165
85483760
85484286
85485363
85486108
85486212
85487259
85487789
85487860
85488872
85489496
85492598
85492898
85493329
85493503
85494249
85495012
85498429
85499512
85500978
85501953
85502685
85508509
85509203
85510088
85510143
85511771
85511909
85512494
85513717
85514826
85515790
85516622
85517115
85518131
85519233
85519976
85520167
85520180
85523296
85523717
85524284
85524375
85524438
85525368
85525373
85525640
85525764
85526893
85527978
85532165
85532360
85532403
85533412
85533714
85534886
85539887
85540193
85540711
85543216
85544251
85545512
85546549
85546801
85548674
85549812
85550523
85550709
85553621
85554021
85554087
85555097
85555292
85556335
85559440
85560075
85560869
85562356
85562972
85563981
85564188
85564277
85564858
85565049
85565484
85566412
85568918
85569389
85570139
85570209
85570226
85571863
85573823
85573945
85574435
85575626
85576828
85579412
85580271
85581492
85581556
85581622
85581670
85583659
85585221
85585469
85587711
85588023
85588990
85590035
85590648
85592155
85592608
85593031
85593647
85594040
85594067
85594238
85594482
85595289
85595444
85596429
85599000
85604799
85604856
85606010
85611563
85612104
85612668
85612814
85613415
85614777
85615203
85617015
85618110
85618803
85621026
85622066
85623471
85623611
85624108
85624119
85624206
85624361
85624905
85625725
85626608
85626890
85627064
85628742
85630804
85631226
85634270
85634408
85635415
85635822
85635854
85638611
85638951
85639162
85640742
85640861
85640976
85641687
85641960
85642035
85642136
85642285
85642721
85644281
85645083
85646248
85649359
85650926
85651248
85653084
85653922
85654516
85655118
85655649
85656032
85656230
85656500
85657126
85658278
85658736
85664279
85667481
85667769
85668618
85669402
85671339
85672999
85673118
85673540
85673663
85674926
85681139
85681561
85681693
85682794
85683115
85683609
85686715
85686858
85687907
85688914
85689443
85690045
85691801
85692770
85693701
85694478
85696504
85698101
85699474
85700705
85701390
85701525
85702794
85704444
85704631
85706040
85706454
85710642
85710818
85711029
85711399
85713144
85713728
85713837
85714340
85714612
85714691
85714702
85715276
85715872
85716350
85717754
85722957
85723019
85723076
85724054
85725882
85726000
85726382
85728319
85728324
85728978
85729393
85731725
85733862
85734279
85735378
85735668
85738826
85739089
85739567
85740466
85740581
85741381
85742245
85742379
85743156
85743764
85745109
85745280
85745565
85746891
85747226
85747302
85747695
85747908
85748434
85749236
85750491
85751861
85752301
85752856
85753337
85753784
85753906
85753950
85754703
85756179
85756894
85756900
85757950
85758290
85758349
85758649
85760051
85760954
85761697
85763040
85763287
85763946
85765013
85765353
85765398
85765571
85766163
85766602
85766766
85768162
85770868
85771994
85772208
85773115
85773512
85774050
85776038
85776835
85777817
85778213
85778910
85779702
85780153
85781007
85782000
85782201
85783731
85784940
85786372
85786832
85787097
85787279
85788538
85788898
85789525
85791097
85792703
85794390
85795544
85795550
85798097
85798748
85800609
85800828
85803846
85805091
85805582
85806309
85807297
85807447
85808694
85809463
85810095
85813283
85814008
85814634
85818087
85818566
85819855
85821214
85822144
85822412
85825759
85825795
85828117
85828215
85828882
85831138
85831286
85836028
85837948
85838536
85839833
85840355
85843097
85845468
85846292
85847718
85849506
85851936
85852507
85852611
85852907
85853878
85854802
85858621
85858686
85860901
85862019
85863254
85863598
85864799
85865113
85869828
85870544
85870691
85870825
85871390
85871687
85871785
85872544
85873564
85875021
85875952
85876373
85877362
85877694
85878597
85878845
85879311
85881044
85881958
85882574
85883279
85885298
85885858
85885875
85886468
85886828
85886951
85889319
85890428
85890440
85890840
85892945
85893370
85895163
85895849
85897891
85898839
85899161
85899313
85899843
85900301
85900652
85901983
85902415
85904169
85904796
85909477
85909776
85909978
85910412
85910603
85910790
85911762
85912365
85914139
85914779
85915147
85915825
85917512
85917615
85918360
85919174
85920732
85921523
85922126
85922858
85923168
85925328
85925572
85927353
85927534
85928388
85928848
85929218
85931487
85931924
85932835
85933015
85934970
85936261
85936983
85937223
85938445
85940733
85941380
85942345
85942441
85943665
85944345
85945687
85945916
85946269
85947330
85949625
85950826
85954647
85955870
85957290
85957499
85959126
85959633
85961408
85962216
85962340
85963619
85965167
85965392
85967653
85968137
85971459
85971790
85972214
85973808
85973864
85974538
85975249
85975263
85975272
85976176
85976614
85977279
85978235
85978451
85978796
85978957
85979171
85979202
85979751
85982334
85982813
85982837
85982938
85983868
85984575
85986786
85988079
85989974
85990050
85990380
85992380
85992451
85992823
85994293
85994982
85995509
85995513
85996177
85998198
85998538
85999069
86001439
86001570
86002341
86005222
86005948
86006890
86008285
86009479
86009920
86010792
86011893
86011916
86013558
86016779
86017360
86017981
86018563
86019216
86020669
86021297
86021452
86022455
86024494
86024805
86025578
86025699
86026063
86027340
86028436
86029038
86029287
86029373
86029716
86031075
86031876
86032560
86033091
86034304
86035199
86035271
86036945
86039283
86040102
86040977
86041462
86043099
86043550
86043938
86044825
86046600
86046825
86047846
86048381
86048773
86050043
86050431
86051645
86053197
86053297
86053752
86054136
86054454
86055379
86056814
86056922
86057307
86057593
86057708
86061502
86062659
86062734
86063614
86063924
86064059
86065119
86065526
86065653
86065894
86068914
86069088
86073512
86074396
86075491
86075494
86075527
86076602
86077332
86077458
86077857
86078953
86079652
86080235
86080672
86081307
86082490
86082970
86083599
86084467
86085501
86085615
86086421
86086459
86087267
86087848
86088354
86088502
86089330
86090303
86090588
86090615
86092059
86094462
86095674
86096076
86096180
86097552
86098044
86098221
86100836
86102357
86102513
86102622
86102774
86104027
86104451
86104629
86106475
86106714
86107758
86108646
86110424
86110892
86111341
86112206
86113089
86113520
86114007
86119021
86119272
86120033
86120830
86120932
86122611
86123265
86123854
86124034
86124803
86125013
86125202
86125623
86126771
86127801
86128115
86129879
86131947
86132458
86133200
86134135
86134233
86134450
86134684
86134890
86137724
86138167
86138653
86139190
86139714
86141406
86142207
86143391
86143448
86144415
86145904
86147600
86148994
86149085
86149847
86152618
86152815
86153129
86154878
86155337
86155859
86156859
86157718
86159135
86159185
86159550
86160238
86161779
86167913
86168730
86169176
86170353
86171631
86171947
86171959
86172555
86173002
86173282
86173415
86177086
86177608
86178052
86180819
86181498
86187086
86187196
86187373
86187966
86188311
86189390
86192273
86193073
86193700
86193785
86193898
86194417
86197138
86198970
86199872
86200025
86200200
86200382
86201956
86202825
86203262
86205440
86205603
86207066
86207549
86209085
86209945
86210035
86210380
86211645
86211957
86213226
86214164
86215245
86215899
86216581
86216933
86217855
86219336
86219997
86221054
86221224
86222939
86223229
86223499
86226007
86226610
86227082
86227411
86228754
86229367
86231109
86231589
86231907
86232807
86232882
86233514
86234178
86236284
86237148
86237487
86238373
86238565
86239314
86239997
86240043
86240169
86240962
86243003
86243023
86243916
86244314
86245917
86246367
86246474
86246614
86248518
86250181
86251321
86251820
86251983
86252457
86253131
86255089
86255361
86256948
86257313
86258427
86258750
86261255
86261359
86261621
86261764
86261787
86262000
86262865
86263124
86264811
86265795
86266975
86267144
86268397
86270219
86270262
86270804
86272547
86274567
86277277
86277583
86277647
86278155
86278515
86279567
86279804
86280014
86281310
86282117
86285863
86286448
86286879
86287056
86287548
86288627
86288920
86290143
86290309
86290472
86292873
86295058
86295347
86296633
86297541
86298460
86300090
86300248
86300355
86300902
86301731
86302259
86302571
86304117
86304579
86305446
86308601
86311307
86314291
86316743
86317114
86318385
86318779
86319175
86319246
86321540
86322215
86322270
86322745
86325089
86325854
86326091
86326222
86326272
86328642
86328902
86329513
86330701
86331029
86331544
86331936
86334517
86335090
86335755
86336102
86338872
86343023
86343485
86343830
86343880
86344275
86344420
86344588
86347387
86347724
86348707
86348938
86349654
86350472
86351346
86355513
86356668
86356711
86356746
86360921
86361350
86361447
86362263
86364279
86364402
86364845
86364990
86365163
86366021
86368203
86368939
86369205
86371305
86372639
86372978
86375746
86376054
86376260
86377690
86379228
86380028
86380107
86380268
86380713
86381641
86382773
86382807
86385345
86385726
86386314
86386904
86388307
86388439
86389158
86389518
86389831
86391469
86393006
86395574
86396952
86402126
86403781
86404090
86404384
86406343
86411788
86413557
86414610
86415678
86415960
86416288
86417047
86418337
86419192
86419255
86420023
86422190
86422953
86423099
86424580
86424699
86425459
86426479
86426651
86427169
86429058
86431172
86434303
86434410
86434643
86435770
86436223
86437170
86437413
86438380
86438874
86440006
86440783
86440788
86446136
86448670
86450350
86451431
86452013
86452444
86453037
86453607
86454161
86454359
86456474
86459064
86464447
86465850
86466392
86466715
86467712
86469695
86469773
86471608
86471668
86471681
86473229
86475652
86476214
86476287
86477790
86477961
86478719
86480891
86481420
86482450
86483212
86484637
86484725
86485585
86487708
86489553
86490543
86490768
86491465
86492062
86492401
86493578
86493863
86494515
86496542
86496708
86497124
86498306
86500924
86506181
86508229
86512464
86513378
86516297
86517618
86517797
86518373
86518956
86519508
86520011
86520704
86521049
86522160
86522692
86522918
86523582
86525668
86526415
86526748
86527720
86528081
86528158
86533506
86534157
86538031
86538471
86538664
86540244
86540274
86540325
86540699
86541691
86542130
86542269
86544187
86544417
86547189
86547634
86548193
86548887
86549590
86549919
86550196
86550707
86551565
86551756
86551818
86551830
86551948
86552357
86552780
86553366
86553522
86553702
86554784
86556013
86557984
86559859
86560162
86560287
86562128
86564400
86565693
86565865
86566171
86567401
86567693
86567889
86568973
86570824
86571635
86571772
86572962
86573553
86574372
86574622
86577053
86577129
86577978
86579145
86579527
86579801
86580039
86583583
86583904
86584458
86584886
86585062
86585128
86585737
86586373
86587707
86588420
86588631
86589185
86590200
86590284
86591665
86591675
86591866
86592295
86592631
86593644
86594655
86595409
86595698
86596388
86597256
86597336
86598562
86599006
86599160
86599324
86600010
86602341
86605343
86606400
86607967
86608752
86610092
86611608
86611720
86611921
86612652
86614089
86614581
86615201
86616252
86617403
86618051
86618062
86618454
86619895
86622570
86622608
86623797
86624306
86624953
86625040
86626846
86628035
86628845
86629889
86632730
86634023
86634490
86635285
86635489
86635845
86637649
86640444
86641001
86641627
86642136
86643468
86644356
86644469
86644900
86646534
86647103
86647507
86647905
86647914
86649829
86650153
86650838
86651247
86651529
86651620
86651909
86652645
86652884
86653191
86653209
86654912
86655103
86657974
86658783
86660320
86660419
86662160
86662531
86662893
86665124
86665204
86665527
86666133
86667130
86667316
86667907
86668629
86669167
86671447
86672678
86672985
86674066
86676830
86677754
86679103
86680604
86682914
86683389
86685825
86688655
86688707
86688768
86689645
86690009
86690951
86691181
86691619
86691736
86693449
86694511
86695026
86695458
86696765
86698385
86701658
86702360
86702369
86702893
86703124
86703417
86704928
86705723
86707983
86708896
86710149
86710377
86711226
86711527
86714228
86715298
86715498
86716010
86717061
86718276
86719643
86720296
86720635
86721298
86721348
86721710
86721785
86722819
86723170
86724446
86724721
86726933
86727073
86727439
86728778
86728786
86730978
86731757
86731996
86732269
86734972
86735493
86735838
86737935
86739198
86740906
86741846
86744801
86745374
86745606
86745874
86746703
86747374
86747839
86748375
86748718
86750195
86750368
86750938
86752932
86753736
86759860
86762910
86763214
86764149
86769288
86774369
86774617
86777171
86779969
86780414
86783043
86783467
86783796
86785467
86786699
86786855
86788479
86788698
86788820
86789632
86791517
86796381
86796403
86796658
86797358
86798985
86799390
86799641
86799802
86799931
86802484
86802493
86802643
86802950
86803251
86804264
86804457
86806362
86806616
86807329
86810323
86811625
86813262
86815160
86815386
86817795
86818181
86819537
86820500
86821095
86821161
86822706
86825012
86825322
86825515
86825963
86828407
86831935
86832327
86836098
86838849
86839238
86841005
86843154
86843268
86843557
86844331
86844604
86845012
86846360
86846490
86848857
86850744
86850860
86851348
86853189
86853845
86854901
86855181
86855362
86856092
86856891
86856978
86859475
86859583
86859938
86861418
86861807
86862317
86863385
86865529
86868145
86868831
86869105
86869121
86869861
86870487
86871612
86873663
86874609
86875210
86875656
86876236
86877059
86878614
86879784
86879854
86879969
86882075
86883337
86884510
86884788
86885711
86885968
86886282
86887136
86887596
86888739
86888822
86889858
86889969
86890792
86892893
86898625
86898828
86899418
86899734
86902936
86903233
86903608
86904926
86905105
86905934
86906383
86908163
86908165
86909382
86909612
86909618
86910438
86911101
86911784
86911803
86912383
86912487
86913952
86914362
86914605
86917984
86918659
86919001
86919298
86920825
86921883
86923464
86923747
86924061
86924611
86924683
86924772
86924795
86925314
86926227
86926431
86927940
86928218
86931059
86931154
86931877
86933678
86934122
86934644
86935346
86938413
86938535
86939740
86939960
86940109
86942366
86942819
86943403
86945247
86947588
86950282
86951594
86952622
86952905
86954226
86955800
86956085
86957157
86957204
86959001
86960169
86960449
86960978
86961235
86962570
86965116
86965137
86965354
86965812
86966499
86966510
86966644
86966890
86968167
86968508
86969029
86969050
86969593
86969642
86969960
86971093
86973489
86973592
86974990
86975241
86976263
86976700
86977257
86977450
86977458
86977769
86977837
86979318
86979952
86980300
86982204
86984204
86986249
86986860
86987073
86987146
86988443
86988751
86989107
86989203
86990202
86990459
86991946
86994181
86994265
86995783
86996056
86996218
86996261
86996788
86997420
86998674
87005856
87007013
87008713
87009360
87010934
87011366
87011385
87011596
87011630
87013314
87013391
87013752
87016569
87017694
87018190
87018401
87019190
87020393
87021537
87022836
87023094
87023621
87024488
87024833
87025331
87027020
87029758
87032971
87033089
87034430
87035220
87035874
87038284
87038979
87039940
87041166
87041452
87041918
87043169
87043345
87043518
87045335
87045829
87050130
87050454
87054228
87054350
87056243
87056537
87056735
87058568
87059278
87059424
87059725
87061343
87063402
87064027
87064285
87066702
87067062
87067214
87069298
87069904
87070457
87073528
87074691
87075083
87076596
87077473
87078639
87080212
87080257
87081112
87082275
87084206
87085619
87085746
87085875
87086700
87087108
87087739
87087978
87088867
87088896
87089084
87091318
87091619
87095087
87095388
87095450
87095879
87096070
87096340
87098117
87098177
87100093
87101749
87102543
87103763
87104002
87105682
87105923
87106134
87108374
87108568
87110687
87111698
87111883
87112002
87112459
87112981
87114415
87114476
87115505
87116877
87117661
87118551
87118688
87120361
87121722
87123997
87124838
87124881
87125454
87129525
87129734
87131500
87131540
87131924
87133404
87134867
87135770
87136329
87137968
87138125
87138408
87138787
87139386
87139443
87140225
87142095
87143176
87144892
87147014
87147586
87149215
87153508
87154338
87154693
87156409
87159981
87161477
87161631
87161679
87161773
87161933
87162488
87164656
87166075
87166965
87167893
87168906
87169647
87171272
87172122
87174721
87178319
87179414
87179697
87181487
87182566
87183463
87183615
87187182
87189880
87190626
87191136
87191317
87191836
87192052
87192646
87195255
87196558
87196767
87199914
87205038
87205292
87205731
87206259
87206603
87207841
87209879
87210510
87210586
87212596
87214868
87216300
87218125
87219033
87219599
87219972
87219985
87221310
87222186
87222777
87223468
87224832
87225156
87225409
87225719
87226012
87227356
87228572
87229186
87231652
87232637
87234140
87235411
87236125
87236246
87237038
87238171
87238441
87239134
87241075
87241147
87242936
87243106
87243824
87244236
87244620
87245556
87247431
87249690
87250010
87250114
87250669
87250911
87251436
87252135
87252676
87252755
87253117
87253697
87254175
87254650
87255618
87255629
87255872
87256466
87258420
87260464
87260863
87262148
87262584
87263013
87263918
87263926
87264505
87264876
87265508
87265980
87266815
87266969
87267656
87268189
87270097
87271147
87271420
87272923
87274855
87275234
87275248
87276376
87278778
87278989
87279876
87280272
87280725
87282022
87282077
87283256
87284763
87285554
87285912
87286750
87287974
87290519
87291731
87292994
87296533
87296766
87298206
87299314
87299591
87299880
87300409
87301075
87301166
87302759
87302916
87303268
87303617
87304191
87306866
87307475
87308644
87308898
87309833
87310014
87311360
87312082
87312249
87312960
87313028
87313776
87313798
87313825
87314051
87314098
87314329
87314737
87314964
87315490
87316295
87316431
87317744
87322542
87322640
87323688
87325613
87326280
87327207
87327774
87329601
87330311
87330798
87331933
87334450
87335048
87336068
87336414
87337287
87337929
87341036
87341376
87347561
87348987
87349257
87349865
87350697
87350727
87350995
87351052
87351260
87351937
87353513
87355376
87355671
87357082
87357778
87358842
87358874
87359172
87360918
87362118
87363169
87363655
87363788
87364234
87364536
87364555
87365194
87366137
87366566
87369855
87370471
87370586
87370696
87371655
87371709
87373916
87376694
87378283
87378779
87380687
87381757
87384559
87384713
87387904
87388349
87392532
87392816
87393186
87393581
87398934
87403242
87403693
87406460
87407684
87409137
87411506
87413588
87413861
87414504
87416138
87416232
87419677
87420280
87420613
87421554
87421786
87425792
87427072
87428745
87429522
87430561
87430584
87431715
87432056
87432232
87434553
87434832
87436298
87436474
87438349
87439247
87441279
87441653
87443787
87444123
87446634
87447515
87447790
87447899
87448980
87449682
87450957
87453041
87454338
87454554
87454571
87457701
87459142
87460678
87460707
87460964
87461289
87461726
87462955
87463492
87464128
87464799
87468040
87468432
87468842
87469400
87469782
87470016
87470361
87470440
87472266
87472857
87473200
87475155
87477029
87477181
87477918
87478771
87482263
87484832
87485015
87485378
87486229
87486302
87486496
87488142
87489300
87490228
87490484
87493492
87496479
87497502
87497841
87498378
87498966
87499754
87499829
87500457
87500673
87502338
87502660
87502872
87503016
87503142
87503200
87504741
87506168
87506740
87507034
87509675
87510205
87510431
87510445
87510743
87511116
87511398
87512508
87513494
87513847
87513853
87514564
87514936
87515559
87517299
87517871
87518125
87518165
87518448
87518806
87521058
87522305
87522323
87523830
87525322
87525869
87527189
87527471
87527547
87528733
87529405
87530018
87530727
87531453
87533338
87533455
87534047
87535689
87537746
87537832
87539138
87540265
87541037
87541827
87543303
87543978
87544128
87544610
87544776
87545036
87546847
87547005
87550053
87551607
87551934
87552273
87552528
87553316
87555411
87555419
87555968
87557905
87559319
87559812
87560003
87563239
87564351
87566891
87569763
87571512
87571606
87572103
87573396
87573473
87573909
87574065
87574323
87575320
87575810
87577092
87577487
87578393
87578858
87580116
87581747
87583530
87584175
87587470
87587942
87588190
87588304
87590735
87591634
87591654
87592080
87592940
87593071
87595925
87596456
87600391
87602773
87603904
87604266
87605240
87606127
87606261
87606853
87609388
87609964
87611409
87613325
87614538
87616925
87617026
87617485
87620185
87622293
87623382
87626101
87629787
87630141
87631821
87632321
87632829
87633199
87633719
87635588
87636529
87637121
87637149
87638596
87639495
87642319
87644158
87645048
87645934
87646150
87646698
87647044
87648208
87648244
87648351
87651879
87652074
87653539
87655373
87655433
87655910
87658167
87660116
87661360
87661571
87662335
87663028
87663449
87664347
87665389
87665531
87667521
87670412
87670851
87671175
87674176
87674331
87675315
87678973
87679658
87681326
87681338
87681824
87686025
87687081
87687975
87688458
87688828
87689321
87689346
87690310
87692956
87694058
87694240
87695344
87697872
87699225
87702135
87702160
87702752
87703852
87704565
87705045
87705310
87706176
87706372
87707698
87708373
87709725
87709864
87710027
87713689
87714563
87715861
87720360
87721413
87722404
87723966
87724724
87726411
87726416
87727540
87728142
87728193
87728424
87729428
87730595
87730855
87732974
87734330
87734815
87735512
87735896
87738439
87738800
87741189
87741356
87742426
87742922
87744664
87745470
87746448
87746635
87747615
87747701
87751877
87753291
87753863
87754046
87754822
87754868
87755635
87755782
87757074
87757204
87758252
87759770
87761151
87765035
87766064
87766194
87766247
87767609
87768277
87768444
87768824
87768839
87770504
87772059
87772249
87775215
87776492
87777422
87783214
87783709
87784425
87784655
87784836
87784963
87787024
87788051
87788541
87789986
87790127
87790612
87793969
87794477
87794901
87796935
87797117
87799181
87803243
87803786
87803898
87804184
87804396
87804827
87805594
87805700
87806001
87806679
87807942
87808260
87810060
87811204
87812550
87813295
87820518
87822038
87824206
87824468
87824865
87825168
87825935
87826062
87827059
87827493
87829994
87830963
87832728
87833031
87833129
87836731
87839168
87841105
87841653
87844927
87848347
87848818
87848959
87849551
87849807
87851680
87851693
87856160
87857309
87858385
87859036
87859643
87859993
87861865
87861897
87863144
87863451
87863486
87864382
87866181
87867760
87869173
87871558
87871695
87872518
87873101
87874085
87874607
87875125
87875723
87877765
87878374
87878527
87880113
87882410
87882469
87883261
87883500
87884113
87885047
87886323
87887208
87889152
87890153
87890180
87890289
87891106
87891427
87892973
87894352
87895055
87896947
87897588
87898707
87900106
87901087
87901565
87902129
87903429
87906529
87906587
87908995
87909064
87909784
87909930
87912453
87912977
87913781
87914631
87915178
87915786
87919442
87919966
87920427
87924151
87924901
87926375
87926462
87926734
87929289
87931131
87932551
87933602
87938735
87939599
87939633
87940069
87940633
87940649
87940656
87941200
87942432
87943530
87943849
87945176
87949650
87949757
87951446
87952978
87953190
87953235
87954019
87955076
87957395
87960885
87961019
87961547
87963754
87965773
87966334
87966375
87967344
87967622
87968375
87971488
87971567
87971678
87971854
87973637
87974419
87975186
87976094
87977137
87977664
87977738
87977923
87978121
87980930
87981337
87982724
87984650
87985170
87991892
87991930
87993516
87996271
87997063
87999094
87999444
88000661
88001079
88001633
88003468
88004110
88004576
88007006
88010774
88010822
88013189
88014684
88014929
88016489
88017125
88018133
88018173
88020037
88020116
88022819
88022959
88023025
88023308
88027250
88028208
88029193
88030740
88031820
88032350
88032908
88033535
88034336
88034587
88034953
88035991
88037888
88038377
88039014
88040670
88042046
88043078
88043897
88044662
88044704
88045225
88046344
88047807
88049937
88049954
88050465
88051920
88053635
88054173
88054220
88054615
88054655
88055418
88058046
88058197
88058871
88060591
88062019
88062036
88062882
88064147
88064760
88065558
88067926
88068079
88069497
88070016
88070348
88071212
88071301
88072413
88073374
88075719
88075758
88077861
88077934
88078722
88081834
88082088
88083206
88084362
88084649
88085109
88087049
88087903
88089763
88090409
88090833
88091083
88091711
88095052
88097063
88097408
88099795
88099893
88102500
88103583
88104243
88105021
88106372
88109392
88114590
88115484
88118904
88120072
88120500
88121210
88122539
88123530
88124025
88125012
88125636
88125984
88126056
88126574
88128100
88128706
88131849
88132101
88132223
88132778
88132864
88133285
88133864
88136352
88138083
88138213
88139596
88139894
88141123
88144086
88144370
88144846
88144918
88145654
88146576
88150269
88150338
88150417
88152337
88152536
88152697
88153057
88153460
88154578
88155725
88155778
88156936
88160751
88161045
88161970
88162568
88162805
88162850
88164473
88164478
88165507
88165909
88166537
88167794
88168783
88170240
88171888
88172022
88172538
88172626
88172800
88173123
88174955
88175428
88175638
88179334
88180101
88183509
88183853
88184081
88184498
88187769
88187809
88187917
88188826
88188852
88189010
88189069
88190902
88195059
88196934
88196958
88198915
88199255
88199654
88202384
88203261
88203489
88203816
88203852
88204528
88206742
88208022
88208166
88208325
88209607
88210219
88211256
88212034
88213461
88213623
88214212
88215833
88216545
88217088
88217691
88218030
88218173
88220138
88220912
88221206
88221829
88221887
88222356
88222374
88222615
88223646
88223673
88223735
88224079
88224480
88226931
88227303
88227576
88227915
88228900
88229876
88230509
88230709
88231132
88232407
88234354
88234377
88234692
88234830
88236069
88237348
88237594
88238841
88242407
88242667
88243507
88249227
88250917
88251083
88251709
88252435
88252710
88256603
88256787
88257644
88259272
88260093
88260367
88260762
88261015
88261042
88261798
88261990
88263548
88263946
88264438
88265353
88265529
88267503
88268023
88269556
88269682
88271438
88271620
88271886
88272028
88272768
88273461
88273610
88274251
88276064
88276697
88277293
88277961
88281668
88283052
88284097
88284880
88285403
88286472
88286717
88290641
88291249
88291620
88292310
88292612
88292885
88294136
88295523
88296620
88297516
88298454
88298518
88301030
88301036
88301509
88301804
88304696
88305232
88305347
88305426
88306222
88306356
88307414
88308145
88308296
88309998
88310124
88316111
88316904
88317278
88318161
88318356
88318388
88318537
88318907
88319658
88320303
88322292
88324669
88325017
88327935
88329411
88329927
88331397
88334001
88336648
88336655
88337078
88337685
88338052
88339322
88339430
88339988
88342130
88342383
88345378
88346110
88349411
88350253
88352954
88353556
88353787
88354057
88354109
88354700
88354989
88355467
88356175
88357251
88359482
88359485
88359849
88360765
88362908
88364833
88368477
88368595
88369598
88369672
88370567
88371514
88372129
88373262
88373640
88374116
88374850
88376103
88376561
88377293
88377677
88380048
88380502
88380763
88381347
88382911
88383537
88384290
88384852
88384904
88385254
88388851
88388886
88392146
88393430
88393710
88394347
88394549
88395975
88396159
88396950
88398182
88398820
88399595
88399977
88401119
88401294
88401994
88402082
88403676
88404247
88404605
88405286
88405689
88406780
88407178
88407566
88407711
88407734
88408094
88408517
88409809
88409967
88410995
88411989
88412110
88412586
88413629
88415049
88415591
88418183
88419910
88420299
88420360
88421498
88423842
88424166
88424685
88427126
88429098
88429450
88429640
88429762
88431524
88431812
88432853
88433140
88433612
88433793
88434370
88434857
88436160
88436473
88436745
88437155
88437437
88437475
88440875
88441401
88441683
88442047
88443849
88444496
88444685
88444809
88445699
88447167
88447373
88448010
88448278
88448333
88449737
88451051
88451307
88451708
88452346
88453477
88454151
88455472
88455590
88456661
88459586
88459661
88460162
88460225
88461564
88463638
88463964
88464367
88464398
88464887
88465799
88470372
88470632
88470698
88471258
88472964
88473762
88473848
88476025
88477236
88477659
88478560
88480345
88480354
88480466
88481085
88481570
88481599
88483078
88483604
88484070
88484809
88484840
88484896
88485120
88486242
88486477
88487446
88487646
88488943
88489099
88489419
88489421
88489917
88490291
88490720
88492383
88493234
88493393
88495996
88496272
88496806
88497267
88498728
88498817
88499057
88499286
88500240
88502178
88502598
88504112
88504582
88504649
88504955
88505617
88505651
88505989
88506156
88507337
88508414
88509501
88509557
88510975
88511813
88511951
88512648
88514011
88516137
88517599
88518660
88519306
88519805
88520361
88520663
88520680
88520749
88521869
88522598
88523993
88525972
88526885
88527636
88529233
88529735
88530136
88530765
88531821
88531848
88532691
88536556
88536920
88538069
88538924
88539470
88539627
88541856
88543180
88544080
88545274
88546198
88546660
88547693
88548854
88549327
88549488
88550256
88551427
88551484
88552975
88555359
88558370
88560124
88562013
88562616
88562865
88564865
88565173
88567508
88569712
88571153
88571165
88572999
88573608
88573727
88573777
88574862
88575111
88575748
88576831
88577982
88581654
88581868
88582538
88582540
88584058
88584637
88584948
88586313
88587007
88588154
88588343
88589123
88590444
88593293
88594090
88594248
88594267
88595437
88596835
88597172
88600135
88601536
88602104
88603880
88604096
88604166
88605814
88606079
88607345
88608237
88610233
88612211
88612933
88612976
88614349
88614357
88615080
88615219
88615387
88616210
88616493
88617408
88617690
88617699
88619173
88620116
88620483
88620825
88621389
88622027
88623352
88623556
88626039
88626319
88626958
88627438
88628416
88628961
88632237
88632279
88632540
88633740
88637717
88638138
88638226
88638560
88638976
88640264
88641164
88641515
88642722
88642773
88643632
88644937
88646136
88647608
88647615
88647835
88650961
88651651
88651694
88652603
88653040
88653530
88654682
88654879
88655223
88656205
88657462
88658036
88660240
88661344
88661383
88661834
88662694
88663392
88663948
88665957
88666413
88667926
88668465
88671386
88672138
88672631
88673262
88673882
88674564
88676159
88676236
88676416
88676478
88677450
88678041
88680762
88682228
88683176
88683286
88684481
88685162
88685344
88686570
88687917
88689855
88690056
88691629
88691908
88695038
88696223
88697037
88697255
88698490
88699066
88699629
88700848
88701999
88703668
88704837
88705293
88705666
88706994
88707076
88707799
88708709
88709251
88709495
88711501
88712431
88715506
88715573
88716546
88718130
88719014
88719102
88720260
88720435
88720522
88722836
88723294
88723766
88724485
88725654
88727377
88728736
88728841
88730373
88730678
88731132
88732010
88732634
88733287
88733337
88735423
88735452
88739530
88741286
88742229
88742485
88742928
88743876
88745007
88746538
88747881
88748641
88750131
88752010
88753260
88754019
88756599
88756651
88758717
88760377
88760953
88761392
88761998
88762878
88763518
88764955
88765289
88766745
88766903
88769374
88770272
88770562
88770579
88771638
88772199
88773215
88773575
88773885
88776018
88777418
88777900
88779246
88779983
88782010
88782416
88782474
88783194
88783880
88784536
88785278
88786055
88786831
88787877
88787891
88787915
88788744
88789053
88789326
88794105
88794161
88794949
88795539
88796322
88796442
88796599
88798695
88800412
88802796
88803216
88803269
88803554
88803740
88803944
88806672
88807116
88808499
88810887
88811079
88811512
88813650
88814242
88814834
88814974
88815772
88816127
88817918
88819325
88819879
88820686
88821543
88822722
88823684
88824290
88825403
88827591
88827989
88828686
88828706
88829523
88829740
88830506
88832434
88832782
88832848
88834351
88834823
88834863
88834990
88835472
88835475
88835573
88835882
88836196
88836768
88837210
88837319
88837400
88839408
88839939
88841048
88841927
88842638
88843907
88844554
88846671
88848098
88848314
88849377
88850945
88851601
88852555
88852629
88853595
88854708
88854850
88854917
88855162
88857117
88858674
88859467
88860369
88861366
88862110
88864121
88864225
88864649
88867904
88869013
88869581
88870276
88870526
88870866
88871025
88871362
88872038
88872644
88873636
88876411
88876973
88877150
88877179
88879522
88879533
88880638
88881010
88882124
88882576
88883707
88886109
88886175
88886691
88887568
88889317
88890689
88891434
88892767
88892878
88894223
88894342
88898437
88898902
88899843
88900418
88904512
88904677
88904679
88905694
88908264
88909550
88910852
88911031
88911718
88913917
88916958
88917279
88917575
88919392
88919839
88920273
88920756
88922266
88922795
88924158
88924180
88924605
88925059
88925470
88928380
88929256
88930231
88930456
88931424
88931640
88933292
88934278
88934311
88934432
88934947
88935572
88938152
88938240
88938318
88940721
88940815
88941279
88941541
88942324
88943201
88945791
88946961
88952299
88952439
88952793
88953284
88953340
88953832
88955314
88955800
88956027
88959047
88960068
88961549
88961994
88963536
88967586
88969812
88970427
88970561
88971926
88972344
88974218
88974513
88974564
88974702
88975182
88975893
88976263
88981391
88981466
88983634
88983740
88983790
88983888
88985739
88985989
88986321
88987822
88988209
88989638
88990292
88990574
88992481
88997981
88998273
89000618
89000662
89002424
89002940
89003228
89004832
89006932
89007100
89008177
89008410
89008895
89009623
89011879
89012066
89012975
89014851
89015917
89016074
89016110
89016164
89018687
89019281
89019649
89020133
89020563
89024690
89024698
89026911
89028485
89028524
89029782
89029797
89031246
89031467
89031563
89032699
89034004
89034603
89036757
89038281
89038359
89038526
89040345
89040902
89041066
89041118
89041184
89043272
89045683
89046352
89047650
89048019
89051886
89053595
89053757
89055153
89057266
89057865
89058907
89059802
89060057
89060133
89061121
89061502
89061770
89061811
89062195
89062872
89063008
89063313
89064042
89064587
89065754
89065797
89066240
89067251
89067715
89067962
89068057
89068383
89068407
89068509
89069920
89071227
89072761
89074906
89077222
89078726
89078806
89079258
89080224
89080509
89081734
89085263
89085936
89086047
89087070
89087206
89088734
89089209
89091046
89091235
89091491
89092478
89093739
89094808
89095113
89096950
89098167
89100731
89100953
89102496
89103000
89104686
89104753
89105199
89105821
89108527
89108533
89110156
89112118
89113435
89115076
89115205
89115882
89116503
89116571
89118938
89118952
89119044
89119251
89119979
89121694
89122017
89123393
89124408
89124866
89125104
89125450
89126157
89126902
89129018
89130077
89131349
89131477
89132851
89133246
89135168
89138827
89139667
89139808
89139874
89141214
89141220
89144888
89145904
89146035
89146488
89146745
89149592
89149714
89152055
89152472
89153332
89157731
89158139
89159449
89159705
89159845
89160100
89161003
89161378
89162431
89162835
89163380
89163437
89163475
89163564
89167928
89169466
89170406
89171529
89172272
89173310
89174686
89174845
89175645
89176082
89179347
89181416
89181984
89182680
89183792
89183981
89184131
89186817
89187054
89187418
89187990
89188515
89188862
89188928
89189924
89190285
89191837
89192913
89193948
89196760
89197318
89197425
89197484
89198346
89198449
89198601
89198749
89198877
89199642
89200390
89201885
89204568
89204909
89206059
89206598
89210033
89211706
89213703
89214834
89216339
89218413
89218645
89218683
89219877
89220347
89220814
89221150
89224381
89226114
89226958
89227066
89228124
89229431
89230145
89230719
89231121
89232414
89233211
89233384
89233613
89234933
89235146
89237139
89238969
89240417
89240932
89242012
89242791
89244519
89245317
89246477
89246937
89247069
89247243
89249401
89249717
89250285
89250801
89253164
89253318
89254152
89255332
89255596
89255940
89256417
89256684
89258921
89260281
89263969
89265296
89267211
89268443
89269195
89269266
89271401
89271765
89271900
89273372
89273783
89273858
89274089
89275114
89275671
89275902
89276880
89277799
89279031
89280469
89283512
89286120
89286610
89286829
89287317
89287389
89288239
89288731
89289816
89290377
89290446
89290821
89292882
89294328
89294689
89294720
89295379
89295491
89296467
89298044
89298543
89300107
89300492
89300729
89301859
89302836
89304493
89304909
89305316
89305963
89308727
89308971
89309703
89311222
89313984
89314023
89317146
89317826
89318726
89319029
89319076
89319303
89323198
89323518
89323531
89324622
89324655
89325851
89326148
89327588
89329049
89329766
89330247
89333082
89333958
89334204
89334534
89334889
89335519
89337440
89339143
89342398
89343256
89343440
89345366
89345471
89347103
89347323
89349255
89351479
89352139
89352149
89352925
89353132
89355614
89356926
89357300
89359062
89360714
89362730
89363234
89365699
89367274
89368098
89369591
89369812
89369916
89371814
89372587
89373377
89373839
89375752
89375941
89376509
89377087
89377391
89379971
89380736
89380864
89380882
89381791
89386081
89386494
89388087
89389920
89390064
89390140
89390203
89390270
89392535
89392612
89393215
89393218
89396822
89397815
89399657
89399687
89400067
89400310
89400361
89403443
89404762
89407003
89407676
89409504
89410558
89414559
89414740
89415383
89416497
89416819
89418620
89418882
89418993
89420292
89423281
89423512
89425600
89426305
89426633
89427748
89428556
89429328
89429774
89429891
89430097
89430174
89431177
89431958
89433358
89434830
89436783
89437114
89438385
89438746
89439308
89440250
89442673
89443426
89443765
89443890
89444020
89444295
89446070
89446245
89446326
89446929
89447175
89447205
89447700
89447980
89452416
89453184
89453826
89454777
89460221
89460547
89461018
89461443
89466466
89467394
89471174
89472244
89473454
89474876
89475185
89476322
89476652
89477179
89478064
89478069
89478632
89479873
89482259
89482460
89484093
89484103
89484309
89484361
89485713
89490125
89490181
89490304
89490648
89491869
89492116
89492594
89493203
89494525
89497613
89498466
89499737
89501846
89504622
89505701
89506808
89507425
89508156
89508850
89509011
89509602
89511082
89511531
89512047
89512805
89512937
89514055
89514287
89515976
89516199
89516486
89516588
89517091
89518125
89518895
89520328
89520336
89520401
89520907
89522357
89522396
89522701
89522760
89525002
89525082
89526336
89526487
89526680
89526683
89527967
89529526
89529662
89530801
89533425
89534277
89536852
89537557
89538127
89538783
89540581
89541016
89541491
89543733
89544328
89545506
89548648
89548878
89549981
89550962
89552045
89552332
89552852
89552886
89553066
89553480
89554250
89558923
89559917
89560316
89562001
89563301
89563347
89565106
89565693
89569919
89571134
89571805
89572341
89572512
89575241
89576541
89578903
89580499
89580808
89581907
89582438
89584820
89586100
89586110
89588824
89589032
89590293
89590810
89593072
89593195
89594472
89594597
89595102
89596786
89597988
89598463
89598797
89598978
89599642
89600766
89600963
89601933
89602084
89605734
89605875
89606140
89606737
89607089
89607456
89608371
89609744
89609973
89609989
89610744
89613408
89613755
89614433
89616829
89616888
89617131
89618476
89618537
89619369
89620191
89620757
89621011
89621635
89622267
89622334
89622848
89623431
89623823
89624137
89625777
89626514
89627886
89628278
89628702
89628735
89630699
89631252
89633075
89633991
89635309
89635689
89635765
89635939
89635984
89636374
89638670
89639081
89639905
89640817
89641571
89641572
89641720
89643450
89644032
89650080
89651742
89652407
89653875
89654194
89654671
89655261
89655356
89656256
89656827
89657224
89659144
89659178
89660124
89660766
89661871
89663907
89665431
89667099
89667571
89673571
89674912
89676390
89676711
89677588
89677633
89677971
89678006
89680884
89681400
89681722
89682738
89683091
89683358
89684711
89686286
89686372
89688266
89688354
89689017
89692417
89693592
89696041
89696817
89697229
89698735
89699322
89699727
89700332
89701351
89701973
89702232
89704595
89704748
89705272
89706562
89707782
89710778
89714355
89714880
89714997
89715417
89715454
89716075
89716761
89717427
89717758
89719331
89722042
89722619
89722711
89724020
89724136
89724760
89725367
89725828
89726004
89726761
89727987
89728954
89731208
89731288
89732433
89732597
89735813
89736040
89737085
89738169
89738876
89740114
89740710
89742428
89742868
89744593
89745071
89745255
89745380
89745791
89746613
89746901
89747074
89748096
89748903
89750066
89752076
89753485
89753695
89753706
89755560
89756097
89757409
89758895
89760053
89763278
89763770
89765489
89766649
89767928
89769553
89774697
89776851
89778466
89778757
89780305
89780406
89782208
89783064
89783401
89783778
89784360
89784619
89784822
89784876
89786824
89788677
89791980
89792586
89792714
89793462
89794603
89795114
89796439
89796749
89797996
89799364
89800835
89801979
89802365
89802489
89802619
89803597
89805607
89805802
89806586
89807918
89808758
89809064
89809345
89811868
89813735
89815394
89816008
89817700
89818502
89820033
89820561
89822720
89824284
89826000
89827081
89828519
89829082
89831611
89833190
89833308
89833848
89833906
89834251
89837080
89839973
89840401
89840804
89843797
89844343
89845623
89847459
89847647
89848654
89849459
89850845
89850979
89851109
89852169
89853245
89854655
89856875
89857938
89858121
89858138
89858938
89859884
89861199
89862996
89863623
89864869
89865312
89871219
89872888
89873483
89874179
89874525
89875616
89876603
89877331
89877717
89877837
89878149
89880518
89880660
89880988
89883548
89884390
89885465
89886403
89889098
89889840
89889900
89890253
89895642
89896835
89896917
89899402
89900450
89902859
89903592
89903903
89904498
89904623
89904987
89905062
89905589
89909315
89909325
89909358
89910968
89911207
89912043
89913412
89915673
89921354
89924796
89925170
89925532
89925540
89927658
89928023
89928690
89929175
89929358
89929699
89931125
89933433
89934747
89936244
89936512
89936608
89936616
89938134
89940356
89941500
89941632
89943048
89943773
89943797
89945021
89945548
89946300
89946386
89947255
89949389
89949780
89949951
89951979
89952040
89955279
89958045
89958079
89958778
89959993
89960756
89961151
89961177
89962943
89965548
89969524
89969677
89969790
89969836
89970857
89971307
89971959
89972820
89973250
89975717
89980099
89981221
89982533
89985448
89987086
89987241
89988212
89988399
89991136
89992846
89994804
89996378
89998133
89999176
89999952
90000052
90001998
90003610
90003751
90003806
90005887
90006495
90006579
90007715
90008787
90009153
90009229
90010234
90010525
90014803
90015785
90017562
90018310
90018387
90018636
90019623
90019984
90020021
90021329
90021439
90024401
90024647
90025162
90025759
90025960
90026340
90026883
90027977
90028769
90032116
90032366
90033469
90036658
90038878
90039264
90039656
90042682
90046043
90046989
90047071
90047696
90048268
90048336
90049309
90052354
90055291
90056304
90056774
90057130
90059214
90059882
90062431
90062986
90063286
90063394
90064989
90066909
90069569
90072767
90073288
90073358
90073567
90073806
90074440
90074620
90075800
90076744
90077418
90079336
90079420
90081784
90081902
90082147
90083316
90083340
90083348
90084776
90086067
90086492
90087368
90088854
90088909
90092651
90092878
90092899
90092990
90093715
90094503
90095263
90095839
90095970
90097262
90098518
90099267
90099765
90100336
90105606
90106068
90106396
90107206
90107708
90108658
90112171
90112229
90112729
90112900
90112932
90114576
90115636
90115974
90115994
90117061
90119103
90120036
90120563
90120824
90121883
90123431
90123584
90123663
90123764
90124650
90126524
90127287
90128024
90128918
90129394
90130242
90130702
90134958
90135290
90136172
90140043
90140437
90141883
90142381
90142650
90143068
90143178
90143308
90143854
90145073
90146087
90148067
90148139
90150299
90150529
90152068
90152297
90152735
90153165
90154106
90156549
90156553
90156590
90158147
90158826
90160430
90160641
90161283
90162183
90162332
90162354
90163289
90163785
90168533
90168928
90170412
90171416
90171949
90172554
90173234
90173693
90175005
90176660
90176708
90179178
90179529
90179979
90181417
90182395
90185064
90189162
90189245
90190828
90191982
90192247
90193045
90193094
90195872
90196325
90196415
90196677
90197485
90198124
90204678
90204784
90204894
90205248
90206459
90207128
90208160
90208344
90209088
90209545
90210201
90210322
90211793
90212337
90213341
90213995
90214834
90216354
90216838
90217360
90217874
90218279
90219053
90220846
90221205
90221709
90221855
90222527
90223440
90223726
90225845
90225955
90226266
90226707
90227242
90227319
90228046
90228058
90229263
90232106
90233969
90234050
90235561
90236071
90236701
90236903
90239362
90240054
90240882
90244254
90244472
90244975
90246192
90246425
90248383
90249911
90252537
90254293
90254555
90254976
90257303
90257792
90259654
90259822
90263815
90264187
90264694
90265703
90268855
90269043
90269817
90270280
90271281
90271988
90272957
90274723
90276104
90276427
90277096
90278147
90280376
90281095
90281925
90282556
90282620
90282799
90282930
90283950
90287634
90287756
90289125
90293710
90296495
90297353
90298128
90300032
90301004
90301106
90301937
90302303
90304396
90304981
90305496
90305757
90314489
90315632
90317902
90318528
90323298
90323679
90325077
90325120
90325289
90325335
90325531
90325675
90326645
90328402
90328503
90330040
90332109
90332141
90332617
90333330
90336873
90337434
90341907
90341923
90342718
90342931
90343448
90345477
90345932
90348207
90349766
90349868
90349914
90350308
90350969
90352011
90353304
90353690
90353737
90354405
90354413
90355055
90355248
90355778
90357286
90357425
90358368
90359342
90359459
90362638
90364679
90365939
90367154
90368350
90368487
90368626
90368818
90368895
90368905
90369665
90370294
90370903
90371113
90372247
90372769
90373107
90373433
90374226
90374231
90375178
90375189
90376097
90377459
90378363
90380532
90381804
90383309
90383394
90384511
90384629
90386866
90387279
90388736
90388788
90389021
90395620
90396463
90397581
90398167
90399088
90401600
90402068
90402386
90405480
90405506
90406057
90406756
90406894
90407566
90408607
90410125
90410409
90410526
90410882
90411380
90412560
90412833
90413117
90413791
90414014
90414348
90416920
90418714
90419501
90419777
90420950
90422203
90423045
90423562
90423611
90423696
90423738
90425078
90427351
90427370
90427829
90428192
90429198
90429997
90431838
90431923
90432446
90432652
90433475
90434363
90435397
90436326
90436763
90436808
90437227
90437356
90441334
90443124
90445068
90447050
90448567
90450171
90450278
90451818
90453088
90454610
90455408
90456801
90458043
90458549
90458580
90458960
90459602
90460944
90461940
90463176
90466021
90466591
90467171
90467449
90468472
90468922
90469965
90470084
90470386
90472332
90472621
90472683
90473286
90473577
90474996
90475630
90476581
90476858
90477218
90477321
90477524
90477698
90478912
90480824
90483024
90483941
90484077
90485486
90485968
90487803
90488579
90488606
90489672
90490442
90490725
90490882
90491576
90492532
90493663
90493904
90495194
90495428
90496747
90498223
90498310
90498347
90499271
90500511
90502693
90502794
90502892
90502938
90505162
90505905
90507026
90508444
90508809
90509707
90510730
90512591
90513632
90514450
90516588
90516601
90516759
90516830
90517271
90517518
90518180
90518248
90519274
90520239
90521656
90522011
90523437
90523522
90524772
90525052
90525094
90525612
90527565
90527640
90528859
90529057
90529072
90529913
90530008
90530041
90530251
90531249
90531439
90532448
90532832
90533302
90534999
90536007
90538874
90539495
90540303
90540764
90545861
90546870
90547630
90550310
90550388
90550653
90551801
90552355
90554517
90554878
90555436
90559239
90561132
90562813
90563359
90567794
90568788
90569742
90572034
90575029
90576227
90578992
90579264
90581296
90581603
90583116
90583579
90585513
90590159
90590266
90592099
90593840
90594055
90594296
90595496
90595685
90596467
90600265
90601951
90602889
90603884
90605817
90606524
90608368
90609185
90610043
90610121
90610695
90610879
90611296
90611371
90611460
90611904
90612006
90612155
90613432
90615177
90615189
90615691
90616809
90618635
90620110
90622101
90624084
90624766
90625076
90625296
90625494
90625788
90626578
90627759
90629539
90632220
90632670
90632715
90632876
90633598
90634563
90634583
90636039
90637404
90637625
90638109
90638858
90641111
90644070
90647537
90650318
90651440
90652293
90652331
90653005
90654238
90658185
90658187
90659034
90659110
90662721
90663530
90664324
90665795
90665849
90666465
90666630
90667180
90667566
90669013
90671717
90672143
90673948
90674317
90675418
90675494
90678532
90680458
90681152
90681919
90683403
90683532
90685083
90685188
90686197
90688336
90690259
90691570
90692354
90692922
90694897
90697094
90697263
90697687
90697751
90699114
90699168
90701132
90701591
90702811
90704365
90705170
90705967
90707109
90707323
90708772
90709111
90711276
90712471
90713544
90714209
90716176
90716290
90717434
90718571
90718694
90718918
90719697
90721435
90722550
90722856
90723969
90726425
90726442
90727417
90728271
90729706
90730608
90730885
90734087
90735823
90738915
90739186
90739411
90739570
90741178
90743794
90744217
90744621
90744657
90746579
90747175
90750121
90752392
90752569
90753468
90755908
90756125
90756606
90757654
90761044
90762599
90762665
90764190
90764383
90765111
90767292
90768733
90768927
90769514
90770854
90771146
90774445
90774510
90774633
90774698
90776733
90778023
90778607
90779795
90779894
90780325
90780477
90782778
90783161
90783462
90784440
90785429
90785518
90788307
90788545
90789194
90790002
90790244
90791212
90791757
90796653
90796808
90798776
90799358
90800034
90800071
90800798
90801738
90802658
90802935
90803860
90805361
90805489
90805566
90809573
90810622
90812100
90812683
90814700
90815221
90819462
90819572
90820223
90820326
90820354
90821559
90822876
90824971
90825067
90825868
90827456
90828599
90829880
90830077
90831364
90831507
90831598
90832356
90833050
90833911
90834066
90834115
90834936
90835090
90836122
90839537
90841570
90842663
90843120
90844070
90844746
90845334
90845610
90846063
90846436
90848096
90848272
90849343
90850827
90851242
90851584
90851587
90851591
90851811
90853123
90853721
90854257
90855719
90857150
90860460
90862207
90862950
90863175
90863194
90865509
90865586
90865742
90866020
90866325
90867455
90869260
90869839
90870094
90870095
90871668
90873909
90874591
90882479
90883800
90883815
90884038
90884102
90884426
90884888
90886152
90886737
90887979
90889309
90889346
90889510
90890014
90890722
90890970
90891001
90891729
90893025
90894011
90895399
90896225
90896689
90900532
90901264
90901601
90904196
90905466
90908075
90908280
90909228
90909574
90910352
90910471
90911044
90911440
90912013
90913847
90913941
90915486
90915707
90916826
90917375
90917774
90919066
90919936
90920265
90921322
90922724
90922848
90923130
90925699
90926119
90928738
90930827
90931056
90931429
90932899
90933885
90935921
90936660
90936755
90937192
90937667
90937954
90937988
90940082
90941162
90941409
90942763
90944077
90947393
90947981
90951067
90952532
90953261
90955166
90955806
90956451
90956557
90957958
90958716
90960702
90961791
90961977
90963979
90965314
90965521
90968005
90968871
90969628
90971329
90972887
90973381
90974184
90974370
90975506
90976097
90976473
90976662
90976767
90976803
90977170
90978487
90980254
90981614
90982210
90983330
90984654
90985593
90986021
90986267
90986606
90989259
90990079
90990146
90992091
90993841
90995529
90996101
90996763
90998159
90998934
91000059
91000529
91000738
91000904
91001742
91002205
91004008
91010064
91011547
91012249
91013807
91013926
91014040
91014835
91015800
91020608
91023903
91025865
91026144
91026640
91026955
91027570
91027609
91028506
91028508
91028864
91032345
91035572
91035959
91037105
91037667
91038453
91039151
91039199
91039935
91040800
91040997
91041269
91042274
91045023
91045507
91045749
91046708
91048843
91049842
91050534
91050720
91051155
91051227
91051280
91051289
91051671
91052385
91052419
91053016
91053827
91054255
91054393
91055609
91057191
91057294
91060023
91060493
91064883
91065556
91065843
91066765
91068796
91069173
91069519
91069746
91071046
91072074
91072995
91073867
91074223
91074695
91078868
91081259
91081300
91082885
91085999
91088647
91088810
91089265
91089824
91092875
91093347
91095264
91095582
91097154
91098344
91098420
91098848
91098903
91099530
91099896
91100299
91101031
91102949
91102955
91103866
91104130
91104707
91104900
91107198
91110041
91110370
91111126
91112720
91113573
91114105
91115431
91115449
91115488
91115812
91118442
91118780
91118978
91119420
91119891
91120084
91120109
91120366
91121970
91122390
91123130
91123530
91123561
91124647
91126371
91129115
91129320
91129456
91132930
91133038
91134042
91135885
91137510
91138785
91139192
91139200
91139236
91139765
91140063
91142166
91142316
91142744
91143239
91145567
91147285
91147964
91149597
91149687
91150258
91150910
91151434
91152134
91152804
91152880
91156603
91156700
91156780
91156976
91157701
91158023
91160343
91161075
91161266
91161505
91161893
91162580
91162931
91164179
91165952
91166397
91168307
91170735
91171216
91171536
91171779
91173311
91173736
91173929
91174010
91174393
91175398
91176318
91177092
91177580
91177610
91182652
91185022
91186040
91186281
91186334
91187174
91188555
91188948
91190207
91190387
91190673
91191698
91191995
91192435
91192701
91193599
91193986
91194067
91200795
91203377
91203884
91204039
91204464
91204832
91205624
91206312
91207281
91207622
91208125
91208393
91208855
91209446
91209462
91209530
91209645
91209724
91209972
91210001
91211086
91211260
91211707
91212468
91212693
91213440
91213510
91214524
91218063
91218158
91218831
91219218
91220771
91221559
91222024
91223719
91224475
91226486
91227099
91227644
91228598
91229241
91229396
91229449
91229892
91230940
91231430
91232797
91234712
91234857
91239501
91240694
91240838
91242842
91243480
91247325
91249889
91250447
91251068
91251103
91252403
91252747
91254776
91255108
91255179
91255856
91256314
91257237
91257903
91259250
91259619
91260457
91262230
91262622
91262863
91262887
91264090
91264143
91264853
91264933
91265494
91265736
91266972
91267759
91268434
91269032
91269317
91274263
91274681
91274892
91275458
91276809
91278298
91279125
91279242
91279748
91280988
91281526
91281888
91282082
91282273
91282683
91284262
91288391
91291338
91292327
91294557
91294907
91297100
91297325
91297746
91298487
91302096
91302872
91304927
91305140
91305247
91305882
91306082
91306093
91307141
91307681
91308352
91310270
91311679
91313376
91313946
91315061
91315548
91315797
91316153
91320971
91321167
91321326
91321403
91321559
91321636
91322964
91323621
91325334
91326150
91326309
91326699
91327005
91329378
91329561
91330081
91330708
91332032
91332642
91332683
91333208
91333492
91334162
91335193
91336982
91337146
91338059
91339121
91339398
91339578
91341329
91342333
91342458
91342476
91345145
91345830
91346543
91347029
91347150
91349116
91349351
91351193
91351221
91352634
91353188
91353875
91356906
91357929
91359370
91360484
91361501
91361707
91362107
91363103
91365617
91366081
91368088
91368166
91368645
91369490
91369888
91370488
91371120
91376081
91377155
91380097
91381027
91382823
91382961
91384912
91386254
91387504
91387588
91388214
91389602
91389765
91390664
91390719
91391947
91392561
91393236
91393593
91395017
91395732
91396256
91396877
91397004
91398598
91403694
91404317
91404320
91404455
91405459
91406256
91407026
91407360
91409104
91409518
91409746
91410743
91411177
91411196
91413119
91413880
91416448
91419723
91420175
91420187
91421177
91422220
91423818
91425675
91427060
91427404
91427745
91428040
91430926
91432360
91437003
91437358
91437362
91437604
91437700
91437718
91437981
91438222
91438363
91438691
91441265
91444194
91444370
91445148
91445282
91445454
91447764
91448426
91448652
91450135
91451515
91453565
91457248
91457463
91458426
91459139
91459710
91461639
91461662
91463440
91463977
91466546
91470502
91471634
91473641
91477801
91478772
91482088
91482481
91483012
91484133
91484833
91485809
91487294
91487549
91489452
91491431
91491479
91495171
91496434
91497616
91497920
91499539
91500355
91500482
91501121
91504679
91505759
91507373
91509696
91510166
91511185
91513487
91513967
91514443
91515709
91516476
91517392
91517699
91517968
91519176
91520169
91522054
91526561
91526831
91526995
91527556
91528600
91528809
91530121
91530554
91530757
91530933
91532272
91533425
91533582
91533672
91534497
91534940
91535200
91535792
91535811
91537431
91538787
91538873
91538986
91539559
91539657
91539690
91539726
91541684
91543032
91543649
91544753
91544882
91545441
91545496
91546872
91550045
91550888
91552286
91552315
91552407
91553696
91553715
91554196
91556726
91557030
91557102
91559437
91559588
91559924
91560076
91560908
91561158
91561608
91561943
91562384
91562800
91563151
91563298
91563454
91564587
91565341
91565982
91567254
91568737
91569907
91572196
91572668
91573599
91581953
91582094
91583889
91583991
91584970
91586565
91586685
91587976
91588287
91589263
91590630
91591306
91592652
91595751
91595943
91596169
91596636
91599500
91600327
91600389
91602107
91604848
91605844
91610492
91610568
91610963
91611060
91614263
91615333
91615401
91616254
91616850
91617213
91618679
91619347
91621115
91621883
91622215
91622267
91624920
91627362
91627453
91630212
91630643
91631796
91634516
91634837
91634900
91635603
91636610
91637046
91639308
91640076
91640524
91642938
91643057
91643633
91643839
91643914
91644247
91647719
91650210
91650427
91650572
91652668
91652747
91653453
91653726
91654106
91654759
91655342
91656218
91656789
91657546
91657832
91658181
91658818
91662930
91663033
91664034
91664048
91664253
91665024
91665542
91666436
91668489
91668912
91670803
91671692
91672220
91672278
91673410
91675010
91675011
91675155
91675805
91676307
91682530
91682649
91682869
91684044
91685110
91686352
91687281
91687548
91687822
91688771
91691459
91693584
91693714
91695012
91695323
91695385
91696564
91697819
91699285
91700797
91702533
91703065
91703109
91703141
91703345
91705109
91706650
91707175
91707384
91708080
91710081
91710270
91713649
91713816
91714787
91716516
91717148
91717922
91719808
91721266
91721548
91723097
91723159
91723392
91723900
91724451
91724950
91726009
91732164
91733552
91733761
91734880
91735912
91736548
91738834
91739153
91739250
91739851
91739965
91740761
91741192
91741251
91741981
91742957
91743095
91744214
91746825
91750576
91750728
91750876
91752057
91759872
91760780
91760827
91761198
91761228
91761700
91761770
91761851
91764479
91764661
91768979
91770419
91770589
91771606
91772462
91773072
91775409
91775864
91775997
91776337
91776392
91777295
91780200
91781144
91781274
91784024
91785654
91786029
91787272
91787393
91788084
91792070
91792832
91794273
91795955
91796219
91796700
91797050
91798053
91798637
91798933
91798946
91802140
91803722
91805453
91805514
91806360
91806853
91810512
91811453
91811572
91811958
91812652
91813408
91813991
91814075
91814082
91814860
91815390
91815408
91815568
91816150
91816788
91817497
91817721
91819533
91820322
91821975
91822561
91823424
91823493
91825525
91826623
91827084
91827121
91828658
91831475
91833399
91834991
91839275
91839420
91839693
91840242
91840773
91841069
91841327
91841928
91843025
91843532
91843875
91844430
91844778
91846715
91847061
91847420
91847834
91850848
91851386
91852535
91852617
91853655
91853761
91854295
91855552
91856441
91857524
91858555
91859869
91860027
91860073
91860376
91860958
91862470
91862804
91863434
91863668
91863852
91863933
91864167
91865103
91865148
91865561
91866885
91867220
91867908
91869078
91871055
91871637
91872110
91876039
91877448
91878252
91880684
91881580
91885124
91885774
91887369
91889201
91889378
91889822
91890864
91892343
91892377
91894205
91895020
91896538
91897040
91897104
91897849
91898110
91898431
91899355
91900401
91900522
91900700
91902106
91902228
91903481
91903974
91904246
91904426
91905095
91906162
91907311
91907468
91908910
91911145
91914288
91914483
91916124
91917122
91917133
91917441
91917616
91918218
91918556
91918765
91919283
91919351
91919651
91919772
91919990
91920059
91923267
91923581
91926808
91926890
91927976
91930794
91932173
91934035
91934734
91935665
91936486
91937600
91937914
91938048
91938818
91942348
91944925
91945841
91946056
91946659
91946920
91949474
91950283
91950423
91950866
91951650
91952459
91954093
91954320
91954847
91955499
91958111
91958422
91959110
91959941
91960043
91960233
91961058
91963149
91963363
91963937
91964210
91964248
91964580
91964920
91965586
91966404
91969009
91969737
91969793
91970192
91971126
91971170
91971859
91972408
91972475
91972817
91972857
91972869
91976448
91976878
91979334
91979483
91980299
91980528
91980630
91981555
91983177
91986530
91987358
91987448
91988480
91989363
91992349
91993526
91994089
91994768
91995436
91995768
91995913
91997398
91997523
91998698
91998883
92003076
92004374
92005005
92005353
92006192
92007340
92007417
92007726
92009836
92011383
92011608
92012628
92012765
92014181
92014457
92015796
92015875
92016146
92017517
92017726
92018145
92018464
92018488
92018499
92019073
92019808
92021014
92021340
92021378
92022126
92022653
92023041
92023555
92023868
92024729
92025708
92026538
92026642
92026718
92027739
92027955
92028330
92029212
92029463
92029872
92030285
92030447
92030907
92032580
92034362
92036221
92037563
92038468
92040097
92040260
92041461
92041525
92041566
92041682
92042419
92042559
92043061
92044391
92044717
92044869
92046449
92046696
92048517
92049626
92049981
92050376
92050709
92051139
92051321
92051701
92051775
92052784
92055521
92057075
92059502
92060425
92061662
92063059
92063580
92065931
92069659
92070631
92071430
92072748
92073583
92074046
92074773
92074960
92075313
92075335
92076223
92076674
92077287
92078522
92078694
92079023
92079185
92079205
92079850
92079989
92080722
92081183
92082168
92083242
92083771
92084393
92086447
92087181
92089193
92089529
92090064
92090234
92091848
92098177
92099808
92102256
92103557
92103964
92104181
92105108
92105628
92107948
92107985
92107995
92108048
92108201
92109063
92109317
92109421
92110061
92111257
92111648
92112095
92112323
92112469
92112677
92113139
92113210
92113445
92113462
92116057
92116207
92117973
92118813
92121846
92124570
92125086
92125389
92125856
92125994
92126190
92126438
92126838
92128614
92129579
92129825
92130699
92132078
92132298
92132524
92133896
92135027
92136750
92138601
92139419
92141462
92142942
92143300
92143599
92146428
92148422
92149351
92149726
92150612
92151281
92151796
92153061
92153685
92154973
92155408
92156393
92158957
92160419
92161723
92162257
92162557
92162586
92162904
92164370
92166140
92167064
92167116
92168427
92170571
92170942
92171177
92171652
92172123
92172362
92172454
92173340
92173688
92175332
92175661
92175841
92176210
92177182
92177948
92178071
92178458
92178849
92178915
92181723
92181764
92183558
92184420
92185548
92186624
92187241
92187655
92187667
92187775
92188104
92188405
92188669
92189551
92190828
92193374
92197714
92199397
92199525
92200450
92202066
92202645
92204095
92205795
92206105
92207405
92209469
92209836
92209915
92212687
92212909
92212930
92213827
92214602
92215290
92216452
92216696
92217914
92218732
92218755
92219373
92220731
92221454
92221481
92221876
92223165
92227236
92227637
92228771
92229108
92229150
92230053
92230320
92230877
92232777
92236872
92237327
92237366
92240240
92240593
92241101
92241506
92243268
92243717
92247373
92248403
92251006
92251587
92252084
92252132
92252282
92252731
92254533
92256452
92256813
92257266
92258298
92259087
92259242
92260001
92260685
92261256
92264249
92264588
92264973
92265812
92266516
92266656
92267108
92267905
92268329
92270241
92270431
92270558
92272290
92272385
92273809
92274302
92274846
92276409
92277906
92279057
92279904
92280361
92281954
92284234
92286286
92286815
92287257
92287776
92287963
92288309
92291118
92291478
92291898
92294996
92296475
92296754
92298046
92299011
92302597
92303222
92303349
92303840
92303914
92304995
92305607
92307296
92308198
92308210
92310488
92310921
92311557
92311682
92311913
92311980
92313151
92314442
92314468
92315079
92315082
92315740
92316389
92316536
92318515
92318884
92319382
92320749
92321168
92321372
92322033
92322998
92323369
92323849
92326071
92326247
92326311
92330674
92331273
92331403
92332064
92332443
92332516
92332689
92332772
92333196
92333418
92335809
92335945
92339335
92339663
92340315
92340624
92340767
92340775
92340971
92341687
92344485
92347120
92347473
92347655
92348126
92348336
92349696
92350005
92350010
92350087
92351196
92351698
92352887
92354224
92354606
92355028
92357284
92357417
92358103
92358199
92358257
92359203
92360759
92361313
92361822
92361856
92362011
92362741
92363534
92363953
92365766
92367149
92369133
92369165
92369236
92370303
92370574
92374176
92374229
92376141
92376331
92376440
92378941
92379300
92379482
92379616
92379867
92380035
92380541
92381044
92385945
92386381
92387348
92387684
92388160
92388322
92389828
92390118
92392136
92392650
92392912
92395040
92395741
92396361
92399034
92399064
92399631
92400051
92400201
92401625
92401994
92402421
92404184
92405733
92406176
92407482
92407545
92408254
92408696
92408771
92408895
92410428
92410851
92410863
92413143
92413212
92415704
92416900
92418690
92420111
92421138
92421237
92421402
92422327
92422695
92424149
92426080
92426434
92427104
92427396
92427928
92429256
92429612
92429830
92430057
92430757
92431206
92431235
92432795
92434291
92434363
92435704
92437991
92438209
92438372
92441096
92442294
92444408
92444449
92444682
92445789
92448430
92452513
92452630
92452818
92453263
92453669
92454886
92455520
92455954
92457664
92459302
92460024
92460469
92461201
92462856
92464154
92466723
92466837
92467511
92474935
92475571
92475692
92475898
92478411
92479309
92479991
92480257
92480313
92480740
92480929
92481372
92481769
92482638
92483862
92484243
92484979
92485684
92487715
92488777
92488894
92489710
92491109
92493148
92493276
92493944
92494454
92495742
92496571
92498496
92499462
92501476
92502068
92503676
92504274
92506352
92507871
92508288
92509181
92509399
92509566
92510643
92511086
92512760
92514013
92515934
92517333
92517694
92518500
92519157
92520022
92521344
92521615
92522624
92522652
92522658
92525576
92525827
92528295
92529670
92532186
92532680
92534258
92534382
92535690
92537708
92538110
92538700
92539157
92539336
92542282
92543039
92543777
92544601
92545562
92545841
92546389
92547123
92549289
92549489
92549695
92550092
92550187
92552536
92552967
92553815
92555078
92555887
92556161
92556639
92557186
92557892
92558154
92559454
92559718
92560097
92561571
92561615
92561737
92563635
92563718
92564244
92564720
92565230
92566426
92566638
92567122
92568387
92569282
92569837
92570744
92571770
92572495
92572541
92572715
92573092
92573481
92573899
92574412
92574807
92575534
92576644
92576653
92577930
92578665
92579858
92580593
92581088
92581089
92581193
92581639
92583213
92583990
92585785
92586004
92586984
92587275
92589858
92589989
92591287
92592466
92594768
92596016
92597136
92597864
92601269
92601393
92602298
92602789
92603567
92603755
92603900
92603918
92605361
92605498
92606464
92606702
92609945
92611681
92612477
92612522
92612666
92613147
92613156
92613797
92614174
92616078
92616482
92618097
92620850
92621198
92621566
92621819
92622185
92622787
92623016
92623643
92623841
92626181
92626466
92626995
92627843
92628429
92628674
92629194
92631359
92631513
92631723
92632184
92633990
92637145
92637509
92637511
92637788
92638031
92642432
92642756
92643653
92644294
92644368
92645050
92645326
92645929
92646119
92646159
92646651
92646810
92647532
92647588
92647902
92647982
92649206
92649605
92649787
92649807
92651365
92652311
92652495
92654373
92654894
92656767
92656784
92657276
92658638
92659013
92659161
92660633
92661175
92663562
92665535
92667394
92668926
92668949
92672716
92673794
92674130
92674954
92675555
92676974
92677376
92677593
92678116
92678139
92678382
92678525
92678565
92679187
92679623
92679838
92680917
92680955
92683136
92685695
92686629
92687088
92687734
92687856
92688213
92689810
92690071
92690751
92692016
92692697
92692722
92694280
92695514
92697797
92698103
92698771
92699123
92699791
92701829
92701847
92703855
92707560
92707952
92708467
92710981
92711085
92712058
92713402
92714214
92715087
92715148
92715429
92716686
92718056
92718077
92718346
92720040
92722841
92724383
92724541
92725685
92726191
92726279
92727333
92727531
92728465
92728819
92733117
92733566
92733627
92734011
92734130
92734140
92735114
92735218
92736391
92738153
92738291
92738595
92740419
92740926
92742278
92742860
92743668
92746821
92746898
92747083
92748121
92748518
92748705
92749428
92749840
92750981
92751255
92751579
92753674
92755622
92757376
92757416
92757573
92758915
92759180
92760582
92761879
92762346
92762357
92762786
92764245
92765456
92766036
92766703
92768934
92769936
92770259
92771066
92772529
92772903
92775837
92778785
92780950
92781074
92782333
92783335
92784173
92784710
92784886
92784930
92786345
92789793
92790968
92792142
92792959
92793100
92794735
92795783
92797882
92799000
92800897
92801368
92803092
92803857
92808128
92811690
92811808
92812834
92813386
92817407
92818538
92819275
92820220
92820599
92822998
92825211
92825797
92826630
92826739
92828654
92828813
92830607
92832042
92832420
92832622
92833682
92833700
92834855
92836226
92839592
92840741
92843711
92845516
92846066
92848407
92848709
92849750
92850100
92850740
92850920
92851132
92852028
92852227
92852660
92853082
92853839
92854201
92855014
92855332
92855536
92855611
92856763
92857083
92857296
92857327
92857346
92857872
92859343
92860672
92862525
92864990
92865342
92865855
92865912
92868025
92868410
92869864
92871209
92873067
92873815
92874847
92879373
92879543
92879829
92884197
92884277
92885269
92885496
92886104
92886307
92887860
92888363
92888806
92889947
92890698
92896983
92897348
92897677
92898886
92899557
92903881
92906924
92907440
92908395
92909488
92912040
92912647
92913297
92914153
92914419
92917283
92917505
92917524
92918894
92920385
92920951
92922822
92923207
92924523
92926128
92926459
92926762
92927493
92929883
92929887
92930090
92930151
92931628
92931853
92932581
92933775
92934212
92934465
92935594
92935924
92937705
92938688
92938763
92938914
92939377
92939496
92940597
92943301
92943581
92943734
92944259
92945857
92946365
92947861
92948882
92951345
92951702
92952020
92954992
92957341
92957469
92957862
92958618
92960593
92961540
92961767
92962234
92969033
92969808
92972820
92972966
92973237
92973895
92974068
92974292
92975392
92975735
92976698
92978270
92980089
92981826
92982368
92983237
92983655
92987244
92988560
92990777
92992167
92992572
92992826
92993673
92993996
92995147
92995694
92997337
92997766
92999656
93001248
93002424
93003000
93003017
93004305
93004583
93006388
93007565
93008704
93008797
93010404
93010697
93010981
93012897
93013378
93016047
93016184
93017776
93020217
93020476
93022701
93026309
93026391
93028757
93028786
93029431
93029523
93029965
93030849
93032539
93034338
93035112
93035451
93036158
93036312
93036518
93037040
93037076
93037989
93038198
93038232
93038427
93038826
93039603
93039746
93039989
93041535
93041716
93042488
93042827
93043084
93043091
93043537
93043659
93044232
93046420
93050392
93050875
93052352
93052851
93054414
93054937
93055284
93055782
93058760
93061696
93061927
93062198
93062970
93064660
93065440
93065911
93068655
93069368
93069737
93069748
93069894
93070702
93070991
93071129
93071477
93074374
93074733
93075502
93075737
93076127
93077489
93078087
93078589
93079019
93079853
93080467
93082998
93083315
93084609
93084955
93085304
93085852
93086542
93088100
93088555
93089447
93089889
93090123
93091151
93091531
93093350
93094074
93095032
93095669
93095987
93096645
93096967
93099327
93099659
93100322
93101637
93102065
93103304
93104299
93105003
93105027
93106132
93107054
93107468
93108521
93108993
93109622
93110307
93111346
93111639
93111915
93114557
93115621
93115758
93117389
93117777
93118919
93119065
93119403
93119618
93120707
93121479
93121882
93122824
93124704
93125196
93126795
93129563
93129870
93133307
93134499
93135455
93135674
93136582
93136595
93136977
93138190
93139430
93140342
93140367
93140744
93141956
93142096
93142322
93142697
93143024
93144233
93144504
93146411
93147259
93148019
93148415
93149324
93151264
93153166
93153508
93154122
93154652
93154742
93155137
93155823
93156491
93156959
93157116
93157801
93158192
93158521
93160283
93161810
93162009
93163848
93164251
93164975
93165006
93165598
93166196
93166977
93168288
93169689
93171124
93172854
93173943
93174162
93175210
93175939
93177275
93178045
93178562
93179176
93179884
93179999
93180780
93180915
93181615
93182712
93184807
93186596
93187755
93188975
93190871
93191942
93193964
93194413
93194602
93194685
93194851
93196110
93197388
93197972
93198646
93198854
93199205
93200119
93200334
93201220
93201566
93202298
93202764
93202886
93206820
93207054
93208651
93210093
93210120
93210265
93210280
93211603
93211887
93212294
93214002
93214760
93214798
93215510
93216275
93216577
93217156
93217275
93217461
93218571
93218915
93218933
93219662
93220336
93221937
93222273
93222343
93222501
93225836
93227322
93228182
93229701
93230242
93230608
93231210
93232141
93232761
93233000
93233414
93236597
93239797
93241540
93242705
93242875
93243219
93243940
93244316
93244579
93244735
93244958
93245173
93245321
93245942
93248288
93249213
93249663
93250004
93251053
93251071
93252004
93252128
93252758
93253477
93253613
93257543
93258213
93258870
93259096
93259597
93260462
93261655
93262123
93262624
93264793
93264967
93268060
93268308
93269076
93270392
93271087
93271579
93272917
93274407
93275652
93276632
93276684
93277922
93278082
93278117
93280009
93280844
93281361
93282635
93282668
93283902
93283985
93286047
93286302
93286636
93288187
93288643
93288692
93289408
93289937
93290744
93290869
93291132
93291591
93291937
93292396
93292411
93294709
93294943
93298710
93300460
93300520
93304104
93304476
93305386
93306423
93306938
93307094
93308514
93309343
93309520
93310297
93311276
93314121
93314476
93314816
93315140
93316410
93318950
93320013
93320552
93323303
93323316
93323745
93324725
93329497
93330181
93331598
93332254
93332767
93333277
93333565
93333735
93334597
93335443
93335677
93336917
93337028
93337300
93338543
93338650
93340448
93341735
93341966
93342067
93342104
93342529
93345480
93346897
93347147
93348305
93348373
93348391
93348648
93351266
93351515
93352592
93353438
93355205
93360195
93360537
93360595
93361463
93362177
93362837
93363221
93365379
93366287
93366695
93369050
93370422
93370904
93373725
93375827
93377638
93379300
93379785
93382857
93383367
93383723
93383798
93384206
93385016
93385736
93386109
93386880
93389433
93389511
93390005
93392295
93392654
93392897
93393933
93394698
93396473
93397135
93397937
93399238
93399738
93403026
93403697
93406299
93406369
93406714
93406742
93407352
93408215
93409569
93409965
93412977
93414351
93414496
93414968
93415775
93417130
93418565
93418653
93418861
93419077
93419153
93419232
93419669
93419892
93420921
93422080
93422614
93422913
93423420
93425200
93425470
93425693
93426124
93426717
93427087
93430053
93430756
93430813
93430858
93431984
93432785
93437191
93438338
93438530
93439170
93440079
93441084
93441964
93444194
93444762
93445620
93446354
93446862
93449249
93450398
93450667
93452857
93453523
93454755
93455238
93455362
93455411
93455492
93455892
93456178
93456932
93457239
93457389
93457399
93457444
93457519
93457701
93457866
93458046
93458510
93460014
93460231
93463085
93463318
93465948
93466046
93466418
93467681
93471246
93471782
93471995
93473828
93474334
93475411
93476106
93476663
93476867
93478417
93478748
93479067
93479868
93480498
93481297
93484641
93484970
93485258
93485775
93486216
93486229
93486614
93486848
93487069
93487751
93488925
93489385
93491755
93494533
93494928
93495323
93495396
93496270
93498808
93499751
93500969
93501761
93502047
93503250
93506349
93506856
93507113
93507857
93508160
93509391
93510021
93510326
93510511
93510867
93511707
93512291
93512410
93512424
93513286
93514997
93515177
93516942
93517982
93518072
93519304
93523306
93524913
93525265
93525630
93527279
93527957
93530369
93530441
93531084
93531111
93531446
93533088
93533375
93533379
93534868
93535058
93535406
93537432
93538044
93539776
93540186
93541005
93542103
93543645
93543669
93544634
93545189
93545374
93545539
93546140
93547267
93547602
93548533
93549388
93551709
93552777
93553552
93553800
93554826
93557461
93559419
93560777
93564900
93565549
93566368
93566499
93566656
93567345
93568040
93568366
93569256
93569711
93570163
93571230
93574399
93575335
93575660
93576157
93576651
93576858
93577401
93577484
93577729
93578224
93581474
93582258
93582300
93582687
93584244
93585090
93586302
93588160
93588167
93588380
93588542
93588870
93589319
93591037
93591614
93593458
93594480
93595279
93595901
93595987
93597156
93597362
93597857
93598952
93600052
93600990
93601229
93604271
93604459
93604460
93605777
93608753
93610030
93612968
93613029
93614981
93615239
93616654
93616803
93617443
93617734
93618475
93618803
93619268
93620685
93620777
93624334
93624671
93627725
93628557
93630237
93633357
93633852
93634515
93634835
93636032
93636432
93637360
93638427
93639583
93639803
93640862
93641254
93641873
93643627
93644204
93644602
93647113
93649259
93649574
93651390
93651570
93652923
93652930
93652984
93653330
93654912
93655967
93659079
93659615
93660389
93662786
93663454
93664645
93664766
93665059
93665070
93666595
93666893
93668130
93669059
93669747
93671608
93676091
93678377
93679045
93679613
93679777
93679839
93680110
93680730
93682914
93684454
93685789
93685980
93687770
93688770
93688944
93689075
93689878
93691353
93691536
93691767
93692894
93694171
93694424
93695556
93698031
93698443
93699340
93700894
93701363
93701542
93701812
93702184
93702386
93702683
93703131
93704058
93705956
93709051
93709082
93709579
93710882
93712780
93713040
93714027
93716799
93717532
93719464
93719959
93721680
93722036
93722345
93722560
93723456
93724440
93725189
93725349
93725414
93725443
93726076
93727964
93728205
93729868
93730646
93730852
93731533
93732972
93737010
93737822
93737845
93741487
93741595
93744336
93745693
93748393
93748692
93748893
93753555
93754040
93754909
93756133
93756938
93757073
93759662
93764425
93764498
93764562
93764901
93767320
93768277
93768799
93768879
93770511
93770819
93771084
93771118
93771543
93772375
93773206
93773782
93774689
93774783
93775844
93777705
93778061
93780178
93780822
93781370
93781379
93781911
93783287
93783578
93784553
93784976
93785339
93785391
93785989
93786716
93787246
93788062
93788282
93788531
93788630
93790002
93791715
93796566
93798176
93798417
93800389
93802042
93802185
93802195
93803330
93803540
93804992
93807098
93807615
93808641
93809323
93811262
93812553
93812955
93815885
93818422
93818679
93819185
93819399
93819774
93820917
93822380
93822432
93824966
93827588
93828224
93831032
93832207
93834822
93835216
93838288
93839163
93840505
93842769
93844025
93845569
93846632
93847411
93849700
93849999
93851922
93852493
93852936
93853708
93855129
93855649
93855780
93855815
93856416
93857318
93857727
93858404
93858985
93859868
93859992
93860319
93860610
93860758
93860777
93865902
93866442
93866483
93866672
93867075
93867248
93867989
93870258
93871225
93873402
93875280
93876801
93877431
93878837
93878927
93879537
93880599
93881373
93881598
93882149
93882247
93885264
93886948
93887329
93889742
93889906
93890151
93890357
93891362
93891458
93892234
93892241
93893578
93898495
93899822
93900684
93901101
93902569
93902682
93903559
93903799
93903968
93905135
93905946
93907825
93908962
93909136
93909639
93910471
93910986
93911053
93912922
93913448
93914598
93914675
93914808
93915025
93916665
93918223
93918676
93923326
93924741
93926002
93929406
93929804
93930555
93930909
93931394
93931827
93931849
93932981
93933969
93934502
93934763
93936667
93936958
93939309
93939344
93940196
93940641
93940676
93943535
93944293
93944722
93945010
93947983
93949418
93949995
93950313
93951584
93953035
93953283
93954271
93954326
93954802
93955123
93956132
93956972
93959594
93959818
93960129
93961331
93961943
93964302
93966818
93967069
93967381
93967669
93969087
93970614
93971082
93971925
93972430
93973343
93973534
93973722
93973731
93974848
93976128
93978529
93979010
93980442
93981837
93982156
93983051
93986671
93987472
93988106
93988495
93988591
93989581
93990000
93991004
93991762
93992012
93994894
93994987
93996613
93996935
94000445
94001912
94004041
94004067
94004880
94005285
94005973
94006364
94007091
94007274
94007703
94007723
94008723
94009322
94009614
94010618
94011303
94013426
94013550
94015535
94015656
94015840
94015867
94016610
94021516
94021551
94022325
94023344
94024335
94025791
94026699
94027199
94027679
94028092
94028981
94030280
94030310
94030438
94031239
94031407
94032728
94034420
94035195
94036388
94037099
94037168
94038312
94038668
94039126
94040585
94040985
94041135
94042049
94045949
94046021
94048056
94048286
94049798
94049898
94050268
94051426
94051927
94051987
94052836
94053137
94053903
94056226
94056411
94057102
94057495
94058483
94058494
94059124
94059276
94059785
94060515
94060881
94062273
94063973
94064355
94065560
94066079
94066706
94068225
94070793
94074482
94076835
94077044
94080690
94081360
94082916
94084691
94084892
94085583
94086456
94087470
94087813
94088765
94088836
94093335
94093803
94095049
94096984
94097451
94099864
94100154
94101212
94101910
94102621
94104266
94104685
94105425
94105435
94106082
94110263
94111289
94112259
94113605
94113950
94115341
94116088
94116091
94117072
94117573
94117751
94118886
94120994
94121678
94121897
94122171
94123568
94123965
94124473
94125320
94126272
94126464
94127868
94128774
94130244
94130669
94130876
94131964
94138118
94140551
94140603
94141295
94142160
94143874
94145491
94146341
94147551
94148989
94149608
94150233
94150487
94151619
94152972
94153092
94153684
94155988
94156338
94159399
94160679
94161773
94161883
94162134
94162169
94163119
94163349
94163489
94163621
94164986
94167029
94167365
94168969
94171759
94173802
94174585
94175104
94175676
94175861
94177120
94178752
94179677
94179794
94180283
94182899
94183103
94184168
94185677
94186084
94186164
94187158
94188506
94189774
94189868
94190847
94191239
94191272
94193402
94194136
94194875
94195429
94196282
94196727
94197251
94197958
94198784
94198848
94199164
94199489
94203157
94206093
94207757
94208693
94209719
94210988
94212889
94213436
94213518
94213736
94215368
94216913
94219610
94220134
94221978
94222325
94223022
94223295
94225773
94227255
94229231
94232611
94233276
94233737
94234134
94238882
94240237
94240872
94241429
94243078
94244683
94246006
94247722
94248032
94248481
94248927
94250625
94250838
94251805
94251807
94251846
94252436
94253917
94253998
94256397
94257280
94259649
94259880
94260072
94260151
94262555
94263802
94264305
94264471
94264819
94264846
94267571
94270221
94271896
94272817
94273203
94275736
94277677
94278280
94279205
94280220
94280737
94281415
94281961
94282108
94282432
94283960
94285338
94286085
94287690
94287928
94290084
94290394
94292151
94292549
94294367
94294720
94297458
94298577
94300263
94301121
94301616
94301949
94302370
94303819
94303912
94306151
94308787
94309000
94314072
94314420
94314632
94314890
94315899
94319761
94320075
94320550
94321550
94323765
94325918
94330403
94330812
94331316
94332362
94333400
94333762
94333797
94334073
94334279
94334413
94334647
94335593
94337358
94338517
94338608
94338884
94339211
94340452
94342261
94342311
94342382
94343099
94346562
94347940
94348785
94349099
94350608
94351535
94352103
94353276
94353392
94353805
94354886
94356124
94356630
94358535
94359152
94360298
94361444
94365474
94367253
94367587
94370993
94371572
94372848
94373167
94373607
94373624
94373943
94375850
94376372
94376564
94378014
94380138
94381773
94382414
94383922
94386062
94386303
94386552
94387308
94388705
94390115
94390800
94390891
94391618
94391746
94391859
94392573
94393210
94393484
94394051
94394129
94395284
94395436
94395704
94395930
94396442
94396872
94398414
94398499
94399286
94399575
94402592
94402808
94406544
94407954
94408893
94409791
94410145
94411491
94412811
94413682
94415847
94416053
94416318
94416694
94417222
94417333
94417672
94418773
94420062
94420652
94420727
94421807
94422957
94427530
94427835
94429826
94431382
94432563
94433238
94434183
94434569
94434744
94436025
94436827
94437352
94438536
94438561
94440374
94440377
94443117
94444718
94445158
94445328
94446493
94446909
94447463
94448275
94448319
94448752
94451377
94451528
94452843
94453880
94454046
94454944
94455416
94456276
94457033
94457561
94457890
94458220
94458468
94462857
94466731
94467128
94469415
94469882
94471143
94471389
94472017
94472105
94472565
94472895
94474349
94474497
94474627
94474881
94475699
94475959
94476135
94479342
94482147
94482682
94484295
94485064
94486288
94487996
94488349
94489191
94489289
94490086
94493344
94494022
94494076
94494355
94494660
94495020
94495169
94495615
94495682
94496479
94496496
94496687
94497375
94497425
94497970
94499642
94499971
94501433
94502129
94502291
94504386
94505616
94505727
94505968
94506292
94508134
94509095
94510016
94510582
94510701
94514040
94514629
94516692
94517111
94517609
94518266
94518515
94520537
94521238
94523697
94524513
94524596
94524779
94525753
94528358
94528737
94530052
94530153
94531493
94531905
94534768
94535640
94536173
94536752
94538025
94538305
94539167
94539273
94540089
94546962
94548378
94550305
94551517
94552949
94553285
94557013
94558667
94559702
94559757
94559955
94560557
94561490
94561770
94562074
94564061
94565539
94566031
94566697
94567069
94571711
94572700
94573011
94573576
94573712
94573720
94573896
94573931
94574367
94577871
94580225
94581369
94581612
94582741
94583877
94587329
94587382
94587797
94588013
94591804
94593110
94594863
94595122
94596034
94598490
94598565
94598808
94599178
94603353
94603749
94603814
94604153
94605124
94606541
94607733
94609125
94610202
94611088
94614414
94615672
94617175
94617202
94617919
94618096
94621380
94621922
94623817
94627789
94628005
94628858
94629702
94630039
94633746
94634123
94637414
94637835
94638844
94641803
94643216
94643703
94645728
94645986
94646782
94647667
94649986
94653129
94653278
94654083
94654824
94656522
94657186
94657748
94659224
94661242
94661344
94667717
94669012
94671922
94674750
94675764
94678746
94680583
94681595
94683843
94684078
94684683
94685468
94685893
94687015
94687178
94689883
94690831
94691878
94692145
94694589
94695119
94695462
94695537
94698200
94698337
94702587
94705076
94705899
94706404
94709307
94709340
94709751
94709833
94709930
94711104
94711736
94712739
94713081
94714474
94714881
94715732
94716483
94717353
94718652
94719984
94720854
94724710
94725728
94727548
94729590
94732819
94733056
94733564
94734994
94737056
94738032
94741853
94742669
94743995
94744620
94744847
94746168
94746636
94748791
94749393
94752731
94756153
94758019
94760190
94760470
94760589
94760951
94761335
94761894
94762192
94762715
94762912
94764730
94765662
94765932
94766534
94766620
94767080
94768346
94769390
94770042
94770057
94770844
94771359
94772384
94773662
94774963
94775609
94776995
94778823
94779219
94779410
94780071
94780089
94780372
94781880
94782476
94784312
94786403
94787794
94787863
94788144
94788362
94788636
94788881
94790544
94793070
94793112
94794489
94794562
94794910
94796942
94797542
94797914
94798133
94799191
94800960
94803345
94804316
94806459
94807049
94809062
94810250
94811505
94812063
94812185
94812319
94813882
94813972
94814345
94815542
94816785
94817105
94817549
94818141
94819576
94820555
94821784
94822231
94823302
94824427
94824800
94825112
94827813
94828028
94829348
94831110
94831940
94832737
94833665
94836698
94836702
94838932
94839914
94840037
94841547
94841733
94846509
94846910
94847429
94849155
94849802
94851488
94855527
94856089
94856180
94856273
94857006
94857204
94857832
94860962
94861718
94863313
94863739
94863798
94865508
94865847
94866405
94868411
94870417
94871008
94871690
94872872
94873081
94873962
94874373
94877333
94878864
94879097
94880104
94880241
94884208
94884802
94886005
94887639
94889086
94891546
94892277
94896478
94901445
94901877
94902694
94905965
94906549
94908786
94909777
94909970
94910096
94911010
94914131
94914201
94914692
94916484
94918261
94918929
94919935
94920051
94920285
94921166
94925214
94925309
94926546
94927226
94928990
94929028
94929396
94929437
94929584
94930941
94931175
94933359
94934334
94938841
94939428
94940778
94940844
94941313
94943545
94945095
94945466
94945676
94945896
94946895
94948304
94951494
94952528
94953104
94957194
94957688
94959366
94960037
94960563
94960654
94960696
94961552
94961812
94963395
94964678
94964891
94965380
94967728
94967873
94968821
94969231
94969350
94970680
94971813
94973009
94973222
94973620
94974458
94974542
94975377
94977488
94977630
94983411
94983593
94984962
94985012
94985660
94986778
94986841
94988295
94988445
94988777
94989766
94990132
94992521
94993136
94993146
94993414
94996700
94999678
95000757
95002971
95003681
95004061
95004179
95004295
95004542
95004803
95005535
95009090
95012576
95012811
95015232
95015326
95015470
95015721
95018937
95021768
95023740
95023743
95023932
95024515
95026158
95028632
95028693
95030897
95031437
95034129
95034377
95035206
95035406
95036231
95037368
95038258
95040189
95040228
95041070
95041323
95047330
95047827
95047958
95048077
95048362
95048940
95052455
95053313
95053854
95057433
95058044
95059312
95060337
95063710
95063739
95064427
95065558
95066012
95067094
95068418
95069082
95070213
95071927
95072897
95073433
95073653
95074209
95074896
95075138
95075416
95075692
95077016
95078792
95079907
95081020
95081847
95082042
95082956
95083788
95084370
95084373
95084478
95085719
95086974
95089291
95089709
95089774
95090802
95090835
95093284
95094533
95094919
95095067
95097164
95098185
95098297
95100185
95104309
95104931
95104946
95105360
95105515
95107674
95109556
95112211
95113509
95115479
95115846
95116496
95117102
95118451
95119096
95120342
95120626
95121652
95121745
95124556
95125446
95126075
95126138
95126221
95127293
95131241
95131550
95132757
95133799
95135748
95137515
95138090
95138784
95140237
95141494
95141608
95141964
95142675
95142953
95144002
95144980
95145220
95147234
95148171
95149292
95149671
95154835
95155780
95155881
95159992
95160369
95161511
95161525
95162917
95163418
95164280
95165292
95166916
95168240
95170926
95171493
95172978
95173360
95173737
95173790
95174549
95174947
95175128
95175236
95176377
95176698
95177611
95178510
95178960
95179289
95179391
95180345
95181847
95182213
95185272
95185305
95185508
95186567
95186914
95189821
95190707
95191402
95192695
95194730
95195091
95197582
95199826
95201344
95201836
95202885
95203306
95204947
95205618
95206126
95206217
95207066
95207723
95207726
95208234
95209734
95209787
95210039
95210119
95210640
95211674
95214096
95214893
95216803
95216868
95218012
95219162
95220542
95221788
95222263
95222675
95223503
95223553
95225437
95225854
95227338
95229992
95232176
95232912
95233578
95234184
95235126
95236039
95236331
95236509
95236792
95237201
95237875
95239226
95241923
95241948
95243635
95245000
95245984
95248299
95248307
95250140
95250511
95250958
95252818
95252884
95254003
95254362
95254491
95255737
95257915
95259770
95261050
95261219
95261430
95261753
95261857
95262464
95263142
95264613
95265438
95265646
95267733
95269426
95270761
95270980
95271137
95272056
95273114
95275363
95280478
95281230
95281399
95285901
95287234
95289890
95290594
95290933
95291666
95291735
95292326
95292757
95292774
95293313
95294508
95295297
95297923
95297973
95298504
95298741
95300493
95301612
95301982
95303495
95304464
95305954
95307319
95308136
95309715
95310097
95310176
95310744
95311180
95313695
95315679
95316105
95316148
95317535
95317729
95319926
95320564
95321935
95322663
95323564
95323780
95324002
95326936
95327739
95328889
95329078
95329141
95335740
95336598
95337119
95337350
95337716
95339109
95341583
95341929
95342741
95343060
95344044
95345217
95346784
95346982
95347796
95349766
95350107
95350536
95352768
95352928
95354755
95355736
95356389
95358018
95358652
95359074
95359548
95359846
95360634
95360865
95365365
95366063
95367089
95369036
95372766
95373192
95373887
95373892
95374079
95374761
95375313
95375438
95377169
95380277
95381532
95382503
95383249
95384549
95384562
95385815
95385847
95386636
95387645
95387829
95387847
95391701
95394504
95395781
95395820
95396004
95398319
95398751
95399141
95399287
95400201
95404813
95407362
95407492
95408970
95409599
95410561
95411978
95412772
95416502
95418658
95418794
95420107
95421039
95423038
95423695
95424301
95424382
95425492
95425509
95426573
95427256
95429337
95429668
95431013
95433678
95437957
95438150
95440266
95441390
95442900
95443276
95443580
95445200
95445580
95447316
95449013
95449930
95451371
95453188
95455483
95456674
95457751
95457766
95458362
95458715
95459513
95461160
95461751
95462953
95463737
95463810
95468789
95469812
95469966
95471270
95472499
95473004
95474341
95474704
95475274
95475469
95477823
95478749
95479338
95479992
95480058
95480503
95481800
95482336
95482622
95482852
95483122
95483399
95483589
95485273
95485304
95485647
95486090
95487530
95487742
95487770
95491051
95491238
95491346
95491852
95493890
95494153
95495700
95496400
95496464
95499233
95499244
95500574
95501207
95503420
95505299
95505311
95506450
95507402
95509174
95509248
95509755
95509934
95510048
95510117
95510605
95513435
95514760
95514828
95515208
95515768
95515828
95516378
95516494
95518135
95519166
95519468
95519690
95521236
95521506
95521756
95522260
95524266
95527839
95529673
95531382
95532642
95534359
95534717
95535085
95535736
95536220
95536929
95537400
95537812
95538056
95541069
95541550
95541870
95541986
95542221
95542270
95542710
95544711
95545888
95546158
95547589
95549384
95550164
95550623
95550784
95550823
95552396
95552796
95553342
95554038
95555234
95557146
95558580
95560809
95562693
95563575
95563707
95565008
95565175
95565461
95565589
95566173
95567052
95567486
95567532
95569396
95569490
95569687
95572535
95575657
95576454
95576820
95577295
95578284
95580470
95582141
95583105
95583530
95584797
95585300
95586538
95586655
95589240
95589748
95589839
95590765
95590876
95591213
95591624
95594223
95595646
95596791
95597444
95598922
95600191
95601539
95602321
95602621
95603094
95603313
95603729
95604261
95606407
95607274
95608951
95609212
95612078
95612566
95614197
95615476
95616490
95616885
95618129
95618950
95619187
95619917
95620066
95620792
95621110
95623282
95623707
95623837
95624145
95625996
95627852
95628369
95628924
95629148
95633914
95634032
95634306
95635514
95636456
95637016
95638719
95639998
95642192
95643352
95645102
95646125
95646376
95646405
95646989
95647455
95648000
95648168
95649791
95653723
95653773
95655396
95656351
95658504
95660292
95662408
95665360
95666149
95666383
95669392
95669443
95669579
95669916
95670752
95671307
95672259
95673949
95675797
95678736
95679510
95680865
95682009
95682513
95683641
95684931
95685849
95685950
95687204
95689356
95689428
95689793
95690391
95690611
95694374
95694506
95695553
95696475
95696874
95697750
95699527
95701206
95702880
95705004
95705561
95706421
95706590
95707821
95709697
95710073
95711807
95711818
95713472
95715206
95716921
95719367
95719639
95720413
95722059
95723135
95723694
95725002
95725485
95725708
95726041
95727125
95727169
95727871
95727980
95729357
95730249
95730280
95731712
95731753
95732430
95733353
95735522
95735957
95737139
95737424
95737589
95738773
95738908
95741479
95742283
95742330
95742918
95743612
95744783
95744810
95746503
95746661
95746805
95746835
95746886
95746990
95747945
95748511
95749281
95750444
95750915
95751028
95752220
95754912
95758542
95759623
95760150
95761215
95761825
95762076
95763517
95764070
95765045
95766832
95767697
95768371
95770370
95772900
95772930
95775292
95776676
95777003
95778524
95778753
95779406
95782201
95782533
95782939
95783734
95786377
95787082
95788157
95788617
95790421
95790791
95791955
95792141
95794124
95794186
95795219
95795464
95797785
95798857
95800338
95803537
95803868
95805034
95808365
95808416
95808919
95809588
95811072
95811834
95813660
95813683
95813944
95814860
95815821
95815977
95816708
95821358
95822514
95824348
95824838
95825679
95825804
95828229
95832074
95834249
95834766
95836098
95839768
95840103
95840464
95840937
95842644
95844236
95847657
95848327
95849207
95849270
95850421
95851104
95852942
95853241
95858626
95858875
95859055
95860553
95861958
95862829
95862997
95865294
95865888
95866022
95866176
95867853
95868110
95868498
95869589
95870127
95870191
95870425
95872488
95872656
95873785
95873810
95874039
95874536
95878565
95878886
95881011
95882577
95883069
95884355
95884954
95885860
95885985
95886792
95886912
95887278
95887582
95888070
95888352
95891180
95894185
95895184
95895278
95898174
95898389
95902012
95903352
95903434
95904334
95905218
95906582
95907333
95907455
95907781
95908935
95909029
95909134
95909219
95910242
95916504
95917634
95918312
95918535
95919070
95920935
95923064
95923360
95925372
95925983
95926454
95927469
95930077
95931070
95932292
95932304
95933219
95934029
95934908
95937539
95939765
95943489
95943929
95945703
95946142
95946752
95947144
95947337
95947684
95948013
95950762
95952624
95952852
95953431
95953577
95953914
95954791
95955079
95955187
95956721
95956788
95957351
95958446
95963352
95963495
95967645
95967649
95968812
95968977
95969215
95971210
95972986
95973577
95976437
95976604
95976671
95979537
95982142
95982932
95983450
95983850
95985568
95986530
95989414
95989805
95990147
95991483
95991974
95992406
95992484
95993434
95997403
95998054
95998653
95998870
95999298
96000105
96001022
96001137
96001303
96001729
96004464
96005868
96005890
96007180
96007287
96007863
96009499
96009861
96009984
96010676
96011388
96013508
96013841
96017809
96018718
96019405
96019691
96021535
96022412
96023915
96026284
96027391
96029126
96029197
96031051
96031561
96031894
96032027
96032321
96032358
96036732
96037002
96038433
96040431
96040598
96042088
96046416
96047345
96049892
96051403
96052050
96052899
96053995
96055394
96055766
96056048
96056895
96057084
96060903
96061432
96062740
96062907
96063168
96064166
96065181
96065936
96065967
96068283
96068373
96068527
96068750
96069322
96069349
96072358
96074027
96074611
96074674
96075111
96076179
96076302
96076738
96077973
96080597
96080726
96080758
96080885
96082300
96084874
96088283
96095030
96095563
96095873
96096749
96096872
96099442
96100281
96100724
96102525
96103375
96105940
96106288
96109482
96109843
96111369
96111431
96113418
96114539
96114618
96115199
96115560
96115566
96115857
96117182
96118142
96118571
96119361
96119378
96124294
96124771
96125148
96125458
96125636
96126586
96126990
96130959
96133569
96135544
96135767
96136011
96140044
96141276
96142211
96142478
96142578
96143914
96146603
96146678
96148327
96150927
96152463
96154980
96155143
96156724
96157719
96157809
96158135
96160483
96160624
96161340
96162969
96163885
96167587
96168059
96169486
96173645
96175605
96176411
96176501
96177140
96177503
96177695
96180133
96180553
96180660
96180870
96181474
96181752
96182968
96183242
96183645
96183728
96184367
96185718
96185734
96187999
96188217
96189079
96189232
96190181
96190865
96191063
96192138
96192337
96192514
96193073
96196761
96197610
96198342
96198879
96199062
96200698
96202745
96203515
96203682
96204947
96205645
96206840
96207064
96207619
96207647
96208117
96208700
96209005
96210554
96212845
96213125
96213641
96213926
96214505
96214798
96216432
96217788
96219761
96220186
96220838
96221040
96221132
96221245
96223100
96224005
96224551
96225198
96225740
96225993
96226213
96227585
96229605
96230180
96231316
96231374
96232919
96233949
96238802
96239439
96239674
96240455
96240637
96240650
96243751
96244124
96244413
96245093
96245138
96245755
96247346
96248568
96248751
96250944
96251401
96251713
96253092
96257793
96258117
96258992
96260196
96260787
96263424
96264586
96265697
96265854
96269734
96270090
96270309
96270380
96270535
96271582
96271656
96272757
96274558
96274739
96277849
96280724
96281745
96282120
96282168
96283559
96284505
96285157
96285921
96286197
96286269
96287279
96288092
96288397
96290373
96291093
96293533
96294413
96295868
96295951
96297790
96298081
96298765
96300086
96302298
96302566
96304160
96305078
96305325
96306503
96307203
96308965
96309392
96309881
96311058
96311866
96312335
96312650
96314798
96316277
96316507
96318095
96318289
96319077
96322283
96323085
96325389
96325849
96327973
96328981
96330159
96332374
96332849
96334478
96335248
96337154
96337164
96339340
96340306
96340426
96340451
96341904
96342524
96342764
96344237
96345305
96345340
96345610
96345835
96346712
96346862
96347551
96348509
96350982
96353050
96354977
96356720
96356822
96358087
96358133
96359324
96360493
96360807
96361821
96363402
96366987
96370624
96371386
96371417
96372289
96376484
96379274
96381604
96384305
96385658
96389258
96390761
96392225
96392675
96392886
96394807
96395975
96397254
96398694
96399173
96402473
96402972
96403445
96403544
96404550
96405003
96405684
96407117
96407129
96407699
96410369
96411184
96411940
96412079
96412360
96412411
96412495
96412657
96413364
96414756
96416090
96416271
96416275
96416454
96417034
96417487
96418609
96418622
96421253
96421924
96422403
96422510
96423126
96423466
96424070
96424072
96425831
96426057
96426172
96426297
96428715
96429870
96430432
96430982
96432519
96433583
96434088
96435402
96435901
96436088
96438640
96438918
96438967
96440771
96441387
96442757
96443519
96446634
96447901
96447973
96448614
96448998
96449568
96451117
96451733
96451870
96453373
96454292
96455129
96455480
96456462
96459831
96461772
96464619
96465339
96465580
96466418
96467718
96468196
96470954
96471169
96471265
96471404
96472384
96472944
96473377
96475530
96475790
96479271
96480625
96480750
96481203
96482320
96484936
96485052
96485186
96485210
96486512
96488681
96489007
96490320
96492307
96492407
96494437
96495509
96497923
96499894
96500998
96501477
96501633
96501742
96502344
96504590
96504673
96507061
96507148
96508278
96509336
96510018
96511786
96512046
96514292
96514971
96515082
96515159
96515367
96516935
96518264
96520866
96521577
96521610
96524069
96524349
96526032
96526175
96526503
96527098
96527145
96527592
96527905
96528762
96530612
96530803
96532100
96532800
96533731
96533826
96539316
96539586
96539642
96540103
96541418
96541605
96542101
96545245
96545906
96548304
96550356
96550969
96552447
96553134
96555235
96557256
96557404
96557888
96558249
96558270
96558536
96560259
96561670
96566199
96569464
96569953
96569967
96570491
96571435
96573868
96573957
96574897
96575633
96576003
96576778
96576891
96578303
96579313
96579722
96579947
96580296
96581154
96583601
96584684
96584948
96586809
96588087
96588382
96593398
96593704
96593904
96595848
96596889
96598019
96598075
96598438
96599342
96601737
96603781
96604440
96605083
96606334
96608929
96609295
96610985
96611485
96612101
96612124
96612768
96613524
96613881
96614517
96614839
96618166
96618284
96619644
96619879
96622108
96623827
96625336
96625767
96626088
96626187
96628993
96629112
96632640
96633457
96634274
96635971
96636424
96637679
96638366
96639138
96641259
96641528
96642322
96642403
96642764
96646785
96647517
96647660
96648237
96648373
96648899
96649531
96650064
96651024
96652205
96653122
96653642
96653845
96654147
96654246
96654935
96656398
96657038
96658966
96659446
96662612
96663620
96663730
96663815
96664124
96670728
96671078
96671506
96672056
96675107
96675159
96675408
96676046
96676477
96676759
96677122
96678371
96678845
96682700
96684402
96685049
96685230
96685654
96687396
96687751
96691635
96692275
96692613
96693263
96694659
96696062
96698735
96701519
96703079
96703415
96703676
96704040
96705274
96708749
96709408
96709916
96710208
96710853
96711854
96711970
96713690
96714498
96717861
96720580
96721692
96722239
96723105
96725102
96725594
96725875
96726998
96727398
96727770
96729073
96730211
96730222
96730728
96733464
96733645
96734873
96736396
96736640
96737650
96739510
96739907
96740040
96740918
96742043
96745580
96745792
96745914
96746125
96746213
96748562
96748841
96749495
96749949
96750291
96751203
96751909
96752868
96753601
96753897
96754978
96757093
96757486
96759790
96760222
96760856
96761368
96761593
96764319
96767894
96767943
96768781
96770309
96770999
96771118
96771460
96771799
96772428
96772591
96772776
96773245
96773362
96775112
96775140
96777046
96777290
96778792
96778993
96779045
96779126
96780443
96783535
96784531
96784883
96784942
96785593
96786753
96787020
96787641
96788219
96789687
96790223
96790917
96791448
96791613
96792834
96794843
96795092
96795286
96795521
96795543
96798747
96800547
96800656
96801547
96801917
96801996
96802952
96803552
96804767
96805626
96806072
96806412
96808992
96809144
96810847
96811155
96811531
96812668
96812808
96812960
96814060
96816512
96816705
96817080
96819464
96820336
96820722
96822674
96823403
96824684
96824746
96825082
96825774
96826963
96829630
96829737
96830266
96832671
96833041
96833634
96834651
96834947
96835933
96836214
96838564
96840492
96842504
96842533
96844465
96844485
96844818
96844898
96844941
96845578
96846022
96848050
96848989
96849434
96850701
96850971
96851228
96852393
96853125
96853602
96854818
96855342
96856146
96857490
96857529
96859384
96859595
96860153
96860454
96861000
96861413
96863824
96864735
96866372
96866625
96867807
96868915
96869581
96871066
96872791
96874777
96875151
96877533
96880078
96882355
96883241
96884273
96887370
96887827
96891643
96891847
96893435
96893614
96894033
96894802
96897236
96898320
96903679
96904386
96904423
96906056
96906143
96907738
96909128
96909972
96910313
96911062
96911169
96911408
96912877
96913227
96913293
96913299
96915882
96917555
96919522
96920348
96923390
96923530
96928951
96929303
96929990
96931066
96933423
96933431
96933699
96935898
96936512
96936539
96938122
96938683
96940128
96941001
96941178
96941266
96942383
96943088
96943591
96948121
96951928
96952375
96952416
96953363
96954441
96955519
96955562
96956415
96956457
96956534
96959186
96960146
96960469
96960708
96961683
96961782
96961909
96962204
96962820
96963185
96963335
96963395
96964769
96966788
96967928
96968818
96969547
96969873
96970286
96971200
96971742
96973195
96973305
96973697
96973899
96974284
96975357
96976762
96977187
96978149
96978173
96978633
96979075
96980015
96980674
96981914
96982312
96983350
96984750
96986024
96986687
96989180
96990663
96992010
96992881
96993093
96993796
96996726
96996830
96997526
96998388
96999335
96999609
97000908
97001818
97002330
97003969
97004861
97008511
97008954
97009140
97009442
97009671
97010689
97011151
97011527
97011878
97012351
97013395
97017297
97017466
97019170
97021339
97023650
97024088
97024110
97024432
97027790
97032702
97032711
97033250
97033904
97036751
97038746
97039331
97041097
97041585
97043767
97044511
97044726
97047078
97047484
97048177
97051048
97051500
97052069
97052435
97053555
97053794
97054002
97055211
97056370
97060690
97061665
97062403
97062884
97063105
97066111
97066572
97066865
97067401
97068008
97068174
97068643
97070004
97072172
97073464
97074024
97077009
97077481
97077590
97078138
97079083
97080717
97082209
97083425
97083668
97083679
97084214
97084499
97084601
97084924
97086617
97086737
97087115
97087273
97087845
97088672
97089407
97093001
97093774
97093947
97097052
97097063
97101512
97105913
97106400
97107458
97108285
97111156
97111334
97112308
97112705
97114303
97115064
97115237
97115406
97116587
97116760
97116836
97117334
97118249
97120133
97123588
97124040
97125010
97125287
97126036
97128648
97129996
97132267
97133095
97134371
97136583
97137272
97137289
97137886
97137943
97139911
97140325
97141064
97143188
97143240
97143615
97144329
97145517
97145526
97145664
97148160
97149134
97149822
97150951
97151220
97152095
97152112
97152178
97153685
97154448
97154487
97157298
97157599
97160037
97160109
97160137
97160513
97160751
97161392
97162637
97163938
97164330
97166738
97168558
97170327
97170361
97170564
97172153
97172228
97172691
97172791
97173963
97175178
97175220
97175736
97176753
97176760
97176771
97178160
97180663
97181650
97181860
97181942
97183585
97184286
97185375
97186028
97186343
97186707
97188118
97188399
97189524
97191515
97191672
97194979
97195267
97195589
97196471
97197591
97197812
97197979
97198706
97198721
97199356
97199706
97200095
97202229
97202721
97202907
97203226
97205102
97205419
97207215
97207640
97208087
97208381
97208488
97209524
97210265
97210653
97210781
97210784
97211032
97211165
97213712
97214603
97214829
97215093
97215807
97217013
97218051
97221267
97221478
97222275
97224194
97224699
97224711
97226430
97226871
97227209
97227493
97228794
97229670
97231357
97231462
97231771
97232045
97232463
97233404
97233618
97237808
97240034
97240425
97241541
97243205
97244923
97247937
97247965
97248541
97248735
97248938
97249753
97250224
97252113
97252152
97252781
97252933
97253185
97255284
97256069
97257257
97257858
97259445
97261546
97264793
97267484
97268438
97268539
97269981
97272292
97274395
97274754
97274848
97275204
97277055
97277097
97277426
97278007
97279138
97280875
97280967
97281723
97282221
97284494
97285089
97285522
97286893
97287170
97289446
97289884
97289991
97291819
97292207
97293362
97294644
97295482
97295794
97295874
97296379
97298822
97300862
97303041
97304503
97304648
97306264
97306390
97308127
97308398
97311066
97311622
97311849
97313257
97313941
97315683
97317755
97318752
97319167
97319964
97321097
97322008
97322388
97323622
97324998
97326054
97326181
97327122
97327182
97328057
97328979
97329148
97330929
97331215
97331628
97332902
97334431
97334763
97335598
97335754
97337405
97338524
97338527
97338714
97341495
97343334
97344750
97345996
97347289
97347368
97349248
97350164
97351367
97351445
97354208
97354742
97354917
97355212
97355457
97356084
97356411
97357879
97357975
97358510
97359572
97360708
97361057
97361415
97361704
97362358
97363468
97363473
97364126
97365281
97366262
97368209
97369010
97370597
97372252
97372473
97373750
97374245
97375165
97379992
97381222
97381834
97382632
97384232
97386941
97388570
97390320
97390477
97390948
97392306
97392947
97394276
97394801
97399934
97400211
97401553
97404654
97406403
97407689
97408670
97410025
97410860
97413385
97414286
97415650
97418945
97419560
97420018
97420313
97424311
97424975
97425472
97426290
97427342
97429142
97429818
97430179
97431868
97433315
97433661
97436367
97438381
97438382
97438632
97438669
97438925
97439246
97440277
97440508
97440676
97441339
97441948
97443211
97443279
97444917
97445055
97445170
97445418
97445690
97446250
97446332
97447339
97447726
97448913
97449882
97451214
97452220
97452413
97455443
97455526
97455722
97456742
97457237
97458103
97458391
97458476
97459192
97460687
97461836
97462572
97468198
97468726
97468802
97468869
97469644
97469904
97470140
97471464
97472965
97473312
97473603
97473740
97476208
97476935
97476945
97478462
97479781
97479799
97479929
97479954
97480473
97480978
97481374
97482230
97484029
97484118
97484909
97485474
97485780
97486231
97487884
97487945
97488021
97494410
97495392
97495841
97497032
97497249
97497772
97500549
97501494
97501832
97502883
97503292
97504923
97505021
97505319
97505714
97508541
97510420
97510422
97510892
97512891
97514246
97514894
97515873
97517556
97518214
97520574
97522487
97523475
97524131
97524623
97525388
97526511
97528112
97528777
97529075
97529576
97532520
97537060
97537105
97537316
97537388
97538674
97542330
97543146
97543351
97543497
97543972
97544487
97544696
97545368
97546365
97546545
97547754
97551376
97552247
97552564
97556533
97558668
97559102
97559354
97560620
97560963
97561890
97562326
97564107
97564122
97564498
97565013
97566381
97567627
97568011
97568177
97569844
97570424
97572491
97572756
97573541
97574009
97575927
97576584
97576853
97579582
97579931
97581481
97583577
97584348
97585566
97585613
97586191
97586963
97587203
97588399
97588918
97589960
97590113
97590659
97591182
97592184
97593161
97593733
97594339
97596044
97596276
97596654
97597150
97598947
97599721
97600285
97600301
97600443
97600789
97602208
97604643
97604925
97605150
97607215
97607800
97607814
97607833
97608223
97608902
97610778
97611274
97611998
97612251
97613128
97613685
97614817
97615101
97616358
97616682
97620232
97624820
97626154
97626542
97627170
97628599
97629101
97629366
97630257
97630915
97630922
97630989
97632715
97633380
97636331
97637028
97637812
97637952
97638920
97639091
97639982
97641280
97642468
97643224
97644479
97644913
97645275
97646247
97647225
97649457
97651108
97652078
97653254
97653657
97658205
97659133
97659759
97660679
97663109
97663808
97664107
97664126
97664279
97664705
97665935
97666244
97668108
97668710
97669627
97673105
97675803
97675839
97676132
97676853
97677106
97678361
97678858
97678925
97679289
97679960
97685395
97685642
97687263
97687447
97687945
97688665
97689254
97689447
97689910
97690823
97691465
97692273
97693298
97693705
97694426
97695437
97696321
97696497
97697945
97698808
97699007
97699070
97700022
97700383
97700590
97701207
97701221
97702455
97704839
97706657
97706762
97707058
97709784
97710321
97710595
97711209
97711506
97711715
97712234
97716601
97717144
97717773
97718523
97721826
97722308
97722492
97724021
97725633
97726054
97728417
97729361
97730410
97731423
97732292
97732404
97732513
97735584
97735606
97735622
97736960
97737034
97737088
97738528
97739173
97739435
97741081
97741373
97741401
97741997
97742313
97742326
97744479
97745076
97747018
97747717
97748559
97749209
97751235
97751557
97753845
97754450
97756423
97757385
97760220
97760439
97763241
97763528
97764237
97764319
97765504
97769555
97771040
97772798
97774028
97775836
97776474
97777523
97780708
97781316
97781417
97782226
97783491
97783662
97784809
97784874
97785027
97790240
97790375
97791776
97792024
97794457
97795840
97796770
97797505
97798305
97799446
97799685
97799706
97800045
97801379
97801518
97803968
97804179
97804797
97805012
97805357
97805762
97806183
97807228
97809628
97810045
97810931
97810988
97812492
97812682
97812755
97814730
97815439
97817801
97817906
97818952
97819265
97820955
97821812
97822035
97822107
97822879
97823774
97825263
97825949
97825973
97826963
97827031
97829463
97830287
97830848
97831149
97831193
97831219
97831890
97832456
97833164
97833868
97833953
97834707
97835128
97835660
97835929
97836201
97836475
97837777
97838348
97838961
97839910
97844142
97852061
97852423
97853062
97854258
97854904
97856047
97856614
97857921
97858736
97860982
97861370
97861632
97861742
97864241
97864974
97866197
97866439
97869454
97869519
97869674
97869759
97870851
97871981
97874605
97875055
97875074
97875807
97875866
97877247
97877727
97877780
97878086
97878099
97879775
97882438
97882947
97883102
97883361
97883579
97884331
97885142
97885901
97887303
97888091
97888287
97889324
97889406
97889516
97889834
97890509
97891061
97891363
97892635
97894001
97894095
97895698
97895787
97896170
97896452
97898028
97898426
97899340
97899894
97903594
97906431
97907808
97909147
97909263
97909922
97910252
97910933
97911326
97913435
97916303
97917109
97918129
97918492
97918594
97919383
97919496
97921477
97922571
97923926
97924811
97925212
97926021
97926760
97926933
97927371
97929161
97929441
97929702
97930192
97931430
97931604
97932092
97932735
97936117
97936327
97937699
97938199
97940535
97941408
97942144
97942503
97942942
97943440
97943654
97944752
97946195
97946480
97947170
97947647
97947927
97948152
97949801
97950046
97953146
97953695
97956488
97957984
97958979
97959165
97960271
97960796
97961899
97964105
97964132
97964416
97964998
97967953
97968402
97968489
97968684
97969689
97971579
97972637
97973354
97975452
97975771
97975869
97976362
97978270
97979231
97979664
97980169
97980693
97981324
97982659
97983004
97986664
97991039
97994142
97995021
97996000
97999171
97999573
98000073
98000650
98000810
98001253
98001449
98003710
98003834
98004111
98004411
98004413
98005555
98008681
98010627
98010850
98013112
98016023
98016967
98018380
98018643
98019484
98019958
98021387
98023236
98023754
98025498
98026710
98027562
98028419
98028884
98029230
98029694
98029990
98030600
98030721
98031060
98034138
98036033
98036177
98037577
98038918
98040240
98040918
98041883
98042211
98042754
98042919
98043326
98045150
98045333
98045724
98046029
98046763
98047817
98049086
98050945
98052525
98052999
98054758
98058869
98060411
98061146
98061530
98062139
98062495
98064036
98065762
98066331
98067267
98067400
98067831
98073303
98074660
98075932
98076549
98076794
98076831
98078637
98079358
98079749
98081400
98082147
98083641
98084887
98085962
98087374
98087740
98088898
98089385
98091335
98091754
98093049
98093085
98094983
98095797
98097627
98101533
98102497
98104023
98104305
98105976
98107100
98107351
98108134
98109429
98110278
98110704
98111130
98113225
98114458
98115148
98115384
98116677
98117198
98118067
98118792
98121649
98121921
98123493
98123701
98124755
98125129
98125213
98128504
98129049
98129061
98129162
98130349
98131341
98131491
98131811
98132254
98132729
98133433
98133865
98133950
98134800
98135820
98135908
98136875
98138513
98140550
98142025
98142384
98143831
98143875
98145618
98145666
98147047
98149542
98150999
98151718
98152509
98156379
98156706
98156845
98159097
98159362
98160018
98161164
98161280
98162148
98162675
98164377
98164826
98167693
98168046
98168267
98168360
98171122
98171412
98173534
98174157
98175062
98176711
98179548
98180725
98181127
98181926
98182614
98183712
98186336
98188892
98188957
98189421
98190100
98190813
98191217
98191474
98195971
98197248
98198218
98198889
98199128
98201029
98201036
98202179
98202977
98205593
98207126
98209387
98209528
98211123
98211292
98212055
98212621
98213251
98214551
98215071
98215487
98217136
98217597
98218692
98219621
98220106
98220551
98220940
98221453
98221786
98224530
98224946
98225342
98227301
98227874
98229231
98230492
98231797
98231852
98232047
98232478
98234534
98234974
98236034
98236354
98236424
98237031
98237581
98238275
98240415
98241906
98242729
98244943
98245375
98245520
98245563
98246979
98247592
98247818
98247977
98248652
98248898
98250448
98252052
98252503
98252793
98253182
98253306
98253925
98258117
98259378
98260652
98261123
98262231
98263476
98264507
98265624
98265777
98267240
98267638
98268890
98271041
98273347
98275350
98276845
98277166
98280753
98281478
98282539
98284222
98284462
98285348
98285935
98286155
98286644
98287386
98289597
98290601
98292642
98292956
98293623
98294624
98294714
98295598
98295664
98296537
98298464
98299087
98301387
98301482
98303620
98304357
98306463
98306537
98306575
98306786
98307507
98307643
98308432
98309123
98309564
98310282
98312843
98313096
98314724
98314933
98315402
98316885
98319818
98320050
98321450
98322047
98322924
98323487
98323663
98324505
98325336
98325736
98325826
98330449
98333119
98333501
98333807
98334222
98335705
98337391
98337938
98337960
98338584
98339688
98341659
98344477
98344554
98345915
98346553
98348052
98348680
98349387
98349905
98349923
98350818
98351024
98351534
98353838
98354526
98355439
98356205
98356946
98357187
98358326
98364566
98365153
98366083
98366535
98366579
98366821
98368561
98369327
98370076
98371350
98372982
98373193
98373678
98375859
98377943
98378434
98379149
98379692
98387263
98387327
98387723
98387764
98388726
98389011
98390714
98390898
98391376
98391813
98392017
98392206
98392536
98398589
98399062
98402317
98403407
98404758
98405101
98405923
98406939
98408459
98410531
98412038
98412778
98413170
98414337
98415906
98416804
98417096
98418033
98418108
98419846
98421551
98422283
98423059
98423833
98423954
98424254
98425160
98426470
98426590
98426683
98426859
98428447
98429797
98431061
98431517
98434582
98434913
98436935
98437213
98437955
98440627
98441071
98441527
98441897
98443400
98445522
98447940
98448474
98451340
98454691
98454796
98455403
98456848
98456894
98457793
98460326
98462061
98462560
98465416
98465597
98466793
98467184
98468936
98469875
98469998
98470041
98470138
98470410
98470508
98473579
98474416
98474789
98475435
98475907
98476571
98477828
98477940
98479190
98479657
98481260
98482029
98482041
98483044
98484119
98485019
98485843
98486833
98488338
98488668
98488768
98489212
98489811
98490881
98490921
98491787
98493875
98494184
98496251
98496901
98496947
98497164
98498682
98498722
98499676
98499755
98500011
98504657
98505661
98506878
98507050
98507556
98507706
98508055
98509269
98509397
98510287
98511080
98512414
98513978
98514053
98515137
98515496
98516619
98517578
98517961
98521259
98523779
98524298
98524674
98526011
98526096
98527648
98532165
98533670
98533729
98533881
98534684
98538517
98538986
98540966
98542622
98544892
98545159
98546455
98547342
98547696
98548303
98548715
98549698
98550677
98550933
98551508
98553090
98553296
98556123
98557883
98558404
98558702
98559215
98560592
98563056
98563672
98564279
98564338
98566921
98567902
98570122
98570651
98572752
98573193
98574037
98575056
98575183
98576833
98577647
98579083
98580291
98584850
98586302
98586545
98587474
98588423
98588784
98589359
98590738
98592910
98594229
98594280
98594487
98595881
98596072
98597895
98598130
98599155
98599290
98599798
98600914
98601368
98601881
98602995
98603765
98605887
98606636
98608655
98610752
98611727
98611928
98614646
98615484
98617139
98617891
98617908
98618060
98619978
98620104
98621363
98623703
98625200
98626050
98628743
98629487
98629866
98631771
98632071
98632794
98633167
98636012
98639577
98640380
98640570
98640854
98642368
98642583
98642775
98642891
98643431
98643613
98643698
98644075
98645768
98646072
98646594
98646712
98646863
98646898
98647603
98648023
98651116
98651799
98652186
98652604
98656415
98657752
98658633
98659852
98660698
98660734
98664837
98665028
98669138
98670028
98670682
98672858
98673130
98675126
98675948
98676014
98676196
98678498
98679373
98679376
98679647
98680056
98680144
98681262
98681757
98682361
98683406
98683479
98683951
98685958
98686037
98687438
98688474
98690011
98692660
98692831
98693352
98693541
98694560
98695414
98695626
98695638
98695817
98696502
98697259
98697391
98697507
98697791
98698394
98699188
98699308
98700859
98701177
98701469
98703475
98703803
98704629
98705661
98705832
98705939
98706720
98707033
98707547
98707618
98709509
98709983
98710202
98710678
98711733
98713272
98716451
98717880
98719005
98720057
98720759
98722740
98722826
98723843
98725522
98730329
98731519
98731987
98732209
98734270
98738184
98739178
98739654
98740608
98743649
98744321
98744954
98745191
98746571
98747415
98748972
98749123
98751939
98752140
98754161
98754994
98755046
98755350
98757388
98757427
98759153
98759195
98760237
98761482
98761810
98762307
98762406
98762587
98763196
98767255
98768614
98768742
98769387
98770236
98772390
98772543
98773484
98773701
98774006
98774448
98774537
98776271
98776556
98776732
98778042
98778342
98779073
98779114
98780927
98781586
98781715
98781999
98782589
98782730
98784581
98785056
98787931
98788083
98788397
98789174
98790578
98791670
98792574
98794234
98795650
98797360
98798220
98799069
98799353
98800697
98801455
98801898
98803763
98806189
98807658
98808253
98809274
98810577
98812961
98813332
98813531
98813593
98815057
98821911
98822144
98822257
98824691
98827346
98827486
98830104
98832111
98832861
98833510
98834835
98835427
98836325
98837662
98838434
98839028
98839320
98839609
98840530
98843455
98844054
98844944
98847493
98848535
98850446
98851659
98851829
98852452
98852776
98853301
98854868
98857139
98857334
98857458
98858142
98859373
98860009
98860856
98861705
98861938
98863212
98863275
98865100
98865596
98867180
98869283
98869811
98870539
98871331
98871457
98871877
98872095
98872578
98872938
98873544
98874147
98874957
98875322
98875926
98876835
98879571
98880788
98881905
98882508
98883081
98883354
98883498
98884291
98884770
98886717
98886976
98888555
98889556
98890001
98891750
98892330
98892916
98894087
98894124
98895469
98898987
98899500
98899937
98900012
98900292
98900914
98901203
98902100
98902142
98904150
98906044
98906283
98907445
98908471
98910676
98911304
98913089
98913330
98914165
98915385
98918945
98919184
98921351
98921380
98923524
98923727
98923897
98924663
98925428
98926537
98926695
98926697
98928976
98930996
98931111
98933531
98933742
98933891
98934283
98934835
98936288
98936564
98939433
98941701
98941724
98945132
98945432
98945650
98946865
98949170
98950188
98950268
98951254
98954103
98957484
98958289
98959915
98961030
98961355
98961929
98967356
98969109
98969476
98969478
98970591
98970596
98970807
98971070
98971204
98974016
98974081
98974896
98975457
98975826
98976207
98976388
98978082
98978268
98979351
98981329
98982219
98983288
98985637
98985742
98987228
98988200
98990638
98990699
98991703
98995994
98998087
98998155
98999402
99000642
99000738
99001547
99001950
99002699
99002807
99003716
99004813
99007981
99013658
99015700
99015812
99016017
99016407
99016491
99017935
99018842
99019343
99019832
99021728
99023896
99024088
99024967
99025619
99026504
99026519
99026720
99027253
99027526
99027729
99028702
99029420
99030682
99033784
99034116
99034125
99034297
99034784
99036048
99037717
99037784
99041044
99041276
99042425
99043073
99044608
99045757
99045980
99046287
99048026
99048030
99048156
99050681
99051752
99053785
99054943
99054950
99055968
99056135
99058549
99059967
99061367
99063711
99063777
99064335
99064714
99065371
99066789
99067510
99067857
99068772
99070847
99071379
99072248
99073502
99074078
99074171
99076052
99076298
99079755
99082492
99083251
99083719
99083794
99083980
99085240
99085363
99086880
99087944
99089739
99089823
99090177
99092472
99093029
99093490
99096135
99097068
99097086
99098265
99098396
99099056
99099167
99100140
99106154
99108466
99111147
99111196
99113085
99113267
99113975
99115186
99115978
99116414
99116987
99119118
99120626
99123464
99124535
99125172
99125187
99125216
99125431
99126411
99130848
99131597
99131899
99133630
99133838
99135276
99137025
99139119
99139711
99140241
99143486
99143510
99143992
99144826
99148101
99150674
99152058
99152894
99153134
99153139
99153282
99153283
99155051
99156657
99156771
99157507
99157531
99158107
99159520
99162047
99162381
99162914
99163144
99165960
99168026
99168033
99168691
99168936
99171003
99171582
99172253
99172531
99173573
99174719
99176257
99176303
99176579
99177251
99177709
99178390
99178460
99179811
99182503
99182671
99183172
99184639
99184921
99184969
99185318
99189104
99189177
99189274
99192718
99194060
99194144
99194718
99196100
99197060
99197466
99197470
99199081
99200588
99201732
99202046
99202306
99203594
99205939
99206332
99206797
99207127
99208402
99208945
99208964
99211455
99212574
99213101
99214366
99215834
99218735
99219479
99221211
99221402
99222316
99225464
99225742
99229764
99231281
99231733
99232766
99234834
99235289
99235678
99236164
99238472
99239968
99240912
99245382
99245390
99245780
99245791
99246151
99247260
99247435
99248454
99249070
99250129
99251876
99252008
99253000
99253568
99253687
99254525
99256821
99257471
99258027
99261701
99262876
99263658
99264009
99264208
99264966
99266581
99266638
99266772
99267287
99267616
99269578
99269694
99271017
99272723
99272893
99273362
99273457
99274811
99274852
99274957
99275528
99277300
99278838
99279429
99280183
99280192
99280744
99281305
99282365
99283732
99285561
99286916
99287542
99289801
99289915
99290659
99291044
99292744
99293697
99294449
99296451
99297094
99297871
99298485
99298653
99299413
99300722
99300880
99301497
99301794
99301838
99302237
99302748
99303259
99303349
99308407
99309410
99313340
99313931
99316011
99318584
99321867
99322814
99322861
99324732
99325758
99326206
99326641
99326787
99327938
99328127
99328288
99329998
99332042
99332111
99333105
99333203
99333577
99333593
99337940
99339708
99340142
99341233
99341263
99341283
99342332
99343936
99346427
99347495
99347807
99348287
99349673
99352266
99356981
99358263
99362230
99365802
99366157
99368600
99368952
99370698
99370929
99371327
99371346
99372037
99372239
99372745
99374725
99374889
99375080
99377050
99377072
99377345
99378042
99378641
99378713
99378752
99378832
99381048
99382336
99383208
99383561
99384595
99384681
99385452
99386226
99386718
99386816
99387850
99389010
99389721
99390397
99391681
99391850
99392947
99393741
99394491
99394720
99395533
99396289
99396410
99396985
99397183
99399128
99399540
99402097
99403633
99404006
99406026
99406998
99407286
99408297
99408580
99409227
99409458
99409639
99410484
99410741
99411558
99411676
99412052
99413227
99413782
99414732
99415711
99417110
99418248
99419431
99419842
99423114
99424129
99424752
99425029
99425799
99425803
99428744
99428884
99429641
99430113
99435408
99435692
99435835
99435850
99436772
99437869
99439838
99440703
99440967
99441327
99441974
99444123
99444450
99447810
99447847
99447927
99450331
99450875
99451183
99452266
99453058
99454608
99455603
99455698
99456738
99457004
99457279
99458332
99458536
99459296
99460280
99461048
99462248
99463079
99465012
99465412
99466195
99467996
99468078
99468559
99469807
99472211
99475879
99476401
99476758
99479208
99481003
99481492
99482393
99482978
99486328
99486455
99487019
99488171
99488277
99488525
99488756
99489210
99489949
99490727
99491907
99493556
99494153
99494541
99495217
99497280
99497787
99499546
99500612
99503536
99504998
99505672
99506052
99506677
99508223
99508343
99508875
99508960
99510277
99511247
99512017
99512021
99512651
99512938
99513114
99513339
99513444
99515262
99515838
99515914
99515937
99517347
99518476
99519117
99520161
99524259
99524927
99526017
99526159
99526173
99526836
99529223
99530310
99533700
99536193
99540115
99541637
99542402
99543149
99544393
99544553
99546276
99546505
99546853
99547127
99547424
99548417
99548863
99550913
99551379
99551712
99552453
99554826
99556517
99556807
99557957
99560950
99563195
99564579
99565040
99566293
99566773
99567144
99568949
99569367
99571816
99571984
99572649
99573280
99574922
99575219
99575370
99575764
99576312
99577181
99577294
99577435
99578617
99579270
99582374
99582853
99585080
99585570
99585778
99586247
99586701
99587201
99587734
99587892
99588399
99588864
99588997
99591173
99594306
99595101
99595181
99595381
99596542
99596612
99597222
99598279
99599568
99599864
99602291
99603291
99604498
99604593
99604926
99607109
99609787
99610211
99610501
99611620
99611640
99614414
99614983
99615410
99615590
99615658
99616134
99616895
99617472
99624651
99625266
99625660
99627447
99627514
99627706
99627741
99627854
99629330
99630726
99631294
99635137
99635691
99636492
99637191
99637709
99638738
99638766
99642925
99643409
99644950
99645183
99645480
99646823
99647120
99647259
99647847
99648092
99651967
99652348
99653432
99654426
99654773
99655449
99656128
99656548
99656630
99656997
99658124
99659112
99659826
99660148
99661465
99662519
99665122
99666213
99667355
99668024
99668398
99668527
99672440
99675547
99675561
99676178
99677061
99679976
99681481
99682771
99682880
99683171
99683436
99685499
99685600
99685922
99689852
99691837
99693112
99693959
99694862
99695108
99696881
99698727
99699127
99700524
99700961
99701806
99703587
99704175
99704694
99705183
99705925
99707337
99707808
99708742
99708958
99709667
99710328
99710851
99711026
99711069
99711924
99713375
99713959
99714647
99715459
99716021
99717208
99719124
99719452
99720741
99721649
99722180
99722613
99723135
99724136
99725176
99726875
99727927
99728547
99729031
99729943
99730345
99732307
99732788
99736708
99738090
99738596
99739261
99741459
99741693
99741856
99741941
99742578
99742932
99743159
99744515
99744798
99745720
99746908
99747007
99747802
99747894
99748634
99749502
99752261
99752919
99756138
99756485
99756575
99759039
99759442
99760879
99761359
99762599
99763172
99763232
99763923
99764432
99765071
99765302
99766186
99770734
99772813
99774692
99774726
99775087
99775923
99777736
99777875
99778728
99779241
99781301
99783000
99783632
99787179
99787852
99788238
99788399
99788647
99791557
99792602
99793274
99793791
99795848
99796042
99796207
99796561
99797850
99798657
99798674
99799371
99800172
99800806
99802196
99803541
99805678
99807498
99807514
99809112
99809573
99810433
99810504
99811628
99811743
99811781
99812356
99813581
99813693
99814703
99815660
99817706
99820897
99822175
99823225
99823514
99823712
99824860
99825394
99827020
99827145
99828022
99831145
99831187
99831735
99833045
99833473
99833572
99833687
99833858
99835474
99840201
99840296
99840658
99841258
99841852
99843097
99844076
99847787
99849456
99850255
99850798
99850827
99851042
99851676
99852007
99852483
99854523
99855959
99856169
99862992
99864320
99864971
99865030
99866029
99866155
99867072
99867765
99868609
99871264
99871650
99873730
99875364
99880845
99883511
99884872
99885615
99886163
99886165
99886288
99887488
99887863
99891118
99892066
99892957
99893337
99893682
99893980
99894053
99894370
99895239
99896129
99897362
99899442
99899567
99900904
99903316
99905109
99905392
99905926
99906995
99908429
99909843
99910431
99910839
99912858
99913130
99913354
99913449
99913578
99915166
99917211
99919729
99919758
99920586
99920734
99921113
99921133
99922910
99923793
99924103
99926913
99928845
99929228
99931773
99932089
99933528
99934249
99934552
99935614
99935849
99936018
99936045
99937039
99937610
99937950
99937956
99938317
99938786
99940902
99942767
99944971
99945400
99945647
99947759
99948150
99948313
99948905
99949107
99949221
99949236
99949357
99950546
99951316
99952633
99955240
99956187
99957842
99959284
99962155
99962296
99964544
99967282
99970753
99971593
99972081
99972888
99972910
99974114
99975407
99976121
99977278
99978262
99978973
99981151
99981981
99984341
99985048
99985072
99986267
99986896
99988094
99988898
99989170
99989594
99990728
99991024
99994450
99994734
99995191
99995393
99995696
99996999
99998155
99998927
